Case_Number,District_Name,Neighborhood_Name,Street_Name,Day_of_Week,Date,Day_Type_Description,Year,Month_of_Year,Month_Name,Day_of_Month,Shift_Description,Hour_of_Day,Pedestrian_Cause_Description,Involved_Vehicle_Type_Description,Gender_Description,Age,Person_Type_Description,Pedestrian_Accident_Location_Description,Pedestrian_Movement_Reason_Description,Driver_Movement_Reason_Description,Victimization_Description,Coordenada_UTM_X,Coordenada_UTM_Y,Longitud,Latitud
2020S000088    ,Eixample,l'Antiga Esquerra de l'Eixample,Consell de Cent,Monday,2020-01-06,Laboral,2020,1,January,6,Morning,13:00:00,Unknown,Bicicleta,Female,56,Driver,Unknown,Unknown,Leisure and entertainment,Minor injury: Hospitalization up to 24 hours,429647.55,4582045.96,2.1574447,41.385018194
2020S000088    ,Eixample,l'Antiga Esquerra de l'Eixample,Consell de Cent,Monday,2020-01-06,Laboral,2020,1,January,6,Morning,13:00:00,Unknown,Furgoneta,Male,57,Driver,Unknown,Unknown,Leisure and entertainment,Uninjured,429647.55,4582045.96,2.1574447,41.385018194
2020S000089    ,Eixample,la Dreta de l'Eixample,Sant Pere,Monday,2020-01-06,Laboral,2020,1,January,6,Afternoon,21:00:00,Unknown,Motorcycle,Male,33,Passenger,Unknown,Unknown,Unknown,Minor injury: Hospitalization up to 24 hours,431157.87,4582598.57,2.17544381,41.390126129
2020S000089    ,Eixample,la Dreta de l'Eixample,Sant Pere,Monday,2020-01-06,Laboral,2020,1,January,6,Afternoon,21:00:00,Unknown,Motorcycle,Male,32,Driver,Unknown,Unknown,Leisure and entertainment,Minor injury: Hospitalization up to 24 hours,431157.87,4582598.57,2.17544381,41.390126129
2020S000090    ,Sarriŕ-Sant Gervasi,Sant Gervasi - Galvany,Balmes,Monday,2020-01-06,Laboral,2020,1,January,6,Afternoon,14:00:00,Unknown,Car,Male,56,Driver,Unknown,Unknown,Leisure and entertainment,Uninjured,428659.12,4583973.68,2.1453969,41.402293364
2020S000090    ,Sarriŕ-Sant Gervasi,Sant Gervasi - Galvany,Balmes,Monday,2020-01-06,Laboral,2020,1,January,6,Afternoon,14:00:00,Unknown,Bicicleta,Male,21,Driver,Unknown,Unknown,Leisure and entertainment,Minor injury: Hospitalization up to 24 hours,428659.12,4583973.68,2.1453969,41.402293364
2020S000091    ,Nou Barris,Vallbona,Oristŕ,Monday,2020-01-06,Laboral,2020,1,January,6,Afternoon,18:00:00,Unknown,Motorcycle,Male,25,Driver,Unknown,Unknown,Unknown,Minor injury: Hospitalization up to 24 hours,431960.58,4590710.22,2.18413083,41.463253426
2020S000091    ,Nou Barris,Vallbona,Oristŕ,Monday,2020-01-06,Laboral,2020,1,January,6,Afternoon,18:00:00,Unknown,Furgoneta,Male,23,Driver,Unknown,Unknown,Unknown,Uninjured,431960.58,4590710.22,2.18413083,41.463253426
2020S000092    ,Eixample,la Sagrada Família,Provença,Monday,2020-01-06,Laboral,2020,1,January,6,Afternoon,18:00:00,Unknown,Car,Male,64,Driver,Unknown,Unknown,Unknown,Uninjured,431304.35,4584385.11,2.1769929,41.406229485
2020S000092    ,Eixample,la Sagrada Família,Provença,Monday,2020-01-06,Laboral,2020,1,January,6,Afternoon,18:00:00,Unknown,Bicicleta,Male,28,Driver,Unknown,Unknown,Unknown,Minor injury: Hospitalization up to 24 hours,431304.35,4584385.11,2.1769929,41.406229485
2020S000093    ,Horta-Guinardó,Montbau,Sant Cugat,Monday,2020-01-06,Laboral,2020,1,January,6,Night,02:00:00,Unknown,Car,Male,17,Passenger,Unknown,Unknown,Unknown,Minor injury: Medical assistance at accident site,427486.63,4587256.02,2.13097779,41.43175101
2020S000093    ,Horta-Guinardó,Montbau,Sant Cugat,Monday,2020-01-06,Laboral,2020,1,January,6,Night,02:00:00,Unknown,Car,Male,23,Driver,Unknown,Unknown,Leisure and entertainment,Minor injury: Hospitalization up to 24 hours,427486.63,4587256.02,2.13097779,41.43175101
2020S000093    ,Horta-Guinardó,Montbau,Sant Cugat,Monday,2020-01-06,Laboral,2020,1,January,6,Night,02:00:00,Unknown,Car,Male,18,Driver,Unknown,Unknown,Leisure and entertainment,Minor injury: Medical assistance at accident site,427486.63,4587256.02,2.13097779,41.43175101
2020S000093    ,Horta-Guinardó,Montbau,Sant Cugat,Monday,2020-01-06,Laboral,2020,1,January,6,Night,02:00:00,Unknown,Car,Female,23,Passenger,Unknown,Unknown,Unknown,Minor injury: Hospitalization up to 24 hours,427486.63,4587256.02,2.13097779,41.43175101
2020S000094    ,Sarriŕ-Sant Gervasi,Sarriŕ,Dalt (Besňs),Monday,2020-01-06,Laboral,2020,1,January,6,Morning,10:00:00,Unknown,Car,Female,37,Driver,Unknown,Unknown,Leisure and entertainment,Minor injury: Hospitalization up to 24 hours,426324.82,4584220.75,2.1174438,41.40430798
2020S000095    ,Eixample,la Sagrada Família,Mallorca,Tuesday,2020-01-07,Laboral,2020,1,January,7,Morning,08:00:00,Unknown,Autobús,Female,46,Driver,Unknown,Unknown,Urban bus,Uninjured,431421.65,4584343.56,2.17840086,41.405865278
2020S000095    ,Eixample,la Sagrada Família,Mallorca,Tuesday,2020-01-07,Laboral,2020,1,January,7,Morning,08:00:00,Unknown,Motorcycle,Male,28,Driver,Unknown,Unknown,In transit (commuting),Minor injury: Medical assistance at accident site,431421.65,4584343.56,2.17840086,41.405865278
2020S000096    ,Eixample,l'Antiga Esquerra de l'Eixample,Diputació,Tuesday,2020-01-07,Laboral,2020,1,January,7,Morning,08:00:00,Unknown,Motorcycle,Male,55,Driver,Unknown,Unknown,Leisure and entertainment,Minor injury: Medical assistance at accident site,430029.25,4582232.46,2.16198789,41.386731249
2020S000096    ,Eixample,l'Antiga Esquerra de l'Eixample,Diputació,Tuesday,2020-01-07,Laboral,2020,1,January,7,Morning,08:00:00,Unknown,Car,Male,38,Driver,Unknown,Unknown,Leisure and entertainment,Uninjured,430029.25,4582232.46,2.16198789,41.386731249
2020S000097    ,Sants-Montjuďc,la Font de la Guatlla,Corts Catalanes,Tuesday,2020-01-07,Laboral,2020,1,January,7,Morning,10:00:00,Unknown,Bicicleta,Female,22,Driver,Unknown,Unknown,In transit (commuting),Minor injury: Hospitalization up to 24 hours,428347.35,4580326.06,2.14209911,41.369412839
2020S000097    ,Sants-Montjuďc,la Font de la Guatlla,Corts Catalanes,Tuesday,2020-01-07,Laboral,2020,1,January,7,Morning,10:00:00,Unknown,Taxi,Male,54,Driver,Unknown,Unknown,Taxi,Uninjured,428347.35,4580326.06,2.14209911,41.369412839
2020S000098    ,Horta-Guinardó,el Baix Guinardó,Guinardó,Tuesday,2020-01-07,Laboral,2020,1,January,7,Morning,09:00:00,Desobeir el senyal del semŕfor,Motorcycle,Male,20,Driver,In crossing regulated by traffic lights,Unknown,On a mission,Minor injury: Medical assistance at accident site,430482.1,4585032.8,2.16708195,41.411992281
2020S000098    ,Horta-Guinardó,el Baix Guinardó,Guinardó,Tuesday,2020-01-07,Laboral,2020,1,January,7,Morning,09:00:00,Desobeir el senyal del semŕfor,Motorcycle,Female,68,Pedestrian,In crossing regulated by traffic lights,Unknown,Unknown,Minor injury: Hospitalization up to 24 hours,430482.1,4585032.8,2.16708195,41.411992281
2020S000099    ,Sant Martí,Provençals del Poblenou,Sant Joan de Malta,Tuesday,2020-01-07,Laboral,2020,1,January,7,Morning,10:00:00,Unknown,Car,Male,80,Pedestrian,In pedestrian area,Unknown,Unknown,Minor injury: Hospitalization up to 24 hours,432827.6,4584645.48,2.19518657,41.408703368
2020S000099    ,Sant Martí,Provençals del Poblenou,Sant Joan de Malta,Tuesday,2020-01-07,Laboral,2020,1,January,7,Morning,10:00:00,Unknown,Car,Male,49,Driver,In pedestrian area,Unknown,Unknown,Uninjured,432827.6,4584645.48,2.19518657,41.408703368
2020S000100    ,Eixample,la Nova Esquerra de l'Eixample,Viladomat,Tuesday,2020-01-07,Laboral,2020,1,January,7,Morning,12:00:00,Unknown,Car,Female,28,Driver,Unknown,Unknown,Leisure and entertainment,Uninjured,428975.02,4582146.62,2.14939013,41.385865676
2020S000100    ,Eixample,la Nova Esquerra de l'Eixample,Viladomat,Tuesday,2020-01-07,Laboral,2020,1,January,7,Morning,12:00:00,Unknown,Motorcycle,Male,72,Driver,Unknown,Unknown,Leisure and entertainment,Minor injury: Medical assistance at accident site,428975.02,4582146.62,2.14939013,41.385865676
2020S000101    ,Sants-Montjuďc,la Marina del Prat Vermell,Major de Mercabarna,Tuesday,2020-01-07,Laboral,2020,1,January,7,Morning,12:00:00,Unknown,Furgoneta,Male,64,Driver,In an unregulated crossing,Unknown,Unknown,Uninjured,426097.79,4576076.61,2.11572102,41.330936114
2020S000101    ,Sants-Montjuďc,la Marina del Prat Vermell,Major de Mercabarna,Tuesday,2020-01-07,Laboral,2020,1,January,7,Morning,12:00:00,Unknown,Veh. mobilitat personal amb motor,Male,28,Driver,In an unregulated crossing,Unknown,Unknown,Minor injury: Hospitalization up to 24 hours,426097.79,4576076.61,2.11572102,41.330936114
2020S000102    ,Sant Martí,Diagonal Mar i el Front Marítim del Poblenou,Litoral (Llobregat),Tuesday,2020-01-07,Laboral,2020,1,January,7,Morning,13:00:00,Unknown,Motorcycle,Male,35,Driver,Unknown,Unknown,Unknown,Minor injury: Hospitalization up to 24 hours,434803.19,4584402.67,2.21884769,41.406679199
2020S000102    ,Sant Martí,Diagonal Mar i el Front Marítim del Poblenou,Litoral (Llobregat),Tuesday,2020-01-07,Laboral,2020,1,January,7,Morning,13:00:00,Unknown,Car,Male,50,Driver,Unknown,Unknown,Unknown,Uninjured,434803.19,4584402.67,2.21884769,41.406679199
2020S000103    ,Sarriŕ-Sant Gervasi,Sant Gervasi - Galvany,Muntaner,Tuesday,2020-01-07,Laboral,2020,1,January,7,Afternoon,14:00:00,Unknown,Motorcycle,Male,67,Driver,Unknown,Unknown,In transit (commuting),Minor injury: Hospitalization up to 24 hours,428215.29,4583840.13,2.1401036,41.401051005
2020S000103    ,Sarriŕ-Sant Gervasi,Sant Gervasi - Galvany,Muntaner,Tuesday,2020-01-07,Laboral,2020,1,January,7,Afternoon,14:00:00,Unknown,Motorcycle,Male,66,Driver,Unknown,Unknown,In transit (commuting),Uninjured,428215.29,4583840.13,2.1401036,41.401051005
2020S000104    ,Sant Andreu,la Trinitat Vella,Bŕrcino,Tuesday,2020-01-07,Laboral,2020,1,January,7,Afternoon,14:00:00,Unknown,Car,Male,52,Driver,Unknown,Unknown,Unknown,Uninjured,432716.43,4589080.04,2.19336276,41.448634759
2020S000104    ,Sant Andreu,la Trinitat Vella,Bŕrcino,Tuesday,2020-01-07,Laboral,2020,1,January,7,Afternoon,14:00:00,Unknown,Motorcycle,Male,55,Driver,Unknown,Unknown,Unknown,Minor injury: Hospitalization up to 24 hours,432716.43,4589080.04,2.19336276,41.448634759
2020S000105    ,Sarriŕ-Sant Gervasi,Sant Gervasi - Galvany,Aribau,Tuesday,2020-01-07,Laboral,2020,1,January,7,Afternoon,16:00:00,Unknown,Car,Female,51,Driver,Unknown,Unknown,Leisure and entertainment,Uninjured,428832.77,4583440.55,2.14753682,41.397507059
2020S000105    ,Sarriŕ-Sant Gervasi,Sant Gervasi - Galvany,Aribau,Tuesday,2020-01-07,Laboral,2020,1,January,7,Afternoon,16:00:00,Unknown,Motorcycle,Male,29,Driver,Unknown,Unknown,Leisure and entertainment,Minor injury: Medical assistance at accident site,428832.77,4583440.55,2.14753682,41.397507059
2020S000106    ,Sarriŕ-Sant Gervasi,Sant Gervasi - la Bonanova,Muntaner,Tuesday,2020-01-07,Laboral,2020,1,January,7,Afternoon,17:00:00,Unknown,Veh. mobilitat personal amb motor,Male,16,Driver,On the sidewalk,Unknown,Leisure and entertainment,Uninjured,427898.22,4584220.15,2.13626557,41.404445305
2020S000106    ,Sarriŕ-Sant Gervasi,Sant Gervasi - la Bonanova,Muntaner,Tuesday,2020-01-07,Laboral,2020,1,January,7,Afternoon,17:00:00,Unknown,Veh. mobilitat personal amb motor,Female,27,Pedestrian,On the sidewalk,Leisure and entertainment,Unknown,Minor injury: Medical assistance at accident site,427898.22,4584220.15,2.13626557,41.404445305
2020S000107    ,Eixample,la Dreta de l'Eixample,Aragó,Tuesday,2020-01-07,Laboral,2020,1,January,7,Afternoon,17:00:00,Unknown,Car,Male,57,Driver,Unknown,Unknown,Unknown,Uninjured,430435.12,4582966.26,2.1667575,41.393375576
2020S000107    ,Eixample,la Dreta de l'Eixample,Aragó,Tuesday,2020-01-07,Laboral,2020,1,January,7,Afternoon,17:00:00,Unknown,Ciclomotor,Female,31,Driver,Unknown,Unknown,Unknown,Minor injury: Hospitalization up to 24 hours,430435.12,4582966.26,2.1667575,41.393375576
2020S000108    ,Sarriŕ-Sant Gervasi,Sant Gervasi - la Bonanova,Sant Gervasi,Tuesday,2020-01-07,Laboral,2020,1,January,7,Afternoon,18:00:00,Unknown,Bicicleta,Male,46,Driver,Unknown,Unknown,On a mission,Uninjured,427905.38,4584828.89,2.13627866,41.409928618
2020S000108    ,Sarriŕ-Sant Gervasi,Sant Gervasi - la Bonanova,Sant Gervasi,Tuesday,2020-01-07,Laboral,2020,1,January,7,Afternoon,18:00:00,Unknown,Motorcycle,Male,45,Driver,Unknown,Unknown,In transit (commuting),Minor injury: Hospitalization up to 24 hours,427905.38,4584828.89,2.13627866,41.409928618
2020S000109    ,Eixample,la Sagrada Família,Cňrsega,Tuesday,2020-01-07,Laboral,2020,1,January,7,Afternoon,16:00:00,Desobeir el senyal del semŕfor,Motorcycle,Male,44,Driver,On the sidewalk,Unknown,Unknown,Minor injury: Refused medical assistance,430960.58,4584460.23,2.17287183,41.406876599
2020S000109    ,Eixample,la Sagrada Família,Cňrsega,Tuesday,2020-01-07,Laboral,2020,1,January,7,Afternoon,16:00:00,Desobeir el senyal del semŕfor,Motorcycle,Female,62,Pedestrian,On the sidewalk,Unknown,Unknown,Minor injury: Hospitalization up to 24 hours,430960.58,4584460.23,2.17287183,41.406876599
2020S000110    ,Eixample,la Sagrada Família,Valčncia,Tuesday,2020-01-07,Laboral,2020,1,January,7,Afternoon,17:00:00,Unknown,Car,Male,32,Driver,Unknown,Unknown,Other activities,Uninjured,431595.9,4584325.82,2.1804874,41.405720354
2020S000110    ,Eixample,la Sagrada Família,Valčncia,Tuesday,2020-01-07,Laboral,2020,1,January,7,Afternoon,17:00:00,Unknown,Ciclomotor,Male,25,Driver,Unknown,Unknown,Other activities,Minor injury: Hospitalization up to 24 hours,431595.9,4584325.82,2.1804874,41.405720354
2020S000111    ,Eixample,Sant Antoni,Paralˇlel,Tuesday,2020-01-07,Laboral,2020,1,January,7,Afternoon,17:00:00,Unknown,Car,Male,49,Driver,Unknown,Unknown,Unknown,Uninjured,430086.01,4580949.24,2.16281483,41.375178619
2020S000111    ,Eixample,Sant Antoni,Paralˇlel,Tuesday,2020-01-07,Laboral,2020,1,January,7,Afternoon,17:00:00,Unknown,Veh. mobilitat personal amb motor,Female,16,Driver,Unknown,Unknown,Unknown,Uninjured,430086.01,4580949.24,2.16281483,41.375178619
2020S000111    ,Eixample,Sant Antoni,Paralˇlel,Tuesday,2020-01-07,Laboral,2020,1,January,7,Afternoon,17:00:00,Unknown,Veh. mobilitat personal amb motor,Female,18,Passenger,Unknown,Unknown,Unknown,Minor injury: Hospitalization up to 24 hours,430086.01,4580949.24,2.16281483,41.375178619
2020S000112    ,Les Corts,les Corts,Nau Santa Maria,Tuesday,2020-01-07,Laboral,2020,1,January,7,Afternoon,19:00:00,Unknown,Car,Male,49,Driver,Unknown,Unknown,Unknown,Uninjured,427573.5,4582749.64,2.13255711,41.391171813
2020S000112    ,Les Corts,les Corts,Nau Santa Maria,Tuesday,2020-01-07,Laboral,2020,1,January,7,Afternoon,19:00:00,Unknown,Motorcycle,Male,25,Driver,Unknown,Unknown,Unknown,Minor injury: Medical assistance at accident site,427573.5,4582749.64,2.13255711,41.391171813
2020S000113    ,Sarriŕ-Sant Gervasi,les Tres Torres,Augusta,Tuesday,2020-01-07,Laboral,2020,1,January,7,Afternoon,19:00:00,Unknown,Motorcycle,Male,28,Driver,Unknown,Unknown,In transit (commuting),Minor injury: Hospitalization up to 24 hours,427360.12,4583470.44,2.12991857,41.397644512
2020S000113    ,Sarriŕ-Sant Gervasi,les Tres Torres,Augusta,Tuesday,2020-01-07,Laboral,2020,1,January,7,Afternoon,19:00:00,Unknown,Car,Male,42,Driver,Unknown,Unknown,Leisure and entertainment,Uninjured,427360.12,4583470.44,2.12991857,41.397644512
2020S000114    ,Sarriŕ-Sant Gervasi,les Tres Torres,Mig (Descendent),Tuesday,2020-01-07,Laboral,2020,1,January,7,Night,22:00:00,Unknown,Car,Male,23,Driver,Unknown,Unknown,Leisure and entertainment,Uninjured,427707.3,4583220.56,2.13410112,41.395425248
2020S000115    ,Eixample,Sant Antoni,Sepúlveda,Wednesday,2020-01-08,Laboral,2020,1,January,8,Morning,07:00:00,Unknown,Ciclomotor,Male,51,Driver,Unknown,Unknown,Unknown,Minor injury: Hospitalization up to 24 hours,429626.57,4581423.81,2.15726609,41.379412854
2020S000115    ,Eixample,Sant Antoni,Sepúlveda,Wednesday,2020-01-08,Laboral,2020,1,January,8,Morning,07:00:00,Unknown,Car,Male,63,Driver,Unknown,Unknown,On a mission,Uninjured,429626.57,4581423.81,2.15726609,41.379412854
2020S000116    ,Sants-Montjuďc,la Marina del Prat Vermell,Longitudinal 5,Wednesday,2020-01-08,Laboral,2020,1,January,8,Morning,06:00:00,Unknown,Tractor camió,Male,54,Driver,Unknown,Unknown,On a mission,Uninjured,426383.45,4576025.05,2.11914062,41.330497886
2020S000116    ,Sants-Montjuďc,la Marina del Prat Vermell,Longitudinal 5,Wednesday,2020-01-08,Laboral,2020,1,January,8,Morning,06:00:00,Unknown,Car,Male,40,Driver,Unknown,Unknown,In transit (commuting),Minor injury: Hospitalization up to 24 hours,426383.45,4576025.05,2.11914062,41.330497886
2020S000117    ,Sants-Montjuďc,la Marina del Prat Vermell,Longitudinal 9,Wednesday,2020-01-08,Laboral,2020,1,January,8,Morning,07:00:00,Unknown,Car,Male,41,Driver,Unknown,Unknown,In transit (commuting),Uninjured,426640.98,4576051.31,2.12221464,41.330757894
2020S000117    ,Sants-Montjuďc,la Marina del Prat Vermell,Longitudinal 9,Wednesday,2020-01-08,Laboral,2020,1,January,8,Morning,07:00:00,Unknown,Altres vehicles amb motor,Male,40,Driver,Unknown,Unknown,In transit (commuting),Minor injury: Hospitalization up to 24 hours,426640.98,4576051.31,2.12221464,41.330757894
2020S000118    ,Sants-Montjuďc,la Marina del Prat Vermell,Transversal 11,Wednesday,2020-01-08,Laboral,2020,1,January,8,Morning,08:00:00,Unknown,Furgoneta,Female,78,Pedestrian,In an unregulated crossing,On a mission,Unknown,Minor injury: Hospitalization up to 24 hours,426029.82,4575851.98,2.11493622,41.32890671
2020S000118    ,Sants-Montjuďc,la Marina del Prat Vermell,Transversal 11,Wednesday,2020-01-08,Laboral,2020,1,January,8,Morning,08:00:00,Unknown,Furgoneta,Male,78,Pedestrian,In an unregulated crossing,On a mission,Unknown,Minor injury: Hospitalization up to 24 hours,426029.82,4575851.98,2.11493622,41.32890671
2020S000118    ,Sants-Montjuďc,la Marina del Prat Vermell,Transversal 11,Wednesday,2020-01-08,Laboral,2020,1,January,8,Morning,08:00:00,Unknown,Furgoneta,Male,86,Driver,In an unregulated crossing,Unknown,On a mission,Uninjured,426029.82,4575851.98,2.11493622,41.32890671
2020S000119    ,Les Corts,Pedralbes,Carles III,Wednesday,2020-01-08,Laboral,2020,1,January,8,Morning,09:00:00,Unknown,Furgoneta,Male,28,Driver,Unknown,Unknown,Transport de menors a l'escola,Uninjured,427239.13,4582806.0,2.12855126,41.391649229
2020S000119    ,Les Corts,Pedralbes,Carles III,Wednesday,2020-01-08,Laboral,2020,1,January,8,Morning,09:00:00,Unknown,Ciclomotor,Female,26,Driver,Unknown,Unknown,Other activities,Minor injury: Hospitalization up to 24 hours,427239.13,4582806.0,2.12855126,41.391649229
2020S000120    ,Grŕcia,el Camp d'en Grassot i Grŕcia Nova,Pi i Margall,Wednesday,2020-01-08,Laboral,2020,1,January,8,Morning,08:00:00,Unknown,Motorcycle,Female,57,Driver,Unknown,Unknown,In transit (commuting),Minor injury: Hospitalization up to 24 hours,430149.34,4584318.92,2.16318327,41.405533747
2020S000120    ,Grŕcia,el Camp d'en Grassot i Grŕcia Nova,Pi i Margall,Wednesday,2020-01-08,Laboral,2020,1,January,8,Morning,08:00:00,Unknown,Car,Female,55,Driver,Unknown,Unknown,On a mission,Uninjured,430149.34,4584318.92,2.16318327,41.405533747
2020S000121    ,Ciutat Vella,el Raval,Lluna,Wednesday,2020-01-08,Laboral,2020,1,January,8,Morning,06:00:00,Unknown,Ciclomotor,Female,21,Passenger,Unknown,Unknown,Unknown,Minor injury: Hospitalization up to 24 hours,430377.4,4581580.35,2.1662265,41.380888117
2020S000121    ,Ciutat Vella,el Raval,Lluna,Wednesday,2020-01-08,Laboral,2020,1,January,8,Morning,06:00:00,Unknown,Ciclomotor,Female,43,Driver,Unknown,Unknown,In transit (commuting),Minor injury: Hospitalization up to 24 hours,430377.4,4581580.35,2.1662265,41.380888117
2020S000122    ,Eixample,l'Antiga Esquerra de l'Eixample,Comte d'Urgell,Wednesday,2020-01-08,Laboral,2020,1,January,8,Morning,06:00:00,Unknown,Car,Male,53,Driver,Unknown,Unknown,Taxi,Uninjured,429290.13,4582210.6,2.1531511,41.386469697
2020S000122    ,Eixample,l'Antiga Esquerra de l'Eixample,Comte d'Urgell,Wednesday,2020-01-08,Laboral,2020,1,January,8,Morning,06:00:00,Unknown,Car,Male,47,Driver,Unknown,Unknown,Taxi,Uninjured,429290.13,4582210.6,2.1531511,41.386469697
2020S000122    ,Eixample,l'Antiga Esquerra de l'Eixample,Comte d'Urgell,Wednesday,2020-01-08,Laboral,2020,1,January,8,Morning,06:00:00,Unknown,Car,Male,39,Driver,Unknown,Unknown,Taxi,Minor injury: Hospitalization up to 24 hours,429290.13,4582210.6,2.1531511,41.386469697
2020S000122    ,Eixample,l'Antiga Esquerra de l'Eixample,Comte d'Urgell,Wednesday,2020-01-08,Laboral,2020,1,January,8,Morning,06:00:00,Unknown,Car,Male,25,Passenger,Unknown,Unknown,Unknown,Minor injury: Refused medical assistance,429290.13,4582210.6,2.1531511,41.386469697
2020S000123    ,Horta-Guinardó,el Carmel,Carmel,Wednesday,2020-01-08,Laboral,2020,1,January,8,Morning,11:00:00,Unknown,Car,Male,23,Driver,Unknown,Unknown,Other activities,Uninjured,429683.09,4586731.96,2.15732499,41.427226421
2020S000123    ,Horta-Guinardó,el Carmel,Carmel,Wednesday,2020-01-08,Laboral,2020,1,January,8,Morning,11:00:00,Unknown,Ciclomotor,Male,21,Driver,Unknown,Unknown,Unknown,Minor injury: Hospitalization up to 24 hours,429683.09,4586731.96,2.15732499,41.427226421
2020S000124    ,Sant Martí,Sant Martí de Provençals,Guipúscoa,Wednesday,2020-01-08,Laboral,2020,1,January,8,Morning,07:00:00,Unknown,Motorcycle,Female,38,Driver,Unknown,Unknown,Unknown,Minor injury: Hospitalization up to 24 hours,433201.76,4585724.39,2.19954362,41.418452011
2020S000124    ,Sant Martí,Sant Martí de Provençals,Guipúscoa,Wednesday,2020-01-08,Laboral,2020,1,January,8,Morning,07:00:00,Unknown,Car,Male,55,Driver,Unknown,Unknown,Unknown,Uninjured,433201.76,4585724.39,2.19954362,41.418452011
2020S000125    ,Sarriŕ-Sant Gervasi,Sarriŕ,Margenat,Wednesday,2020-01-08,Laboral,2020,1,January,8,Morning,09:00:00,Unknown,Furgoneta,Male,47,Driver,Unknown,Unknown,Unknown,Minor injury: Medical assistance at accident site,426573.4,4583947.19,2.12045061,41.4018669
2020S000125    ,Sarriŕ-Sant Gervasi,Sarriŕ,Margenat,Wednesday,2020-01-08,Laboral,2020,1,January,8,Morning,09:00:00,Unknown,Car,Male,30,Driver,Unknown,Unknown,Unknown,Minor injury: Hospitalization up to 24 hours,426573.4,4583947.19,2.12045061,41.4018669
2020S000126    ,Sant Andreu,el Bon Pastor,Guayaquil,Wednesday,2020-01-08,Laboral,2020,1,January,8,Morning,12:00:00,Unknown,Car,Female,46,Driver,Unknown,Unknown,In transit (commuting),Uninjured,433800.18,4588397.63,2.20641094,41.44257867
2020S000126    ,Sant Andreu,el Bon Pastor,Guayaquil,Wednesday,2020-01-08,Laboral,2020,1,January,8,Morning,12:00:00,Unknown,Motorcycle,Male,37,Driver,Unknown,Unknown,In transit (commuting),Minor injury: Hospitalization up to 24 hours,433800.18,4588397.63,2.20641094,41.44257867
2020S000127    ,Horta-Guinardó,Horta,Dalt (Llobregat),Wednesday,2020-01-08,Laboral,2020,1,January,8,Morning,13:00:00,Unknown,Motorcycle,Female,24,Driver,Unknown,Unknown,Unknown,Minor injury: Hospitalization up to 24 hours,429982.88,4588112.4,2.16075248,41.439685701
2020S000127    ,Horta-Guinardó,Horta,Dalt (Llobregat),Wednesday,2020-01-08,Laboral,2020,1,January,8,Morning,13:00:00,Unknown,Car,Female,46,Driver,Unknown,Unknown,Unknown,Uninjured,429982.88,4588112.4,2.16075248,41.439685701
2020S000128    ,Grŕcia,el Camp d'en Grassot i Grŕcia Nova,Sant Joan,Wednesday,2020-01-08,Laboral,2020,1,January,8,Morning,12:00:00,Unknown,Car,Female,56,Driver,Unknown,Unknown,Unknown,Uninjured,430374.66,4583905.65,2.16592629,41.40183112
2020S000128    ,Grŕcia,el Camp d'en Grassot i Grŕcia Nova,Sant Joan,Wednesday,2020-01-08,Laboral,2020,1,January,8,Morning,12:00:00,Unknown,Motorcycle,Male,27,Driver,Unknown,Unknown,Unknown,Minor injury: Hospitalization up to 24 hours,430374.66,4583905.65,2.16592629,41.40183112
2020S000129    ,Sant Martí,la Verneda i la Pau,Concili de Trento,Wednesday,2020-01-08,Laboral,2020,1,January,8,Morning,13:00:00,Unknown,Car,Male,49,Driver,Unknown,Unknown,Leisure and entertainment,Uninjured,433466.89,4585782.27,2.2027096,41.41899533
2020S000129    ,Sant Martí,la Verneda i la Pau,Concili de Trento,Wednesday,2020-01-08,Laboral,2020,1,January,8,Morning,13:00:00,Unknown,Motorcycle,Male,25,Driver,Unknown,Unknown,Leisure and entertainment,Minor injury: Hospitalization up to 24 hours,433466.89,4585782.27,2.2027096,41.41899533
2020S000130    ,Horta-Guinardó,el Guinardó,Rubió i Ors,Wednesday,2020-01-08,Laboral,2020,1,January,8,Morning,13:00:00,Unknown,Motorcycle,Male,34,Driver,Unknown,Unknown,Unknown,Minor injury: Hospitalization up to 24 hours,431334.75,4585888.76,2.17718582,41.419774971
2020S000130    ,Horta-Guinardó,el Guinardó,Rubió i Ors,Wednesday,2020-01-08,Laboral,2020,1,January,8,Morning,13:00:00,Unknown,Car,Male,39,Driver,Unknown,Unknown,Unknown,Uninjured,431334.75,4585888.76,2.17718582,41.419774971
2020S000131    ,Sarriŕ-Sant Gervasi,les Tres Torres,Doctor Roux,Wednesday,2020-01-08,Laboral,2020,1,January,8,Morning,11:00:00,Unknown,Motorcycle,Male,35,Driver,On the sidewalk,Unknown,Unknown,Unknown,427475.05,4583336.52,2.13130932,41.396448729
2020S000132    ,Nou Barris,Vilapicina i la Torre Llobeta,Fabra i Puig,Wednesday,2020-01-08,Laboral,2020,1,January,8,Afternoon,15:00:00,Unknown,Motorcycle,Male,59,Driver,Unknown,Unknown,In transit (commuting),Serious injury: Hospitalization over 24 hours,431371.64,4587040.12,2.17749647,41.430148029
2020S000132    ,Nou Barris,Vilapicina i la Torre Llobeta,Fabra i Puig,Wednesday,2020-01-08,Laboral,2020,1,January,8,Afternoon,15:00:00,Unknown,Motorcycle,Male,27,Driver,Unknown,Unknown,On a mission,Serious injury: Hospitalization over 24 hours,431371.64,4587040.12,2.17749647,41.430148029
2020S000133    ,Sants-Montjuďc,la Marina del Prat Vermell,B-10 (Besňs),Wednesday,2020-01-08,Laboral,2020,1,January,8,Afternoon,18:00:00,Unknown,Motorcycle,Male,47,Driver,Unknown,Unknown,Leisure and entertainment,Minor injury: Hospitalization up to 24 hours,431157.75,4580540.65,2.17567629,41.371591006