Case_Number,District_Name,Neighborhood_Name,Street_Name,Day_of_Week,Date,Day_Type_Description,Year,Month_of_Year,Month_Name,Day_of_Month,Shift_Description,Hour_of_Day,Pedestrian_Cause_Description,Involved_Vehicle_Type_Description,Gender_Description,Age,Person_Type_Description,Pedestrian_Accident_Location_Description,Pedestrian_Movement_Reason_Description,Driver_Movement_Reason_Description,Victimization_Description,Coordenada_UTM_X,Coordenada_UTM_Y,Longitud,Latitud
2020S000133    ,Sants-Montjuďc,la Marina del Prat Vermell,B-10 (Besňs),Wednesday,2020-01-08,Laboral,2020,1,January,8,Afternoon,18:00:00,Unknown,Car,Male,33,Driver,Unknown,Unknown,Leisure and entertainment,Uninjured,431157.75,4580540.65,2.17567629,41.371591006
2020S000134    ,Eixample,el Fort Pienc,Marina,Wednesday,2020-01-08,Laboral,2020,1,January,8,Afternoon,19:00:00,Unknown,"Camió rígid > 3,5 tones",Male,50,Driver,Unknown,Unknown,Professional goods transport,Uninjured,431977.69,4583292.76,2.18517084,41.396448297
2020S000134    ,Eixample,el Fort Pienc,Marina,Wednesday,2020-01-08,Laboral,2020,1,January,8,Afternoon,19:00:00,Unknown,Motorcycle,Male,23,Driver,Unknown,Unknown,Unknown,Minor injury: Hospitalization up to 24 hours,431977.69,4583292.76,2.18517084,41.396448297
2020S000135    ,Sarriŕ-Sant Gervasi,Sant Gervasi - Galvany,Mig (Ascendent),Wednesday,2020-01-08,Laboral,2020,1,January,8,Afternoon,19:00:00,Unknown,Car,Male,44,Driver,Unknown,Unknown,Unknown,Uninjured,427618.79,4583389.8,2.13302223,41.396941558
2020S000135    ,Sarriŕ-Sant Gervasi,Sant Gervasi - Galvany,Mig (Ascendent),Wednesday,2020-01-08,Laboral,2020,1,January,8,Afternoon,19:00:00,Unknown,Car,Female,49,Driver,Unknown,Unknown,Unknown,Uninjured,427618.79,4583389.8,2.13302223,41.396941558
2020S000135    ,Sarriŕ-Sant Gervasi,Sant Gervasi - Galvany,Mig (Ascendent),Wednesday,2020-01-08,Laboral,2020,1,January,8,Afternoon,19:00:00,Unknown,Car,Female,44,Passenger,Unknown,Unknown,Unknown,Minor injury: Medical assistance at accident site,427618.79,4583389.8,2.13302223,41.396941558
2020S000136    ,Sant Martí,el Poblenou,Llacuna,Wednesday,2020-01-08,Laboral,2020,1,January,8,Afternoon,19:00:00,Unknown,Veh. mobilitat personal amb motor,Male,28,Driver,Unknown,Unknown,Leisure and entertainment,Uninjured,433081.82,4583825.18,2.19831867,41.401336361
2020S000136    ,Sant Martí,el Poblenou,Llacuna,Wednesday,2020-01-08,Laboral,2020,1,January,8,Afternoon,19:00:00,Unknown,Motorcycle,Male,48,Driver,Unknown,Unknown,Leisure and entertainment,Minor injury: Medical assistance at accident site,433081.82,4583825.18,2.19831867,41.401336361
2020S000137    ,Eixample,el Fort Pienc,Castillejos,Wednesday,2020-01-08,Laboral,2020,1,January,8,Afternoon,15:00:00,Unknown,Motorcycle,Male,38,Driver,Unknown,Unknown,Unknown,Serious injury: Hospitalization over 24 hours,431983.94,4583846.72,2.18518333,41.401438185
2020S000137    ,Eixample,el Fort Pienc,Castillejos,Wednesday,2020-01-08,Laboral,2020,1,January,8,Afternoon,15:00:00,Unknown,Motorcycle,Male,63,Driver,Unknown,Unknown,Unknown,Uninjured,431983.94,4583846.72,2.18518333,41.401438185
2020S000138    ,Sarriŕ-Sant Gervasi,Sant Gervasi - la Bonanova,Bonanova,Wednesday,2020-01-08,Laboral,2020,1,January,8,Afternoon,19:00:00,Unknown,Motorcycle,Male,56,Driver,Unknown,Unknown,Leisure and entertainment,Minor injury: Medical assistance at accident site,427427.79,4584306.68,2.13062768,41.405182292
2020S000138    ,Sarriŕ-Sant Gervasi,Sant Gervasi - la Bonanova,Bonanova,Wednesday,2020-01-08,Laboral,2020,1,January,8,Afternoon,19:00:00,Unknown,Car,Male,19,Driver,Unknown,Unknown,Leisure and entertainment,Uninjured,427427.79,4584306.68,2.13062768,41.405182292
2020S000139    ,Eixample,la Dreta de l'Eixample,Consell de Cent,Wednesday,2020-01-08,Laboral,2020,1,January,8,Afternoon,21:00:00,Unknown,Motorcycle,Female,61,Driver,Unknown,Unknown,Unknown,Minor injury: Medical assistance at accident site,430550.54,4582900.32,2.16814555,41.392791657
2020S000139    ,Eixample,la Dreta de l'Eixample,Consell de Cent,Wednesday,2020-01-08,Laboral,2020,1,January,8,Afternoon,21:00:00,Unknown,Car,Male,54,Driver,Unknown,Unknown,Unknown,Uninjured,430550.54,4582900.32,2.16814555,41.392791657
2020S000140    ,Eixample,la Sagrada Família,Padilla,Wednesday,2020-01-08,Laboral,2020,1,January,8,Afternoon,19:00:00,Unknown,Car,Female,75,Pedestrian,In crossing regulated by traffic lights,Unknown,Unknown,Minor injury: Hospitalization up to 24 hours,431495.05,4584160.34,2.17929968,41.404221334
2020S000140    ,Eixample,la Sagrada Família,Padilla,Wednesday,2020-01-08,Laboral,2020,1,January,8,Afternoon,19:00:00,Unknown,Car,Male,75,Driver,In crossing regulated by traffic lights,Unknown,Unknown,Uninjured,431495.05,4584160.34,2.17929968,41.404221334
2020S000141    ,Eixample,el Fort Pienc,Tetuan,Wednesday,2020-01-08,Laboral,2020,1,January,8,Afternoon,16:00:00,Unknown,Motorcycle,Female,19,Driver,Unknown,Unknown,Leisure and entertainment,Minor injury: Hospitalization up to 24 hours,431246.5,4583153.05,2.17644085,41.395127752
2020S000141    ,Eixample,el Fort Pienc,Tetuan,Wednesday,2020-01-08,Laboral,2020,1,January,8,Afternoon,16:00:00,Unknown,Motorcycle,Male,29,Driver,Unknown,Unknown,Leisure and entertainment,Minor injury: Hospitalization up to 24 hours,431246.5,4583153.05,2.17644085,41.395127752
2020S000142    ,Sant Andreu,la Trinitat Vella,C-17 (Puigcerdŕ),Wednesday,2020-01-08,Laboral,2020,1,January,8,Afternoon,20:00:00,Unknown,Autobús,Female,58,Passenger,Unknown,Unknown,Unknown,Minor injury: Hospitalization up to 24 hours,432372.37,4589641.97,2.18918113,41.453666931
2020S000142    ,Sant Andreu,la Trinitat Vella,C-17 (Puigcerdŕ),Wednesday,2020-01-08,Laboral,2020,1,January,8,Afternoon,20:00:00,Unknown,Autobús,Male,31,Driver,Unknown,Unknown,Leisure and entertainment,Uninjured,432372.37,4589641.97,2.18918113,41.453666931
2020S000143    ,Nou Barris,Vilapicina i la Torre Llobeta,Fabra i Puig,Wednesday,2020-01-08,Laboral,2020,1,January,8,Afternoon,21:00:00,Transitar a peu per la calçada,Car,Female,61,Pedestrian,Outside the crossing,Other activities,Unknown,Minor injury: Hospitalization up to 24 hours,431412.78,4587038.82,2.17798895,41.430139836
2020S000143    ,Nou Barris,Vilapicina i la Torre Llobeta,Fabra i Puig,Wednesday,2020-01-08,Laboral,2020,1,January,8,Afternoon,21:00:00,Transitar a peu per la calçada,Car,Male,52,Driver,Outside the crossing,Unknown,Unknown,Uninjured,431412.78,4587038.82,2.17798895,41.430139836
2020S000144    ,Sarriŕ-Sant Gervasi,Sant Gervasi - la Bonanova,Balmes,Wednesday,2020-01-08,Laboral,2020,1,January,8,Night,22:00:00,Unknown,Motorcycle,Male,46,Driver,Unknown,Unknown,In transit (commuting),Minor injury: Hospitalization up to 24 hours,428057.6,4584548.77,2.13813306,41.407419338
2020S000144    ,Sarriŕ-Sant Gervasi,Sant Gervasi - la Bonanova,Balmes,Wednesday,2020-01-08,Laboral,2020,1,January,8,Night,22:00:00,Unknown,Ciclomotor,Male,26,Passenger,Unknown,Unknown,Unknown,Uninjured,428057.6,4584548.77,2.13813306,41.407419338
2020S000144    ,Sarriŕ-Sant Gervasi,Sant Gervasi - la Bonanova,Balmes,Wednesday,2020-01-08,Laboral,2020,1,January,8,Night,22:00:00,Unknown,Ciclomotor,Male,26,Driver,Unknown,Unknown,Leisure and entertainment,Uninjured,428057.6,4584548.77,2.13813306,41.407419338
2020S000145    ,Horta-Guinardó,el Baix Guinardó,Cartagena,Wednesday,2020-01-08,Laboral,2020,1,January,8,Night,23:00:00,Unknown,Taxi,Male,36,Driver,Unknown,Unknown,Taxi,Uninjured,430799.02,4585212.34,2.17085302,41.413636702
2020S000145    ,Horta-Guinardó,el Baix Guinardó,Cartagena,Wednesday,2020-01-08,Laboral,2020,1,January,8,Night,23:00:00,Unknown,Motorcycle,Male,30,Driver,Unknown,Unknown,Leisure and entertainment,Minor injury: Hospitalization up to 24 hours,430799.02,4585212.34,2.17085302,41.413636702
2020S000146    ,Eixample,l'Antiga Esquerra de l'Eixample,Valčncia,Thursday,2020-01-09,Laboral,2020,1,January,9,Night,02:00:00,Unknown,Car,Male,43,Driver,Unknown,Unknown,Leisure and entertainment,Uninjured,429746.77,4582517.77,2.15857652,41.389276308
2020S000147    ,Eixample,la Sagrada Família,Diagonal,Wednesday,2020-01-08,Laboral,2020,1,January,8,Afternoon,21:00:00,Unknown,Tot terreny,Male,29,Driver,Unknown,Unknown,Other activities,Uninjured,431224.19,4583797.83,2.17610072,41.40093318
2020S000147    ,Eixample,la Sagrada Família,Diagonal,Wednesday,2020-01-08,Laboral,2020,1,January,8,Afternoon,21:00:00,Unknown,Motorcycle,Male,52,Driver,Unknown,Unknown,In transit (commuting),Minor injury: Hospitalization up to 24 hours,431224.19,4583797.83,2.17610072,41.40093318
2020S000148    ,Sant Martí,Diagonal Mar i el Front Marítim del Poblenou,Litoral,Thursday,2020-01-09,Laboral,2020,1,January,9,Night,05:00:00,Unknown,Ciclomotor,Male,19,Driver,Unknown,Unknown,Unknown,Minor injury: Medical assistance at accident site,434328.88,4583822.42,2.21323646,41.40141439
2020S000148    ,Sant Martí,Diagonal Mar i el Front Marítim del Poblenou,Litoral,Thursday,2020-01-09,Laboral,2020,1,January,9,Night,05:00:00,Unknown,Ciclomotor,Male,20,Passenger,Unknown,Unknown,Unknown,Minor injury: Medical assistance at accident site,434328.88,4583822.42,2.21323646,41.40141439
2020S000149    ,Sants-Montjuďc,la Marina del Prat Vermell,Zona Franca,Thursday,2020-01-09,Laboral,2020,1,January,9,Morning,08:00:00,Unknown,Veh. mobilitat personal amb motor,Female,37,Driver,Unknown,Unknown,In transit (commuting),Minor injury: Hospitalization up to 24 hours,428399.22,4578659.16,2.14291614,41.35440423
2020S000149    ,Sants-Montjuďc,la Marina del Prat Vermell,Zona Franca,Thursday,2020-01-09,Laboral,2020,1,January,9,Morning,08:00:00,Unknown,Furgoneta,Male,48,Driver,Unknown,Unknown,In transit (commuting),Uninjured,428399.22,4578659.16,2.14291614,41.35440423
2020S000150    ,Sarriŕ-Sant Gervasi,Sant Gervasi - la Bonanova,Dalt (Besňs),Thursday,2020-01-09,Laboral,2020,1,January,9,Morning,07:00:00,Unknown,"Camió rígid <= 3,5 tones",Male,59,Driver,Unknown,Unknown,Professional goods transport,Uninjured,426771.17,4584613.55,2.12273567,41.407886559
2020S000150    ,Sarriŕ-Sant Gervasi,Sant Gervasi - la Bonanova,Dalt (Besňs),Thursday,2020-01-09,Laboral,2020,1,January,9,Morning,07:00:00,Unknown,Motorcycle,Male,26,Driver,Unknown,Unknown,In transit (commuting),Minor injury: Hospitalization up to 24 hours,426771.17,4584613.55,2.12273567,41.407886559
2020S000151    ,Sant Martí,el Parc i la Llacuna del Poblenou,Marina,Thursday,2020-01-09,Laboral,2020,1,January,9,Morning,09:00:00,Unknown,Motorcycle,Female,34,Driver,Unknown,Unknown,Other activities,Minor injury: Medical assistance at accident site,432355.36,4582830.17,2.18973992,41.392313749
2020S000151    ,Sant Martí,el Parc i la Llacuna del Poblenou,Marina,Thursday,2020-01-09,Laboral,2020,1,January,9,Morning,09:00:00,Unknown,Bicicleta,Female,21,Driver,Unknown,Unknown,Other activities,Minor injury: Medical assistance at accident site,432355.36,4582830.17,2.18973992,41.392313749
2020S000152    ,Horta-Guinardó,la Teixonera,Josep Sangenís,Thursday,2020-01-09,Laboral,2020,1,January,9,Morning,08:00:00,Unknown,Taxi,Male,46,Driver,Unknown,Unknown,Taxi,Uninjured,428957.32,4586374.27,2.14868196,41.42394096
2020S000152    ,Horta-Guinardó,la Teixonera,Josep Sangenís,Thursday,2020-01-09,Laboral,2020,1,January,9,Morning,08:00:00,Unknown,Motorcycle,Male,50,Driver,Unknown,Unknown,Leisure and entertainment,Minor injury: Hospitalization up to 24 hours,428957.32,4586374.27,2.14868196,41.42394096
2020S000152    ,Horta-Guinardó,la Teixonera,Josep Sangenís,Thursday,2020-01-09,Laboral,2020,1,January,9,Morning,08:00:00,Unknown,Motorcycle,Female,45,Passenger,Unknown,Unknown,Unknown,Minor injury: Hospitalization up to 24 hours,428957.32,4586374.27,2.14868196,41.42394096
2020S000153    ,Sant Martí,la Vila Olímpica del Poblenou,Litoral (Llobregat),Thursday,2020-01-09,Laboral,2020,1,January,9,Morning,09:00:00,Unknown,Furgoneta,Male,47,Driver,Unknown,Unknown,Other activities,Uninjured,433406.97,4582829.32,2.20231773,41.392393906
2020S000153    ,Sant Martí,la Vila Olímpica del Poblenou,Litoral (Llobregat),Thursday,2020-01-09,Laboral,2020,1,January,9,Morning,09:00:00,Unknown,Motorcycle,Male,30,Driver,Unknown,Unknown,In transit (commuting),Minor injury: Hospitalization up to 24 hours,433406.97,4582829.32,2.20231773,41.392393906
2020S000154    ,Eixample,l'Antiga Esquerra de l'Eixample,Aragó,Wednesday,2020-01-08,Laboral,2020,1,January,8,Afternoon,20:00:00,Unknown,Ciclomotor,Male,42,Driver,Unknown,Unknown,On a mission,Minor injury: Hospitalization up to 24 hours,429757.3,4582347.38,2.15872223,41.387742581
2020S000154    ,Eixample,l'Antiga Esquerra de l'Eixample,Aragó,Wednesday,2020-01-08,Laboral,2020,1,January,8,Afternoon,20:00:00,Unknown,Furgoneta,Male,31,Driver,Unknown,Unknown,On a mission,Uninjured,429757.3,4582347.38,2.15872223,41.387742581
2020S000155    ,Sants-Montjuďc,Hostafrancs,Bordeta,Thursday,2020-01-09,Laboral,2020,1,January,9,Morning,09:00:00,Unknown,Car,Male,72,Driver,Unknown,Unknown,Leisure and entertainment,Uninjured,428339.95,4580673.66,2.14196952,41.372542895
2020S000155    ,Sants-Montjuďc,Hostafrancs,Bordeta,Thursday,2020-01-09,Laboral,2020,1,January,9,Morning,09:00:00,Unknown,Veh. mobilitat personal amb motor,Female,35,Driver,Unknown,Unknown,In transit (commuting),Minor injury: Hospitalization up to 24 hours,428339.95,4580673.66,2.14196952,41.372542895
2020S000156    ,Nou Barris,la Prosperitat,Pablo Iglesias,Thursday,2020-01-09,Laboral,2020,1,January,9,Morning,09:00:00,Unknown,"Camió rígid > 3,5 tones",Male,53,Driver,Unknown,Unknown,Unknown,Uninjured,431836.59,4588732.32,2.18286968,41.445428696
2020S000156    ,Nou Barris,la Prosperitat,Pablo Iglesias,Thursday,2020-01-09,Laboral,2020,1,January,9,Morning,09:00:00,Unknown,Motorcycle,Female,43,Driver,Unknown,Unknown,Other activities,Minor injury: Hospitalization up to 24 hours,431836.59,4588732.32,2.18286968,41.445428696
2020S000157    ,Sarriŕ-Sant Gervasi,Sarriŕ,Bonanova,Thursday,2020-01-09,Laboral,2020,1,January,9,Morning,10:00:00,Unknown,Motorcycle,Male,59,Driver,Unknown,Unknown,Leisure and entertainment,Minor injury: Hospitalization up to 24 hours,426737.62,4583796.07,2.1224333,41.400520817
2020S000157    ,Sarriŕ-Sant Gervasi,Sarriŕ,Bonanova,Thursday,2020-01-09,Laboral,2020,1,January,9,Morning,10:00:00,Unknown,Car,Male,44,Driver,Unknown,Unknown,On a mission,Uninjured,426737.62,4583796.07,2.1224333,41.400520817
2020S000158    ,Sarriŕ-Sant Gervasi,Sant Gervasi - Galvany,Diagonal,Thursday,2020-01-09,Laboral,2020,1,January,9,Morning,11:00:00,Unknown,Car,Male,73,Driver,Unknown,Unknown,Unknown,Uninjured,428094.99,4582802.86,2.13878783,41.391697961
2020S000158    ,Sarriŕ-Sant Gervasi,Sant Gervasi - Galvany,Diagonal,Thursday,2020-01-09,Laboral,2020,1,January,9,Morning,11:00:00,Unknown,Motorcycle,Female,24,Driver,Unknown,Unknown,Unknown,Minor injury: Hospitalization up to 24 hours,428094.99,4582802.86,2.13878783,41.391697961
2020S000159    ,Eixample,el Fort Pienc,Diputació,Thursday,2020-01-09,Laboral,2020,1,January,9,Morning,08:00:00,Desobeir el senyal del semŕfor,Veh. mobilitat personal amb motor,Male,41,Driver,In crossing regulated by traffic lights,Unknown,In transit (commuting),Uninjured,431456.92,4583631.79,2.17890343,41.399457593
2020S000159    ,Eixample,el Fort Pienc,Diputació,Thursday,2020-01-09,Laboral,2020,1,January,9,Morning,08:00:00,Desobeir el senyal del semŕfor,Veh. mobilitat personal amb motor,Female,78,Pedestrian,In crossing regulated by traffic lights,In transit (commuting),Unknown,Minor injury: Hospitalization up to 24 hours,431456.92,4583631.79,2.17890343,41.399457593
2020S000160    ,Horta-Guinardó,el Baix Guinardó,Lepant,Thursday,2020-01-09,Laboral,2020,1,January,9,Morning,10:00:00,Unknown,Motorcycle,Female,38,Driver,Unknown,Unknown,Unknown,Minor injury: Hospitalization up to 24 hours,430722.33,4584737.55,2.16998987,41.409353819
2020S000160    ,Horta-Guinardó,el Baix Guinardó,Lepant,Thursday,2020-01-09,Laboral,2020,1,January,9,Morning,10:00:00,Unknown,Motorcycle,Female,48,Driver,Unknown,Unknown,In transit (commuting),Uninjured,430722.33,4584737.55,2.16998987,41.409353819
2020S000161    ,Eixample,la Dreta de l'Eixample,Mallorca,Thursday,2020-01-09,Laboral,2020,1,January,9,Morning,11:00:00,Unknown,Furgoneta,Male,62,Driver,Unknown,Unknown,Professional goods transport,Uninjured,429833.82,4582800.38,2.15958487,41.391829285
2020S000161    ,Eixample,la Dreta de l'Eixample,Mallorca,Thursday,2020-01-09,Laboral,2020,1,January,9,Morning,11:00:00,Unknown,Motorcycle,Male,32,Driver,Unknown,Unknown,Professional goods transport,Minor injury: Refused medical assistance,429833.82,4582800.38,2.15958487,41.391829285
2020S000162    ,Eixample,l'Antiga Esquerra de l'Eixample,Corts Catalanes,Thursday,2020-01-09,Laboral,2020,1,January,9,Morning,12:00:00,Unknown,Motorcycle,Male,31,Driver,Unknown,Unknown,Unknown,Minor injury: Hospitalization up to 24 hours,430080.36,4582095.48,2.16261495,41.38550196
2020S000162    ,Eixample,l'Antiga Esquerra de l'Eixample,Corts Catalanes,Thursday,2020-01-09,Laboral,2020,1,January,9,Morning,12:00:00,Unknown,Car,Male,42,Driver,Unknown,Unknown,Unknown,Uninjured,430080.36,4582095.48,2.16261495,41.38550196
2020S000163    ,Eixample,l'Antiga Esquerra de l'Eixample,Aragó,Thursday,2020-01-09,Laboral,2020,1,January,9,Afternoon,14:00:00,Unknown,Motorcycle,Male,46,Driver,Unknown,Unknown,Unknown,Minor injury: Hospitalization up to 24 hours,429742.65,4582333.21,2.15854867,41.387613677
2020S000163    ,Eixample,l'Antiga Esquerra de l'Eixample,Aragó,Thursday,2020-01-09,Laboral,2020,1,January,9,Afternoon,14:00:00,Unknown,Car,Female,22,Driver,Unknown,Unknown,Unknown,Uninjured,429742.65,4582333.21,2.15854867,41.387613677
2020S000164    ,Eixample,la Dreta de l'Eixample,Roger de Flor,Thursday,2020-01-09,Laboral,2020,1,January,9,Morning,13:00:00,Desobeir el senyal del semŕfor,Motorcycle,Male,50,Driver,In crossing regulated by traffic lights,Unknown,Unknown,Minor injury: Medical assistance at accident site,430668.72,4583820.53,2.16945361,41.401089898
2020S000164    ,Eixample,la Dreta de l'Eixample,Roger de Flor,Thursday,2020-01-09,Laboral,2020,1,January,9,Morning,13:00:00,Desobeir el senyal del semŕfor,Motorcycle,Male,27,Pedestrian,In crossing regulated by traffic lights,Unknown,Unknown,Minor injury: Medical assistance at accident site,430668.72,4583820.53,2.16945361,41.401089898
2020S000165    ,Eixample,la Sagrada Família,Mallorca,Thursday,2020-01-09,Laboral,2020,1,January,9,Morning,12:00:00,Unknown,Motorcycle,Male,33,Driver,Unknown,Unknown,In transit (commuting),Minor injury: Medical assistance at accident site,431101.01,4583996.53,2.17460461,41.402712256
2020S000165    ,Eixample,la Sagrada Família,Mallorca,Thursday,2020-01-09,Laboral,2020,1,January,9,Morning,12:00:00,Unknown,Car,Male,23,Driver,Unknown,Unknown,In transit (commuting),Uninjured,431101.01,4583996.53,2.17460461,41.402712256
2020S000166    ,Ciutat Vella,el Raval,Litoral (Llobregat),Thursday,2020-01-09,Laboral,2020,1,January,9,Afternoon,15:00:00,Unknown,Car,Female,22,Driver,Unknown,Unknown,In transit (commuting),Minor injury: Hospitalization up to 24 hours,431323.44,4580839.66,2.17762349,41.374298274
2020S000166    ,Ciutat Vella,el Raval,Litoral (Llobregat),Thursday,2020-01-09,Laboral,2020,1,January,9,Afternoon,15:00:00,Unknown,Car,Female,43,Driver,Unknown,Unknown,Unknown,Uninjured,431323.44,4580839.66,2.17762349,41.374298274
2020S000167    ,Sarriŕ-Sant Gervasi,Sarriŕ,Fontcoberta,Thursday,2020-01-09,Laboral,2020,1,January,9,Afternoon,14:00:00,Creuar per fora pas de vianants,Car,Female,87,Pedestrian,Outside the crossing,Unknown,Unknown,Minor injury: Hospitalization up to 24 hours,426898.36,4583171.11,2.12443152,41.394906706
2020S000167    ,Sarriŕ-Sant Gervasi,Sarriŕ,Fontcoberta,Thursday,2020-01-09,Laboral,2020,1,January,9,Afternoon,14:00:00,Creuar per fora pas de vianants,Car,Male,45,Driver,Outside the crossing,Unknown,Unknown,Uninjured,426898.36,4583171.11,2.12443152,41.394906706
2020S000168    ,Sant Martí,el Clot,Meridiana,Thursday,2020-01-09,Laboral,2020,1,January,9,Afternoon,17:00:00,Unknown,Motorcycle,Male,44,Driver,Unknown,Unknown,Unknown,Minor injury: Hospitalization up to 24 hours,432154.14,4584227.32,2.18717659,41.404880528
2020S000168    ,Sant Martí,el Clot,Meridiana,Thursday,2020-01-09,Laboral,2020,1,January,9,Afternoon,17:00:00,Unknown,Car,Male,33,Driver,Unknown,Unknown,Unknown,Uninjured,432154.14,4584227.32,2.18717659,41.404880528
2020S000169    ,Sants-Montjuďc,la Marina de Port,Ildefons Cerdŕ,Wednesday,2020-01-08,Laboral,2020,1,January,8,Afternoon,16:00:00,Unknown,Car,Male,37,Driver,Unknown,Unknown,On a mission,Minor injury: Refused medical assistance,427786.74,4579747.41,2.13546536,41.364151013
2020S000169    ,Sants-Montjuďc,la Marina de Port,Ildefons Cerdŕ,Wednesday,2020-01-08,Laboral,2020,1,January,8,Afternoon,16:00:00,Unknown,Furgoneta,Male,46,Driver,Unknown,Unknown,Unknown,Uninjured,427786.74,4579747.41,2.13546536,41.364151013
2020S000170    ,Sarriŕ-Sant Gervasi,el Putxet i el Farró,Balmes,Thursday,2020-01-09,Laboral,2020,1,January,9,Afternoon,17:00:00,Unknown,Car,Male,25,Driver,At an unmarked crossing,Unknown,Unknown,Uninjured,428616.18,4584030.69,2.14487652,41.402803017
2020S000170    ,Sarriŕ-Sant Gervasi,el Putxet i el Farró,Balmes,Thursday,2020-01-09,Laboral,2020,1,January,9,Afternoon,17:00:00,Unknown,Car,Female,45,Pedestrian,At an unmarked crossing,Unknown,Unknown,Minor injury: Hospitalization up to 24 hours,428616.18,4584030.69,2.14487652,41.402803017
2020S000171    ,Nou Barris,la Trinitat Nova,Meridiana,Thursday,2020-01-09,Laboral,2020,1,January,9,Afternoon,18:00:00,Unknown,Motorcycle,Male,47,Driver,Unknown,Unknown,Unknown,Minor injury: Hospitalization up to 24 hours,432291.22,4589271.11,2.18825124,41.450319882
2020S000171    ,Nou Barris,la Trinitat Nova,Meridiana,Thursday,2020-01-09,Laboral,2020,1,January,9,Afternoon,18:00:00,Unknown,Car,Male,37,Driver,Unknown,Unknown,Taxi,Uninjured,432291.22,4589271.11,2.18825124,41.450319882
2020S000172    ,Eixample,la Nova Esquerra de l'Eixample,París,Thursday,2020-01-09,Laboral,2020,1,January,9,Afternoon,17:00:00,Unknown,Motorcycle,Male,44,Driver,Unknown,Unknown,In transit (commuting),Minor injury: Hospitalization up to 24 hours,428707.46,4582435.2,2.14615637,41.388441133
2020S000172    ,Eixample,la Nova Esquerra de l'Eixample,París,Thursday,2020-01-09,Laboral,2020,1,January,9,Afternoon,17:00:00,Unknown,Car,Male,65,Driver,Unknown,Unknown,Unknown,Uninjured,428707.46,4582435.2,2.14615637,41.388441133
2020S000173    ,Eixample,la Dreta de l'Eixample,Grŕcia,Thursday,2020-01-09,Laboral,2020,1,January,9,Afternoon,18:00:00,Unknown,Motorcycle,Female,24,Driver,Unknown,Unknown,Unknown,Minor injury: Refused medical assistance,430611.89,4582516.66,2.1689233,41.389341448
2020S000174    ,Sant Martí,el Camp de l'Arpa del Clot,Freser,Thursday,2020-01-09,Laboral,2020,1,January,9,Afternoon,20:00:00,Unknown,Bicicleta,Female,38,Driver,Unknown,Unknown,Leisure and entertainment,Minor injury: Hospitalization up to 24 hours,431546.1,4584879.24,2.17982901,41.410700594
2020S000174    ,Sant Martí,el Camp de l'Arpa del Clot,Freser,Thursday,2020-01-09,Laboral,2020,1,January,9,Afternoon,20:00:00,Unknown,Motorcycle,Male,55,Driver,Unknown,Unknown,In transit (commuting),Uninjured,431546.1,4584879.24,2.17982901,41.410700594
2020S000175    ,Sant Martí,el Poblenou,Llull,Thursday,2020-01-09,Laboral,2020,1,January,9,Afternoon,21:00:00,Unknown,Car,Male,22,Driver,Unknown,Unknown,Unknown,Uninjured,433273.42,4583632.16,2.20063189,41.399613812
2020S000175    ,Sant Martí,el Poblenou,Llull,Thursday,2020-01-09,Laboral,2020,1,January,9,Afternoon,21:00:00,Unknown,Motorcycle,Male,45,Driver,Unknown,Unknown,Unknown,Minor injury: Hospitalization up to 24 hours,433273.42,4583632.16,2.20063189,41.399613812
2020S000176    ,Sant Martí,el Poblenou,Ciutat de Granada,Thursday,2020-01-09,Laboral,2020,1,January,9,Morning,13:00:00,Unknown,Veh. mobilitat personal amb motor,Female,14,Driver,In crossing regulated by traffic lights,Unknown,Leisure and entertainment,Minor injury: Hospitalization up to 24 hours,433161.26,4583402.44,2.19931563,41.397535461
2020S000177    ,Eixample,la Dreta de l'Eixample,Cinc d'Oros,Thursday,2020-01-09,Laboral,2020,1,January,9,Night,23:00:00,Unknown,Car,Male,22,Driver,Unknown,Unknown,Leisure and entertainment,Uninjured,429830.21,4583317.69,2.15948172,41.396488207
2020S000177    ,Eixample,la Dreta de l'Eixample,Cinc d'Oros,Thursday,2020-01-09,Laboral,2020,1,January,9,Night,23:00:00,Unknown,Motorcycle,Female,24,Driver,Unknown,Unknown,Leisure and entertainment,Minor injury: Hospitalization up to 24 hours,429830.21,4583317.69,2.15948172,41.396488207
2020S000178    ,Sants-Montjuďc,Hostafrancs,Corts Catalanes,Friday,2020-01-10,Laboral,2020,1,January,10,Morning,07:00:00,Unknown,Furgoneta,Male,63,Driver,Unknown,Unknown,In transit (commuting),Uninjured,428831.97,4580872.86,2.14782904,41.374380705
2020S000178    ,Sants-Montjuďc,Hostafrancs,Corts Catalanes,Friday,2020-01-10,Laboral,2020,1,January,10,Morning,07:00:00,Unknown,Motorcycle,Male,35,Driver,Unknown,Unknown,In transit (commuting),Minor injury: Hospitalization up to 24 hours,428831.97,4580872.86,2.14782904,41.374380705
2020S000179    ,Eixample,l'Antiga Esquerra de l'Eixample,Comte d'Urgell,Friday,2020-01-10,Laboral,2020,1,January,10,Morning,07:00:00,Unknown,Car,Female,27,Driver,Unknown,Unknown,Unknown,Uninjured,428937.25,4582565.59,2.14888926,41.389635855