Case_Number,District_Name,Neighborhood_Name,Street_Name,Day_of_Week,Date,Day_Type_Description,Year,Month_of_Year,Month_Name,Day_of_Month,Shift_Description,Hour_of_Day,Pedestrian_Cause_Description,Involved_Vehicle_Type_Description,Gender_Description,Age,Person_Type_Description,Pedestrian_Accident_Location_Description,Pedestrian_Movement_Reason_Description,Driver_Movement_Reason_Description,Victimization_Description,Coordenada_UTM_X,Coordenada_UTM_Y,Longitud,Latitud
2020S000224    ,Sants-Montjuďc,Sants,Brasil,Saturday,2020-01-11,Laboral,2020,1,January,11,Night,22:00:00,Unknown,Car,Male,30,Passenger,Unknown,Unknown,Unknown,Unknown,427400.54,4581048.11,2.13069248,41.375831189
2020S000224    ,Sants-Montjuďc,Sants,Brasil,Saturday,2020-01-11,Laboral,2020,1,January,11,Night,22:00:00,Unknown,Car,Male,34,Passenger,Unknown,Unknown,Unknown,Uninjured,427400.54,4581048.11,2.13069248,41.375831189
2020S000225    ,Grŕcia,el Camp d'en Grassot i Grŕcia Nova,Escorial,Saturday,2020-01-11,Laboral,2020,1,January,11,Night,22:00:00,Unknown,Ciclomotor,Male,23,Driver,In an unregulated crossing,Unknown,Unknown,Minor injury: Hospitalization up to 24 hours,430068.26,4584431.71,2.16220029,41.406542554
2020S000225    ,Grŕcia,el Camp d'en Grassot i Grŕcia Nova,Escorial,Saturday,2020-01-11,Laboral,2020,1,January,11,Night,22:00:00,Unknown,Ciclomotor,Female,53,Pedestrian,In an unregulated crossing,Unknown,Unknown,Minor injury: Hospitalization up to 24 hours,430068.26,4584431.71,2.16220029,41.406542554
2020S000226    ,Sant Martí,Diagonal Mar i el Front Marítim del Poblenou,Taulat,Saturday,2020-01-11,Laboral,2020,1,January,11,Night,23:00:00,Unknown,Car,Male,24,Driver,Unknown,Unknown,Unknown,Uninjured,434244.2,4584136.58,2.21218936,41.404237031
2020S000226    ,Sant Martí,Diagonal Mar i el Front Marítim del Poblenou,Taulat,Saturday,2020-01-11,Laboral,2020,1,January,11,Night,23:00:00,Unknown,Car,Female,30,Passenger,Unknown,Unknown,Unknown,Minor injury: Hospitalization up to 24 hours,434244.2,4584136.58,2.21218936,41.404237031
2020S000226    ,Sant Martí,Diagonal Mar i el Front Marítim del Poblenou,Taulat,Saturday,2020-01-11,Laboral,2020,1,January,11,Night,23:00:00,Unknown,Car,Male,30,Driver,Unknown,Unknown,Unknown,Uninjured,434244.2,4584136.58,2.21218936,41.404237031
2020S000227    ,Nou Barris,Porta,Horitzontal,Sunday,2020-01-12,Laboral,2020,1,January,12,Night,00:00:00,Unknown,Car,Male,35,Pedestrian,On the sidewalk,Unknown,Unknown,Minor injury: Hospitalization up to 24 hours,431561.46,4587943.07,2.1796658,41.438296787
2020S000227    ,Nou Barris,Porta,Horitzontal,Sunday,2020-01-12,Laboral,2020,1,January,12,Night,00:00:00,Unknown,Car,Male,53,Driver,On the sidewalk,Unknown,Unknown,Uninjured,431561.46,4587943.07,2.1796658,41.438296787
2020S000228    ,Nou Barris,les Roquetes,Artesania,Sunday,2020-01-12,Laboral,2020,1,January,12,Night,00:00:00,Unknown,Car,Male,29,Driver,Unknown,Unknown,Leisure and entertainment,Uninjured,431063.9,4588973.55,2.17359294,41.447535343
2020S000229    ,Grŕcia,el Camp d'en Grassot i Grŕcia Nova,Sardenya,Saturday,2020-01-11,Laboral,2020,1,January,11,Night,23:00:00,Unknown,Motorcycle,Male,49,Driver,Unknown,Unknown,Unknown,Minor injury: Hospitalization up to 24 hours,430301.77,4584769.93,2.16495478,41.409609076
2020S000229    ,Grŕcia,el Camp d'en Grassot i Grŕcia Nova,Sardenya,Saturday,2020-01-11,Laboral,2020,1,January,11,Night,23:00:00,Unknown,Motorcycle,Male,47,Driver,Unknown,Unknown,Other activities,Minor injury: Medical assistance at accident site,430301.77,4584769.93,2.16495478,41.409609076
2020S000230    ,Les Corts,Pedralbes,Pius XII,Sunday,2020-01-12,Laboral,2020,1,January,12,Night,05:00:00,Unknown,Car,Male,24,Driver,Unknown,Unknown,Leisure and entertainment,Minor injury: Medical assistance at accident site,426779.16,4582389.53,2.12310035,41.387856491
2020S000231    ,Eixample,la Dreta de l'Eixample,Aragó,Sunday,2020-01-12,Laboral,2020,1,January,12,Morning,09:00:00,Unknown,Car,Male,56,Driver,Unknown,Unknown,Unknown,Uninjured,430023.71,4582612.51,2.16187771,41.390153755
2020S000231    ,Eixample,la Dreta de l'Eixample,Aragó,Sunday,2020-01-12,Laboral,2020,1,January,12,Morning,09:00:00,Unknown,Motorcycle,Male,47,Driver,Unknown,Unknown,Unknown,Minor injury: Hospitalization up to 24 hours,430023.71,4582612.51,2.16187771,41.390153755
2020S000232    ,Sants-Montjuďc,la Marina del Prat Vermell,Zona Franca,Sunday,2020-01-12,Laboral,2020,1,January,12,Morning,12:00:00,Unknown,Car,Female,49,Passenger,Unknown,Unknown,Unknown,Minor injury: Medical assistance at accident site,428780.61,4578032.22,2.14754863,41.348791404
2020S000232    ,Sants-Montjuďc,la Marina del Prat Vermell,Zona Franca,Sunday,2020-01-12,Laboral,2020,1,January,12,Morning,12:00:00,Unknown,Car,Male,25,Driver,Unknown,Unknown,Unknown,Uninjured,428780.61,4578032.22,2.14754863,41.348791404
2020S000232    ,Sants-Montjuďc,la Marina del Prat Vermell,Zona Franca,Sunday,2020-01-12,Laboral,2020,1,January,12,Morning,12:00:00,Unknown,Car,Male,19,Passenger,Unknown,Unknown,Unknown,Minor injury: Medical assistance at accident site,428780.61,4578032.22,2.14754863,41.348791404
2020S000232    ,Sants-Montjuďc,la Marina del Prat Vermell,Zona Franca,Sunday,2020-01-12,Laboral,2020,1,January,12,Morning,12:00:00,Unknown,Car,Male,42,Driver,Unknown,Unknown,Unknown,Minor injury: Hospitalization up to 24 hours,428780.61,4578032.22,2.14754863,41.348791404
2020S000233    ,Nou Barris,la Trinitat Nova,Aiguablava,Sunday,2020-01-12,Laboral,2020,1,January,12,Morning,12:00:00,Unknown,Car,Female,55,Driver,Unknown,Unknown,Unknown,Uninjured,431788.87,4589093.56,2.18225765,41.448678196
2020S000233    ,Nou Barris,la Trinitat Nova,Aiguablava,Sunday,2020-01-12,Laboral,2020,1,January,12,Morning,12:00:00,Unknown,Motorcycle,Male,36,Driver,Unknown,Unknown,Unknown,Minor injury: Hospitalization up to 24 hours,431788.87,4589093.56,2.18225765,41.448678196
2020S000234    ,Eixample,la Dreta de l'Eixample,Girona,Sunday,2020-01-12,Laboral,2020,1,January,12,Morning,13:00:00,Unknown,Taxi,Male,48,Driver,Unknown,Unknown,Taxi,Minor injury: Medical assistance at accident site,430408.39,4583551.74,2.16637047,41.398646492
2020S000234    ,Eixample,la Dreta de l'Eixample,Girona,Sunday,2020-01-12,Laboral,2020,1,January,12,Morning,13:00:00,Unknown,Car,Male,74,Driver,Unknown,Unknown,Unknown,Uninjured,430408.39,4583551.74,2.16637047,41.398646492
2020S000235    ,Ciutat Vella,el Raval,Blanquerna,Sunday,2020-01-12,Laboral,2020,1,January,12,Morning,09:00:00,Unknown,"Camió rígid > 3,5 tones",Male,28,Driver,In pedestrian area,Unknown,Unknown,Uninjured,431061.84,4580934.07,2.17448478,41.37512622
2020S000236    ,Horta-Guinardó,el Guinardó,Guinardó,Sunday,2020-01-12,Laboral,2020,1,January,12,Morning,12:00:00,Unknown,Car,Female,73,Driver,Unknown,Unknown,Unknown,Uninjured,431271.29,4585859.56,2.17642981,41.419506547
2020S000236    ,Horta-Guinardó,el Guinardó,Guinardó,Sunday,2020-01-12,Laboral,2020,1,January,12,Morning,12:00:00,Unknown,Motorcycle,Female,39,Driver,Unknown,Unknown,Unknown,Minor injury: Medical assistance at accident site,431271.29,4585859.56,2.17642981,41.419506547
2020S000237    ,Sants-Montjuďc,el Poble-sec,Espanya,Sunday,2020-01-12,Laboral,2020,1,January,12,Afternoon,15:00:00,Unknown,Motorcycle,Female,26,Passenger,Unknown,Unknown,Unknown,Minor injury: Medical assistance at accident site,428940.71,4580909.36,2.14912497,41.374719063
2020S000237    ,Sants-Montjuďc,el Poble-sec,Espanya,Sunday,2020-01-12,Laboral,2020,1,January,12,Afternoon,15:00:00,Unknown,Car,Male,46,Driver,Unknown,Unknown,Unknown,Uninjured,428940.71,4580909.36,2.14912497,41.374719063
2020S000237    ,Sants-Montjuďc,el Poble-sec,Espanya,Sunday,2020-01-12,Laboral,2020,1,January,12,Afternoon,15:00:00,Unknown,Motorcycle,Male,26,Driver,Unknown,Unknown,Unknown,Uninjured,428940.71,4580909.36,2.14912497,41.374719063
2020S000238    ,Les Corts,les Corts,Loreto,Sunday,2020-01-12,Laboral,2020,1,January,12,Afternoon,16:00:00,Unknown,Taxi,Female,52,Pedestrian,In an unregulated crossing,In transit (commuting),Unknown,Minor injury: Hospitalization up to 24 hours,428381.95,4582613.65,2.1422423,41.390019435
2020S000238    ,Les Corts,les Corts,Loreto,Sunday,2020-01-12,Laboral,2020,1,January,12,Afternoon,16:00:00,Unknown,Taxi,Female,56,Driver,In an unregulated crossing,Unknown,Taxi,Uninjured,428381.95,4582613.65,2.1422423,41.390019435
2020S000239    ,Sants-Montjuďc,Sants,Comtes de Bell-lloc,Sunday,2020-01-12,Laboral,2020,1,January,12,Morning,06:00:00,Unknown,Motorcycle,Male,29,Driver,Unknown,Unknown,Leisure and entertainment,Minor injury: Hospitalization up to 24 hours,428042.0,4581408.56,2.13831975,41.379135278
2020S000240    ,Eixample,l'Antiga Esquerra de l'Eixample,Doctor Letamendi,Sunday,2020-01-12,Laboral,2020,1,January,12,Afternoon,18:00:00,Unknown,Motorcycle,Male,39,Driver,Unknown,Unknown,Unknown,Minor injury: Hospitalization up to 24 hours,429949.98,4582543.97,2.16100384,41.389530016
2020S000240    ,Eixample,l'Antiga Esquerra de l'Eixample,Doctor Letamendi,Sunday,2020-01-12,Laboral,2020,1,January,12,Afternoon,18:00:00,Unknown,Car,Female,34,Driver,Unknown,Unknown,Unknown,Uninjured,429949.98,4582543.97,2.16100384,41.389530016
2020S000241    ,Eixample,la Dreta de l'Eixample,Pau Claris,Sunday,2020-01-12,Laboral,2020,1,January,12,Afternoon,18:00:00,Unknown,Car,Male,44,Driver,Unknown,Unknown,Leisure and entertainment,Uninjured,430202.73,4583178.08,2.16395357,41.395263224
2020S000241    ,Eixample,la Dreta de l'Eixample,Pau Claris,Sunday,2020-01-12,Laboral,2020,1,January,12,Afternoon,18:00:00,Unknown,Ciclomotor,Male,39,Driver,Unknown,Unknown,On a mission,Minor injury: Hospitalization up to 24 hours,430202.73,4583178.08,2.16395357,41.395263224
2020S000242    ,Nou Barris,Vilapicina i la Torre Llobeta,Escňcia,Sunday,2020-01-12,Laboral,2020,1,January,12,Afternoon,20:00:00,Others,Motorcycle,Female,44,Pedestrian,Unknown,Unknown,Unknown,Uninjured,431501.54,4586886.29,2.17906846,41.42877363
2020S000242    ,Nou Barris,Vilapicina i la Torre Llobeta,Escňcia,Sunday,2020-01-12,Laboral,2020,1,January,12,Afternoon,20:00:00,Others,Motorcycle,Male,46,Driver,Unknown,Unknown,Unknown,Minor injury: Medical assistance at accident site,431501.54,4586886.29,2.17906846,41.42877363
2020S000243    ,Eixample,la Dreta de l'Eixample,Urquinaona,Sunday,2020-01-12,Laboral,2020,1,January,12,Afternoon,20:00:00,Unknown,Motorcycle,Male,27,Driver,Unknown,Unknown,Unknown,Minor injury: Medical assistance at accident site,430906.16,4582487.93,2.172446,41.389108032
2020S000243    ,Eixample,la Dreta de l'Eixample,Urquinaona,Sunday,2020-01-12,Laboral,2020,1,January,12,Afternoon,20:00:00,Unknown,Motorcycle,Female,55,Driver,Unknown,Unknown,Unknown,Uninjured,430906.16,4582487.93,2.172446,41.389108032
2020S000244    ,Eixample,la Dreta de l'Eixample,Corts Catalanes,Monday,2020-01-13,Laboral,2020,1,January,13,Night,02:00:00,Unknown,Motorcycle,Male,39,Driver,Unknown,Unknown,Unknown,Minor injury: Hospitalization up to 24 hours,430448.38,4582425.76,2.1669782,41.38850861
2020S000245    ,Sarriŕ-Sant Gervasi,Sarriŕ,Enric Giménez,Monday,2020-01-13,Laboral,2020,1,January,13,Night,03:00:00,Unknown,Car,Male,20,Driver,Unknown,Unknown,Leisure and entertainment,Uninjured,426543.18,4583103.4,2.12019155,41.394264489
2020S000245    ,Sarriŕ-Sant Gervasi,Sarriŕ,Enric Giménez,Monday,2020-01-13,Laboral,2020,1,January,13,Night,03:00:00,Unknown,Motorcycle,Male,56,Driver,Unknown,Unknown,Leisure and entertainment,Minor injury: Hospitalization up to 24 hours,426543.18,4583103.4,2.12019155,41.394264489
2020S000246    ,Sant Andreu,la Trinitat Vella,Dalt (Besňs),Monday,2020-01-13,Laboral,2020,1,January,13,Morning,07:00:00,Unknown,Furgoneta,Male,55,Driver,Unknown,Unknown,In transit (commuting),Minor injury: Hospitalization up to 24 hours,432617.25,4588906.94,2.19219482,41.447067383
2020S000246    ,Sant Andreu,la Trinitat Vella,Dalt (Besňs),Monday,2020-01-13,Laboral,2020,1,January,13,Morning,07:00:00,Unknown,Tractor camió,Male,49,Driver,Unknown,Unknown,On a mission,Uninjured,432617.25,4588906.94,2.19219482,41.447067383
2020S000246    ,Sant Andreu,la Trinitat Vella,Dalt (Besňs),Monday,2020-01-13,Laboral,2020,1,January,13,Morning,07:00:00,Unknown,Car,Male,45,Driver,Unknown,Unknown,In transit (commuting),Uninjured,432617.25,4588906.94,2.19219482,41.447067383
2020S000247    ,Ciutat Vella,la Barceloneta,Litoral (Besňs),Monday,2020-01-13,Laboral,2020,1,January,13,Morning,06:00:00,Unknown,"Camió rígid <= 3,5 tones",Male,49,Driver,Unknown,Unknown,Professional goods transport,Uninjured,432623.95,4582055.23,2.19303861,41.385356618
2020S000247    ,Ciutat Vella,la Barceloneta,Litoral (Besňs),Monday,2020-01-13,Laboral,2020,1,January,13,Morning,06:00:00,Unknown,Motorcycle,Male,23,Driver,Unknown,Unknown,In transit (commuting),Minor injury: Hospitalization up to 24 hours,432623.95,4582055.23,2.19303861,41.385356618
2020S000248    ,Sarriŕ-Sant Gervasi,Sant Gervasi - Galvany,Bori i Fontestŕ,Monday,2020-01-13,Laboral,2020,1,January,13,Morning,08:00:00,Unknown,Veh. mobilitat personal amb motor,Male,27,Driver,Unknown,Unknown,Unknown,Minor injury: Hospitalization up to 24 hours,428230.57,4583012.26,2.14038456,41.393596064
2020S000248    ,Sarriŕ-Sant Gervasi,Sant Gervasi - Galvany,Bori i Fontestŕ,Monday,2020-01-13,Laboral,2020,1,January,13,Morning,08:00:00,Unknown,Tot terreny,Male,41,Driver,Unknown,Unknown,Other activities,Uninjured,428230.57,4583012.26,2.14038456,41.393596064
2020S000249    ,Ciutat Vella,el Barri Gňtic,Fontanella,Monday,2020-01-13,Laboral,2020,1,January,13,Morning,08:00:00,Unknown,Motorcycle,Female,41,Driver,Unknown,Unknown,In transit (commuting),Minor injury: Hospitalization up to 24 hours,430845.41,4582266.32,2.17174475,41.387106833
2020S000249    ,Ciutat Vella,el Barri Gňtic,Fontanella,Monday,2020-01-13,Laboral,2020,1,January,13,Morning,08:00:00,Unknown,Taxi,Male,45,Driver,Unknown,Unknown,Taxi,Uninjured,430845.41,4582266.32,2.17174475,41.387106833
2020S000250    ,Les Corts,Pedralbes,Pedralbes,Monday,2020-01-13,Laboral,2020,1,January,13,Morning,08:00:00,Unknown,Motorcycle,Female,23,Driver,Unknown,Unknown,Other activities,Minor injury: Medical assistance at accident site,426413.4,4582682.39,2.11869049,41.390460762
2020S000250    ,Les Corts,Pedralbes,Pedralbes,Monday,2020-01-13,Laboral,2020,1,January,13,Morning,08:00:00,Unknown,Motorcycle,Female,23,Driver,Unknown,Unknown,In transit (commuting),Minor injury: Medical assistance at accident site,426413.4,4582682.39,2.11869049,41.390460762
2020S000251    ,Horta-Guinardó,Can Baró,Mare de Déu de Montserrat,Monday,2020-01-13,Laboral,2020,1,January,13,Morning,10:00:00,Unknown,Ciclomotor,Female,54,Driver,Unknown,Unknown,In transit (commuting),Minor injury: Hospitalization up to 24 hours,430354.45,4585360.29,2.16551703,41.41493081
2020S000251    ,Horta-Guinardó,Can Baró,Mare de Déu de Montserrat,Monday,2020-01-13,Laboral,2020,1,January,13,Morning,10:00:00,Unknown,Car,Male,44,Driver,Unknown,Unknown,On a mission,Uninjured,430354.45,4585360.29,2.16551703,41.41493081
2020S000252    ,Ciutat Vella,el Raval,Pelai,Monday,2020-01-13,Laboral,2020,1,January,13,Morning,10:00:00,Unknown,Autobús articulat,Female,93,Passenger,Unknown,Unknown,Unknown,Minor injury: Hospitalization up to 24 hours,430279.78,4582126.33,2.16499628,41.385797134
2020S000252    ,Ciutat Vella,el Raval,Pelai,Monday,2020-01-13,Laboral,2020,1,January,13,Morning,10:00:00,Unknown,Autobús articulat,Male,51,Driver,Unknown,Unknown,Urban bus,Uninjured,430279.78,4582126.33,2.16499628,41.385797134
2020S000253    ,Sant Martí,el Clot,Corts Catalanes,Monday,2020-01-13,Laboral,2020,1,January,13,Morning,07:00:00,Unknown,Car,Female,29,Driver,Unknown,Unknown,In transit (commuting),Uninjured,432229.0,4584196.97,2.18807552,41.404613493
2020S000253    ,Sant Martí,el Clot,Corts Catalanes,Monday,2020-01-13,Laboral,2020,1,January,13,Morning,07:00:00,Unknown,Veh. mobilitat personal amb motor,Male,29,Driver,Unknown,Unknown,In transit (commuting),Minor injury: Medical assistance at accident site,432229.0,4584196.97,2.18807552,41.404613493
2020S000254    ,Horta-Guinardó,la Teixonera,Fastenrath,Monday,2020-01-13,Laboral,2020,1,January,13,Morning,12:00:00,Unknown,Motorcycle,Male,30,Driver,Unknown,Unknown,Unknown,Uninjured,428945.69,4586281.47,2.14855371,41.423104119
2020S000254    ,Horta-Guinardó,la Teixonera,Fastenrath,Monday,2020-01-13,Laboral,2020,1,January,13,Morning,12:00:00,Unknown,Motorcycle,Male,56,Driver,Unknown,Unknown,Leisure and entertainment,Minor injury: Hospitalization up to 24 hours,428945.69,4586281.47,2.14855371,41.423104119
2020S000255    ,Eixample,la Dreta de l'Eixample,Mallorca,Monday,2020-01-13,Laboral,2020,1,January,13,Morning,12:00:00,Unknown,Car,Female,30,Driver,Unknown,Unknown,Unknown,Uninjured,430231.39,4583180.06,2.16429614,41.395283545
2020S000255    ,Eixample,la Dreta de l'Eixample,Mallorca,Monday,2020-01-13,Laboral,2020,1,January,13,Morning,12:00:00,Unknown,Motorcycle,Male,56,Driver,Unknown,Unknown,Leisure and entertainment,Minor injury: Hospitalization up to 24 hours,430231.39,4583180.06,2.16429614,41.395283545
2020S000256    ,Eixample,la Dreta de l'Eixample,Catalunya,Monday,2020-01-13,Laboral,2020,1,January,13,Morning,13:00:00,Unknown,Veh. mobilitat personal amb motor,Female,40,Driver,Unknown,Unknown,Unknown,Minor injury: Hospitalization up to 24 hours,430644.48,4582349.33,2.16933224,41.38783717
2020S000256    ,Eixample,la Dreta de l'Eixample,Catalunya,Monday,2020-01-13,Laboral,2020,1,January,13,Morning,13:00:00,Unknown,Veh. mobilitat personal amb motor,Male,42,Driver,Unknown,Unknown,Unknown,Minor injury: Refused medical assistance,430644.48,4582349.33,2.16933224,41.38783717
2020S000257    ,Grŕcia,la Salut,Dalt,Monday,2020-01-13,Laboral,2020,1,January,13,Morning,13:00:00,Unknown,Motorcycle,Female,44,Driver,Unknown,Unknown,In transit (commuting),Minor injury: Hospitalization up to 24 hours,429350.47,4584727.77,2.15357884,41.409146257
2020S000257    ,Grŕcia,la Salut,Dalt,Monday,2020-01-13,Laboral,2020,1,January,13,Morning,13:00:00,Unknown,Car,Male,30,Driver,Unknown,Unknown,In transit (commuting),Uninjured,429350.47,4584727.77,2.15357884,41.409146257
2020S000258    ,Eixample,la Dreta de l'Eixample,Diagonal,Monday,2020-01-13,Laboral,2020,1,January,13,Afternoon,14:00:00,Unknown,Bicicleta,Female,39,Pedestrian,On the sidewalk,Unknown,Unknown,Uninjured,430977.61,4583663.48,2.17316646,41.39970199
2020S000258    ,Eixample,la Dreta de l'Eixample,Diagonal,Monday,2020-01-13,Laboral,2020,1,January,13,Afternoon,14:00:00,Unknown,Bicicleta,Male,12,Pedestrian,On the sidewalk,Leisure and entertainment,Unknown,Minor injury: Hospitalization up to 24 hours,430977.61,4583663.48,2.17316646,41.39970199
2020S000258    ,Eixample,la Dreta de l'Eixample,Diagonal,Monday,2020-01-13,Laboral,2020,1,January,13,Afternoon,14:00:00,Unknown,Bicicleta,Male,17,Driver,On the sidewalk,Unknown,Leisure and entertainment,Uninjured,430977.61,4583663.48,2.17316646,41.39970199
2020S000259    ,Grŕcia,el Coll,Móra d'Ebre,Monday,2020-01-13,Laboral,2020,1,January,13,Afternoon,14:00:00,Unknown,Car,Male,56,Driver,Unknown,Unknown,Unknown,Uninjured,428963.64,4585710.97,2.14883554,41.417967443
2020S000259    ,Grŕcia,el Coll,Móra d'Ebre,Monday,2020-01-13,Laboral,2020,1,January,13,Afternoon,14:00:00,Unknown,Motorcycle,Male,39,Driver,Unknown,Unknown,Unknown,Minor injury: Refused medical assistance,428963.64,4585710.97,2.14883554,41.417967443
2020S000260    ,Horta-Guinardó,Horta,Maragall,Monday,2020-01-13,Laboral,2020,1,January,13,Afternoon,14:00:00,Creuar per fora pas de vianants,Motorcycle,Female,61,Driver,Outside the crossing,Unknown,Other activities,Minor injury: Hospitalization up to 24 hours,430146.24,4586926.06,2.16284494,41.429015037
2020S000260    ,Horta-Guinardó,Horta,Maragall,Monday,2020-01-13,Laboral,2020,1,January,13,Afternoon,14:00:00,Creuar per fora pas de vianants,Motorcycle,Male,81,Pedestrian,Outside the crossing,Unknown,Unknown,Minor injury: Hospitalization up to 24 hours,430146.24,4586926.06,2.16284494,41.429015037
2020S000261    ,Sant Andreu,el Congrés i els Indians,Maragall,Monday,2020-01-13,Laboral,2020,1,January,13,Afternoon,15:00:00,Unknown,Car,Male,85,Driver,Unknown,Unknown,On a mission,Uninjured,431303.65,4586460.97,2.17674866,41.424926011
2020S000261    ,Sant Andreu,el Congrés i els Indians,Maragall,Monday,2020-01-13,Laboral,2020,1,January,13,Afternoon,15:00:00,Unknown,Motorcycle,Female,45,Driver,Unknown,Unknown,In transit (commuting),Minor injury: Hospitalization up to 24 hours,431303.65,4586460.97,2.17674866,41.424926011
2020S000262    ,Nou Barris,la Trinitat Nova,Favčncia,Monday,2020-01-13,Laboral,2020,1,January,13,Afternoon,18:00:00,Unknown,Car,Male,65,Driver,Unknown,Unknown,Leisure and entertainment,Uninjured,432141.82,4588912.03,2.18650313,41.447073154
2020S000262    ,Nou Barris,la Trinitat Nova,Favčncia,Monday,2020-01-13,Laboral,2020,1,January,13,Afternoon,18:00:00,Unknown,Furgoneta,Male,58,Driver,Unknown,Unknown,In transit (commuting),Uninjured,432141.82,4588912.03,2.18650313,41.447073154
2020S000262    ,Nou Barris,la Trinitat Nova,Favčncia,Monday,2020-01-13,Laboral,2020,1,January,13,Afternoon,18:00:00,Unknown,Motorcycle,Male,36,Driver,Unknown,Unknown,Leisure and entertainment,Minor injury: Medical assistance at accident site,432141.82,4588912.03,2.18650313,41.447073154
2020S000263    ,Sant Martí,el Parc i la Llacuna del Poblenou,Joan d'Ŕustria,Monday,2020-01-13,Laboral,2020,1,January,13,Afternoon,18:00:00,Unknown,Veh. mobilitat personal amb motor,Female,38,Driver,Unknown,Unknown,Unknown,Minor injury: Hospitalization up to 24 hours,432417.01,4582982.74,2.19046024,41.393693093
2020S000263    ,Sant Martí,el Parc i la Llacuna del Poblenou,Joan d'Ŕustria,Monday,2020-01-13,Laboral,2020,1,January,13,Afternoon,18:00:00,Unknown,Ciclomotor,Female,33,Driver,Unknown,Unknown,Unknown,Minor injury: Hospitalization up to 24 hours,432417.01,4582982.74,2.19046024,41.393693093
2020S000264    ,Les Corts,les Corts,Diagonal,Monday,2020-01-13,Laboral,2020,1,January,13,Afternoon,18:00:00,Unknown,Car,Male,73,Driver,Unknown,Unknown,Unknown,Uninjured,427557.22,4582526.09,2.13238915,41.389156919
2020S000264    ,Les Corts,les Corts,Diagonal,Monday,2020-01-13,Laboral,2020,1,January,13,Afternoon,18:00:00,Unknown,Veh. mobilitat personal amb motor,Male,20,Driver,Unknown,Unknown,Unknown,Minor injury: Hospitalization up to 24 hours,427557.22,4582526.09,2.13238915,41.389156919
2020S000265    ,Eixample,la Nova Esquerra de l'Eixample,Viladomat,Monday,2020-01-13,Laboral,2020,1,January,13,Afternoon,18:00:00,Unknown,Motorcycle,Male,31,Driver,Unknown,Unknown,Unknown,Minor injury: Hospitalization up to 24 hours,429255.25,4581860.49,2.15277486,41.383313306
2020S000265    ,Eixample,la Nova Esquerra de l'Eixample,Viladomat,Monday,2020-01-13,Laboral,2020,1,January,13,Afternoon,18:00:00,Unknown,Car,Male,52,Driver,Unknown,Unknown,Leisure and entertainment,Uninjured,429255.25,4581860.49,2.15277486,41.383313306
2020S000266    ,Sant Martí,Sant Martí de Provençals,Corts Catalanes,Monday,2020-01-13,Laboral,2020,1,January,13,Afternoon,21:00:00,Unknown,Motorcycle,Female,43,Driver,Unknown,Unknown,Leisure and entertainment,Minor injury: Hospitalization up to 24 hours,433229.33,4585211.54,2.19993015,41.413835207
2020S000267    ,Sarriŕ-Sant Gervasi,Sant Gervasi - Galvany,Aribau,Monday,2020-01-13,Laboral,2020,1,January,13,Night,22:00:00,Unknown,Motorcycle,Male,25,Driver,Unknown,Unknown,Other activities,Minor injury: Hospitalization up to 24 hours,428854.55,4583414.89,2.14780036,41.397277877
2020S000267    ,Sarriŕ-Sant Gervasi,Sant Gervasi - Galvany,Aribau,Monday,2020-01-13,Laboral,2020,1,January,13,Night,22:00:00,Unknown,Car,Female,22,Driver,Unknown,Unknown,Other activities,Minor injury: Medical assistance at accident site,428854.55,4583414.89,2.14780036,41.397277877
2020S000268    ,Sant Martí,el Clot,Mallorca,Tuesday,2020-01-14,Laboral,2020,1,January,14,Morning,07:00:00,Unknown,Motorcycle,Female,59,Driver,Unknown,Unknown,In transit (commuting),Minor injury: Hospitalization up to 24 hours,432195.07,4585098.83,2.18756852,41.412733417
2020S000268    ,Sant Martí,el Clot,Mallorca,Tuesday,2020-01-14,Laboral,2020,1,January,14,Morning,07:00:00,Unknown,Car,Male,24,Driver,Unknown,Unknown,In transit (commuting),Uninjured,432195.07,4585098.83,2.18756852,41.412733417
2020S000269    ,Sant Andreu,Sant Andreu,Borriana,Tuesday,2020-01-14,Laboral,2020,1,January,14,Morning,08:00:00,Unknown,Motorcycle,Male,52,Driver,Unknown,Unknown,In transit (commuting),Minor injury: Hospitalization up to 24 hours,432651.81,4587092.19,2.19281091,41.430725432
2020S000269    ,Sant Andreu,Sant Andreu,Borriana,Tuesday,2020-01-14,Laboral,2020,1,January,14,Morning,08:00:00,Unknown,Furgoneta,Male,36,Driver,Unknown,Unknown,On a mission,Uninjured,432651.81,4587092.19,2.19281091,41.430725432
2020S000270    ,Nou Barris,la Prosperitat,Valldaura,Tuesday,2020-01-14,Laboral,2020,1,January,14,Morning,08:00:00,Unknown,Car,Female,7,Pedestrian,In crossing regulated by traffic lights,Unknown,Unknown,Minor injury: Medical assistance at accident site,431861.3,4588085.16,2.1832385,41.439602056
2020S000270    ,Nou Barris,la Prosperitat,Valldaura,Tuesday,2020-01-14,Laboral,2020,1,January,14,Morning,08:00:00,Unknown,Car,Male,42,Pedestrian,In crossing regulated by traffic lights,Transport de menors al colˇlegi,Unknown,Minor injury: Medical assistance at accident site,431861.3,4588085.16,2.1832385,41.439602056
2020S000270    ,Nou Barris,la Prosperitat,Valldaura,Tuesday,2020-01-14,Laboral,2020,1,January,14,Morning,08:00:00,Unknown,Car,Male,9,Pedestrian,In crossing regulated by traffic lights,Unknown,Unknown,Minor injury: Medical assistance at accident site,431861.3,4588085.16,2.1832385,41.439602056