Case_Number,District_Name,Neighborhood_Name,Street_Name,Day_of_Week,Date,Day_Type_Description,Year,Month_of_Year,Month_Name,Day_of_Month,Shift_Description,Hour_of_Day,Pedestrian_Cause_Description,Involved_Vehicle_Type_Description,Gender_Description,Age,Person_Type_Description,Pedestrian_Accident_Location_Description,Pedestrian_Movement_Reason_Description,Driver_Movement_Reason_Description,Victimization_Description,Coordenada_UTM_X,Coordenada_UTM_Y,Longitud,Latitud
2020S000270    ,Nou Barris,la Prosperitat,Valldaura,Tuesday,2020-01-14,Laboral,2020,1,January,14,Morning,08:00:00,Unknown,Car,Male,47,Driver,In crossing regulated by traffic lights,Unknown,Taxi,Uninjured,431861.3,4588085.16,2.1832385,41.439602056
2020S000271    ,Sarriŕ-Sant Gervasi,Sant Gervasi - la Bonanova,Tibidabo,Tuesday,2020-01-14,Laboral,2020,1,January,14,Morning,09:00:00,Unknown,Car,Female,44,Driver,Unknown,Unknown,Unknown,Uninjured,427706.73,4585373.16,2.13383705,41.414812775
2020S000271    ,Sarriŕ-Sant Gervasi,Sant Gervasi - la Bonanova,Tibidabo,Tuesday,2020-01-14,Laboral,2020,1,January,14,Morning,09:00:00,Unknown,Motorcycle,Male,25,Driver,Unknown,Unknown,Unknown,Minor injury: Medical assistance at accident site,427706.73,4585373.16,2.13383705,41.414812775
2020S000272    ,Eixample,la Dreta de l'Eixample,Grŕcia,Tuesday,2020-01-14,Laboral,2020,1,January,14,Morning,09:00:00,Unknown,Taxi,Male,50,Driver,Unknown,Unknown,Taxi,Uninjured,430579.77,4582456.8,2.16854602,41.388799535
2020S000272    ,Eixample,la Dreta de l'Eixample,Grŕcia,Tuesday,2020-01-14,Laboral,2020,1,January,14,Morning,09:00:00,Unknown,Taxi,Female,21,Passenger,Unknown,Unknown,Unknown,Uninjured,430579.77,4582456.8,2.16854602,41.388799535
2020S000272    ,Eixample,la Dreta de l'Eixample,Grŕcia,Tuesday,2020-01-14,Laboral,2020,1,January,14,Morning,09:00:00,Unknown,Bicicleta,Female,46,Driver,Unknown,Unknown,In transit (commuting),Minor injury: Medical assistance at accident site,430579.77,4582456.8,2.16854602,41.388799535
2020S000273    ,Sants-Montjuďc,la Marina del Prat Vermell,Número 62 Zona Franca,Tuesday,2020-01-14,Laboral,2020,1,January,14,Morning,10:00:00,Unknown,Car,Male,51,Driver,Unknown,Unknown,In transit (commuting),Uninjured,428069.96,4577500.16,2.13911781,41.343936122
2020S000273    ,Sants-Montjuďc,la Marina del Prat Vermell,Número 62 Zona Franca,Tuesday,2020-01-14,Laboral,2020,1,January,14,Morning,10:00:00,Unknown,Motorcycle,Female,35,Driver,Unknown,Unknown,In transit (commuting),Minor injury: Hospitalization up to 24 hours,428069.96,4577500.16,2.13911781,41.343936122
2020S000274    ,Sants-Montjuďc,la Bordeta,Corts Catalanes,Tuesday,2020-01-14,Laboral,2020,1,January,14,Morning,11:00:00,Unknown,"Camió rígid > 3,5 tones",Male,27,Driver,Unknown,Unknown,Professional goods transport,Uninjured,428120.05,4580176.09,2.13939928,41.368041834
2020S000274    ,Sants-Montjuďc,la Bordeta,Corts Catalanes,Tuesday,2020-01-14,Laboral,2020,1,January,14,Morning,11:00:00,Unknown,Motorcycle,Male,25,Driver,Unknown,Unknown,On a mission,Minor injury: Medical assistance at accident site,428120.05,4580176.09,2.13939928,41.368041834
2020S000275    ,Eixample,l'Antiga Esquerra de l'Eixample,Aragó,Tuesday,2020-01-14,Laboral,2020,1,January,14,Morning,10:00:00,Unknown,Motorcycle,Female,32,Driver,Unknown,Unknown,In transit (commuting),Minor injury: Medical assistance at accident site,429514.97,4582102.6,2.15585258,41.38551672
2020S000275    ,Eixample,l'Antiga Esquerra de l'Eixample,Aragó,Tuesday,2020-01-14,Laboral,2020,1,January,14,Morning,10:00:00,Unknown,Car,Male,35,Driver,Unknown,Unknown,In transit (commuting),Uninjured,429514.97,4582102.6,2.15585258,41.38551672
2020S000276    ,Sant Martí,el Clot,Aragó,Tuesday,2020-01-14,Laboral,2020,1,January,14,Morning,09:00:00,Unknown,"Camió rígid > 3,5 tones",Male,57,Driver,Unknown,Unknown,Other activities,Uninjured,431960.49,4584458.91,2.18483396,41.406950015
2020S000276    ,Sant Martí,el Clot,Aragó,Tuesday,2020-01-14,Laboral,2020,1,January,14,Morning,09:00:00,Unknown,Motorcycle,Male,51,Driver,Unknown,Unknown,Other activities,Minor injury: Hospitalization up to 24 hours,431960.49,4584458.91,2.18483396,41.406950015
2020S000277    ,Ciutat Vella,"Sant Pere, Santa Caterina i la Ribera",Urquinaona,Tuesday,2020-01-14,Laboral,2020,1,January,14,Morning,12:00:00,Unknown,Motorcycle,Male,26,Driver,Unknown,Unknown,In transit (commuting),Minor injury: Hospitalization up to 24 hours,431002.36,4582459.61,2.17359976,41.388861224
2020S000277    ,Ciutat Vella,"Sant Pere, Santa Caterina i la Ribera",Urquinaona,Tuesday,2020-01-14,Laboral,2020,1,January,14,Morning,12:00:00,Unknown,Furgoneta,Male,45,Driver,Unknown,Unknown,On a mission,Uninjured,431002.36,4582459.61,2.17359976,41.388861224
2020S000278    ,Eixample,l'Antiga Esquerra de l'Eixample,Aragó,Tuesday,2020-01-14,Laboral,2020,1,January,14,Morning,11:00:00,Desobeir el senyal del semŕfor,Motorcycle,Female,35,Passenger,In crossing regulated by traffic lights,Unknown,Unknown,Minor injury: Medical assistance at accident site,429564.42,4582120.73,2.15644185,41.385684345
2020S000278    ,Eixample,l'Antiga Esquerra de l'Eixample,Aragó,Tuesday,2020-01-14,Laboral,2020,1,January,14,Morning,11:00:00,Desobeir el senyal del semŕfor,Motorcycle,Female,68,Pedestrian,In crossing regulated by traffic lights,Unknown,Unknown,Minor injury: Medical assistance at accident site,429564.42,4582120.73,2.15644185,41.385684345
2020S000278    ,Eixample,l'Antiga Esquerra de l'Eixample,Aragó,Tuesday,2020-01-14,Laboral,2020,1,January,14,Morning,11:00:00,Desobeir el senyal del semŕfor,Motorcycle,Male,41,Driver,In crossing regulated by traffic lights,Unknown,Leisure and entertainment,Uninjured,429564.42,4582120.73,2.15644185,41.385684345
2020S000279    ,Ciutat Vella,el Raval,Raval,Tuesday,2020-01-14,Laboral,2020,1,January,14,Morning,12:00:00,Creuar per fora pas de vianants,Taxi,Male,52,Driver,Outside the crossing,Unknown,Taxi,Uninjured,430524.89,4581414.89,2.16800921,41.379410624
2020S000279    ,Ciutat Vella,el Raval,Raval,Tuesday,2020-01-14,Laboral,2020,1,January,14,Morning,12:00:00,Creuar per fora pas de vianants,Taxi,Female,53,Pedestrian,Outside the crossing,Leisure and entertainment,Unknown,Minor injury: Hospitalization up to 24 hours,430524.89,4581414.89,2.16800921,41.379410624
2020S000280    ,Grŕcia,el Camp d'en Grassot i Grŕcia Nova,Sant Antoni Maria Claret,Tuesday,2020-01-14,Laboral,2020,1,January,14,Morning,11:00:00,Unknown,Car,Male,40,Driver,Unknown,Unknown,Taxi,Minor injury: Hospitalization up to 24 hours,430192.08,4584084.77,2.16372158,41.403428552
2020S000280    ,Grŕcia,el Camp d'en Grassot i Grŕcia Nova,Sant Antoni Maria Claret,Tuesday,2020-01-14,Laboral,2020,1,January,14,Morning,11:00:00,Unknown,Car,Female,61,Passenger,Unknown,Unknown,Unknown,Minor injury: Hospitalization up to 24 hours,430192.08,4584084.77,2.16372158,41.403428552
2020S000280    ,Grŕcia,el Camp d'en Grassot i Grŕcia Nova,Sant Antoni Maria Claret,Tuesday,2020-01-14,Laboral,2020,1,January,14,Morning,11:00:00,Unknown,Car,Male,32,Driver,Unknown,Unknown,Unknown,Minor injury: Hospitalization up to 24 hours,430192.08,4584084.77,2.16372158,41.403428552
2020S000281    ,Eixample,la Nova Esquerra de l'Eixample,Aragó,Tuesday,2020-01-14,Laboral,2020,1,January,14,Morning,11:00:00,Unknown,Furgoneta,Male,46,Driver,Unknown,Unknown,On a mission,Uninjured,429150.9,4581714.88,2.15154401,41.381992658
2020S000281    ,Eixample,la Nova Esquerra de l'Eixample,Aragó,Tuesday,2020-01-14,Laboral,2020,1,January,14,Morning,11:00:00,Unknown,Veh. mobilitat personal amb motor,Female,52,Driver,Unknown,Unknown,Unknown,Minor injury: Hospitalization up to 24 hours,429150.9,4581714.88,2.15154401,41.381992658
2020S000282    ,Sarriŕ-Sant Gervasi,Sant Gervasi - la Bonanova,Escoles Pies,Tuesday,2020-01-14,Laboral,2020,1,January,14,Afternoon,14:00:00,Unknown,Ciclomotor,Male,22,Driver,Unknown,Unknown,Unknown,Minor injury: Medical assistance at accident site,427118.07,4584231.79,2.12693165,41.404479756
2020S000282    ,Sarriŕ-Sant Gervasi,Sant Gervasi - la Bonanova,Escoles Pies,Tuesday,2020-01-14,Laboral,2020,1,January,14,Afternoon,14:00:00,Unknown,Car,Female,71,Driver,Unknown,Unknown,Leisure and entertainment,Uninjured,427118.07,4584231.79,2.12693165,41.404479756
2020S000283    ,Eixample,la Dreta de l'Eixample,Sant Joan,Tuesday,2020-01-14,Laboral,2020,1,January,14,Afternoon,15:00:00,Unknown,Motorcycle,Male,40,Driver,Unknown,Unknown,Leisure and entertainment,Minor injury: Refused medical assistance,430920.13,4583421.71,2.1725065,41.397519504
2020S000283    ,Eixample,la Dreta de l'Eixample,Sant Joan,Tuesday,2020-01-14,Laboral,2020,1,January,14,Afternoon,15:00:00,Unknown,Motorcycle,Male,49,Driver,Unknown,Unknown,Leisure and entertainment,Minor injury: Hospitalization up to 24 hours,430920.13,4583421.71,2.1725065,41.397519504
2020S000283    ,Eixample,la Dreta de l'Eixample,Sant Joan,Tuesday,2020-01-14,Laboral,2020,1,January,14,Afternoon,15:00:00,Unknown,Motorcycle,Male,28,Driver,Unknown,Unknown,Leisure and entertainment,Uninjured,430920.13,4583421.71,2.1725065,41.397519504
2020S000284    ,Eixample,l'Antiga Esquerra de l'Eixample,Roma,Tuesday,2020-01-14,Laboral,2020,1,January,14,Morning,13:00:00,Unknown,Car,Male,23,Driver,Unknown,Unknown,Unknown,Uninjured,429672.66,4582270.73,2.15771888,41.387044821
2020S000284    ,Eixample,l'Antiga Esquerra de l'Eixample,Roma,Tuesday,2020-01-14,Laboral,2020,1,January,14,Morning,13:00:00,Unknown,Motorcycle,Male,68,Driver,Unknown,Unknown,Unknown,Minor injury: Hospitalization up to 24 hours,429672.66,4582270.73,2.15771888,41.387044821
2020S000285    ,Eixample,la Sagrada Família,Valčncia,Tuesday,2020-01-14,Laboral,2020,1,January,14,Afternoon,15:00:00,Unknown,Motorcycle,Female,35,Driver,Unknown,Unknown,Leisure and entertainment,Minor injury: Hospitalization up to 24 hours,431622.79,4584356.24,2.18080564,41.405996627
2020S000285    ,Eixample,la Sagrada Família,Valčncia,Tuesday,2020-01-14,Laboral,2020,1,January,14,Afternoon,15:00:00,Unknown,Car,Male,24,Driver,Unknown,Unknown,Leisure and entertainment,Uninjured,431622.79,4584356.24,2.18080564,41.405996627
2020S000286    ,Ciutat Vella,"Sant Pere, Santa Caterina i la Ribera",Francesc Cambó,Tuesday,2020-01-14,Laboral,2020,1,January,14,Afternoon,14:00:00,Transitar a peu per la calçada,Car,Female,56,Driver,Outside the crossing,Unknown,Taxi,Uninjured,431275.34,4582114.83,2.17690366,41.385779273
2020S000286    ,Ciutat Vella,"Sant Pere, Santa Caterina i la Ribera",Francesc Cambó,Tuesday,2020-01-14,Laboral,2020,1,January,14,Afternoon,14:00:00,Transitar a peu per la calçada,Car,Female,60,Pedestrian,Outside the crossing,Leisure and entertainment,Unknown,Minor injury: Hospitalization up to 24 hours,431275.34,4582114.83,2.17690366,41.385779273
2020S000287    ,Eixample,la Dreta de l'Eixample,Catalunya,Tuesday,2020-01-14,Laboral,2020,1,January,14,Afternoon,16:00:00,Unknown,Motorcycle,Male,66,Driver,Unknown,Unknown,Leisure and entertainment,Minor injury: Medical assistance at accident site,430036.27,4582854.37,2.16199998,41.392333202
2020S000287    ,Eixample,la Dreta de l'Eixample,Catalunya,Tuesday,2020-01-14,Laboral,2020,1,January,14,Afternoon,16:00:00,Unknown,Motorcycle,Male,38,Driver,Unknown,Unknown,In transit (commuting),Uninjured,430036.27,4582854.37,2.16199998,41.392333202
2020S000288    ,Sarriŕ-Sant Gervasi,Sarriŕ,Dalt (Besňs),Tuesday,2020-01-14,Laboral,2020,1,January,14,Afternoon,17:00:00,Unknown,Car,Female,44,Driver,Unknown,Unknown,Leisure and entertainment,Uninjured,425957.43,4583635.47,2.11312056,41.39900286
2020S000288    ,Sarriŕ-Sant Gervasi,Sarriŕ,Dalt (Besňs),Tuesday,2020-01-14,Laboral,2020,1,January,14,Afternoon,17:00:00,Unknown,Car,Male,0,Passenger,Unknown,Unknown,Unknown,Minor injury: Medical assistance at accident site,425957.43,4583635.47,2.11312056,41.39900286
2020S000288    ,Sarriŕ-Sant Gervasi,Sarriŕ,Dalt (Besňs),Tuesday,2020-01-14,Laboral,2020,1,January,14,Afternoon,17:00:00,Unknown,Car,Male,39,Driver,Unknown,Unknown,Leisure and entertainment,Minor injury: Hospitalization up to 24 hours,425957.43,4583635.47,2.11312056,41.39900286
2020S000288    ,Sarriŕ-Sant Gervasi,Sarriŕ,Dalt (Besňs),Tuesday,2020-01-14,Laboral,2020,1,January,14,Afternoon,17:00:00,Unknown,Car,Female,40,Passenger,Unknown,Unknown,Unknown,Minor injury: Medical assistance at accident site,425957.43,4583635.47,2.11312056,41.39900286
2020S000288    ,Sarriŕ-Sant Gervasi,Sarriŕ,Dalt (Besňs),Tuesday,2020-01-14,Laboral,2020,1,January,14,Afternoon,17:00:00,Unknown,Car,Male,3,Passenger,Unknown,Unknown,Unknown,Minor injury: Medical assistance at accident site,425957.43,4583635.47,2.11312056,41.39900286
2020S000289    ,Sarriŕ-Sant Gervasi,Sant Gervasi - Galvany,General Mitre,Tuesday,2020-01-14,Laboral,2020,1,January,14,Afternoon,18:00:00,Unknown,Ciclomotor,Female,24,Driver,Unknown,Unknown,In transit (commuting),Minor injury: Hospitalization up to 24 hours,427898.19,4583845.18,2.1363099,41.401068099
2020S000289    ,Sarriŕ-Sant Gervasi,Sant Gervasi - Galvany,General Mitre,Tuesday,2020-01-14,Laboral,2020,1,January,14,Afternoon,18:00:00,Unknown,Car,Female,20,Driver,Unknown,Unknown,Unknown,Uninjured,427898.19,4583845.18,2.1363099,41.401068099
2020S000289    ,Sarriŕ-Sant Gervasi,Sant Gervasi - Galvany,General Mitre,Tuesday,2020-01-14,Laboral,2020,1,January,14,Afternoon,18:00:00,Unknown,Car,Male,44,Driver,Unknown,Unknown,Unknown,Uninjured,427898.19,4583845.18,2.1363099,41.401068099
2020S000290    ,Sants-Montjuďc,la Marina del Prat Vermell,Litoral (Besňs),Tuesday,2020-01-14,Laboral,2020,1,January,14,Afternoon,15:00:00,Unknown,Car,Male,55,Driver,Unknown,Unknown,Unknown,Uninjured,430855.98,4579978.8,2.17213226,41.366504691
2020S000290    ,Sants-Montjuďc,la Marina del Prat Vermell,Litoral (Besňs),Tuesday,2020-01-14,Laboral,2020,1,January,14,Afternoon,15:00:00,Unknown,Motorcycle,Male,21,Driver,Unknown,Unknown,Unknown,Minor injury: Hospitalization up to 24 hours,430855.98,4579978.8,2.17213226,41.366504691
2020S000291    ,Sarriŕ-Sant Gervasi,Sant Gervasi - Galvany,Augusta,Tuesday,2020-01-14,Laboral,2020,1,January,14,Afternoon,18:00:00,Unknown,Motorcycle,Male,52,Driver,Unknown,Unknown,Unknown,Minor injury: Medical assistance at accident site,428004.86,4583465.19,2.13763108,41.397655243
2020S000291    ,Sarriŕ-Sant Gervasi,Sant Gervasi - Galvany,Augusta,Tuesday,2020-01-14,Laboral,2020,1,January,14,Afternoon,18:00:00,Unknown,Car,Female,42,Driver,Unknown,Unknown,Unknown,Uninjured,428004.86,4583465.19,2.13763108,41.397655243
2020S000292    ,Sarriŕ-Sant Gervasi,Sant Gervasi - Galvany,Aribau,Tuesday,2020-01-14,Laboral,2020,1,January,14,Afternoon,17:00:00,Desobeir el senyal del semŕfor,Motorcycle,Female,15,Pedestrian,In crossing regulated by traffic lights,Unknown,Unknown,Minor injury: Hospitalization up to 24 hours,428679.95,4583615.43,2.1456883,41.399068591
2020S000292    ,Sarriŕ-Sant Gervasi,Sant Gervasi - Galvany,Aribau,Tuesday,2020-01-14,Laboral,2020,1,January,14,Afternoon,17:00:00,Desobeir el senyal del semŕfor,Motorcycle,Female,60,Driver,In crossing regulated by traffic lights,Unknown,Unknown,Uninjured,428679.95,4583615.43,2.1456883,41.399068591
2020S000293    ,Les Corts,la Maternitat i Sant Ramon,Diagonal,Tuesday,2020-01-14,Laboral,2020,1,January,14,Afternoon,18:00:00,Unknown,Motorcycle,Male,22,Driver,Unknown,Unknown,In transit (commuting),Uninjured,426980.58,4582337.71,2.12551546,41.387408089
2020S000293    ,Les Corts,la Maternitat i Sant Ramon,Diagonal,Tuesday,2020-01-14,Laboral,2020,1,January,14,Afternoon,18:00:00,Unknown,Motorcycle,Male,23,Driver,Unknown,Unknown,Unknown,Minor injury: Hospitalization up to 24 hours,426980.58,4582337.71,2.12551546,41.387408089
2020S000294    ,Nou Barris,la Guineueta,Favčncia,Tuesday,2020-01-14,Laboral,2020,1,January,14,Afternoon,18:00:00,Unknown,Car,Female,45,Driver,Unknown,Unknown,On a mission,Uninjured,430796.21,4588444.01,2.17044926,41.442742936
2020S000294    ,Nou Barris,la Guineueta,Favčncia,Tuesday,2020-01-14,Laboral,2020,1,January,14,Afternoon,18:00:00,Unknown,Motorcycle,Male,34,Driver,Unknown,Unknown,On a mission,Minor injury: Hospitalization up to 24 hours,430796.21,4588444.01,2.17044926,41.442742936
2020S000295    ,Sants-Montjuďc,Hostafrancs,Consell de Cent,Tuesday,2020-01-14,Laboral,2020,1,January,14,Afternoon,19:00:00,Unknown,Tractor camió,Female,44,Driver,Unknown,Unknown,Other activities,Uninjured,428742.1,4581174.03,2.14671904,41.377085285
2020S000296    ,Sarriŕ-Sant Gervasi,Sant Gervasi - Galvany,Calvet,Tuesday,2020-01-14,Laboral,2020,1,January,14,Afternoon,19:00:00,Unknown,Bicicleta,Female,52,Pedestrian,On the sidewalk,Leisure and entertainment,Unknown,Minor injury: Hospitalization up to 24 hours,428489.25,4583145.96,2.14346271,41.394823305
2020S000296    ,Sarriŕ-Sant Gervasi,Sant Gervasi - Galvany,Calvet,Tuesday,2020-01-14,Laboral,2020,1,January,14,Afternoon,19:00:00,Unknown,Bicicleta,Male,24,Driver,On the sidewalk,Unknown,Leisure and entertainment,Uninjured,428489.25,4583145.96,2.14346271,41.394823305
2020S000297    ,Horta-Guinardó,Horta,Valldaura,Tuesday,2020-01-14,Laboral,2020,1,January,14,Afternoon,19:00:00,Unknown,Furgoneta,Male,60,Driver,Unknown,Unknown,Leisure and entertainment,Uninjured,429547.7,4587850.0,2.15557442,41.437284286
2020S000297    ,Horta-Guinardó,Horta,Valldaura,Tuesday,2020-01-14,Laboral,2020,1,January,14,Afternoon,19:00:00,Unknown,Motorcycle,Male,37,Driver,Unknown,Unknown,Leisure and entertainment,Minor injury: Hospitalization up to 24 hours,429547.7,4587850.0,2.15557442,41.437284286
2020S000298    ,Eixample,la Sagrada Família,Sicília,Tuesday,2020-01-14,Laboral,2020,1,January,14,Afternoon,19:00:00,Creuar per fora pas de vianants,Veh. mobilitat personal amb motor,Female,57,Pedestrian,Outside the crossing,Unknown,Unknown,Minor injury: Refused medical assistance,430954.3,4583908.92,2.17285963,41.401910588
2020S000298    ,Eixample,la Sagrada Família,Sicília,Tuesday,2020-01-14,Laboral,2020,1,January,14,Afternoon,19:00:00,Creuar per fora pas de vianants,Veh. mobilitat personal amb motor,Male,30,Driver,Outside the crossing,Unknown,Other activities,Uninjured,430954.3,4583908.92,2.17285963,41.401910588
2020S000299    ,Eixample,el Fort Pienc,Corts Catalanes,Tuesday,2020-01-14,Laboral,2020,1,January,14,Afternoon,19:00:00,Unknown,Autobús,Male,48,Driver,Unknown,Unknown,Urban bus,Uninjured,431423.03,4583422.12,2.17852181,41.397566267
2020S000300    ,Sant Andreu,el Bon Pastor,Sant Adriŕ,Wednesday,2020-01-15,Laboral,2020,1,January,15,Night,04:00:00,Unknown,Car,Male,29,Driver,Unknown,Unknown,Leisure and entertainment,Uninjured,433975.13,4587699.87,2.20858133,41.436308568
2020S000301    ,Eixample,el Fort Pienc,Lepant,Wednesday,2020-01-15,Laboral,2020,1,January,15,Morning,08:00:00,Unknown,Car,Female,28,Driver,Unknown,Unknown,In transit (commuting),Minor injury: Hospitalization up to 24 hours,431737.46,4583730.04,2.18224808,41.400366382
2020S000301    ,Eixample,el Fort Pienc,Lepant,Wednesday,2020-01-15,Laboral,2020,1,January,15,Morning,08:00:00,Unknown,Car,Male,41,Driver,Unknown,Unknown,In transit (commuting),Uninjured,431737.46,4583730.04,2.18224808,41.400366382
2020S000302    ,Les Corts,la Maternitat i Sant Ramon,Diagonal,Wednesday,2020-01-15,Laboral,2020,1,January,15,Morning,07:00:00,Unknown,Motorcycle,Male,56,Driver,Unknown,Unknown,Unknown,Minor injury: Hospitalization up to 24 hours,425960.02,4582013.56,2.11334992,41.384395273
2020S000302    ,Les Corts,la Maternitat i Sant Ramon,Diagonal,Wednesday,2020-01-15,Laboral,2020,1,January,15,Morning,07:00:00,Unknown,Tot terreny,Male,59,Driver,Unknown,Unknown,Unknown,Uninjured,425960.02,4582013.56,2.11334992,41.384395273
2020S000303    ,Sarriŕ-Sant Gervasi,Sant Gervasi - Galvany,Diagonal,Wednesday,2020-01-15,Laboral,2020,1,January,15,Morning,07:00:00,Unknown,Motorcycle,Female,35,Driver,Unknown,Unknown,Unknown,Minor injury: Hospitalization up to 24 hours,428948.58,4583062.01,2.14896649,41.394107934
2020S000303    ,Sarriŕ-Sant Gervasi,Sant Gervasi - Galvany,Diagonal,Wednesday,2020-01-15,Laboral,2020,1,January,15,Morning,07:00:00,Unknown,Car,Male,50,Driver,Unknown,Unknown,Unknown,Uninjured,428948.58,4583062.01,2.14896649,41.394107934
2020S000304    ,Sarriŕ-Sant Gervasi,Sant Gervasi - Galvany,Laforja,Wednesday,2020-01-15,Laboral,2020,1,January,15,Morning,09:00:00,Unknown,Car,Male,20,Driver,Unknown,Unknown,In transit (commuting),Uninjured,428614.73,4583292.08,2.14494631,41.396150508
2020S000304    ,Sarriŕ-Sant Gervasi,Sant Gervasi - Galvany,Laforja,Wednesday,2020-01-15,Laboral,2020,1,January,15,Morning,09:00:00,Unknown,Motorcycle,Male,31,Driver,Unknown,Unknown,In transit (commuting),Minor injury: Medical assistance at accident site,428614.73,4583292.08,2.14494631,41.396150508
2020S000305    ,Eixample,la Sagrada Família,Aragó,Wednesday,2020-01-15,Laboral,2020,1,January,15,Morning,08:00:00,Unknown,Motorcycle,Male,31,Driver,Unknown,Unknown,In transit (commuting),Minor injury: Hospitalization up to 24 hours,431290.27,4583841.68,2.17688618,41.401333776
2020S000305    ,Eixample,la Sagrada Família,Aragó,Wednesday,2020-01-15,Laboral,2020,1,January,15,Morning,08:00:00,Unknown,Car,Male,30,Driver,Unknown,Unknown,In transit (commuting),Uninjured,431290.27,4583841.68,2.17688618,41.401333776
2020S000306    ,Eixample,el Fort Pienc,Diagonal,Wednesday,2020-01-15,Laboral,2020,1,January,15,Morning,11:00:00,Unknown,Motorcycle,Male,52,Driver,Unknown,Unknown,Bus en transport de menors,Minor injury: Medical assistance at accident site,431276.08,4583760.33,2.17672568,41.400599869
2020S000306    ,Eixample,el Fort Pienc,Diagonal,Wednesday,2020-01-15,Laboral,2020,1,January,15,Morning,11:00:00,Unknown,Veh. mobilitat personal amb motor,Female,23,Driver,Unknown,Unknown,Other activities,Minor injury: Medical assistance at accident site,431276.08,4583760.33,2.17672568,41.400599869
2020S000307    ,Eixample,el Fort Pienc,Meridiana,Wednesday,2020-01-15,Laboral,2020,1,January,15,Morning,11:00:00,Unknown,Motorcycle,Male,49,Driver,Unknown,Unknown,Leisure and entertainment,Minor injury: Hospitalization up to 24 hours,432112.8,4583827.57,2.18672691,41.401276604
2020S000307    ,Eixample,el Fort Pienc,Meridiana,Wednesday,2020-01-15,Laboral,2020,1,January,15,Morning,11:00:00,Unknown,Car,Male,56,Driver,Unknown,Unknown,Leisure and entertainment,Uninjured,432112.8,4583827.57,2.18672691,41.401276604
2020S000308    ,Eixample,l'Antiga Esquerra de l'Eixample,Enric Granados,Wednesday,2020-01-15,Laboral,2020,1,January,15,Morning,11:00:00,Unknown,Veh. mobilitat personal amb motor,Male,41,Driver,Unknown,Unknown,Unknown,Minor injury: Hospitalization up to 24 hours,429620.94,4582782.08,2.1570409,41.391645853
2020S000308    ,Eixample,l'Antiga Esquerra de l'Eixample,Enric Granados,Wednesday,2020-01-15,Laboral,2020,1,January,15,Morning,11:00:00,Unknown,Motorcycle,Female,53,Driver,Unknown,Unknown,Unknown,Uninjured,429620.94,4582782.08,2.1570409,41.391645853
2020S000309    ,Nou Barris,Porta,Escultor Ordóńez,Wednesday,2020-01-15,Laboral,2020,1,January,15,Morning,11:00:00,Unknown,Motorcycle,Male,29,Driver,Unknown,Unknown,In transit (commuting),Minor injury: Hospitalization up to 24 hours,431408.94,4587890.95,2.17784623,41.43781434
2020S000309    ,Nou Barris,Porta,Escultor Ordóńez,Wednesday,2020-01-15,Laboral,2020,1,January,15,Morning,11:00:00,Unknown,Car,Male,33,Driver,Unknown,Unknown,In transit (commuting),Uninjured,431408.94,4587890.95,2.17784623,41.43781434
2020S000310    ,Horta-Guinardó,el Carmel,Agudells,Wednesday,2020-01-15,Laboral,2020,1,January,15,Morning,13:00:00,Unknown,Furgoneta,Male,21,Driver,Unknown,Unknown,Unknown,Uninjured,429590.73,4586207.68,2.15628082,41.422496342
2020S000310    ,Horta-Guinardó,el Carmel,Agudells,Wednesday,2020-01-15,Laboral,2020,1,January,15,Morning,13:00:00,Unknown,Motorcycle,Male,34,Driver,Unknown,Unknown,Unknown,Minor injury: Hospitalization up to 24 hours,429590.73,4586207.68,2.15628082,41.422496342
2020S000311    ,Eixample,la Nova Esquerra de l'Eixample,Corts Catalanes,Wednesday,2020-01-15,Laboral,2020,1,January,15,Afternoon,14:00:00,Unknown,Car,Male,40,Driver,Unknown,Unknown,In transit (commuting),Uninjured,429217.76,4581250.88,2.15239777,41.377819452
2020S000311    ,Eixample,la Nova Esquerra de l'Eixample,Corts Catalanes,Wednesday,2020-01-15,Laboral,2020,1,January,15,Afternoon,14:00:00,Unknown,Motorcycle,Male,22,Driver,Unknown,Unknown,Leisure and entertainment,Minor injury: Hospitalization up to 24 hours,429217.76,4581250.88,2.15239777,41.377819452
2020S000312    ,Sant Martí,el Camp de l'Arpa del Clot,Maragall,Wednesday,2020-01-15,Laboral,2020,1,January,15,Afternoon,14:00:00,Unknown,Car,Female,58,Driver,Unknown,Unknown,Unknown,Uninjured,431615.55,4585319.72,2.18061008,41.414673773
2020S000312    ,Sant Martí,el Camp de l'Arpa del Clot,Maragall,Wednesday,2020-01-15,Laboral,2020,1,January,15,Afternoon,14:00:00,Unknown,Veh. mobilitat personal amb motor,Female,43,Driver,Unknown,Unknown,Unknown,Minor injury: Hospitalization up to 24 hours,431615.55,4585319.72,2.18061008,41.414673773
2020S000313    ,Eixample,la Dreta de l'Eixample,Corts Catalanes,Wednesday,2020-01-15,Laboral,2020,1,January,15,Afternoon,14:00:00,Desobeir el senyal del semŕfor,Furgoneta,Female,12,Pedestrian,In crossing regulated by traffic lights,Student heading to educational center,Unknown,Minor injury: Hospitalization up to 24 hours,430835.49,4582761.9,2.1715695,41.39156952
2020S000313    ,Eixample,la Dreta de l'Eixample,Corts Catalanes,Wednesday,2020-01-15,Laboral,2020,1,January,15,Afternoon,14:00:00,Desobeir el senyal del semŕfor,Furgoneta,Male,46,Driver,In crossing regulated by traffic lights,Unknown,Unknown,Uninjured,430835.49,4582761.9,2.1715695,41.39156952