Case_Number,District_Name,Neighborhood_Name,Street_Name,Day_of_Week,Date,Day_Type_Description,Year,Month_of_Year,Month_Name,Day_of_Month,Shift_Description,Hour_of_Day,Pedestrian_Cause_Description,Involved_Vehicle_Type_Description,Gender_Description,Age,Person_Type_Description,Pedestrian_Accident_Location_Description,Pedestrian_Movement_Reason_Description,Driver_Movement_Reason_Description,Victimization_Description,Coordenada_UTM_X,Coordenada_UTM_Y,Longitud,Latitud
2020S000355    ,Grŕcia,el Camp d'en Grassot i Grŕcia Nova,Grŕcia,Thursday,2020-01-16,Laboral,2020,1,January,16,Morning,13:00:00,Desobeir el senyal del semŕfor,Veh. mobilitat personal amb motor,Female,37,Driver,Others,Unknown,Other activities,Minor injury: Hospitalization up to 24 hours,430510.73,4584538.4,2.16748128,41.407541866
2020S000355    ,Grŕcia,el Camp d'en Grassot i Grŕcia Nova,Grŕcia,Thursday,2020-01-16,Laboral,2020,1,January,16,Morning,13:00:00,Desobeir el senyal del semŕfor,Veh. mobilitat personal amb motor,Female,40,Pedestrian,Others,Other activities,Unknown,Uninjured,430510.73,4584538.4,2.16748128,41.407541866
2020S000356    ,Sant Martí,el Clot,Corts Catalanes,Thursday,2020-01-16,Laboral,2020,1,January,16,Afternoon,17:00:00,Unknown,Motorcycle,Female,26,Driver,Unknown,Unknown,Unknown,Minor injury: Hospitalization up to 24 hours,432229.0,4584196.97,2.18807552,41.404613493
2020S000356    ,Sant Martí,el Clot,Corts Catalanes,Thursday,2020-01-16,Laboral,2020,1,January,16,Afternoon,17:00:00,Unknown,Car,Male,19,Driver,Unknown,Unknown,Taxi,Uninjured,432229.0,4584196.97,2.18807552,41.404613493
2020S000357    ,Ciutat Vella,la Barceloneta,Litoral (Besňs),Thursday,2020-01-16,Laboral,2020,1,January,16,Afternoon,14:00:00,Unknown,Motorcycle,Male,54,Driver,Unknown,Unknown,Leisure and entertainment,Minor injury: Hospitalization up to 24 hours,432623.95,4582055.23,2.19303861,41.385356618
2020S000357    ,Ciutat Vella,la Barceloneta,Litoral (Besňs),Thursday,2020-01-16,Laboral,2020,1,January,16,Afternoon,14:00:00,Unknown,Furgoneta,Male,39,Driver,Unknown,Unknown,Professional goods transport,Uninjured,432623.95,4582055.23,2.19303861,41.385356618
2020S000358    ,Eixample,la Sagrada Família,Cňrsega,Thursday,2020-01-16,Laboral,2020,1,January,16,Afternoon,18:00:00,Unknown,Motorcycle,Male,45,Driver,Unknown,Unknown,In transit (commuting),Minor injury: Hospitalization up to 24 hours,431245.04,4584734.45,2.17624366,41.409370805
2020S000358    ,Eixample,la Sagrada Família,Cňrsega,Thursday,2020-01-16,Laboral,2020,1,January,16,Afternoon,18:00:00,Unknown,Tot terreny,Male,60,Driver,Unknown,Unknown,In transit (commuting),Uninjured,431245.04,4584734.45,2.17624366,41.409370805
2020S000359    ,Sant Martí,el Camp de l'Arpa del Clot,Meridiana,Thursday,2020-01-16,Laboral,2020,1,January,16,Afternoon,17:00:00,Unknown,Car,Female,25,Driver,Unknown,Unknown,Unknown,Uninjured,432101.88,4584634.03,2.18650577,41.408539231
2020S000359    ,Sant Martí,el Camp de l'Arpa del Clot,Meridiana,Thursday,2020-01-16,Laboral,2020,1,January,16,Afternoon,17:00:00,Unknown,Ciclomotor,Male,66,Driver,Unknown,Unknown,Unknown,Minor injury: Hospitalization up to 24 hours,432101.88,4584634.03,2.18650577,41.408539231
2020S000360    ,Sarriŕ-Sant Gervasi,Sarriŕ,Mendel,Thursday,2020-01-16,Laboral,2020,1,January,16,Afternoon,18:00:00,Unknown,Car,Female,40,Driver,Unknown,Unknown,Unknown,Uninjured,426520.25,4583488.78,2.1198705,41.397733344
2020S000360    ,Sarriŕ-Sant Gervasi,Sarriŕ,Mendel,Thursday,2020-01-16,Laboral,2020,1,January,16,Afternoon,18:00:00,Unknown,Motorcycle,Male,48,Driver,Unknown,Unknown,Unknown,Minor injury: Medical assistance at accident site,426520.25,4583488.78,2.1198705,41.397733344
2020S000360    ,Sarriŕ-Sant Gervasi,Sarriŕ,Mendel,Thursday,2020-01-16,Laboral,2020,1,January,16,Afternoon,18:00:00,Unknown,Car,Female,32,Driver,Unknown,Unknown,Unknown,Uninjured,426520.25,4583488.78,2.1198705,41.397733344
2020S000361    ,Eixample,la Dreta de l'Eixample,Pau Claris,Thursday,2020-01-16,Laboral,2020,1,January,16,Afternoon,18:00:00,Unknown,Car,Male,29,Driver,In crossing regulated by traffic lights,Unknown,Leisure and entertainment,Uninjured,430435.75,4582940.08,2.16676805,41.393139836
2020S000361    ,Eixample,la Dreta de l'Eixample,Pau Claris,Thursday,2020-01-16,Laboral,2020,1,January,16,Afternoon,18:00:00,Unknown,Car,Male,36,Pedestrian,In crossing regulated by traffic lights,Leisure and entertainment,Unknown,Minor injury: Hospitalization up to 24 hours,430435.75,4582940.08,2.16676805,41.393139836
2020S000362    ,Eixample,Sant Antoni,Calŕbria,Thursday,2020-01-16,Laboral,2020,1,January,16,Afternoon,19:00:00,Unknown,Car,Female,27,Driver,Unknown,Unknown,Leisure and entertainment,Uninjured,429569.16,4581308.99,2.15659294,41.378373681
2020S000362    ,Eixample,Sant Antoni,Calŕbria,Thursday,2020-01-16,Laboral,2020,1,January,16,Afternoon,19:00:00,Unknown,Bicicleta,Female,34,Driver,Unknown,Unknown,Leisure and entertainment,Minor injury: Medical assistance at accident site,429569.16,4581308.99,2.15659294,41.378373681
2020S000363    ,Horta-Guinardó,el Carmel,Dante Alighieri,Thursday,2020-01-16,Laboral,2020,1,January,16,Afternoon,17:00:00,Unknown,Autobús,Male,89,Passenger,Unknown,Unknown,Unknown,Minor injury: Hospitalization up to 24 hours,429369.6,4586529.08,2.15359725,41.425371644
2020S000363    ,Horta-Guinardó,el Carmel,Dante Alighieri,Thursday,2020-01-16,Laboral,2020,1,January,16,Afternoon,17:00:00,Unknown,Autobús,Male,43,Driver,Unknown,Unknown,Urban bus,Uninjured,429369.6,4586529.08,2.15359725,41.425371644
2020S000364    ,Sants-Montjuďc,Sants,Sants,Thursday,2020-01-16,Laboral,2020,1,January,16,Afternoon,18:00:00,Unknown,Motorcycle,Male,30,Driver,Unknown,Unknown,Leisure and entertainment,Minor injury: Medical assistance at accident site,428209.35,4580970.63,2.1403728,41.375205955
2020S000365    ,Horta-Guinardó,el Guinardó,Maragall,Thursday,2020-01-16,Laboral,2020,1,January,16,Afternoon,19:00:00,Unknown,Motorcycle,Female,26,Driver,Unknown,Unknown,In transit (commuting),Minor injury: Hospitalization up to 24 hours,431591.73,4585712.26,2.18028067,41.418207225
2020S000365    ,Horta-Guinardó,el Guinardó,Maragall,Thursday,2020-01-16,Laboral,2020,1,January,16,Afternoon,19:00:00,Unknown,Car,Female,41,Driver,Unknown,Unknown,Unknown,Uninjured,431591.73,4585712.26,2.18028067,41.418207225
2020S000366    ,Sants-Montjuďc,Hostafrancs,Creu Coberta,Thursday,2020-01-16,Laboral,2020,1,January,16,Night,22:00:00,Desobeir el senyal del semŕfor,Motorcycle,Male,46,Pedestrian,In crossing regulated by traffic lights,Leisure and entertainment,Unknown,Uninjured,428719.97,4580952.32,2.14648051,41.375086457
2020S000366    ,Sants-Montjuďc,Hostafrancs,Creu Coberta,Thursday,2020-01-16,Laboral,2020,1,January,16,Night,22:00:00,Desobeir el senyal del semŕfor,Motorcycle,Male,25,Driver,In crossing regulated by traffic lights,Unknown,Leisure and entertainment,Minor injury: Hospitalization up to 24 hours,428719.97,4580952.32,2.14648051,41.375086457
2020S000367    ,Sarriŕ-Sant Gervasi,Sant Gervasi - Galvany,Hercegovina,Thursday,2020-01-16,Laboral,2020,1,January,16,Afternoon,20:00:00,Unknown,Car,Female,76,Driver,At an unmarked crossing,Unknown,Unknown,Uninjured,428067.9,4583907.2,2.13833257,41.401641898
2020S000367    ,Sarriŕ-Sant Gervasi,Sant Gervasi - Galvany,Hercegovina,Thursday,2020-01-16,Laboral,2020,1,January,16,Afternoon,20:00:00,Unknown,Car,Male,90,Pedestrian,At an unmarked crossing,Unknown,Unknown,Serious injury: Hospitalization over 24 hours,428067.9,4583907.2,2.13833257,41.401641898
2020S000368    ,Ciutat Vella,el Barri Gňtic,Escudellers,Thursday,2020-01-16,Laboral,2020,1,January,16,Afternoon,19:00:00,Unknown,Car,Male,41,Driver,In pedestrian area,Unknown,On a mission,Uninjured,431251.39,4581469.1,2.17669055,41.379961315
2020S000368    ,Ciutat Vella,el Barri Gňtic,Escudellers,Thursday,2020-01-16,Laboral,2020,1,January,16,Afternoon,19:00:00,Unknown,Car,Male,19,Pedestrian,In pedestrian area,Unknown,Unknown,Minor injury: Hospitalization up to 24 hours,431251.39,4581469.1,2.17669055,41.379961315
2020S000369    ,Nou Barris,la Prosperitat,Valldaura,Thursday,2020-01-16,Laboral,2020,1,January,16,Afternoon,20:00:00,Others,Autobús articulat,Male,76,Passenger,Unknown,Unknown,Unknown,Minor injury: Hospitalization up to 24 hours,431861.3,4588085.16,2.1832385,41.439602056
2020S000369    ,Nou Barris,la Prosperitat,Valldaura,Thursday,2020-01-16,Laboral,2020,1,January,16,Afternoon,20:00:00,Others,Autobús articulat,Male,48,Driver,Unknown,Unknown,Urban bus,Uninjured,431861.3,4588085.16,2.1832385,41.439602056
2020S000370    ,Eixample,el Fort Pienc,Corts Catalanes,Thursday,2020-01-16,Laboral,2020,1,January,16,Night,23:00:00,Unknown,Motorcycle,Female,26,Driver,Unknown,Unknown,Unknown,Minor injury: Hospitalization up to 24 hours,431362.47,4583277.26,2.17781386,41.396256386
2020S000371    ,Horta-Guinardó,el Guinardó,Panorama,Thursday,2020-01-16,Laboral,2020,1,January,16,Afternoon,21:00:00,Unknown,Car,Male,46,Driver,Unknown,Unknown,Taxi,Uninjured,430316.24,4585939.65,2.16499308,41.420145583
2020S000372    ,Ciutat Vella,"Sant Pere, Santa Caterina i la Ribera",Palau,Thursday,2020-01-16,Laboral,2020,1,January,16,Night,23:00:00,Unknown,Bicicleta,Male,36,Driver,Unknown,Unknown,Unknown,Minor injury: Hospitalization up to 24 hours,431923.53,4581769.7,2.1846943,41.382725923
2020S000372    ,Ciutat Vella,"Sant Pere, Santa Caterina i la Ribera",Palau,Thursday,2020-01-16,Laboral,2020,1,January,16,Night,23:00:00,Unknown,Car,Male,59,Driver,Unknown,Unknown,Unknown,Uninjured,431923.53,4581769.7,2.1846943,41.382725923
2020S000373    ,Sant Martí,el Clot,Concili de Trento,Thursday,2020-01-16,Laboral,2020,1,January,16,Afternoon,21:00:00,Unknown,Car,Female,20,Passenger,Unknown,Unknown,Unknown,Minor injury: Medical assistance at accident site,432663.61,4584966.33,2.19318897,41.411579443
2020S000373    ,Sant Martí,el Clot,Concili de Trento,Thursday,2020-01-16,Laboral,2020,1,January,16,Afternoon,21:00:00,Unknown,Car,Male,23,Driver,Unknown,Unknown,Unknown,Uninjured,432663.61,4584966.33,2.19318897,41.411579443
2020S000373    ,Sant Martí,el Clot,Concili de Trento,Thursday,2020-01-16,Laboral,2020,1,January,16,Afternoon,21:00:00,Unknown,Motorcycle,Male,21,Driver,Unknown,Unknown,Unknown,Minor injury: Hospitalization up to 24 hours,432663.61,4584966.33,2.19318897,41.411579443
2020S000374    ,Eixample,la Dreta de l'Eixample,Méndez Núńez,Thursday,2020-01-16,Laboral,2020,1,January,16,Night,22:00:00,Unknown,Motorcycle,Female,44,Driver,Unknown,Unknown,Unknown,Minor injury: Hospitalization up to 24 hours,431285.8,4582613.67,2.17697214,41.390273075
2020S000374    ,Eixample,la Dreta de l'Eixample,Méndez Núńez,Thursday,2020-01-16,Laboral,2020,1,January,16,Night,22:00:00,Unknown,Motorcycle,Male,36,Driver,Unknown,Unknown,"Firefighters, police, ambulance",Uninjured,431285.8,4582613.67,2.17697214,41.390273075
2020S000374    ,Eixample,la Dreta de l'Eixample,Méndez Núńez,Thursday,2020-01-16,Laboral,2020,1,January,16,Night,22:00:00,Unknown,Motorcycle,Male,37,Driver,Unknown,Unknown,"Firefighters, police, ambulance",Uninjured,431285.8,4582613.67,2.17697214,41.390273075
2020S000375    ,Grŕcia,el Camp d'en Grassot i Grŕcia Nova,Cňrsega,Wednesday,2020-01-15,Laboral,2020,1,January,15,Afternoon,17:00:00,Unknown,Motorcycle,Male,54,Driver,Unknown,Unknown,Unknown,Minor injury: Hospitalization up to 24 hours,430709.32,4584211.72,2.16989447,41.404616721
2020S000375    ,Grŕcia,el Camp d'en Grassot i Grŕcia Nova,Cňrsega,Wednesday,2020-01-15,Laboral,2020,1,January,15,Afternoon,17:00:00,Unknown,Car,Female,77,Driver,Unknown,Unknown,Unknown,Uninjured,430709.32,4584211.72,2.16989447,41.404616721
2020S000376    ,Eixample,la Dreta de l'Eixample,Aragó,Friday,2020-01-17,Laboral,2020,1,January,17,Morning,07:00:00,Unknown,Motorcycle,Male,41,Driver,Unknown,Unknown,Unknown,Minor injury: Hospitalization up to 24 hours,430936.58,4583458.01,2.17269913,41.397847861
2020S000376    ,Eixample,la Dreta de l'Eixample,Aragó,Friday,2020-01-17,Laboral,2020,1,January,17,Morning,07:00:00,Unknown,Car,Female,40,Driver,Unknown,Unknown,Taxi,Minor injury: Hospitalization up to 24 hours,430936.58,4583458.01,2.17269913,41.397847861
2020S000377    ,Eixample,l'Antiga Esquerra de l'Eixample,Sarriŕ,Friday,2020-01-17,Laboral,2020,1,January,17,Morning,07:00:00,Unknown,Ciclomotor,Male,40,Driver,Unknown,Unknown,In transit (commuting),Uninjured,428532.59,4582672.59,2.14403698,41.390563692
2020S000377    ,Eixample,l'Antiga Esquerra de l'Eixample,Sarriŕ,Friday,2020-01-17,Laboral,2020,1,January,17,Morning,07:00:00,Unknown,Motorcycle,Female,24,Driver,Unknown,Unknown,In transit (commuting),Minor injury: Hospitalization up to 24 hours,428532.59,4582672.59,2.14403698,41.390563692
2020S000378    ,Les Corts,Pedralbes,Dalt (Besňs),Friday,2020-01-17,Laboral,2020,1,January,17,Morning,09:00:00,Unknown,Car,Male,43,Driver,Unknown,Unknown,Unknown,Minor injury: Hospitalization up to 24 hours,425612.22,4582923.63,2.10907886,41.392559765
2020S000378    ,Les Corts,Pedralbes,Dalt (Besňs),Friday,2020-01-17,Laboral,2020,1,January,17,Morning,09:00:00,Unknown,Car,Female,46,Driver,Unknown,Unknown,Unknown,Uninjured,425612.22,4582923.63,2.10907886,41.392559765
2020S000379    ,Sarriŕ-Sant Gervasi,Sant Gervasi - la Bonanova,Dalt (Besňs),Friday,2020-01-17,Laboral,2020,1,January,17,Morning,08:00:00,Unknown,Motorcycle,Male,25,Driver,Unknown,Unknown,In transit (commuting),Minor injury: Medical assistance at accident site,427603.24,4585335.3,2.13260339,41.414462464
2020S000379    ,Sarriŕ-Sant Gervasi,Sant Gervasi - la Bonanova,Dalt (Besňs),Friday,2020-01-17,Laboral,2020,1,January,17,Morning,08:00:00,Unknown,Furgoneta,Male,38,Driver,Unknown,Unknown,In transit (commuting),Uninjured,427603.24,4585335.3,2.13260339,41.414462464
2020S000380    ,Les Corts,Pedralbes,Pedralbes,Friday,2020-01-17,Laboral,2020,1,January,17,Morning,08:00:00,Unknown,Motorcycle,Male,11,Pedestrian,In crossing regulated by traffic lights,Student heading to educational center,Unknown,Minor injury: Hospitalization up to 24 hours,426176.38,4582931.39,2.1158254,41.392681666
2020S000380    ,Les Corts,Pedralbes,Pedralbes,Friday,2020-01-17,Laboral,2020,1,January,17,Morning,08:00:00,Unknown,Motorcycle,Male,27,Driver,In crossing regulated by traffic lights,Unknown,Unknown,Uninjured,426176.38,4582931.39,2.1158254,41.392681666
2020S000380    ,Les Corts,Pedralbes,Pedralbes,Friday,2020-01-17,Laboral,2020,1,January,17,Morning,08:00:00,Unknown,Motorcycle,Female,12,Pedestrian,In crossing regulated by traffic lights,Other activities,Unknown,Minor injury: Hospitalization up to 24 hours,426176.38,4582931.39,2.1158254,41.392681666
2020S000381    ,Nou Barris,Porta,Casas i Amigó,Thursday,2020-01-16,Laboral,2020,1,January,16,Morning,13:00:00,Unknown,"Camió rígid <= 3,5 tones",Male,54,Driver,Unknown,Unknown,Professional goods transport,Unknown,431371.7,4587505.62,2.1774443,41.434340628
2020S000382    ,Eixample,la Sagrada Família,Cňrsega,Friday,2020-01-17,Laboral,2020,1,January,17,Morning,10:00:00,Unknown,Furgoneta,Male,47,Driver,Unknown,Unknown,Unknown,Uninjured,431059.87,4584556.42,2.17404868,41.407751478
2020S000382    ,Eixample,la Sagrada Família,Cňrsega,Friday,2020-01-17,Laboral,2020,1,January,17,Morning,10:00:00,Unknown,Motorcycle,Male,28,Driver,Unknown,Unknown,Unknown,Minor injury: Hospitalization up to 24 hours,431059.87,4584556.42,2.17404868,41.407751478
2020S000383    ,Sant Martí,la Verneda i la Pau,Menorca,Friday,2020-01-17,Laboral,2020,1,January,17,Morning,09:00:00,Unknown,Car,Male,46,Driver,In an unregulated crossing,Unknown,Unknown,Uninjured,433261.29,4586099.57,2.20021449,41.4218361
2020S000383    ,Sant Martí,la Verneda i la Pau,Menorca,Friday,2020-01-17,Laboral,2020,1,January,17,Morning,09:00:00,Unknown,Car,Female,3,Pedestrian,In an unregulated crossing,Unknown,Unknown,Minor injury: Hospitalization up to 24 hours,433261.29,4586099.57,2.20021449,41.4218361
2020S000383    ,Sant Martí,la Verneda i la Pau,Menorca,Friday,2020-01-17,Laboral,2020,1,January,17,Morning,09:00:00,Unknown,Car,Female,4,Pedestrian,In an unregulated crossing,Unknown,Unknown,Minor injury: Hospitalization up to 24 hours,433261.29,4586099.57,2.20021449,41.4218361
2020S000384    ,Eixample,la Dreta de l'Eixample,Sant Joan,Friday,2020-01-17,Laboral,2020,1,January,17,Morning,11:00:00,Unknown,Ciclomotor,Male,20,Driver,Unknown,Unknown,On a mission,Minor injury: Medical assistance at accident site,430513.1,4583764.31,2.16759855,41.400570101
2020S000385    ,Sants-Montjuďc,la Marina del Prat Vermell,A Zona Franca,Friday,2020-01-17,Laboral,2020,1,January,17,Morning,11:00:00,Unknown,Tractor camió,Male,61,Driver,Unknown,Unknown,Unknown,Uninjured,428583.64,4577531.98,2.14525327,41.344268441
2020S000385    ,Sants-Montjuďc,la Marina del Prat Vermell,A Zona Franca,Friday,2020-01-17,Laboral,2020,1,January,17,Morning,11:00:00,Unknown,Tractor camió,Male,41,Driver,Unknown,Unknown,Other activities,Minor injury: Hospitalization up to 24 hours,428583.64,4577531.98,2.14525327,41.344268441
2020S000386    ,Eixample,l'Antiga Esquerra de l'Eixample,Londres,Friday,2020-01-17,Laboral,2020,1,January,17,Morning,13:00:00,Unknown,Car,Male,29,Driver,Unknown,Unknown,Taxi,Uninjured,428863.96,4582780.37,2.14798749,41.391563819
2020S000386    ,Eixample,l'Antiga Esquerra de l'Eixample,Londres,Friday,2020-01-17,Laboral,2020,1,January,17,Morning,13:00:00,Unknown,"Camió rígid > 3,5 tones",Male,39,Driver,Unknown,Unknown,On a mission,Uninjured,428863.96,4582780.37,2.14798749,41.391563819
2020S000386    ,Eixample,l'Antiga Esquerra de l'Eixample,Londres,Friday,2020-01-17,Laboral,2020,1,January,17,Morning,13:00:00,Unknown,Motorcycle,Male,60,Driver,Unknown,Unknown,Unknown,Minor injury: Hospitalization up to 24 hours,428863.96,4582780.37,2.14798749,41.391563819
2020S000387    ,Eixample,Sant Antoni,Viladomat,Friday,2020-01-17,Laboral,2020,1,January,17,Morning,12:00:00,Desobeir el senyal del semŕfor,Motorcycle,Male,36,Driver,In crossing regulated by traffic lights,Unknown,Unknown,Uninjured,429899.83,4581162.21,2.160564,41.37708057
2020S000387    ,Eixample,Sant Antoni,Viladomat,Friday,2020-01-17,Laboral,2020,1,January,17,Morning,12:00:00,Desobeir el senyal del semŕfor,Motorcycle,Female,45,Pedestrian,In crossing regulated by traffic lights,Unknown,Unknown,Minor injury: Hospitalization up to 24 hours,429899.83,4581162.21,2.160564,41.37708057
2020S000388    ,Horta-Guinardó,el Baix Guinardó,Thous,Friday,2020-01-17,Laboral,2020,1,January,17,Morning,13:00:00,Unknown,Car,Male,52,Driver,Unknown,Unknown,Other activities,Uninjured,430470.04,4585283.08,2.16690888,41.414245421
2020S000388    ,Horta-Guinardó,el Baix Guinardó,Thous,Friday,2020-01-17,Laboral,2020,1,January,17,Morning,13:00:00,Unknown,Motorcycle,Female,31,Driver,Unknown,Unknown,Unknown,Minor injury: Medical assistance at accident site,430470.04,4585283.08,2.16690888,41.414245421
2020S000389    ,Sants-Montjuďc,la Marina de Port,Zona Franca,Friday,2020-01-17,Laboral,2020,1,January,17,Morning,13:00:00,Unknown,Car,Male,27,Driver,Unknown,Unknown,Leisure and entertainment,Uninjured,427859.85,4579756.86,2.13633827,41.364242684
2020S000389    ,Sants-Montjuďc,la Marina de Port,Zona Franca,Friday,2020-01-17,Laboral,2020,1,January,17,Morning,13:00:00,Unknown,Motorcycle,Male,39,Driver,Unknown,Unknown,Leisure and entertainment,Minor injury: Hospitalization up to 24 hours,427859.85,4579756.86,2.13633827,41.364242684
2020S000390    ,Eixample,la Dreta de l'Eixample,Diputació,Friday,2020-01-17,Laboral,2020,1,January,17,Afternoon,14:00:00,Unknown,Motorcycle,Female,58,Driver,In crossing regulated by traffic lights,Unknown,Unknown,Uninjured,430943.16,4583127.26,2.17281557,41.394869463
2020S000390    ,Eixample,la Dreta de l'Eixample,Diputació,Friday,2020-01-17,Laboral,2020,1,January,17,Afternoon,14:00:00,Unknown,Motorcycle,Female,58,Pedestrian,In crossing regulated by traffic lights,Unknown,Unknown,Minor injury: Hospitalization up to 24 hours,430943.16,4583127.26,2.17281557,41.394869463
2020S000391    ,Eixample,la Dreta de l'Eixample,Consell de Cent,Friday,2020-01-17,Laboral,2020,1,January,17,Morning,13:00:00,Unknown,Bicicleta,Female,54,Driver,Unknown,Unknown,On a mission,Minor injury: Hospitalization up to 24 hours,430485.12,4582836.4,2.16737044,41.392210294
2020S000391    ,Eixample,la Dreta de l'Eixample,Consell de Cent,Friday,2020-01-17,Laboral,2020,1,January,17,Morning,13:00:00,Unknown,Car,Male,39,Driver,Unknown,Unknown,Unknown,Uninjured,430485.12,4582836.4,2.16737044,41.392210294
2020S000392    ,Eixample,la Sagrada Família,Cartagena,Friday,2020-01-17,Laboral,2020,1,January,17,Morning,12:00:00,Unknown,Motorcycle,Male,48,Driver,Unknown,Unknown,Unknown,Minor injury: Hospitalization up to 24 hours,431152.15,4584853.83,2.17511878,41.410438067
2020S000393    ,Sant Andreu,el Congrés i els Indians,Maragall,Friday,2020-01-17,Laboral,2020,1,January,17,Afternoon,14:00:00,Unknown,Motorcycle,Female,36,Driver,Unknown,Unknown,In transit (commuting),Minor injury: Hospitalization up to 24 hours,431652.4,4585916.87,2.18098346,41.420055247
2020S000393    ,Sant Andreu,el Congrés i els Indians,Maragall,Friday,2020-01-17,Laboral,2020,1,January,17,Afternoon,14:00:00,Unknown,Car,Male,59,Driver,Unknown,Unknown,Unknown,Uninjured,431652.4,4585916.87,2.18098346,41.420055247
2020S000394    ,Sants-Montjuďc,la Bordeta,Corts Catalanes,Friday,2020-01-17,Laboral,2020,1,January,17,Afternoon,14:00:00,Unknown,Car,Male,26,Driver,Unknown,Unknown,Unknown,Uninjured,428120.05,4580176.09,2.13939928,41.368041834
2020S000394    ,Sants-Montjuďc,la Bordeta,Corts Catalanes,Friday,2020-01-17,Laboral,2020,1,January,17,Afternoon,14:00:00,Unknown,Motorcycle,Male,60,Driver,Unknown,Unknown,Unknown,Minor injury: Hospitalization up to 24 hours,428120.05,4580176.09,2.13939928,41.368041834
2020S000395    ,Sant Andreu,el Bon Pastor,Santander,Friday,2020-01-17,Laboral,2020,1,January,17,Afternoon,15:00:00,Unknown,Motorcycle,Female,57,Driver,Unknown,Unknown,On a mission,Minor injury: Hospitalization up to 24 hours,433642.7,4587107.97,2.20466765,41.430950083
2020S000395    ,Sant Andreu,el Bon Pastor,Santander,Friday,2020-01-17,Laboral,2020,1,January,17,Afternoon,15:00:00,Unknown,Car,Female,43,Driver,Unknown,Unknown,Unknown,Uninjured,433642.7,4587107.97,2.20466765,41.430950083
2020S000396    ,Sant Martí,Provençals del Poblenou,C-31,Friday,2020-01-17,Laboral,2020,1,January,17,Afternoon,15:00:00,Unknown,Car,Female,28,Driver,Unknown,Unknown,Leisure and entertainment,Serious injury: Hospitalization over 24 hours,433936.57,4585808.01,2.20832668,41.41926594
2020S000396    ,Sant Martí,Provençals del Poblenou,C-31,Friday,2020-01-17,Laboral,2020,1,January,17,Afternoon,15:00:00,Unknown,Motorcycle,Male,22,Driver,Unknown,Unknown,Leisure and entertainment,Serious injury: Hospitalization over 24 hours,433936.57,4585808.01,2.20832668,41.41926594
2020S000396    ,Sant Martí,Provençals del Poblenou,C-31,Friday,2020-01-17,Laboral,2020,1,January,17,Afternoon,15:00:00,Unknown,Car,Female,27,Driver,Unknown,Unknown,Leisure and entertainment,Minor injury: Hospitalization up to 24 hours,433936.57,4585808.01,2.20832668,41.41926594
2020S000397    ,Nou Barris,les Roquetes,Favčncia,Friday,2020-01-17,Laboral,2020,1,January,17,Afternoon,14:00:00,Unknown,Car,Male,41,Driver,Unknown,Unknown,Unknown,Uninjured,431212.14,4588716.24,2.17539677,41.445230574
2020S000397    ,Nou Barris,les Roquetes,Favčncia,Friday,2020-01-17,Laboral,2020,1,January,17,Afternoon,14:00:00,Unknown,Car,Female,21,Passenger,Unknown,Unknown,Unknown,Minor injury: Hospitalization up to 24 hours,431212.14,4588716.24,2.17539677,41.445230574
2020S000397    ,Nou Barris,les Roquetes,Favčncia,Friday,2020-01-17,Laboral,2020,1,January,17,Afternoon,14:00:00,Unknown,Car,Male,20,Driver,Unknown,Unknown,Unknown,Minor injury: Hospitalization up to 24 hours,431212.14,4588716.24,2.17539677,41.445230574
2020S000397    ,Nou Barris,les Roquetes,Favčncia,Friday,2020-01-17,Laboral,2020,1,January,17,Afternoon,14:00:00,Unknown,Car,Female,23,Driver,Unknown,Unknown,Unknown,Minor injury: Hospitalization up to 24 hours,431212.14,4588716.24,2.17539677,41.445230574
2020S000398    ,Sants-Montjuďc,la Marina del Prat Vermell,Litoral (Besňs),Friday,2020-01-17,Laboral,2020,1,January,17,Afternoon,16:00:00,Unknown,Car,Male,47,Driver,Unknown,Unknown,Leisure and entertainment,Uninjured,428286.45,4577826.16,2.14166664,41.346891617
2020S000398    ,Sants-Montjuďc,la Marina del Prat Vermell,Litoral (Besňs),Friday,2020-01-17,Laboral,2020,1,January,17,Afternoon,16:00:00,Unknown,Motorcycle,Male,40,Driver,Unknown,Unknown,Leisure and entertainment,Minor injury: Hospitalization up to 24 hours,428286.45,4577826.16,2.14166664,41.346891617
2020S000399    ,Sarriŕ-Sant Gervasi,el Putxet i el Farró,General Mitre,Thursday,2020-01-16,Laboral,2020,1,January,16,Afternoon,19:00:00,Unknown,Motorcycle,Male,34,Driver,Unknown,Unknown,Unknown,Minor injury: Hospitalization up to 24 hours,428349.96,4584274.88,2.14166302,41.404978646
2020S000399    ,Sarriŕ-Sant Gervasi,el Putxet i el Farró,General Mitre,Thursday,2020-01-16,Laboral,2020,1,January,16,Afternoon,19:00:00,Unknown,Car,Male,61,Driver,Unknown,Unknown,Unknown,Uninjured,428349.96,4584274.88,2.14166302,41.404978646
2020S000400    ,Les Corts,Pedralbes,Diagonal,Friday,2020-01-17,Laboral,2020,1,January,17,Afternoon,15:00:00,Unknown,Car,Male,24,Driver,Unknown,Unknown,On a mission,Uninjured,426971.29,4582448.05,2.12539105,41.388401032
2020S000400    ,Les Corts,Pedralbes,Diagonal,Friday,2020-01-17,Laboral,2020,1,January,17,Afternoon,15:00:00,Unknown,Motorcycle,Female,29,Driver,Unknown,Unknown,On a mission,Minor injury: Hospitalization up to 24 hours,426971.29,4582448.05,2.12539105,41.388401032