Case_Number,District_Name,Neighborhood_Name,Street_Name,Day_of_Week,Date,Day_Type_Description,Year,Month_of_Year,Month_Name,Day_of_Month,Shift_Description,Hour_of_Day,Pedestrian_Cause_Description,Involved_Vehicle_Type_Description,Gender_Description,Age,Person_Type_Description,Pedestrian_Accident_Location_Description,Pedestrian_Movement_Reason_Description,Driver_Movement_Reason_Description,Victimization_Description,Coordenada_UTM_X,Coordenada_UTM_Y,Longitud,Latitud
2020S000447    ,Sant Andreu,el Bon Pastor,Ferran Junoy,Saturday,2020-01-18,Laboral,2020,1,January,18,Afternoon,21:00:00,Unknown,Motorcycle,Female,30,Driver,Unknown,Unknown,Leisure and entertainment,Minor injury: Hospitalization up to 24 hours,433006.69,4588382.57,2.19691479,41.442377171
2020S000448    ,Eixample,l'Antiga Esquerra de l'Eixample,Comte d'Urgell,Sunday,2020-01-19,Laboral,2020,1,January,19,Morning,11:00:00,Unknown,Motorcycle,Female,22,Passenger,Unknown,Unknown,Unknown,Minor injury: Medical assistance at accident site,429376.74,4582117.56,2.15419774,41.38563933
2020S000448    ,Eixample,l'Antiga Esquerra de l'Eixample,Comte d'Urgell,Sunday,2020-01-19,Laboral,2020,1,January,19,Morning,11:00:00,Unknown,Car,Male,64,Driver,Unknown,Unknown,Other activities,Uninjured,429376.74,4582117.56,2.15419774,41.38563933
2020S000448    ,Eixample,l'Antiga Esquerra de l'Eixample,Comte d'Urgell,Sunday,2020-01-19,Laboral,2020,1,January,19,Morning,11:00:00,Unknown,Motorcycle,Male,32,Driver,Unknown,Unknown,Other activities,Minor injury: Medical assistance at accident site,429376.74,4582117.56,2.15419774,41.38563933
2020S000449    ,Les Corts,la Maternitat i Sant Ramon,Cardenal Reig,Sunday,2020-01-19,Laboral,2020,1,January,19,Morning,11:00:00,Unknown,Car,Female,63,Driver,Unknown,Unknown,Other activities,Uninjured,426080.48,4581272.73,2.11488088,41.377734012
2020S000449    ,Les Corts,la Maternitat i Sant Ramon,Cardenal Reig,Sunday,2020-01-19,Laboral,2020,1,January,19,Morning,11:00:00,Unknown,Motorcycle,Male,44,Driver,Unknown,Unknown,Other activities,Uninjured,426080.48,4581272.73,2.11488088,41.377734012
2020S000449    ,Les Corts,la Maternitat i Sant Ramon,Cardenal Reig,Sunday,2020-01-19,Laboral,2020,1,January,19,Morning,11:00:00,Unknown,Motorcycle,Female,47,Passenger,Unknown,Unknown,Unknown,Minor injury: Hospitalization up to 24 hours,426080.48,4581272.73,2.11488088,41.377734012
2020S000450    ,Nou Barris,Vilapicina i la Torre Llobeta,Meridiana,Sunday,2020-01-19,Laboral,2020,1,January,19,Morning,06:00:00,Unknown,Car,Male,53,Driver,Unknown,Unknown,Leisure and entertainment,Minor injury: Hospitalization up to 24 hours,431905.23,4586855.83,2.18390289,41.428533631
2020S000450    ,Nou Barris,Vilapicina i la Torre Llobeta,Meridiana,Sunday,2020-01-19,Laboral,2020,1,January,19,Morning,06:00:00,Unknown,Furgoneta,Male,46,Driver,Unknown,Unknown,Unknown,Minor injury: Hospitalization up to 24 hours,431905.23,4586855.83,2.18390289,41.428533631
2020S000451    ,Eixample,la Nova Esquerra de l'Eixample,Espanya,Sunday,2020-01-19,Laboral,2020,1,January,19,Morning,12:00:00,Unknown,Autobús,Male,53,Passenger,Unknown,Unknown,Unknown,Minor injury: Hospitalization up to 24 hours,428962.8,4581018.27,2.14937633,41.375701931
2020S000451    ,Eixample,la Nova Esquerra de l'Eixample,Espanya,Sunday,2020-01-19,Laboral,2020,1,January,19,Morning,12:00:00,Unknown,Autobús,Male,44,Driver,Unknown,Unknown,Urban bus,Uninjured,428962.8,4581018.27,2.14937633,41.375701931
2020S000452    ,Sants-Montjuďc,la Bordeta,Constitució,Sunday,2020-01-19,Laboral,2020,1,January,19,Afternoon,18:00:00,Unknown,Car,Male,29,Driver,Unknown,Unknown,Leisure and entertainment,Uninjured,427477.78,4580202.03,2.13171732,41.368217825
2020S000452    ,Sants-Montjuďc,la Bordeta,Constitució,Sunday,2020-01-19,Laboral,2020,1,January,19,Afternoon,18:00:00,Unknown,Motorcycle,Male,23,Driver,Unknown,Unknown,Leisure and entertainment,Minor injury: Hospitalization up to 24 hours,427477.78,4580202.03,2.13171732,41.368217825
2020S000453    ,Sant Martí,el Parc i la Llacuna del Poblenou,Pallars,Sunday,2020-01-19,Laboral,2020,1,January,19,Afternoon,18:00:00,Unknown,Car,Male,46,Driver,Unknown,Unknown,Unknown,Uninjured,432675.93,4583471.62,2.19350272,41.398118036
2020S000453    ,Sant Martí,el Parc i la Llacuna del Poblenou,Pallars,Sunday,2020-01-19,Laboral,2020,1,January,19,Afternoon,18:00:00,Unknown,Motorcycle,Male,45,Driver,Unknown,Unknown,In transit (commuting),Minor injury: Hospitalization up to 24 hours,432675.93,4583471.62,2.19350272,41.398118036
2020S000454    ,Eixample,la Dreta de l'Eixample,Grŕcia,Sunday,2020-01-19,Laboral,2020,1,January,19,Afternoon,19:00:00,Unknown,Autobús articulat,Male,43,Driver,Unknown,Unknown,Leisure and entertainment,Uninjured,430056.1,4583030.32,2.16221682,41.393919652
2020S000454    ,Eixample,la Dreta de l'Eixample,Grŕcia,Sunday,2020-01-19,Laboral,2020,1,January,19,Afternoon,19:00:00,Unknown,Autobús articulat,Female,64,Passenger,Unknown,Unknown,Unknown,Minor injury: Hospitalization up to 24 hours,430056.1,4583030.32,2.16221682,41.393919652
2020S000455    ,Sarriŕ-Sant Gervasi,Sant Gervasi - la Bonanova,Muntaner,Sunday,2020-01-19,Laboral,2020,1,January,19,Afternoon,19:00:00,Unknown,Car,Male,32,Driver,Unknown,Unknown,Leisure and entertainment,Uninjured,427963.31,4584105.78,2.13705782,41.403421059
2020S000455    ,Sarriŕ-Sant Gervasi,Sant Gervasi - la Bonanova,Muntaner,Sunday,2020-01-19,Laboral,2020,1,January,19,Afternoon,19:00:00,Unknown,Motorcycle,Female,28,Passenger,Unknown,Unknown,Unknown,Minor injury: Hospitalization up to 24 hours,427963.31,4584105.78,2.13705782,41.403421059
2020S000455    ,Sarriŕ-Sant Gervasi,Sant Gervasi - la Bonanova,Muntaner,Sunday,2020-01-19,Laboral,2020,1,January,19,Afternoon,19:00:00,Unknown,Motorcycle,Male,34,Driver,Unknown,Unknown,Leisure and entertainment,Minor injury: Hospitalization up to 24 hours,427963.31,4584105.78,2.13705782,41.403421059
2020S000456    ,Nou Barris,Vilapicina i la Torre Llobeta,Escultor Llimona,Sunday,2020-01-19,Laboral,2020,1,January,19,Afternoon,19:00:00,Unknown,Motorcycle,Male,33,Driver,Unknown,Unknown,In transit (commuting),Death (within 24 hours of accident),430551.02,4586805.15,2.16770287,41.427961166
2020S000456    ,Nou Barris,Vilapicina i la Torre Llobeta,Escultor Llimona,Sunday,2020-01-19,Laboral,2020,1,January,19,Afternoon,19:00:00,Unknown,Car,Male,43,Driver,Unknown,Unknown,Leisure and entertainment,Uninjured,430551.02,4586805.15,2.16770287,41.427961166
2020S000456    ,Nou Barris,Vilapicina i la Torre Llobeta,Escultor Llimona,Sunday,2020-01-19,Laboral,2020,1,January,19,Afternoon,19:00:00,Unknown,Car,Male,30,Driver,Unknown,Unknown,Leisure and entertainment,Uninjured,430551.02,4586805.15,2.16770287,41.427961166
2020S000457    ,Ciutat Vella,el Raval,Portal de Santa Madrona,Sunday,2020-01-19,Laboral,2020,1,January,19,Night,23:00:00,Unknown,Car,Male,36,Driver,Unknown,Unknown,"Firefighters, police, ambulance",Uninjured,430969.5,4580924.62,2.17338172,41.375033187
2020S000457    ,Ciutat Vella,el Raval,Portal de Santa Madrona,Sunday,2020-01-19,Laboral,2020,1,January,19,Night,23:00:00,Unknown,Car,Male,44,Driver,Unknown,Unknown,Unknown,Minor injury: Hospitalization up to 24 hours,430969.5,4580924.62,2.17338172,41.375033187
2020S000458    ,Eixample,la Dreta de l'Eixample,Corts Catalanes,Monday,2020-01-20,Laboral,2020,1,January,20,Morning,06:00:00,Unknown,Bicicleta,Male,30,Driver,Unknown,Unknown,Unknown,Minor injury: Hospitalization up to 24 hours,430448.38,4582425.76,2.1669782,41.38850861
2020S000458    ,Eixample,la Dreta de l'Eixample,Corts Catalanes,Monday,2020-01-20,Laboral,2020,1,January,20,Morning,06:00:00,Unknown,Autobús articulat,Male,59,Driver,Unknown,Unknown,Urban bus,Uninjured,430448.38,4582425.76,2.1669782,41.38850861
2020S000459    ,Eixample,la Sagrada Família,Lepant,Monday,2020-01-20,Laboral,2020,1,January,20,Morning,08:00:00,Unknown,Motorcycle,Male,26,Driver,Unknown,Unknown,Other activities,Minor injury: Hospitalization up to 24 hours,431058.97,4584394.06,2.17405642,41.406289076
2020S000459    ,Eixample,la Sagrada Família,Lepant,Monday,2020-01-20,Laboral,2020,1,January,20,Morning,08:00:00,Unknown,Motorcycle,Male,32,Driver,Unknown,Unknown,Unknown,Minor injury: Medical assistance at accident site,431058.97,4584394.06,2.17405642,41.406289076
2020S000460    ,Sant Martí,Diagonal Mar i el Front Marítim del Poblenou,Taulat,Monday,2020-01-20,Laboral,2020,1,January,20,Morning,09:00:00,Unknown,Car,Male,46,Driver,Unknown,Unknown,Professional goods transport,Uninjured,433960.0,4583884.01,2.20881714,41.401938883
2020S000460    ,Sant Martí,Diagonal Mar i el Front Marítim del Poblenou,Taulat,Monday,2020-01-20,Laboral,2020,1,January,20,Morning,09:00:00,Unknown,Motorcycle,Female,24,Driver,Unknown,Unknown,In transit (commuting),Minor injury: Hospitalization up to 24 hours,433960.0,4583884.01,2.20881714,41.401938883
2020S000461    ,Sant Martí,el Camp de l'Arpa del Clot,Meridiana,Monday,2020-01-20,Laboral,2020,1,January,20,Morning,09:00:00,Unknown,Ciclomotor,Female,23,Driver,Unknown,Unknown,Unknown,Minor injury: Hospitalization up to 24 hours,432108.18,4584693.22,2.18657449,41.40907287
2020S000461    ,Sant Martí,el Camp de l'Arpa del Clot,Meridiana,Monday,2020-01-20,Laboral,2020,1,January,20,Morning,09:00:00,Unknown,Car,Male,54,Driver,Unknown,Unknown,Unknown,Uninjured,432108.18,4584693.22,2.18657449,41.40907287
2020S000462    ,Eixample,la Dreta de l'Eixample,Grŕcia,Monday,2020-01-20,Laboral,2020,1,January,20,Morning,10:00:00,Unknown,Taxi,Male,44,Driver,Unknown,Unknown,Taxi,Uninjured,430408.49,4582739.03,2.16646512,41.391326683
2020S000462    ,Eixample,la Dreta de l'Eixample,Grŕcia,Monday,2020-01-20,Laboral,2020,1,January,20,Morning,10:00:00,Unknown,Veh. mobilitat personal amb motor,Female,59,Driver,Unknown,Unknown,In transit (commuting),Minor injury: Medical assistance at accident site,430408.49,4582739.03,2.16646512,41.391326683
2020S000463    ,Sant Andreu,Sant Andreu,Fabra i Puig,Monday,2020-01-20,Laboral,2020,1,January,20,Morning,11:00:00,Creuar per fora pas de vianants,Car,Male,71,Driver,Outside the crossing,Unknown,Unknown,Uninjured,432354.47,4587012.79,2.1892614,41.4299853
2020S000463    ,Sant Andreu,Sant Andreu,Fabra i Puig,Monday,2020-01-20,Laboral,2020,1,January,20,Morning,11:00:00,Creuar per fora pas de vianants,Car,Female,27,Pedestrian,Outside the crossing,Unknown,Unknown,Minor injury: Hospitalization up to 24 hours,432354.47,4587012.79,2.1892614,41.4299853
2020S000464    ,Sants-Montjuďc,el Poble-sec,Paralˇlel,Monday,2020-01-20,Laboral,2020,1,January,20,Morning,11:00:00,Unknown,Furgoneta,Male,32,Driver,Unknown,Unknown,Unknown,Uninjured,431003.26,4580870.02,2.17379162,41.374544316
2020S000464    ,Sants-Montjuďc,el Poble-sec,Paralˇlel,Monday,2020-01-20,Laboral,2020,1,January,20,Morning,11:00:00,Unknown,Motorcycle,Female,43,Driver,Unknown,Unknown,Unknown,Minor injury: Hospitalization up to 24 hours,431003.26,4580870.02,2.17379162,41.374544316
2020S000465    ,Sant Martí,la Vila Olímpica del Poblenou,Doctor Trueta,Monday,2020-01-20,Laboral,2020,1,January,20,Morning,11:00:00,Unknown,Veh. mobilitat personal amb motor,Female,36,Driver,Unknown,Unknown,Unknown,Minor injury: Hospitalization up to 24 hours,433011.45,4583010.25,2.19756711,41.393990631
2020S000465    ,Sant Martí,la Vila Olímpica del Poblenou,Doctor Trueta,Monday,2020-01-20,Laboral,2020,1,January,20,Morning,11:00:00,Unknown,Furgoneta,Male,42,Driver,Unknown,Unknown,In transit (commuting),Uninjured,433011.45,4583010.25,2.19756711,41.393990631
2020S000466    ,Sarriŕ-Sant Gervasi,Sant Gervasi - la Bonanova,Mandri,Monday,2020-01-20,Laboral,2020,1,January,20,Morning,08:00:00,Unknown,Ciclomotor,Female,27,Driver,Unknown,Unknown,Unknown,Minor injury: Hospitalization up to 24 hours,427669.5,4584140.03,2.13353909,41.40370314
2020S000466    ,Sarriŕ-Sant Gervasi,Sant Gervasi - la Bonanova,Mandri,Monday,2020-01-20,Laboral,2020,1,January,20,Morning,08:00:00,Unknown,Car,Male,39,Driver,Unknown,Unknown,Taxi,Uninjured,427669.5,4584140.03,2.13353909,41.40370314
2020S000467    ,Eixample,la Nova Esquerra de l'Eixample,Roma,Monday,2020-01-20,Laboral,2020,1,January,20,Morning,11:00:00,Unknown,Motorcycle,Male,38,Driver,Unknown,Unknown,In transit (commuting),Minor injury: Hospitalization up to 24 hours,428506.75,4581560.31,2.14385926,41.380543488
2020S000467    ,Eixample,la Nova Esquerra de l'Eixample,Roma,Monday,2020-01-20,Laboral,2020,1,January,20,Morning,11:00:00,Unknown,Furgoneta,Male,32,Driver,Unknown,Unknown,Unknown,Uninjured,428506.75,4581560.31,2.14385926,41.380543488
2020S000468    ,Eixample,la Dreta de l'Eixample,Balmes,Monday,2020-01-20,Laboral,2020,1,January,20,Morning,13:00:00,Unknown,Furgoneta,Male,21,Driver,Unknown,Unknown,Unknown,Uninjured,430193.63,4582423.94,2.16393169,41.388470138
2020S000468    ,Eixample,la Dreta de l'Eixample,Balmes,Monday,2020-01-20,Laboral,2020,1,January,20,Morning,13:00:00,Unknown,Ciclomotor,Male,46,Driver,Unknown,Unknown,Unknown,Minor injury: Hospitalization up to 24 hours,430193.63,4582423.94,2.16393169,41.388470138
2020S000469    ,Eixample,la Dreta de l'Eixample,Bailčn,Monday,2020-01-20,Laboral,2020,1,January,20,Afternoon,16:00:00,Unknown,Motorcycle,Male,54,Driver,Unknown,Unknown,Unknown,Uninjured,430447.65,4583661.67,2.16682744,41.399639994
2020S000469    ,Eixample,la Dreta de l'Eixample,Bailčn,Monday,2020-01-20,Laboral,2020,1,January,20,Afternoon,16:00:00,Unknown,Motorcycle,Male,28,Driver,Unknown,Unknown,In transit (commuting),Minor injury: Medical assistance at accident site,430447.65,4583661.67,2.16682744,41.399639994
2020S000470    ,Nou Barris,la Prosperitat,Dalt (Besňs),Monday,2020-01-20,Laboral,2020,1,January,20,Afternoon,16:00:00,Unknown,Furgoneta,Male,48,Driver,Unknown,Unknown,On a mission,Unknown,431584.89,4588795.14,2.17984968,41.445973069
2020S000470    ,Nou Barris,la Prosperitat,Dalt (Besňs),Monday,2020-01-20,Laboral,2020,1,January,20,Afternoon,16:00:00,Unknown,Car,Male,32,Driver,Unknown,Unknown,Leisure and entertainment,Unknown,431584.89,4588795.14,2.17984968,41.445973069
2020S000471    ,Sarriŕ-Sant Gervasi,Sant Gervasi - Galvany,Augusta,Monday,2020-01-20,Laboral,2020,1,January,20,Afternoon,17:00:00,Creuar per fora pas de vianants,Car,Female,19,Pedestrian,Outside the crossing,Unknown,Unknown,Minor injury: Hospitalization up to 24 hours,429463.8,4583299.36,2.15510119,41.396291042
2020S000471    ,Sarriŕ-Sant Gervasi,Sant Gervasi - Galvany,Augusta,Monday,2020-01-20,Laboral,2020,1,January,20,Afternoon,17:00:00,Creuar per fora pas de vianants,Car,Female,39,Driver,Outside the crossing,Unknown,Other activities,Uninjured,429463.8,4583299.36,2.15510119,41.396291042
2020S000472    ,Eixample,la Nova Esquerra de l'Eixample,Calŕbria,Saturday,2020-01-18,Laboral,2020,1,January,18,Afternoon,21:00:00,Unknown,Ciclomotor,Male,27,Driver,Unknown,Unknown,Unknown,Minor injury: Medical assistance at accident site,429172.79,4581714.51,2.15180582,41.381991254
2020S000472    ,Eixample,la Nova Esquerra de l'Eixample,Calŕbria,Saturday,2020-01-18,Laboral,2020,1,January,18,Afternoon,21:00:00,Unknown,Car,Male,34,Driver,Unknown,Unknown,Unknown,Uninjured,429172.79,4581714.51,2.15180582,41.381991254
2020S000473    ,Ciutat Vella,la Barceloneta,Litoral (Llobregat),Monday,2020-01-20,Laboral,2020,1,January,20,Afternoon,18:00:00,Unknown,Car,Male,36,Driver,Unknown,Unknown,Leisure and entertainment,Minor injury: Hospitalization up to 24 hours,432191.59,4581803.96,2.1878961,41.383057145
2020S000473    ,Ciutat Vella,la Barceloneta,Litoral (Llobregat),Monday,2020-01-20,Laboral,2020,1,January,20,Afternoon,18:00:00,Unknown,Car,Female,52,Driver,Unknown,Unknown,Leisure and entertainment,Uninjured,432191.59,4581803.96,2.1878961,41.383057145
2020S000474    ,Sants-Montjuďc,la Marina del Prat Vermell,Motors,Monday,2020-01-20,Laboral,2020,1,January,20,Afternoon,19:00:00,Unknown,Motorcycle,Female,37,Driver,Unknown,Unknown,In transit (commuting),Minor injury: Hospitalization up to 24 hours,429059.21,4578465.7,2.15082786,41.352720232
2020S000474    ,Sants-Montjuďc,la Marina del Prat Vermell,Motors,Monday,2020-01-20,Laboral,2020,1,January,20,Afternoon,19:00:00,Unknown,Car,Male,22,Driver,Unknown,Unknown,Unknown,Uninjured,429059.21,4578465.7,2.15082786,41.352720232
2020S000475    ,Sant Martí,la Verneda i la Pau,Santander,Monday,2020-01-20,Laboral,2020,1,January,20,Afternoon,18:00:00,Unknown,Motorcycle,Male,40,Driver,Unknown,Unknown,Leisure and entertainment,Minor injury: Hospitalization up to 24 hours,433490.63,4586874.27,2.20287348,41.42883263
2020S000475    ,Sant Martí,la Verneda i la Pau,Santander,Monday,2020-01-20,Laboral,2020,1,January,20,Afternoon,18:00:00,Unknown,Car,Male,54,Driver,Unknown,Unknown,Taxi,Uninjured,433490.63,4586874.27,2.20287348,41.42883263
2020S000476    ,Eixample,la Dreta de l'Eixample,Corts Catalanes,Monday,2020-01-20,Laboral,2020,1,January,20,Afternoon,19:00:00,Desobeir el senyal del semŕfor,Motorcycle,Female,33,Driver,In crossing regulated by traffic lights,Unknown,Other activities,Uninjured,430692.29,4582621.69,2.16987285,41.390294357
2020S000476    ,Eixample,la Dreta de l'Eixample,Corts Catalanes,Monday,2020-01-20,Laboral,2020,1,January,20,Afternoon,19:00:00,Desobeir el senyal del semŕfor,Motorcycle,Female,44,Pedestrian,In crossing regulated by traffic lights,Other activities,Unknown,Minor injury: Medical assistance at accident site,430692.29,4582621.69,2.16987285,41.390294357
2020S000477    ,Eixample,Sant Antoni,Sepúlveda,Monday,2020-01-20,Laboral,2020,1,January,20,Afternoon,19:00:00,Unknown,Motorcycle,Male,52,Driver,Unknown,Unknown,In transit (commuting),Minor injury: Hospitalization up to 24 hours,429299.26,4581101.61,2.15338974,41.376482194
2020S000477    ,Eixample,Sant Antoni,Sepúlveda,Monday,2020-01-20,Laboral,2020,1,January,20,Afternoon,19:00:00,Unknown,Car,Male,56,Driver,Unknown,Unknown,Unknown,Uninjured,429299.26,4581101.61,2.15338974,41.376482194
2020S000478    ,Eixample,la Dreta de l'Eixample,Casp,Monday,2020-01-20,Laboral,2020,1,January,20,Afternoon,20:00:00,Unknown,Motorcycle,Male,40,Driver,Unknown,Unknown,Leisure and entertainment,Minor injury: Hospitalization up to 24 hours,431270.71,4582985.06,2.17674949,41.393616786
2020S000478    ,Eixample,la Dreta de l'Eixample,Casp,Monday,2020-01-20,Laboral,2020,1,January,20,Afternoon,20:00:00,Unknown,Bicicleta,Male,48,Driver,Unknown,Unknown,Leisure and entertainment,Uninjured,431270.71,4582985.06,2.17674949,41.393616786
2020S000479    ,Sant Andreu,la Sagrera,Josep Estivill,Monday,2020-01-20,Laboral,2020,1,January,20,Afternoon,20:00:00,Unknown,Furgoneta,Male,34,Driver,Unknown,Unknown,Unknown,Minor injury: Hospitalization up to 24 hours,432347.3,4585781.08,2.18931348,41.418891073
2020S000479    ,Sant Andreu,la Sagrera,Josep Estivill,Monday,2020-01-20,Laboral,2020,1,January,20,Afternoon,20:00:00,Unknown,Furgoneta,Male,41,Driver,Unknown,Unknown,Unknown,Uninjured,432347.3,4585781.08,2.18931348,41.418891073
2020S000480    ,Eixample,la Dreta de l'Eixample,Sant Joan,Monday,2020-01-20,Laboral,2020,1,January,20,Morning,08:00:00,Unknown,Car,Male,60,Driver,Unknown,Unknown,Unknown,Uninjured,430563.11,4583707.7,2.16820326,41.400064556
2020S000480    ,Eixample,la Dreta de l'Eixample,Sant Joan,Monday,2020-01-20,Laboral,2020,1,January,20,Morning,08:00:00,Unknown,Motorcycle,Female,45,Driver,Unknown,Unknown,Leisure and entertainment,Minor injury: Hospitalization up to 24 hours,430563.11,4583707.7,2.16820326,41.400064556
2020S000481    ,Eixample,la Nova Esquerra de l'Eixample,Calŕbria,Monday,2020-01-20,Laboral,2020,1,January,20,Night,22:00:00,Unknown,Bicicleta,Male,31,Driver,Unknown,Unknown,Unknown,Minor injury: Hospitalization up to 24 hours,429415.59,4581466.03,2.15473828,41.379774625
2020S000481    ,Eixample,la Nova Esquerra de l'Eixample,Calŕbria,Monday,2020-01-20,Laboral,2020,1,January,20,Night,22:00:00,Unknown,Car,Male,45,Driver,Unknown,Unknown,Taxi,Uninjured,429415.59,4581466.03,2.15473828,41.379774625
2020S000482    ,Eixample,la Nova Esquerra de l'Eixample,Corts Catalanes,Tuesday,2020-01-21,Laboral,2020,1,January,21,Night,00:00:00,Unknown,Motorcycle,Female,52,Driver,Unknown,Unknown,Leisure and entertainment,Minor injury: Hospitalization up to 24 hours,429507.09,4581534.56,2.15582447,41.380399879
2020S000482    ,Eixample,la Nova Esquerra de l'Eixample,Corts Catalanes,Tuesday,2020-01-21,Laboral,2020,1,January,21,Night,00:00:00,Unknown,Car,Female,53,Driver,Unknown,Unknown,Unknown,Uninjured,429507.09,4581534.56,2.15582447,41.380399879
2020S000483    ,Sants-Montjuďc,la Bordeta,Gavŕ,Tuesday,2020-01-21,Laboral,2020,1,January,21,Morning,06:00:00,Unknown,Car,Male,54,Driver,In crossing regulated by traffic lights,Unknown,In transit (commuting),Uninjured,428079.92,4580437.13,2.13888851,41.370389344
2020S000483    ,Sants-Montjuďc,la Bordeta,Gavŕ,Tuesday,2020-01-21,Laboral,2020,1,January,21,Morning,06:00:00,Unknown,Car,Female,67,Pedestrian,In crossing regulated by traffic lights,Other activities,Unknown,Minor injury: Hospitalization up to 24 hours,428079.92,4580437.13,2.13888851,41.370389344
2020S000484    ,Nou Barris,Porta,Verdum,Tuesday,2020-01-21,Laboral,2020,1,January,21,Morning,08:00:00,Unknown,Motorcycle,Female,59,Pedestrian,In crossing regulated by traffic lights,Unknown,Unknown,Minor injury: Hospitalization up to 24 hours,431054.56,4587796.31,2.17361556,41.436931586
2020S000484    ,Nou Barris,Porta,Verdum,Tuesday,2020-01-21,Laboral,2020,1,January,21,Morning,08:00:00,Unknown,Motorcycle,Male,54,Driver,In crossing regulated by traffic lights,Unknown,In transit (commuting),Uninjured,431054.56,4587796.31,2.17361556,41.436931586
2020S000485    ,Grŕcia,el Coll,Santuari,Tuesday,2020-01-21,Laboral,2020,1,January,21,Morning,08:00:00,Creuar per fora pas de vianants,Motorcycle,Male,13,Pedestrian,Outside the crossing,Student heading to educational center,Unknown,Minor injury: Hospitalization up to 24 hours,429154.49,4585949.67,2.15109109,41.420134178
2020S000485    ,Grŕcia,el Coll,Santuari,Tuesday,2020-01-21,Laboral,2020,1,January,21,Morning,08:00:00,Creuar per fora pas de vianants,Motorcycle,Male,49,Driver,Outside the crossing,Unknown,Unknown,Uninjured,429154.49,4585949.67,2.15109109,41.420134178
2020S000486    ,Eixample,la Nova Esquerra de l'Eixample,Aragó,Tuesday,2020-01-21,Laboral,2020,1,January,21,Morning,10:00:00,Unknown,Car,Male,32,Driver,Unknown,Unknown,On a mission,Uninjured,429175.89,4581770.69,2.15183632,41.382497521
2020S000486    ,Eixample,la Nova Esquerra de l'Eixample,Aragó,Tuesday,2020-01-21,Laboral,2020,1,January,21,Morning,10:00:00,Unknown,Motorcycle,Male,37,Driver,Unknown,Unknown,On a mission,Minor injury: Hospitalization up to 24 hours,429175.89,4581770.69,2.15183632,41.382497521
2020S000487    ,Sant Martí,la Vila Olímpica del Poblenou,Litoral (Llobregat),Tuesday,2020-01-21,Laboral,2020,1,January,21,Morning,08:00:00,Unknown,Furgoneta,Male,36,Driver,Unknown,Unknown,Unknown,Minor injury: Medical assistance at accident site,433114.82,4582556.54,2.19885363,41.389912785
2020S000487    ,Sant Martí,la Vila Olímpica del Poblenou,Litoral (Llobregat),Tuesday,2020-01-21,Laboral,2020,1,January,21,Morning,08:00:00,Unknown,Car,Female,53,Driver,Unknown,Unknown,Unknown,Uninjured,433114.82,4582556.54,2.19885363,41.389912785
2020S000487    ,Sant Martí,la Vila Olímpica del Poblenou,Litoral (Llobregat),Tuesday,2020-01-21,Laboral,2020,1,January,21,Morning,08:00:00,Unknown,Furgoneta,Male,34,Driver,Unknown,Unknown,Unknown,Uninjured,433114.82,4582556.54,2.19885363,41.389912785
2020S000488    ,Sants-Montjuďc,la Bordeta,Blanca,Tuesday,2020-01-21,Laboral,2020,1,January,21,Morning,10:00:00,Unknown,Taxi,Male,47,Driver,Unknown,Unknown,Taxi,Uninjured,427457.57,4580233.48,2.13147193,41.368499262
2020S000488    ,Sants-Montjuďc,la Bordeta,Blanca,Tuesday,2020-01-21,Laboral,2020,1,January,21,Morning,10:00:00,Unknown,Ciclomotor,Female,29,Driver,Unknown,Unknown,In transit (commuting),Minor injury: Hospitalization up to 24 hours,427457.57,4580233.48,2.13147193,41.368499262
2020S000489    ,Eixample,la Sagrada Família,Sardenya,Tuesday,2020-01-21,Laboral,2020,1,January,21,Morning,12:00:00,Unknown,Furgoneta,Male,30,Driver,Unknown,Unknown,In transit (commuting),Uninjured,430933.49,4584120.82,2.1725865,41.403817315
2020S000489    ,Eixample,la Sagrada Família,Sardenya,Tuesday,2020-01-21,Laboral,2020,1,January,21,Morning,12:00:00,Unknown,Motorcycle,Male,48,Driver,Unknown,Unknown,In transit (commuting),Minor injury: Hospitalization up to 24 hours,430933.49,4584120.82,2.1725865,41.403817315
2020S000490    ,Eixample,l'Antiga Esquerra de l'Eixample,Aragó,Tuesday,2020-01-21,Laboral,2020,1,January,21,Morning,12:00:00,Unknown,Car,Male,37,Driver,Unknown,Unknown,Unknown,Uninjured,429913.68,4582500.34,2.16057475,41.389133891
2020S000490    ,Eixample,l'Antiga Esquerra de l'Eixample,Aragó,Tuesday,2020-01-21,Laboral,2020,1,January,21,Morning,12:00:00,Unknown,Ciclomotor,Female,24,Driver,Unknown,Unknown,Unknown,Minor injury: Hospitalization up to 24 hours,429913.68,4582500.34,2.16057475,41.389133891
2020S000491    ,Eixample,l'Antiga Esquerra de l'Eixample,Aragó,Tuesday,2020-01-21,Laboral,2020,1,January,21,Afternoon,15:00:00,Unknown,Car,Male,34,Driver,Unknown,Unknown,Leisure and entertainment,Uninjured,429817.13,4582361.22,2.15943616,41.387872459
2020S000491    ,Eixample,l'Antiga Esquerra de l'Eixample,Aragó,Tuesday,2020-01-21,Laboral,2020,1,January,21,Afternoon,15:00:00,Unknown,Motorcycle,Male,43,Driver,Unknown,Unknown,Leisure and entertainment,Minor injury: Hospitalization up to 24 hours,429817.13,4582361.22,2.15943616,41.387872459