Case_Number,District_Name,Neighborhood_Name,Street_Name,Day_of_Week,Date,Day_Type_Description,Year,Month_of_Year,Month_Name,Day_of_Month,Shift_Description,Hour_of_Day,Pedestrian_Cause_Description,Involved_Vehicle_Type_Description,Gender_Description,Age,Person_Type_Description,Pedestrian_Accident_Location_Description,Pedestrian_Movement_Reason_Description,Driver_Movement_Reason_Description,Victimization_Description,Coordenada_UTM_X,Coordenada_UTM_Y,Longitud,Latitud
2020S000537    ,Eixample,la Nova Esquerra de l'Eixample,Viladomat,Thursday,2020-01-23,Laboral,2020,1,January,23,Morning,11:00:00,Unknown,Motorcycle,Male,25,Driver,Unknown,Unknown,Unknown,Minor injury: Medical assistance at accident site,429043.22,4582037.56,2.15021852,41.384889432
2020S000538    ,Eixample,la Nova Esquerra de l'Eixample,Calŕbria,Thursday,2020-01-23,Laboral,2020,1,January,23,Afternoon,14:00:00,Unknown,Car,Male,65,Driver,Unknown,Unknown,Taxi,Uninjured,428978.45,4581907.07,2.14945924,41.383708435
2020S000538    ,Eixample,la Nova Esquerra de l'Eixample,Calŕbria,Thursday,2020-01-23,Laboral,2020,1,January,23,Afternoon,14:00:00,Unknown,Motorcycle,Female,59,Driver,Unknown,Unknown,Unknown,Minor injury: Hospitalization up to 24 hours,428978.45,4581907.07,2.14945924,41.383708435
2020S000539    ,Sants-Montjuďc,Hostafrancs,Espanya,Thursday,2020-01-23,Laboral,2020,1,January,23,Afternoon,15:00:00,Unknown,Car,Male,38,Driver,Unknown,Unknown,On a mission,Uninjured,428856.77,4580938.01,2.14811793,41.374969684
2020S000539    ,Sants-Montjuďc,Hostafrancs,Espanya,Thursday,2020-01-23,Laboral,2020,1,January,23,Afternoon,15:00:00,Unknown,Motorcycle,Male,56,Driver,Unknown,Unknown,In transit (commuting),Minor injury: Medical assistance at accident site,428856.77,4580938.01,2.14811793,41.374969684
2020S000540    ,Sants-Montjuďc,el Poble-sec,Doctor Font i Quer,Thursday,2020-01-23,Laboral,2020,1,January,23,Afternoon,14:00:00,Unknown,"Camió rígid > 3,5 tones",Male,53,Driver,Unknown,Unknown,Cleaning or garbage collection service,Uninjured,430050.27,4580062.26,2.16248987,41.367186743
2020S000540    ,Sants-Montjuďc,el Poble-sec,Doctor Font i Quer,Thursday,2020-01-23,Laboral,2020,1,January,23,Afternoon,14:00:00,Unknown,Motorcycle,Male,36,Driver,Unknown,Unknown,In transit (commuting),Minor injury: Hospitalization up to 24 hours,430050.27,4580062.26,2.16248987,41.367186743
2020S000541    ,Ciutat Vella,"Sant Pere, Santa Caterina i la Ribera",Palau,Thursday,2020-01-23,Laboral,2020,1,January,23,Afternoon,16:00:00,Unknown,Autobús articulat,Male,38,Driver,Unknown,Unknown,Urban bus,Uninjured,431825.41,4581774.82,2.18352034,41.382763725
2020S000541    ,Ciutat Vella,"Sant Pere, Santa Caterina i la Ribera",Palau,Thursday,2020-01-23,Laboral,2020,1,January,23,Afternoon,16:00:00,Unknown,Car,Female,25,Passenger,Unknown,Unknown,Unknown,Minor injury: Hospitalization up to 24 hours,431825.41,4581774.82,2.18352034,41.382763725
2020S000541    ,Ciutat Vella,"Sant Pere, Santa Caterina i la Ribera",Palau,Thursday,2020-01-23,Laboral,2020,1,January,23,Afternoon,16:00:00,Unknown,Car,Male,29,Driver,Unknown,Unknown,Leisure and entertainment,Minor injury: Hospitalization up to 24 hours,431825.41,4581774.82,2.18352034,41.382763725
2020S000542    ,Eixample,el Fort Pienc,Corts Catalanes,Thursday,2020-01-23,Laboral,2020,1,January,23,Afternoon,16:00:00,Unknown,Motorcycle,Female,34,Driver,Unknown,Unknown,Leisure and entertainment,Minor injury: Hospitalization up to 24 hours,431857.14,4583752.58,2.18367714,41.400579551
2020S000542    ,Eixample,el Fort Pienc,Corts Catalanes,Thursday,2020-01-23,Laboral,2020,1,January,23,Afternoon,16:00:00,Unknown,Car,Male,49,Driver,Unknown,Unknown,Leisure and entertainment,Uninjured,431857.14,4583752.58,2.18367714,41.400579551
2020S000543    ,Sant Andreu,Navas,Sant Antoni Maria Claret,Thursday,2020-01-23,Laboral,2020,1,January,23,Afternoon,14:00:00,Unknown,Car,Male,47,Driver,Unknown,Unknown,In transit (commuting),Uninjured,432069.07,4585865.11,2.18597494,41.419624417
2020S000543    ,Sant Andreu,Navas,Sant Antoni Maria Claret,Thursday,2020-01-23,Laboral,2020,1,January,23,Afternoon,14:00:00,Unknown,Veh. mobilitat personal amb motor,Female,50,Driver,Unknown,Unknown,Leisure and entertainment,Minor injury: Hospitalization up to 24 hours,432069.07,4585865.11,2.18597494,41.419624417
2020S000544    ,Sants-Montjuďc,Hostafrancs,Corts Catalanes,Thursday,2020-01-23,Laboral,2020,1,January,23,Afternoon,16:00:00,Unknown,Motorcycle,Male,39,Driver,Unknown,Unknown,Unknown,Minor injury: Hospitalization up to 24 hours,428831.97,4580872.86,2.14782904,41.374380705
2020S000544    ,Sants-Montjuďc,Hostafrancs,Corts Catalanes,Thursday,2020-01-23,Laboral,2020,1,January,23,Afternoon,16:00:00,Unknown,Car,Male,29,Driver,Unknown,Unknown,Unknown,Uninjured,428831.97,4580872.86,2.14782904,41.374380705
2020S000545    ,Eixample,la Nova Esquerra de l'Eixample,Diputació,Thursday,2020-01-23,Laboral,2020,1,January,23,Afternoon,20:00:00,Unknown,Car,Male,52,Driver,Unknown,Unknown,Taxi,Uninjured,429335.08,4581522.09,2.153769,41.380272469
2020S000545    ,Eixample,la Nova Esquerra de l'Eixample,Diputació,Thursday,2020-01-23,Laboral,2020,1,January,23,Afternoon,20:00:00,Unknown,Veh. mobilitat personal amb motor,Male,20,Driver,Unknown,Unknown,Leisure and entertainment,Minor injury: Hospitalization up to 24 hours,429335.08,4581522.09,2.153769,41.380272469
2020S000546    ,Eixample,la Dreta de l'Eixample,Pau Claris,Thursday,2020-01-23,Laboral,2020,1,January,23,Afternoon,18:00:00,Unknown,Car,Male,31,Driver,Unknown,Unknown,Unknown,Uninjured,430023.06,4583354.89,2.16178411,41.39684007
2020S000546    ,Eixample,la Dreta de l'Eixample,Pau Claris,Thursday,2020-01-23,Laboral,2020,1,January,23,Afternoon,18:00:00,Unknown,Motorcycle,Female,25,Driver,Unknown,Unknown,Unknown,Minor injury: Hospitalization up to 24 hours,430023.06,4583354.89,2.16178411,41.39684007
2020S000547    ,Nou Barris,la Guineueta,Verdum,Thursday,2020-01-23,Laboral,2020,1,January,23,Afternoon,19:00:00,Unknown,Car,Female,43,Driver,Unknown,Unknown,Leisure and entertainment,Uninjured,431070.11,4587867.17,2.17379359,41.437571131
2020S000547    ,Nou Barris,la Guineueta,Verdum,Thursday,2020-01-23,Laboral,2020,1,January,23,Afternoon,19:00:00,Unknown,Motorcycle,Male,34,Driver,Unknown,Unknown,Leisure and entertainment,Minor injury: Hospitalization up to 24 hours,431070.11,4587867.17,2.17379359,41.437571131
2020S000548    ,Sarriŕ-Sant Gervasi,el Putxet i el Farró,Sant Eusebi,Thursday,2020-01-23,Laboral,2020,1,January,23,Afternoon,20:00:00,Unknown,Motorcycle,Male,62,Driver,Unknown,Unknown,Unknown,Minor injury: Hospitalization up to 24 hours,429079.33,4583963.45,2.1504247,41.402238423
2020S000548    ,Sarriŕ-Sant Gervasi,el Putxet i el Farró,Sant Eusebi,Thursday,2020-01-23,Laboral,2020,1,January,23,Afternoon,20:00:00,Unknown,Motorcycle,Female,27,Driver,Unknown,Unknown,Unknown,Minor injury: Medical assistance at accident site,429079.33,4583963.45,2.1504247,41.402238423
2020S000549    ,Sants-Montjuďc,el Poble-sec,Estadi,Thursday,2020-01-23,Laboral,2020,1,January,23,Afternoon,20:00:00,Unknown,Maquinŕria d'obres i serveis,Male,33,Driver,Unknown,Unknown,Cleaning or garbage collection service,Uninjured,429633.52,4579990.38,2.15751567,41.366502999
2020S000550    ,Eixample,la Sagrada Família,Cartagena,Thursday,2020-01-23,Laboral,2020,1,January,23,Afternoon,18:00:00,Unknown,Car,Female,28,Pedestrian,In crossing regulated by traffic lights,Unknown,Unknown,Uninjured,431540.25,4584487.06,2.17980342,41.407167853
2020S000550    ,Eixample,la Sagrada Família,Cartagena,Thursday,2020-01-23,Laboral,2020,1,January,23,Afternoon,18:00:00,Unknown,Car,Male,11,Pedestrian,In crossing regulated by traffic lights,Unknown,Unknown,Minor injury: Hospitalization up to 24 hours,431540.25,4584487.06,2.17980342,41.407167853
2020S000550    ,Eixample,la Sagrada Família,Cartagena,Thursday,2020-01-23,Laboral,2020,1,January,23,Afternoon,18:00:00,Unknown,Car,Male,42,Driver,In crossing regulated by traffic lights,Unknown,Unknown,Uninjured,431540.25,4584487.06,2.17980342,41.407167853
2020S000551    ,Les Corts,la Maternitat i Sant Ramon,Doctor Marańón,Friday,2020-01-24,Laboral,2020,1,January,24,Night,00:00:00,Unknown,Bicicleta,Male,30,Driver,Unknown,Unknown,Unknown,Minor injury: Hospitalization up to 24 hours,425858.97,4581923.93,2.11215246,41.383578703
2020S000551    ,Les Corts,la Maternitat i Sant Ramon,Doctor Marańón,Friday,2020-01-24,Laboral,2020,1,January,24,Night,00:00:00,Unknown,Car,Female,35,Driver,Unknown,Unknown,Unknown,Uninjured,425858.97,4581923.93,2.11215246,41.383578703
2020S000552    ,Sant Andreu,Sant Andreu,Meridiana,Friday,2020-01-24,Laboral,2020,1,January,24,Morning,09:00:00,Unknown,Car,Female,26,Driver,Unknown,Unknown,Unknown,Uninjured,431903.19,4587439.25,2.18381271,41.433788125
2020S000552    ,Sant Andreu,Sant Andreu,Meridiana,Friday,2020-01-24,Laboral,2020,1,January,24,Morning,09:00:00,Unknown,Motorcycle,Male,42,Driver,Unknown,Unknown,Other activities,Minor injury: Hospitalization up to 24 hours,431903.19,4587439.25,2.18381271,41.433788125
2020S000553    ,Nou Barris,la Guineueta,Caçador,Friday,2020-01-24,Laboral,2020,1,January,24,Morning,08:00:00,Unknown,Car,Male,33,Driver,In an unregulated crossing,Unknown,Other activities,Uninjured,430944.47,4588095.81,2.1722637,41.439619605
2020S000553    ,Nou Barris,la Guineueta,Caçador,Friday,2020-01-24,Laboral,2020,1,January,24,Morning,08:00:00,Unknown,Car,Female,44,Pedestrian,In an unregulated crossing,In transit (commuting),Unknown,Minor injury: Refused medical assistance,430944.47,4588095.81,2.1722637,41.439619605
2020S000554    ,Horta-Guinardó,el Guinardó,Guinardó,Friday,2020-01-24,Laboral,2020,1,January,24,Morning,08:00:00,Unknown,Car,Male,42,Driver,Unknown,Unknown,In transit (commuting),Uninjured,430824.52,4585297.18,2.1711484,41.414403023
2020S000554    ,Horta-Guinardó,el Guinardó,Guinardó,Friday,2020-01-24,Laboral,2020,1,January,24,Morning,08:00:00,Unknown,Motorcycle,Female,26,Driver,Unknown,Unknown,In transit (commuting),Minor injury: Hospitalization up to 24 hours,430824.52,4585297.18,2.1711484,41.414403023
2020S000555    ,Eixample,la Nova Esquerra de l'Eixample,Consell de Cent,Friday,2020-01-24,Laboral,2020,1,January,24,Morning,10:00:00,Unknown,Motorcycle,Male,53,Driver,Unknown,Unknown,Unknown,Minor injury: Hospitalization up to 24 hours,429337.61,4581711.91,2.15377711,41.381982337
2020S000556    ,Eixample,la Dreta de l'Eixample,Aragó,Friday,2020-01-24,Laboral,2020,1,January,24,Morning,11:00:00,Unknown,Bicicleta,Male,51,Driver,Unknown,Unknown,On a mission,Minor injury: Medical assistance at accident site,430023.71,4582612.51,2.16187771,41.390153755
2020S000556    ,Eixample,la Dreta de l'Eixample,Aragó,Friday,2020-01-24,Laboral,2020,1,January,24,Morning,11:00:00,Unknown,Furgoneta,Male,57,Driver,Unknown,Unknown,Unknown,Uninjured,430023.71,4582612.51,2.16187771,41.390153755
2020S000557    ,Eixample,l'Antiga Esquerra de l'Eixample,Corts Catalanes,Friday,2020-01-24,Laboral,2020,1,January,24,Morning,09:00:00,Unknown,Car,Male,49,Driver,Unknown,Unknown,On a mission,Uninjured,429790.86,4581812.21,2.15918564,41.38292541
2020S000557    ,Eixample,l'Antiga Esquerra de l'Eixample,Corts Catalanes,Friday,2020-01-24,Laboral,2020,1,January,24,Morning,09:00:00,Unknown,Motorcycle,Male,54,Driver,Unknown,Unknown,In transit (commuting),Minor injury: Medical assistance at accident site,429790.86,4581812.21,2.15918564,41.38292541
2020S000558    ,Nou Barris,les Roquetes,Almansa,Friday,2020-01-24,Laboral,2020,1,January,24,Morning,11:00:00,Unknown,Car,Female,42,Driver,Unknown,Unknown,Unknown,Uninjured,431101.82,4588664.31,2.17408215,41.444753394
2020S000558    ,Nou Barris,les Roquetes,Almansa,Friday,2020-01-24,Laboral,2020,1,January,24,Morning,11:00:00,Unknown,Motorcycle,Male,36,Driver,Unknown,Unknown,Other activities,Minor injury: Hospitalization up to 24 hours,431101.82,4588664.31,2.17408215,41.444753394
2020S000559    ,Eixample,la Dreta de l'Eixample,Pau Claris,Friday,2020-01-24,Laboral,2020,1,January,24,Morning,11:00:00,Unknown,Car,Female,26,Driver,Unknown,Unknown,In transit (commuting),Uninjured,430097.03,4583249.82,2.16268101,41.395900176
2020S000559    ,Eixample,la Dreta de l'Eixample,Pau Claris,Friday,2020-01-24,Laboral,2020,1,January,24,Morning,11:00:00,Unknown,Motorcycle,Male,58,Driver,Unknown,Unknown,Unknown,Minor injury: Hospitalization up to 24 hours,430097.03,4583249.82,2.16268101,41.395900176
2020S000560    ,Sant Martí,la Vila Olímpica del Poblenou,Doctor Trueta,Friday,2020-01-24,Laboral,2020,1,January,24,Morning,13:00:00,Unknown,Furgoneta,Male,38,Driver,Unknown,Unknown,Unknown,Minor injury: Medical assistance at accident site,433011.45,4583010.25,2.19756711,41.393990631
2020S000560    ,Sant Martí,la Vila Olímpica del Poblenou,Doctor Trueta,Friday,2020-01-24,Laboral,2020,1,January,24,Morning,13:00:00,Unknown,Car,Male,29,Driver,Unknown,Unknown,Taxi,Uninjured,433011.45,4583010.25,2.19756711,41.393990631
2020S000561    ,Sants-Montjuďc,Sants,Mig (Ascendent),Friday,2020-01-24,Laboral,2020,1,January,24,Morning,12:00:00,Unknown,Bicicleta,Male,20,Driver,Unknown,Unknown,On a mission,Minor injury: Medical assistance at accident site,427383.94,4581025.99,2.13049665,41.375630464
2020S000561    ,Sants-Montjuďc,Sants,Mig (Ascendent),Friday,2020-01-24,Laboral,2020,1,January,24,Morning,12:00:00,Unknown,Taxi,Male,54,Driver,Unknown,Unknown,Taxi,Uninjured,427383.94,4581025.99,2.13049665,41.375630464
2020S000562    ,Eixample,la Sagrada Família,Gaudí,Friday,2020-01-24,Laboral,2020,1,January,24,Morning,11:00:00,Unknown,Car,Male,29,Driver,Unknown,Unknown,Unknown,Uninjured,431062.98,4584751.97,2.17406359,41.409513
2020S000562    ,Eixample,la Sagrada Família,Gaudí,Friday,2020-01-24,Laboral,2020,1,January,24,Morning,11:00:00,Unknown,Motorcycle,Female,37,Driver,Unknown,Unknown,Unknown,Minor injury: Hospitalization up to 24 hours,431062.98,4584751.97,2.17406359,41.409513
2020S000563    ,Eixample,la Nova Esquerra de l'Eixample,Corts Catalanes,Friday,2020-01-24,Laboral,2020,1,January,24,Afternoon,15:00:00,Unknown,Motorcycle,Male,65,Driver,Unknown,Unknown,On a mission,Minor injury: Hospitalization up to 24 hours,429321.55,4581357.42,2.15362643,41.378788151
2020S000563    ,Eixample,la Nova Esquerra de l'Eixample,Corts Catalanes,Friday,2020-01-24,Laboral,2020,1,January,24,Afternoon,15:00:00,Unknown,Car,Female,42,Driver,Unknown,Unknown,On a mission,Uninjured,429321.55,4581357.42,2.15362643,41.378788151
2020S000564    ,Sarriŕ-Sant Gervasi,Sant Gervasi - la Bonanova,Dalt (Llobregat),Friday,2020-01-24,Laboral,2020,1,January,24,Afternoon,14:00:00,Unknown,Furgoneta,Male,45,Driver,Unknown,Unknown,On a mission,Uninjured,427295.29,4585080.34,2.12894964,41.412138336
2020S000564    ,Sarriŕ-Sant Gervasi,Sant Gervasi - la Bonanova,Dalt (Llobregat),Friday,2020-01-24,Laboral,2020,1,January,24,Afternoon,14:00:00,Unknown,Motorcycle,Female,27,Driver,Unknown,Unknown,Unknown,Minor injury: Hospitalization up to 24 hours,427295.29,4585080.34,2.12894964,41.412138336
2020S000565    ,Eixample,l'Antiga Esquerra de l'Eixample,Muntaner,Friday,2020-01-24,Laboral,2020,1,January,24,Afternoon,16:00:00,Unknown,Autobús,Male,8,Passenger,Unknown,Unknown,Unknown,Minor injury: Medical assistance at accident site,429307.59,4582724.86,2.15329986,41.391102996
2020S000565    ,Eixample,l'Antiga Esquerra de l'Eixample,Muntaner,Friday,2020-01-24,Laboral,2020,1,January,24,Afternoon,16:00:00,Unknown,Autobús,Male,40,Passenger,Unknown,Unknown,Unknown,Uninjured,429307.59,4582724.86,2.15329986,41.391102996
2020S000565    ,Eixample,l'Antiga Esquerra de l'Eixample,Muntaner,Friday,2020-01-24,Laboral,2020,1,January,24,Afternoon,16:00:00,Unknown,Autobús,Male,43,Driver,Unknown,Unknown,Urban bus,Uninjured,429307.59,4582724.86,2.15329986,41.391102996
2020S000566    ,Sant Martí,el Parc i la Llacuna del Poblenou,Diagonal,Friday,2020-01-24,Laboral,2020,1,January,24,Afternoon,16:00:00,Unknown,Bicicleta,Male,36,Driver,Unknown,Unknown,Leisure and entertainment,Minor injury: Medical assistance at accident site,432427.47,4584120.46,2.1904583,41.403941105
2020S000566    ,Sant Martí,el Parc i la Llacuna del Poblenou,Diagonal,Friday,2020-01-24,Laboral,2020,1,January,24,Afternoon,16:00:00,Unknown,Bicicleta,Male,32,Driver,Unknown,Unknown,Leisure and entertainment,Minor injury: Medical assistance at accident site,432427.47,4584120.46,2.1904583,41.403941105
2020S000567    ,Sant Martí,el Poblenou,Ciutat de Granada,Friday,2020-01-24,Laboral,2020,1,January,24,Afternoon,19:00:00,Others,Motorcycle,Male,57,Driver,Outside the crossing,Unknown,Leisure and entertainment,Minor injury: Medical assistance at accident site,433017.85,4583519.98,2.19758724,41.398582174
2020S000567    ,Sant Martí,el Poblenou,Ciutat de Granada,Friday,2020-01-24,Laboral,2020,1,January,24,Afternoon,19:00:00,Others,Motorcycle,Female,30,Pedestrian,Outside the crossing,Leisure and entertainment,Unknown,Uninjured,433017.85,4583519.98,2.19758724,41.398582174
2020S000568    ,Sant Martí,el Camp de l'Arpa del Clot,Meridiana,Friday,2020-01-24,Laboral,2020,1,January,24,Afternoon,20:00:00,Unknown,Veh. mobilitat personal amb motor,Male,19,Driver,Unknown,Unknown,Leisure and entertainment,Minor injury: Medical assistance at accident site,432102.62,4585012.01,2.18647218,41.411943646
2020S000568    ,Sant Martí,el Camp de l'Arpa del Clot,Meridiana,Friday,2020-01-24,Laboral,2020,1,January,24,Afternoon,20:00:00,Unknown,Ciclomotor,Male,21,Driver,Unknown,Unknown,Leisure and entertainment,Minor injury: Hospitalization up to 24 hours,432102.62,4585012.01,2.18647218,41.411943646
2020S000569    ,Ciutat Vella,la Barceloneta,Litoral (Besňs),Friday,2020-01-24,Laboral,2020,1,January,24,Afternoon,15:00:00,Unknown,Car,Male,0,Passenger,Unknown,Unknown,Unknown,Minor injury: Hospitalization up to 24 hours,432352.3,4581878.93,2.18980961,41.383745918
2020S000569    ,Ciutat Vella,la Barceloneta,Litoral (Besňs),Friday,2020-01-24,Laboral,2020,1,January,24,Afternoon,15:00:00,Unknown,Car,Male,29,Driver,Unknown,Unknown,Unknown,Minor injury: Medical assistance at accident site,432352.3,4581878.93,2.18980961,41.383745918
2020S000569    ,Ciutat Vella,la Barceloneta,Litoral (Besňs),Friday,2020-01-24,Laboral,2020,1,January,24,Afternoon,15:00:00,Unknown,Car,Male,46,Driver,Unknown,Unknown,Unknown,Minor injury: Medical assistance at accident site,432352.3,4581878.93,2.18980961,41.383745918
2020S000569    ,Ciutat Vella,la Barceloneta,Litoral (Besňs),Friday,2020-01-24,Laboral,2020,1,January,24,Afternoon,15:00:00,Unknown,Car,Female,24,Passenger,Unknown,Unknown,Unknown,Minor injury: Hospitalization up to 24 hours,432352.3,4581878.93,2.18980961,41.383745918
2020S000570    ,Horta-Guinardó,la Teixonera,Vall d'Hebron,Friday,2020-01-24,Laboral,2020,1,January,24,Afternoon,20:00:00,Unknown,Car,Male,54,Driver,Unknown,Unknown,Leisure and entertainment,Uninjured,428321.5,4586127.86,2.14110291,41.421665141
2020S000570    ,Horta-Guinardó,la Teixonera,Vall d'Hebron,Friday,2020-01-24,Laboral,2020,1,January,24,Afternoon,20:00:00,Unknown,Motorcycle,Female,28,Driver,Unknown,Unknown,Leisure and entertainment,Minor injury: Medical assistance at accident site,428321.5,4586127.86,2.14110291,41.421665141
2020S000571    ,Eixample,la Sagrada Família,Cňrsega,Friday,2020-01-24,Laboral,2020,1,January,24,Night,22:00:00,Unknown,Car,Female,40,Driver,Unknown,Unknown,Unknown,Uninjured,431059.87,4584556.42,2.17404868,41.407751478
2020S000571    ,Eixample,la Sagrada Família,Cňrsega,Friday,2020-01-24,Laboral,2020,1,January,24,Night,22:00:00,Unknown,Motorcycle,Male,55,Driver,Unknown,Unknown,In transit (commuting),Minor injury: Hospitalization up to 24 hours,431059.87,4584556.42,2.17404868,41.407751478
2020S000572    ,Horta-Guinardó,Horta,Llobregós,Friday,2020-01-24,Laboral,2020,1,January,24,Afternoon,20:00:00,Unknown,Autobús,Male,10,Passenger,Unknown,Unknown,Unknown,Minor injury: Refused medical assistance,429935.37,4586658.66,2.16035245,41.426588293
2020S000572    ,Horta-Guinardó,Horta,Llobregós,Friday,2020-01-24,Laboral,2020,1,January,24,Afternoon,20:00:00,Unknown,Autobús,Female,82,Passenger,Unknown,Unknown,Unknown,Minor injury: Hospitalization up to 24 hours,429935.37,4586658.66,2.16035245,41.426588293
2020S000572    ,Horta-Guinardó,Horta,Llobregós,Friday,2020-01-24,Laboral,2020,1,January,24,Afternoon,20:00:00,Unknown,Autobús,Male,48,Driver,Unknown,Unknown,Urban bus,Uninjured,429935.37,4586658.66,2.16035245,41.426588293
2020S000572    ,Horta-Guinardó,Horta,Llobregós,Friday,2020-01-24,Laboral,2020,1,January,24,Afternoon,20:00:00,Unknown,Autobús,Female,39,Passenger,Unknown,Unknown,Unknown,Uninjured,429935.37,4586658.66,2.16035245,41.426588293
2020S000572    ,Horta-Guinardó,Horta,Llobregós,Friday,2020-01-24,Laboral,2020,1,January,24,Afternoon,20:00:00,Unknown,Car,Female,35,Driver,Unknown,Unknown,Leisure and entertainment,Uninjured,429935.37,4586658.66,2.16035245,41.426588293
2020S000573    ,Sarriŕ-Sant Gervasi,les Tres Torres,Mig (Descendent),Friday,2020-01-24,Laboral,2020,1,January,24,Afternoon,21:00:00,Unknown,Motorcycle,Female,25,Passenger,Unknown,Unknown,Unknown,Minor injury: Medical assistance at accident site,427707.3,4583220.56,2.13410112,41.395425248
2020S000573    ,Sarriŕ-Sant Gervasi,les Tres Torres,Mig (Descendent),Friday,2020-01-24,Laboral,2020,1,January,24,Afternoon,21:00:00,Unknown,Motorcycle,Male,24,Driver,Unknown,Unknown,Other activities,Minor injury: Medical assistance at accident site,427707.3,4583220.56,2.13410112,41.395425248
2020S000574    ,Nou Barris,la Guineueta,Valldaura,Saturday,2020-01-25,Laboral,2020,1,January,25,Night,00:00:00,Unknown,Furgoneta,Male,34,Driver,In crossing regulated by traffic lights,Unknown,Taxi,Uninjured,430422.9,4588088.04,2.1660219,41.439504571
2020S000574    ,Nou Barris,la Guineueta,Valldaura,Saturday,2020-01-25,Laboral,2020,1,January,25,Night,00:00:00,Unknown,Furgoneta,Female,39,Pedestrian,In crossing regulated by traffic lights,Unknown,Unknown,Minor injury: Hospitalization up to 24 hours,430422.9,4588088.04,2.1660219,41.439504571
2020S000575    ,Sant Martí,el Camp de l'Arpa del Clot,Maragall,Saturday,2020-01-25,Laboral,2020,1,January,25,Night,01:00:00,Unknown,Motorcycle,Female,27,Passenger,Unknown,Unknown,Unknown,Minor injury: Hospitalization up to 24 hours,431615.55,4585319.72,2.18061008,41.414673773
2020S000575    ,Sant Martí,el Camp de l'Arpa del Clot,Maragall,Saturday,2020-01-25,Laboral,2020,1,January,25,Night,01:00:00,Unknown,Bicicleta,Male,32,Driver,Unknown,Unknown,Unknown,Uninjured,431615.55,4585319.72,2.18061008,41.414673773
2020S000575    ,Sant Martí,el Camp de l'Arpa del Clot,Maragall,Saturday,2020-01-25,Laboral,2020,1,January,25,Night,01:00:00,Unknown,Motorcycle,Male,23,Driver,Unknown,Unknown,Unknown,Minor injury: Hospitalization up to 24 hours,431615.55,4585319.72,2.18061008,41.414673773
2020S000576    ,Les Corts,les Corts,Numŕncia,Saturday,2020-01-25,Laboral,2020,1,January,25,Night,03:00:00,Unknown,Car,Male,49,Driver,Unknown,Unknown,Unknown,Uninjured,427625.55,4582476.14,2.13321233,41.388713193
2020S000577    ,Sants-Montjuďc,la Marina del Prat Vermell,Longitudinal 5,Saturday,2020-01-25,Laboral,2020,1,January,25,Night,01:00:00,Unknown,Car,Male,39,Passenger,Unknown,Unknown,Unknown,Minor injury: Hospitalization up to 24 hours,426337.77,4575893.17,2.11861079,41.329305911
2020S000577    ,Sants-Montjuďc,la Marina del Prat Vermell,Longitudinal 5,Saturday,2020-01-25,Laboral,2020,1,January,25,Night,01:00:00,Unknown,Car,Male,38,Driver,Unknown,Unknown,Leisure and entertainment,Uninjured,426337.77,4575893.17,2.11861079,41.329305911
2020S000577    ,Sants-Montjuďc,la Marina del Prat Vermell,Longitudinal 5,Saturday,2020-01-25,Laboral,2020,1,January,25,Night,01:00:00,Unknown,Maquinŕria d'obres i serveis,Male,61,Driver,Unknown,Unknown,Cleaning or garbage collection service,Uninjured,426337.77,4575893.17,2.11861079,41.329305911
2020S000578    ,Eixample,la Sagrada Família,Valčncia,Saturday,2020-01-25,Laboral,2020,1,January,25,Night,02:00:00,Unknown,Car,Female,30,Passenger,Unknown,Unknown,Unknown,Minor injury: Refused medical assistance,431430.8,4584164.94,2.17853057,41.404257284
2020S000578    ,Eixample,la Sagrada Família,Valčncia,Saturday,2020-01-25,Laboral,2020,1,January,25,Night,02:00:00,Unknown,Car,Male,30,Driver,Unknown,Unknown,Leisure and entertainment,Minor injury: Hospitalization up to 24 hours,431430.8,4584164.94,2.17853057,41.404257284
2020S000578    ,Eixample,la Sagrada Família,Valčncia,Saturday,2020-01-25,Laboral,2020,1,January,25,Night,02:00:00,Unknown,Car,Male,37,Passenger,Unknown,Unknown,Unknown,Minor injury: Refused medical assistance,431430.8,4584164.94,2.17853057,41.404257284
2020S000578    ,Eixample,la Sagrada Família,Valčncia,Saturday,2020-01-25,Laboral,2020,1,January,25,Night,02:00:00,Unknown,Car,Male,44,Driver,Unknown,Unknown,Taxi,Minor injury: Hospitalization up to 24 hours,431430.8,4584164.94,2.17853057,41.404257284
2020S000580    ,Eixample,la Dreta de l'Eixample,Diagonal,Saturday,2020-01-25,Laboral,2020,1,January,25,Morning,08:00:00,Unknown,Bicicleta,Male,70,Driver,Unknown,Unknown,Leisure and entertainment,Minor injury: Hospitalization up to 24 hours,430648.16,4583616.69,2.16923104,41.399252203
2020S000581    ,Les Corts,les Corts,Numŕncia,Saturday,2020-01-25,Laboral,2020,1,January,25,Morning,12:00:00,Unknown,Motorcycle,Female,52,Driver,Unknown,Unknown,In transit (commuting),Minor injury: Hospitalization up to 24 hours,427792.9,4582292.66,2.13523564,41.387075708
2020S000581    ,Les Corts,les Corts,Numŕncia,Saturday,2020-01-25,Laboral,2020,1,January,25,Morning,12:00:00,Unknown,Furgoneta,Male,45,Driver,Unknown,Unknown,In transit (commuting),Uninjured,427792.9,4582292.66,2.13523564,41.387075708