Case_Number,District_Name,Neighborhood_Name,Street_Name,Day_of_Week,Date,Day_Type_Description,Year,Month_of_Year,Month_Name,Day_of_Month,Shift_Description,Hour_of_Day,Pedestrian_Cause_Description,Involved_Vehicle_Type_Description,Gender_Description,Age,Person_Type_Description,Pedestrian_Accident_Location_Description,Pedestrian_Movement_Reason_Description,Driver_Movement_Reason_Description,Victimization_Description,Coordenada_UTM_X,Coordenada_UTM_Y,Longitud,Latitud
2020S000675    ,Les Corts,les Corts,Carles III,Wednesday,2020-01-29,Laboral,2020,1,January,29,Morning,08:00:00,Unknown,Autobús,Male,48,Driver,Unknown,Unknown,Urban bus,Uninjured,427353.53,4582852.22,2.12991395,41.392075861
2020S000676    ,Eixample,la Dreta de l'Eixample,Aragó,Wednesday,2020-01-29,Laboral,2020,1,January,29,Morning,10:00:00,Unknown,Furgoneta,Male,42,Driver,Unknown,Unknown,Professional goods transport,Uninjured,430340.32,4582873.92,2.16563427,41.392535689
2020S000676    ,Eixample,la Dreta de l'Eixample,Aragó,Wednesday,2020-01-29,Laboral,2020,1,January,29,Morning,10:00:00,Unknown,Motorcycle,Female,30,Driver,Unknown,Unknown,In transit (commuting),Minor injury: Medical assistance at accident site,430340.32,4582873.92,2.16563427,41.392535689
2020S000677    ,Les Corts,la Maternitat i Sant Ramon,Doctor Marańón,Wednesday,2020-01-29,Laboral,2020,1,January,29,Morning,10:00:00,Unknown,Car,Male,33,Driver,Unknown,Unknown,Leisure and entertainment,Minor injury: Hospitalization up to 24 hours,425858.97,4581923.93,2.11215246,41.383578703
2020S000677    ,Les Corts,la Maternitat i Sant Ramon,Doctor Marańón,Wednesday,2020-01-29,Laboral,2020,1,January,29,Morning,10:00:00,Unknown,Furgoneta,Female,41,Passenger,Unknown,Unknown,Unknown,Minor injury: Medical assistance at accident site,425858.97,4581923.93,2.11215246,41.383578703
2020S000677    ,Les Corts,la Maternitat i Sant Ramon,Doctor Marańón,Wednesday,2020-01-29,Laboral,2020,1,January,29,Morning,10:00:00,Unknown,Furgoneta,Male,37,Driver,Unknown,Unknown,On a mission,Uninjured,425858.97,4581923.93,2.11215246,41.383578703
2020S000678    ,Eixample,la Dreta de l'Eixample,Tetuan,Wednesday,2020-01-29,Laboral,2020,1,January,29,Morning,09:00:00,Unknown,Ciclomotor,Female,25,Driver,Unknown,Unknown,In transit (commuting),Minor injury: Hospitalization up to 24 hours,431161.99,4583081.48,2.17543817,41.394475908
2020S000678    ,Eixample,la Dreta de l'Eixample,Tetuan,Wednesday,2020-01-29,Laboral,2020,1,January,29,Morning,09:00:00,Unknown,Car,Male,66,Driver,Unknown,Unknown,In transit (commuting),Uninjured,431161.99,4583081.48,2.17543817,41.394475908
2020S000679    ,Les Corts,les Corts,Corts,Wednesday,2020-01-29,Laboral,2020,1,January,29,Morning,12:00:00,Unknown,Car,Female,40,Driver,Unknown,Unknown,Unknown,Minor injury: Hospitalization up to 24 hours,427472.59,4582038.81,2.13143537,41.384760548
2020S000679    ,Les Corts,les Corts,Corts,Wednesday,2020-01-29,Laboral,2020,1,January,29,Morning,12:00:00,Unknown,Taxi,Male,59,Driver,Unknown,Unknown,Taxi,Uninjured,427472.59,4582038.81,2.13143537,41.384760548
2020S000680    ,Grŕcia,el Camp d'en Grassot i Grŕcia Nova,Sant Joan,Wednesday,2020-01-29,Laboral,2020,1,January,29,Morning,09:00:00,Unknown,Furgoneta,Male,27,Driver,Unknown,Unknown,On a mission,Uninjured,430374.66,4583905.65,2.16592629,41.40183112
2020S000680    ,Grŕcia,el Camp d'en Grassot i Grŕcia Nova,Sant Joan,Wednesday,2020-01-29,Laboral,2020,1,January,29,Morning,09:00:00,Unknown,Motorcycle,Male,44,Driver,Unknown,Unknown,On a mission,Minor injury: Medical assistance at accident site,430374.66,4583905.65,2.16592629,41.40183112
2020S000681    ,Sarriŕ-Sant Gervasi,Sarriŕ,Immaculada,Wednesday,2020-01-29,Laboral,2020,1,January,29,Morning,12:00:00,Unknown,"Camió rígid > 3,5 tones",Male,52,Driver,Unknown,Unknown,On a mission,Uninjured,426645.81,4584309.8,2.12127281,41.405139382
2020S000682    ,Sarriŕ-Sant Gervasi,Sant Gervasi - Galvany,Balmes,Wednesday,2020-01-29,Laboral,2020,1,January,29,Morning,13:00:00,Unknown,Car,Male,57,Driver,Unknown,Unknown,Unknown,Uninjured,429009.81,4583708.64,2.14962299,41.399937305
2020S000682    ,Sarriŕ-Sant Gervasi,Sant Gervasi - Galvany,Balmes,Wednesday,2020-01-29,Laboral,2020,1,January,29,Morning,13:00:00,Unknown,Motorcycle,Female,26,Driver,Unknown,Unknown,Unknown,Minor injury: Hospitalization up to 24 hours,429009.81,4583708.64,2.14962299,41.399937305
2020S000683    ,Eixample,la Nova Esquerra de l'Eixample,Londres,Wednesday,2020-01-29,Laboral,2020,1,January,29,Afternoon,14:00:00,Unknown,Motorcycle,Male,43,Driver,Unknown,Unknown,In transit (commuting),Minor injury: Hospitalization up to 24 hours,428538.16,4582456.24,2.14412913,41.388615602
2020S000683    ,Eixample,la Nova Esquerra de l'Eixample,Londres,Wednesday,2020-01-29,Laboral,2020,1,January,29,Afternoon,14:00:00,Unknown,Furgoneta,Male,28,Driver,Unknown,Unknown,On a mission,Uninjured,428538.16,4582456.24,2.14412913,41.388615602
2020S000684    ,Sarriŕ-Sant Gervasi,Sarriŕ,Sant Joan Bosco,Wednesday,2020-01-29,Laboral,2020,1,January,29,Morning,13:00:00,Desobeir el senyal del semŕfor,Car,Male,62,Driver,In crossing regulated by traffic lights,Unknown,Taxi,Uninjured,427173.06,4583084.03,2.12772761,41.394147349
2020S000684    ,Sarriŕ-Sant Gervasi,Sarriŕ,Sant Joan Bosco,Wednesday,2020-01-29,Laboral,2020,1,January,29,Morning,13:00:00,Desobeir el senyal del semŕfor,Car,Female,42,Pedestrian,In crossing regulated by traffic lights,Unknown,Unknown,Minor injury: Hospitalization up to 24 hours,427173.06,4583084.03,2.12772761,41.394147349
2020S000685    ,Eixample,la Dreta de l'Eixample,Aragó,Wednesday,2020-01-29,Laboral,2020,1,January,29,Afternoon,14:00:00,Unknown,Car,Male,30,Driver,Unknown,Unknown,Unknown,Uninjured,430470.43,4583048.06,2.16717043,41.394115378
2020S000685    ,Eixample,la Dreta de l'Eixample,Aragó,Wednesday,2020-01-29,Laboral,2020,1,January,29,Afternoon,14:00:00,Unknown,Ciclomotor,Female,66,Driver,Unknown,Unknown,Unknown,Minor injury: Hospitalization up to 24 hours,430470.43,4583048.06,2.16717043,41.394115378
2020S000686    ,Sant Martí,el Clot,Espronceda,Wednesday,2020-01-29,Laboral,2020,1,January,29,Afternoon,14:00:00,Unknown,Motorcycle,Male,28,Driver,Unknown,Unknown,Unknown,Minor injury: Medical assistance at accident site,432663.75,4585213.2,2.19316315,41.413802942
2020S000686    ,Sant Martí,el Clot,Espronceda,Wednesday,2020-01-29,Laboral,2020,1,January,29,Afternoon,14:00:00,Unknown,Motorcycle,Male,32,Driver,Unknown,Unknown,Unknown,Minor injury: Medical assistance at accident site,432663.75,4585213.2,2.19316315,41.413802942
2020S000687    ,Sant Andreu,el Bon Pastor,Formiga,Wednesday,2020-01-29,Laboral,2020,1,January,29,Afternoon,15:00:00,Unknown,Car,Female,26,Driver,Unknown,Unknown,Unknown,Minor injury: Medical assistance at accident site,433403.61,4587556.3,2.20175691,41.434968255
2020S000687    ,Sant Andreu,el Bon Pastor,Formiga,Wednesday,2020-01-29,Laboral,2020,1,January,29,Afternoon,15:00:00,Unknown,Car,Male,20,Driver,Unknown,Unknown,Unknown,Uninjured,433403.61,4587556.3,2.20175691,41.434968255
2020S000688    ,Sarriŕ-Sant Gervasi,Sarriŕ,Manuel Girona,Wednesday,2020-01-29,Laboral,2020,1,January,29,Afternoon,15:00:00,Unknown,Car,Male,70,Driver,Unknown,Unknown,In transit (commuting),Uninjured,426659.64,4582680.07,2.12163576,41.39046237
2020S000688    ,Sarriŕ-Sant Gervasi,Sarriŕ,Manuel Girona,Wednesday,2020-01-29,Laboral,2020,1,January,29,Afternoon,15:00:00,Unknown,Motorcycle,Male,43,Driver,Unknown,Unknown,In transit (commuting),Minor injury: Hospitalization up to 24 hours,426659.64,4582680.07,2.12163576,41.39046237
2020S000689    ,Sarriŕ-Sant Gervasi,Sant Gervasi - Galvany,Ganduxer,Wednesday,2020-01-29,Laboral,2020,1,January,29,Afternoon,16:00:00,Creuar per fora pas de vianants,Bicicleta,Female,33,Driver,Others,Unknown,Leisure and entertainment,Minor injury: Refused medical assistance,428095.87,4582871.5,2.1387902,41.392316254
2020S000689    ,Sarriŕ-Sant Gervasi,Sant Gervasi - Galvany,Ganduxer,Wednesday,2020-01-29,Laboral,2020,1,January,29,Afternoon,16:00:00,Creuar per fora pas de vianants,Bicicleta,Female,81,Pedestrian,Others,Other activities,Unknown,Minor injury: Hospitalization up to 24 hours,428095.87,4582871.5,2.1387902,41.392316254
2020S000690    ,Eixample,l'Antiga Esquerra de l'Eixample,Villarroel,Wednesday,2020-01-29,Laboral,2020,1,January,29,Afternoon,17:00:00,Unknown,Car,Male,25,Driver,Unknown,Unknown,Leisure and entertainment,Uninjured,429705.63,4581934.73,2.15815219,41.384021461
2020S000690    ,Eixample,l'Antiga Esquerra de l'Eixample,Villarroel,Wednesday,2020-01-29,Laboral,2020,1,January,29,Afternoon,17:00:00,Unknown,Motorcycle,Male,27,Driver,Unknown,Unknown,Leisure and entertainment,Minor injury: Medical assistance at accident site,429705.63,4581934.73,2.15815219,41.384021461
2020S000691    ,Sant Martí,el Parc i la Llacuna del Poblenou,Pamplona,Wednesday,2020-01-29,Laboral,2020,1,January,29,Afternoon,20:00:00,Unknown,Car,Female,48,Driver,Unknown,Unknown,Unknown,Uninjured,432699.17,4583133.95,2.19381825,41.395078677
2020S000691    ,Sant Martí,el Parc i la Llacuna del Poblenou,Pamplona,Wednesday,2020-01-29,Laboral,2020,1,January,29,Afternoon,20:00:00,Unknown,Car,Male,45,Driver,Unknown,Unknown,Leisure and entertainment,Uninjured,432699.17,4583133.95,2.19381825,41.395078677
2020S000692    ,Nou Barris,Verdun,Favčncia,Wednesday,2020-01-29,Laboral,2020,1,January,29,Afternoon,14:00:00,Unknown,Motorcycle,Male,21,Driver,Unknown,Unknown,Unknown,Minor injury: Hospitalization up to 24 hours,431423.58,4588735.24,2.17792556,41.4454198
2020S000692    ,Nou Barris,Verdun,Favčncia,Wednesday,2020-01-29,Laboral,2020,1,January,29,Afternoon,14:00:00,Unknown,Car,Female,51,Driver,Unknown,Unknown,Unknown,Uninjured,431423.58,4588735.24,2.17792556,41.4454198
2020S000693    ,Eixample,la Dreta de l'Eixample,Valčncia,Wednesday,2020-01-29,Laboral,2020,1,January,29,Afternoon,19:00:00,Unknown,Car,Female,32,Driver,Unknown,Unknown,Unknown,Uninjured,430284.39,4583046.92,2.1649454,41.394088996
2020S000693    ,Eixample,la Dreta de l'Eixample,Valčncia,Wednesday,2020-01-29,Laboral,2020,1,January,29,Afternoon,19:00:00,Unknown,Motorcycle,Male,30,Driver,Unknown,Unknown,Unknown,Minor injury: Hospitalization up to 24 hours,430284.39,4583046.92,2.1649454,41.394088996
2020S000694    ,Sant Andreu,la Trinitat Vella,C-17 (Puigcerdŕ),Wednesday,2020-01-29,Laboral,2020,1,January,29,Afternoon,19:00:00,Unknown,Car,Male,46,Driver,Unknown,Unknown,Leisure and entertainment,Minor injury: Hospitalization up to 24 hours,432344.0,4589744.92,2.18882995,41.454591771
2020S000694    ,Sant Andreu,la Trinitat Vella,C-17 (Puigcerdŕ),Wednesday,2020-01-29,Laboral,2020,1,January,29,Afternoon,19:00:00,Unknown,Car,Female,33,Driver,Unknown,Unknown,Leisure and entertainment,Uninjured,432344.0,4589744.92,2.18882995,41.454591771
2020S000695    ,Sarriŕ-Sant Gervasi,Sant Gervasi - la Bonanova,Dalt (Besňs),Wednesday,2020-01-29,Laboral,2020,1,January,29,Afternoon,20:00:00,Unknown,Motorcycle,Male,37,Driver,Unknown,Unknown,Leisure and entertainment,Minor injury: Hospitalization up to 24 hours,427700.96,4585357.3,2.13376991,41.414669411
2020S000695    ,Sarriŕ-Sant Gervasi,Sant Gervasi - la Bonanova,Dalt (Besňs),Wednesday,2020-01-29,Laboral,2020,1,January,29,Afternoon,20:00:00,Unknown,Car,Male,23,Driver,Unknown,Unknown,Leisure and entertainment,Uninjured,427700.96,4585357.3,2.13376991,41.414669411
2020S000696    ,Grŕcia,la Salut,Maignon,Wednesday,2020-01-29,Laboral,2020,1,January,29,Afternoon,19:00:00,Unknown,Motorcycle,Male,27,Driver,At an unmarked crossing,Unknown,Unknown,Uninjured,429132.54,4584690.64,2.15097601,41.408792646
2020S000696    ,Grŕcia,la Salut,Maignon,Wednesday,2020-01-29,Laboral,2020,1,January,29,Afternoon,19:00:00,Unknown,Motorcycle,Male,95,Pedestrian,At an unmarked crossing,Other activities,Unknown,Minor injury: Hospitalization up to 24 hours,429132.54,4584690.64,2.15097601,41.408792646
2020S000697    ,Sant Martí,el Camp de l'Arpa del Clot,Valčncia,Wednesday,2020-01-29,Laboral,2020,1,January,29,Afternoon,21:00:00,Unknown,Ciclomotor,Male,37,Driver,Unknown,Unknown,Leisure and entertainment,Minor injury: Medical assistance at accident site,431875.22,4584598.54,2.18379815,41.408200394
2020S000697    ,Sant Martí,el Camp de l'Arpa del Clot,Valčncia,Wednesday,2020-01-29,Laboral,2020,1,January,29,Afternoon,21:00:00,Unknown,Ciclomotor,Female,0,Passenger,Unknown,Unknown,Unknown,Minor injury: Medical assistance at accident site,431875.22,4584598.54,2.18379815,41.408200394
2020S000698    ,Eixample,l'Antiga Esquerra de l'Eixample,Diputació,Thursday,2020-01-30,Laboral,2020,1,January,30,Night,01:00:00,Creuar per fora pas de vianants,Motorcycle,Male,30,Pedestrian,Outside the crossing,Leisure and entertainment,Unknown,Minor injury: Hospitalization up to 24 hours,429753.48,4581962.66,2.15872118,41.3842772
2020S000698    ,Eixample,l'Antiga Esquerra de l'Eixample,Diputació,Thursday,2020-01-30,Laboral,2020,1,January,30,Night,01:00:00,Creuar per fora pas de vianants,Motorcycle,Male,28,Driver,Outside the crossing,Unknown,Leisure and entertainment,Uninjured,429753.48,4581962.66,2.15872118,41.3842772
2020S000699    ,Sant Martí,el Clot,Corts Catalanes,Thursday,2020-01-30,Laboral,2020,1,January,30,Night,01:00:00,Unknown,Motorcycle,Male,64,Driver,Unknown,Unknown,Leisure and entertainment,Minor injury: Hospitalization up to 24 hours,432229.0,4584196.97,2.18807552,41.404613493
2020S000699    ,Sant Martí,el Clot,Corts Catalanes,Thursday,2020-01-30,Laboral,2020,1,January,30,Night,01:00:00,Unknown,Car,Male,42,Driver,Unknown,Unknown,Leisure and entertainment,Uninjured,432229.0,4584196.97,2.18807552,41.404613493
2020S000699    ,Sant Martí,el Clot,Corts Catalanes,Thursday,2020-01-30,Laboral,2020,1,January,30,Night,01:00:00,Unknown,Motorcycle,Female,50,Passenger,Unknown,Unknown,Unknown,Minor injury: Hospitalization up to 24 hours,432229.0,4584196.97,2.18807552,41.404613493
2020S000700    ,Eixample,el Fort Pienc,Diagonal,Thursday,2020-01-30,Laboral,2020,1,January,30,Morning,06:00:00,Desobeir el senyal del semŕfor,Motorcycle,Male,26,Pedestrian,Others,Leisure and entertainment,Unknown,Uninjured,431276.08,4583760.33,2.17672568,41.400599869
2020S000700    ,Eixample,el Fort Pienc,Diagonal,Thursday,2020-01-30,Laboral,2020,1,January,30,Morning,06:00:00,Desobeir el senyal del semŕfor,Motorcycle,Male,25,Driver,Others,Unknown,In transit (commuting),Minor injury: Hospitalization up to 24 hours,431276.08,4583760.33,2.17672568,41.400599869
2020S000701    ,Sarriŕ-Sant Gervasi,Sant Gervasi - la Bonanova,Alacant,Thursday,2020-01-30,Laboral,2020,1,January,30,Morning,07:00:00,Unknown,Car,Male,61,Pedestrian,In crossing regulated by traffic lights,Unknown,Unknown,Minor injury: Hospitalization up to 24 hours,427664.63,4583792.71,2.13352236,41.400574533
2020S000701    ,Sarriŕ-Sant Gervasi,Sant Gervasi - la Bonanova,Alacant,Thursday,2020-01-30,Laboral,2020,1,January,30,Morning,07:00:00,Unknown,Car,Male,62,Driver,In crossing regulated by traffic lights,Unknown,Leisure and entertainment,Uninjured,427664.63,4583792.71,2.13352236,41.400574533
2020S000702    ,Les Corts,Pedralbes,Pius XII,Wednesday,2020-01-29,Laboral,2020,1,January,29,Afternoon,21:00:00,Unknown,Car,Male,75,Driver,Unknown,Unknown,Unknown,Uninjured,426677.83,4582359.22,2.12189217,41.387574267
2020S000702    ,Les Corts,Pedralbes,Pius XII,Wednesday,2020-01-29,Laboral,2020,1,January,29,Afternoon,21:00:00,Unknown,Motorcycle,Male,25,Driver,Unknown,Unknown,Unknown,Minor injury: Medical assistance at accident site,426677.83,4582359.22,2.12189217,41.387574267
2020S000703    ,Sant Martí,Provençals del Poblenou,C-31,Thursday,2020-01-30,Laboral,2020,1,January,30,Morning,07:00:00,Unknown,"Camió rígid <= 3,5 tones",Male,35,Driver,Unknown,Unknown,In transit (commuting),Uninjured,433580.94,4585460.09,2.20410965,41.416102984
2020S000703    ,Sant Martí,Provençals del Poblenou,C-31,Thursday,2020-01-30,Laboral,2020,1,January,30,Morning,07:00:00,Unknown,Furgoneta,Male,44,Driver,Unknown,Unknown,In transit (commuting),Minor injury: Medical assistance at accident site,433580.94,4585460.09,2.20410965,41.416102984
2020S000703    ,Sant Martí,Provençals del Poblenou,C-31,Thursday,2020-01-30,Laboral,2020,1,January,30,Morning,07:00:00,Unknown,Furgoneta,Female,51,Driver,Unknown,Unknown,In transit (commuting),Minor injury: Hospitalization up to 24 hours,433580.94,4585460.09,2.20410965,41.416102984
2020S000704    ,Sant Martí,el Clot,Independčncia,Thursday,2020-01-30,Laboral,2020,1,January,30,Morning,09:00:00,Unknown,Furgoneta,Male,36,Driver,Unknown,Unknown,On a mission,Uninjured,431961.38,4584443.97,2.18484629,41.40681553
2020S000704    ,Sant Martí,el Clot,Independčncia,Thursday,2020-01-30,Laboral,2020,1,January,30,Morning,09:00:00,Unknown,Motorcycle,Female,29,Driver,Unknown,Unknown,In transit (commuting),Minor injury: Medical assistance at accident site,431961.38,4584443.97,2.18484629,41.40681553
2020S000705    ,Sants-Montjuďc,la Font de la Guatlla,Dŕlia,Thursday,2020-01-30,Laboral,2020,1,January,30,Morning,09:00:00,Unknown,Car,Male,37,Driver,Unknown,Unknown,Unknown,Uninjured,428707.31,4580358.21,2.14639904,41.369734384
2020S000705    ,Sants-Montjuďc,la Font de la Guatlla,Dŕlia,Thursday,2020-01-30,Laboral,2020,1,January,30,Morning,09:00:00,Unknown,Motorcycle,Male,39,Driver,Unknown,Unknown,Unknown,Minor injury: Hospitalization up to 24 hours,428707.31,4580358.21,2.14639904,41.369734384
2020S000706    ,Eixample,la Sagrada Família,Mallorca,Thursday,2020-01-30,Laboral,2020,1,January,30,Morning,08:00:00,Unknown,Ciclomotor,Female,34,Driver,Unknown,Unknown,Unknown,Minor injury: Medical assistance at accident site,431364.98,4584301.34,2.17772772,41.405480177
2020S000706    ,Eixample,la Sagrada Família,Mallorca,Thursday,2020-01-30,Laboral,2020,1,January,30,Morning,08:00:00,Unknown,Furgoneta,Male,47,Driver,Unknown,Unknown,On a mission,Uninjured,431364.98,4584301.34,2.17772772,41.405480177
2020S000707    ,Sant Martí,el Camp de l'Arpa del Clot,Mallorca,Thursday,2020-01-30,Laboral,2020,1,January,30,Morning,08:00:00,Unknown,Motorcycle,Female,30,Driver,Unknown,Unknown,Unknown,Uninjured,432063.77,4584971.19,2.18601197,41.411572708
2020S000707    ,Sant Martí,el Camp de l'Arpa del Clot,Mallorca,Thursday,2020-01-30,Laboral,2020,1,January,30,Morning,08:00:00,Unknown,Motorcycle,Female,46,Driver,Unknown,Unknown,Unknown,Minor injury: Hospitalization up to 24 hours,432063.77,4584971.19,2.18601197,41.411572708
2020S000708    ,Sant Martí,la Vila Olímpica del Poblenou,Llull,Wednesday,2020-01-29,Laboral,2020,1,January,29,Afternoon,19:00:00,Unknown,Car,Male,45,Driver,Unknown,Unknown,Unknown,Uninjured,432683.72,4583080.08,2.19363945,41.394592191
2020S000708    ,Sant Martí,la Vila Olímpica del Poblenou,Llull,Wednesday,2020-01-29,Laboral,2020,1,January,29,Afternoon,19:00:00,Unknown,Car,Female,48,Driver,Unknown,Unknown,In transit (commuting),Uninjured,432683.72,4583080.08,2.19363945,41.394592191
2020S000709    ,Grŕcia,el Camp d'en Grassot i Grŕcia Nova,Sardenya,Thursday,2020-01-30,Laboral,2020,1,January,30,Morning,09:00:00,Unknown,Veh. mobilitat personal amb motor,Male,34,Driver,Unknown,Unknown,Unknown,Uninjured,430376.81,4584692.98,2.16586139,41.408922521
2020S000709    ,Grŕcia,el Camp d'en Grassot i Grŕcia Nova,Sardenya,Thursday,2020-01-30,Laboral,2020,1,January,30,Morning,09:00:00,Unknown,Veh. mobilitat personal amb motor,Female,34,Driver,Unknown,Unknown,Unknown,Minor injury: Hospitalization up to 24 hours,430376.81,4584692.98,2.16586139,41.408922521
2020S000709    ,Grŕcia,el Camp d'en Grassot i Grŕcia Nova,Sardenya,Thursday,2020-01-30,Laboral,2020,1,January,30,Morning,09:00:00,Unknown,Veh. mobilitat personal amb motor,Male,33,Driver,Unknown,Unknown,Unknown,Minor injury: Hospitalization up to 24 hours,430376.81,4584692.98,2.16586139,41.408922521
2020S000710    ,Sant Martí,Sant Martí de Provençals,Agricultura,Thursday,2020-01-30,Laboral,2020,1,January,30,Morning,10:00:00,Unknown,Ciclomotor,Male,40,Driver,Unknown,Unknown,Leisure and entertainment,Uninjured,433334.68,4585713.38,2.20113526,41.418363893
2020S000710    ,Sant Martí,Sant Martí de Provençals,Agricultura,Thursday,2020-01-30,Laboral,2020,1,January,30,Morning,10:00:00,Unknown,Car,Male,36,Driver,Unknown,Unknown,Leisure and entertainment,Uninjured,433334.68,4585713.38,2.20113526,41.418363893
2020S000710    ,Sant Martí,Sant Martí de Provençals,Agricultura,Thursday,2020-01-30,Laboral,2020,1,January,30,Morning,10:00:00,Unknown,Ciclomotor,Female,34,Passenger,Unknown,Unknown,Unknown,Minor injury: Hospitalization up to 24 hours,433334.68,4585713.38,2.20113526,41.418363893
2020S000711    ,Eixample,la Dreta de l'Eixample,Grŕcia,Thursday,2020-01-30,Laboral,2020,1,January,30,Morning,11:00:00,Unknown,Motorcycle,Male,42,Driver,Unknown,Unknown,Unknown,Minor injury: Medical assistance at accident site,430227.78,4582936.15,2.16428107,41.393086414
2020S000711    ,Eixample,la Dreta de l'Eixample,Grŕcia,Thursday,2020-01-30,Laboral,2020,1,January,30,Morning,11:00:00,Unknown,Autobús,Male,50,Driver,Unknown,Unknown,Bus de línia discrecional,Uninjured,430227.78,4582936.15,2.16428107,41.393086414
2020S000712    ,Sant Andreu,el Bon Pastor,Litoral (Llobregat),Thursday,2020-01-30,Laboral,2020,1,January,30,Morning,13:00:00,Creuar per fora pas de vianants,Autobús,Male,52,Driver,Outside the crossing,Unknown,Urban bus,Uninjured,433929.19,4588090.41,2.20798877,41.439822266
2020S000712    ,Sant Andreu,el Bon Pastor,Litoral (Llobregat),Thursday,2020-01-30,Laboral,2020,1,January,30,Morning,13:00:00,Creuar per fora pas de vianants,Autobús,Female,54,Pedestrian,Outside the crossing,Unknown,Unknown,Minor injury: Medical assistance at accident site,433929.19,4588090.41,2.20798877,41.439822266
2020S000713    ,Sants-Montjuďc,la Bordeta,Ildefons Cerdŕ,Thursday,2020-01-30,Laboral,2020,1,January,30,Morning,13:00:00,Unknown,Motorcycle,Male,30,Driver,Unknown,Unknown,In transit (commuting),Minor injury: Hospitalization up to 24 hours,427709.76,4579817.18,2.13453674,41.364772495
2020S000713    ,Sants-Montjuďc,la Bordeta,Ildefons Cerdŕ,Thursday,2020-01-30,Laboral,2020,1,January,30,Morning,13:00:00,Unknown,Car,Male,42,Driver,Unknown,Unknown,Taxi,Uninjured,427709.76,4579817.18,2.13453674,41.364772495
2020S000714    ,Eixample,la Dreta de l'Eixample,Aragó,Thursday,2020-01-30,Laboral,2020,1,January,30,Morning,13:00:00,Unknown,Car,Female,52,Driver,Unknown,Unknown,Unknown,Uninjured,430252.3,4582787.35,2.16459149,41.391748348
2020S000714    ,Eixample,la Dreta de l'Eixample,Aragó,Thursday,2020-01-30,Laboral,2020,1,January,30,Morning,13:00:00,Unknown,Motorcycle,Male,32,Driver,Unknown,Unknown,Unknown,Minor injury: Medical assistance at accident site,430252.3,4582787.35,2.16459149,41.391748348
2020S000715    ,Sants-Montjuďc,la Marina de Port,Ildefons Cerdŕ,Thursday,2020-01-30,Laboral,2020,1,January,30,Afternoon,14:00:00,Unknown,Motorcycle,Male,50,Driver,Unknown,Unknown,Unknown,Minor injury: Hospitalization up to 24 hours,427840.04,4579817.47,2.13609423,41.364786801
2020S000715    ,Sants-Montjuďc,la Marina de Port,Ildefons Cerdŕ,Thursday,2020-01-30,Laboral,2020,1,January,30,Afternoon,14:00:00,Unknown,Car,Male,37,Driver,Unknown,Unknown,Unknown,Uninjured,427840.04,4579817.47,2.13609423,41.364786801
2020S000716    ,Sarriŕ-Sant Gervasi,les Tres Torres,Ricard Zamora,Thursday,2020-01-30,Laboral,2020,1,January,30,Afternoon,14:00:00,Unknown,Motorcycle,Female,37,Driver,Unknown,Unknown,Leisure and entertainment,Minor injury: Hospitalization up to 24 hours,427600.15,4582871.33,2.13286129,41.392270227
2020S000716    ,Sarriŕ-Sant Gervasi,les Tres Torres,Ricard Zamora,Thursday,2020-01-30,Laboral,2020,1,January,30,Afternoon,14:00:00,Unknown,Car,Male,42,Driver,Unknown,Unknown,Leisure and entertainment,Uninjured,427600.15,4582871.33,2.13286129,41.392270227
2020S000717    ,Sant Martí,el Parc i la Llacuna del Poblenou,Pujades,Thursday,2020-01-30,Laboral,2020,1,January,30,Afternoon,15:00:00,Unknown,Car,Male,42,Driver,Unknown,Unknown,Unknown,Uninjured,432636.09,4583209.8,2.19305532,41.395756554
2020S000717    ,Sant Martí,el Parc i la Llacuna del Poblenou,Pujades,Thursday,2020-01-30,Laboral,2020,1,January,30,Afternoon,15:00:00,Unknown,Bicicleta,Male,32,Driver,Unknown,Unknown,Unknown,Minor injury: Hospitalization up to 24 hours,432636.09,4583209.8,2.19305532,41.395756554
2020S000718    ,Horta-Guinardó,Sant Genís dels Agudells,Sant Cugat,Thursday,2020-01-30,Laboral,2020,1,January,30,Morning,12:00:00,Unknown,Motorcycle,Male,19,Driver,Unknown,Unknown,Unknown,Minor injury: Hospitalization up to 24 hours,427505.17,4587233.59,2.13120236,41.431550668
2020S000719    ,Nou Barris,la Trinitat Nova,Meridiana,Thursday,2020-01-30,Laboral,2020,1,January,30,Afternoon,15:00:00,Unknown,Motorcycle,Male,61,Pedestrian,In crossing regulated by traffic lights,In transit (commuting),Unknown,Minor injury: Hospitalization up to 24 hours,432279.56,4589210.67,2.18811843,41.449774537
2020S000719    ,Nou Barris,la Trinitat Nova,Meridiana,Thursday,2020-01-30,Laboral,2020,1,January,30,Afternoon,15:00:00,Unknown,Motorcycle,Male,50,Driver,In crossing regulated by traffic lights,Unknown,In transit (commuting),Minor injury: Hospitalization up to 24 hours,432279.56,4589210.67,2.18811843,41.449774537
2020S000720    ,Nou Barris,Porta,Piferrer,Thursday,2020-01-30,Laboral,2020,1,January,30,Afternoon,15:00:00,Unknown,Car,Male,50,Driver,Unknown,Unknown,Unknown,Minor injury: Refused medical assistance,431368.47,4587255.59,2.17743405,41.43208842