Case_Number,District_Name,Neighborhood_Name,Street_Name,Day_of_Week,Date,Day_Type_Description,Year,Month_of_Year,Month_Name,Day_of_Month,Shift_Description,Hour_of_Day,Pedestrian_Cause_Description,Involved_Vehicle_Type_Description,Gender_Description,Age,Person_Type_Description,Pedestrian_Accident_Location_Description,Pedestrian_Movement_Reason_Description,Driver_Movement_Reason_Description,Victimization_Description,Coordenada_UTM_X,Coordenada_UTM_Y,Longitud,Latitud
2020S000720    ,Nou Barris,Porta,Piferrer,Thursday,2020-01-30,Laboral,2020,1,January,30,Afternoon,15:00:00,Unknown,Car,Male,35,Driver,Unknown,Unknown,Leisure and entertainment,Uninjured,431368.47,4587255.59,2.17743405,41.43208842
2020S000720    ,Nou Barris,Porta,Piferrer,Thursday,2020-01-30,Laboral,2020,1,January,30,Afternoon,15:00:00,Unknown,Car,Female,48,Passenger,Unknown,Unknown,Unknown,Minor injury: Hospitalization up to 24 hours,431368.47,4587255.59,2.17743405,41.43208842
2020S000721    ,Les Corts,les Corts,Joaquim Molins,Thursday,2020-01-30,Laboral,2020,1,January,30,Afternoon,17:00:00,Unknown,Motorcycle,Male,47,Driver,Unknown,Unknown,Unknown,Minor injury: Hospitalization up to 24 hours,427288.75,4582164.34,2.12922178,41.385874543
2020S000721    ,Les Corts,les Corts,Joaquim Molins,Thursday,2020-01-30,Laboral,2020,1,January,30,Afternoon,17:00:00,Unknown,Motorcycle,Male,68,Driver,Unknown,Unknown,Unknown,Uninjured,427288.75,4582164.34,2.12922178,41.385874543
2020S000722    ,Eixample,la Dreta de l'Eixample,Diagonal,Thursday,2020-01-30,Laboral,2020,1,January,30,Afternoon,17:00:00,Unknown,Motorcycle,Female,46,Driver,Unknown,Unknown,Leisure and entertainment,Minor injury: Hospitalization up to 24 hours,429984.43,4583345.01,2.16132319,41.396747719
2020S000722    ,Eixample,la Dreta de l'Eixample,Diagonal,Thursday,2020-01-30,Laboral,2020,1,January,30,Afternoon,17:00:00,Unknown,Furgoneta,Male,56,Driver,Unknown,Unknown,Leisure and entertainment,Uninjured,429984.43,4583345.01,2.16132319,41.396747719
2020S000722    ,Eixample,la Dreta de l'Eixample,Diagonal,Thursday,2020-01-30,Laboral,2020,1,January,30,Afternoon,17:00:00,Unknown,Motorcycle,Female,57,Passenger,Unknown,Unknown,Unknown,Minor injury: Hospitalization up to 24 hours,429984.43,4583345.01,2.16132319,41.396747719
2020S000723    ,Eixample,la Nova Esquerra de l'Eixample,Vilamarí,Thursday,2020-01-30,Laboral,2020,1,January,30,Afternoon,18:00:00,Unknown,Car,Male,44,Driver,Unknown,Unknown,Unknown,Uninjured,428996.86,4581351.88,2.14974449,41.378709653
2020S000723    ,Eixample,la Nova Esquerra de l'Eixample,Vilamarí,Thursday,2020-01-30,Laboral,2020,1,January,30,Afternoon,18:00:00,Unknown,Veh. mobilitat personal sense motor,Male,31,Driver,Unknown,Unknown,Unknown,Minor injury: Hospitalization up to 24 hours,428996.86,4581351.88,2.14974449,41.378709653
2020S000724    ,Grŕcia,la Vila de Grŕcia,Riera de Sant Miquel,Thursday,2020-01-30,Laboral,2020,1,January,30,Afternoon,17:00:00,Creuar per fora pas de vianants,Veh. mobilitat personal amb motor,Male,6,Pedestrian,In pedestrian area,Unknown,Unknown,Minor injury: Hospitalization up to 24 hours,429512.34,4583522.65,2.15565577,41.398306395
2020S000724    ,Grŕcia,la Vila de Grŕcia,Riera de Sant Miquel,Thursday,2020-01-30,Laboral,2020,1,January,30,Afternoon,17:00:00,Creuar per fora pas de vianants,Veh. mobilitat personal amb motor,Female,33,Driver,In pedestrian area,Unknown,Unknown,Minor injury: Hospitalization up to 24 hours,429512.34,4583522.65,2.15565577,41.398306395
2020S000724    ,Grŕcia,la Vila de Grŕcia,Riera de Sant Miquel,Thursday,2020-01-30,Laboral,2020,1,January,30,Afternoon,17:00:00,Creuar per fora pas de vianants,Veh. mobilitat personal amb motor,Female,49,Pedestrian,In pedestrian area,Unknown,Unknown,Uninjured,429512.34,4583522.65,2.15565577,41.398306395
2020S000725    ,Eixample,l'Antiga Esquerra de l'Eixample,Diagonal,Thursday,2020-01-30,Laboral,2020,1,January,30,Afternoon,17:00:00,Unknown,Car,Male,48,Driver,Unknown,Unknown,Taxi,Uninjured,429408.57,4583157.34,2.15445715,41.395007068
2020S000725    ,Eixample,l'Antiga Esquerra de l'Eixample,Diagonal,Thursday,2020-01-30,Laboral,2020,1,January,30,Afternoon,17:00:00,Unknown,Motorcycle,Male,67,Driver,Unknown,Unknown,Unknown,Minor injury: Hospitalization up to 24 hours,429408.57,4583157.34,2.15445715,41.395007068
2020S000726    ,Eixample,l'Antiga Esquerra de l'Eixample,Aragó,Thursday,2020-01-30,Laboral,2020,1,January,30,Afternoon,18:00:00,Desobeir el senyal del semŕfor,Motorcycle,Female,33,Driver,In crossing regulated by traffic lights,Unknown,Leisure and entertainment,Uninjured,430011.38,4582551.46,2.1617373,41.389602824
2020S000726    ,Eixample,l'Antiga Esquerra de l'Eixample,Aragó,Thursday,2020-01-30,Laboral,2020,1,January,30,Afternoon,18:00:00,Desobeir el senyal del semŕfor,Motorcycle,Female,59,Pedestrian,In crossing regulated by traffic lights,Leisure and entertainment,Unknown,Minor injury: Hospitalization up to 24 hours,430011.38,4582551.46,2.1617373,41.389602824
2020S000727    ,Sant Martí,la Vila Olímpica del Poblenou,Zamora,Thursday,2020-01-30,Laboral,2020,1,January,30,Afternoon,19:00:00,Unknown,Car,Male,38,Pedestrian,In crossing regulated by traffic lights,Unknown,Unknown,Uninjured,432659.6,4582920.57,2.1933687,41.393153505
2020S000727    ,Sant Martí,la Vila Olímpica del Poblenou,Zamora,Thursday,2020-01-30,Laboral,2020,1,January,30,Afternoon,19:00:00,Unknown,Car,Male,4,Pedestrian,In crossing regulated by traffic lights,Unknown,Unknown,Minor injury: Hospitalization up to 24 hours,432659.6,4582920.57,2.1933687,41.393153505
2020S000727    ,Sant Martí,la Vila Olímpica del Poblenou,Zamora,Thursday,2020-01-30,Laboral,2020,1,January,30,Afternoon,19:00:00,Unknown,Car,Female,34,Driver,In crossing regulated by traffic lights,Unknown,Leisure and entertainment,Uninjured,432659.6,4582920.57,2.1933687,41.393153505
2020S000728    ,Grŕcia,la Vila de Grŕcia,Lesseps,Thursday,2020-01-30,Laboral,2020,1,January,30,Afternoon,19:00:00,Unknown,Autobús articulat,Female,75,Passenger,Unknown,Unknown,Unknown,Minor injury: Hospitalization up to 24 hours,429024.35,4584481.54,2.14970624,41.406899811
2020S000728    ,Grŕcia,la Vila de Grŕcia,Lesseps,Thursday,2020-01-30,Laboral,2020,1,January,30,Afternoon,19:00:00,Unknown,Autobús articulat,Male,54,Driver,Unknown,Unknown,Urban bus,Uninjured,429024.35,4584481.54,2.14970624,41.406899811
2020S000729    ,Sant Martí,el Poblenou,Litoral (Llobregat),Thursday,2020-01-30,Laboral,2020,1,January,30,Afternoon,19:00:00,Unknown,Motorcycle,Male,44,Driver,Unknown,Unknown,Other activities,Minor injury: Medical assistance at accident site,433545.58,4582976.4,2.20395943,41.393730092
2020S000729    ,Sant Martí,el Poblenou,Litoral (Llobregat),Thursday,2020-01-30,Laboral,2020,1,January,30,Afternoon,19:00:00,Unknown,Furgoneta,Male,39,Driver,Unknown,Unknown,Other activities,Uninjured,433545.58,4582976.4,2.20395943,41.393730092
2020S000730    ,Grŕcia,el Camp d'en Grassot i Grŕcia Nova,Sant Joan,Thursday,2020-01-30,Laboral,2020,1,January,30,Afternoon,19:00:00,Unknown,Car,Male,44,Driver,Unknown,Unknown,Leisure and entertainment,Uninjured,430196.15,4584162.28,2.16376132,41.404127012
2020S000730    ,Grŕcia,el Camp d'en Grassot i Grŕcia Nova,Sant Joan,Thursday,2020-01-30,Laboral,2020,1,January,30,Afternoon,19:00:00,Unknown,Motorcycle,Male,47,Driver,Unknown,Unknown,Leisure and entertainment,Minor injury: Hospitalization up to 24 hours,430196.15,4584162.28,2.16376132,41.404127012
2020S000731    ,Sants-Montjuďc,el Poble-sec,Paralˇlel,Thursday,2020-01-30,Laboral,2020,1,January,30,Afternoon,19:00:00,Unknown,Motorcycle,Female,39,Driver,Unknown,Unknown,Leisure and entertainment,Minor injury: Hospitalization up to 24 hours,429545.4,4580914.43,2.15635471,41.374817922
2020S000731    ,Sants-Montjuďc,el Poble-sec,Paralˇlel,Thursday,2020-01-30,Laboral,2020,1,January,30,Afternoon,19:00:00,Unknown,Car,Male,66,Driver,Unknown,Unknown,Leisure and entertainment,Uninjured,429545.4,4580914.43,2.15635471,41.374817922
2020S000732    ,Eixample,la Nova Esquerra de l'Eixample,Aragó,Thursday,2020-01-30,Laboral,2020,1,January,30,Afternoon,21:00:00,Unknown,Motorcycle,Male,28,Driver,Unknown,Unknown,In transit (commuting),Minor injury: Hospitalization up to 24 hours,429150.9,4581714.88,2.15154401,41.381992658
2020S000732    ,Eixample,la Nova Esquerra de l'Eixample,Aragó,Thursday,2020-01-30,Laboral,2020,1,January,30,Afternoon,21:00:00,Unknown,Car,Female,25,Driver,Unknown,Unknown,In transit (commuting),Uninjured,429150.9,4581714.88,2.15154401,41.381992658
2020S000733    ,Sants-Montjuďc,el Poble-sec,Litoral (Llobregat),Thursday,2020-01-30,Laboral,2020,1,January,30,Afternoon,21:00:00,Unknown,Taxi,Male,55,Driver,Unknown,Unknown,Taxi,Uninjured,430854.77,4580025.56,2.17211246,41.366925742
2020S000733    ,Sants-Montjuďc,el Poble-sec,Litoral (Llobregat),Thursday,2020-01-30,Laboral,2020,1,January,30,Afternoon,21:00:00,Unknown,Car,Female,43,Driver,Unknown,Unknown,Other activities,Minor injury: Hospitalization up to 24 hours,430854.77,4580025.56,2.17211246,41.366925742
2020S000733    ,Sants-Montjuďc,el Poble-sec,Litoral (Llobregat),Thursday,2020-01-30,Laboral,2020,1,January,30,Afternoon,21:00:00,Unknown,Taxi,Female,39,Driver,Unknown,Unknown,Taxi,Minor injury: Hospitalization up to 24 hours,430854.77,4580025.56,2.17211246,41.366925742
2020S000733    ,Sants-Montjuďc,el Poble-sec,Litoral (Llobregat),Thursday,2020-01-30,Laboral,2020,1,January,30,Afternoon,21:00:00,Unknown,Car,Female,23,Driver,Unknown,Unknown,Unknown,Uninjured,430854.77,4580025.56,2.17211246,41.366925742
2020S000734    ,Horta-Guinardó,la Vall d'Hebron,Vall d'Hebron,Thursday,2020-01-30,Laboral,2020,1,January,30,Night,23:00:00,Unknown,Furgoneta,Male,21,Driver,Unknown,Unknown,Leisure and entertainment,Uninjured,428702.48,4587136.01,2.14554264,41.430779043
2020S000735    ,Eixample,la Dreta de l'Eixample,Universitat,Friday,2020-01-31,Laboral,2020,1,January,31,Night,01:00:00,Unknown,Car,Male,30,Driver,Unknown,Unknown,Leisure and entertainment,Uninjured,430369.41,4582180.51,2.16606195,41.386292884
2020S000735    ,Eixample,la Dreta de l'Eixample,Universitat,Friday,2020-01-31,Laboral,2020,1,January,31,Night,01:00:00,Unknown,Ciclomotor,Male,27,Driver,Unknown,Unknown,In transit (commuting),Minor injury: Hospitalization up to 24 hours,430369.41,4582180.51,2.16606195,41.386292884
2020S000736    ,Sants-Montjuďc,Sants,Sant Antoni,Thursday,2020-01-30,Laboral,2020,1,January,30,Afternoon,17:00:00,Unknown,Bicicleta,Male,48,Driver,Unknown,Unknown,Unknown,Minor injury: Medical assistance at accident site,428003.03,4581190.8,2.13787964,41.377170505
2020S000736    ,Sants-Montjuďc,Sants,Sant Antoni,Thursday,2020-01-30,Laboral,2020,1,January,30,Afternoon,17:00:00,Unknown,Bicicleta,Male,33,Driver,Unknown,Unknown,Unknown,Uninjured,428003.03,4581190.8,2.13787964,41.377170505
2020S000737    ,Sant Martí,el Clot,Aragó,Thursday,2020-01-30,Laboral,2020,1,January,30,Night,22:00:00,Unknown,Car,Male,46,Driver,Unknown,Unknown,Unknown,Uninjured,431862.75,4584367.6,2.18367498,41.40611933
2020S000737    ,Sant Martí,el Clot,Aragó,Thursday,2020-01-30,Laboral,2020,1,January,30,Night,22:00:00,Unknown,Ciclomotor,Female,36,Driver,Unknown,Unknown,Unknown,Minor injury: Medical assistance at accident site,431862.75,4584367.6,2.18367498,41.40611933
2020S000738    ,Ciutat Vella,la Barceloneta,Pepe Rubianes,Friday,2020-01-31,Laboral,2020,1,January,31,Night,01:00:00,Unknown,Car,Male,26,Driver,Unknown,Unknown,Unknown,Uninjured,432406.07,4581312.3,2.19051587,41.378646943
2020S000738    ,Ciutat Vella,la Barceloneta,Pepe Rubianes,Friday,2020-01-31,Laboral,2020,1,January,31,Night,01:00:00,Unknown,Ciclomotor,Female,22,Driver,Unknown,Unknown,Unknown,Minor injury: Hospitalization up to 24 hours,432406.07,4581312.3,2.19051587,41.378646943
2020S000739    ,Ciutat Vella,la Barceloneta,Marítim de la Barceloneta,Friday,2020-01-31,Laboral,2020,1,January,31,Night,04:00:00,Unknown,Car,Female,23,Pedestrian,In an unregulated crossing,Leisure and entertainment,Unknown,Minor injury: Hospitalization up to 24 hours,432830.44,4581986.85,2.19551564,41.384758014
2020S000739    ,Ciutat Vella,la Barceloneta,Marítim de la Barceloneta,Friday,2020-01-31,Laboral,2020,1,January,31,Night,04:00:00,Unknown,Car,Male,23,Pedestrian,In an unregulated crossing,Leisure and entertainment,Unknown,Minor injury: Medical assistance at accident site,432830.44,4581986.85,2.19551564,41.384758014
2020S000739    ,Ciutat Vella,la Barceloneta,Marítim de la Barceloneta,Friday,2020-01-31,Laboral,2020,1,January,31,Night,04:00:00,Unknown,Car,Male,42,Driver,In an unregulated crossing,Unknown,Taxi,Uninjured,432830.44,4581986.85,2.19551564,41.384758014
2020S000740    ,Grŕcia,el Camp d'en Grassot i Grŕcia Nova,Grŕcia,Sunday,2020-01-26,Laboral,2020,1,January,26,Afternoon,21:00:00,Unknown,Ciclomotor,Male,44,Driver,Unknown,Unknown,In transit (commuting),Minor injury: Hospitalization up to 24 hours,430377.97,4584400.1,2.16590898,41.406284752
2020S000740    ,Grŕcia,el Camp d'en Grassot i Grŕcia Nova,Grŕcia,Sunday,2020-01-26,Laboral,2020,1,January,26,Afternoon,21:00:00,Unknown,Car,Male,39,Driver,Unknown,Unknown,Taxi,Uninjured,430377.97,4584400.1,2.16590898,41.406284752
2020S000741    ,Sants-Montjuďc,la Marina del Prat Vermell,Motors,Friday,2020-01-31,Laboral,2020,1,January,31,Morning,09:00:00,Unknown,Motorcycle,Male,40,Driver,Unknown,Unknown,In transit (commuting),Minor injury: Refused medical assistance,428662.4,4578290.17,2.14610542,41.351104217
2020S000741    ,Sants-Montjuďc,la Marina del Prat Vermell,Motors,Friday,2020-01-31,Laboral,2020,1,January,31,Morning,09:00:00,Unknown,Tractor camió,Male,58,Driver,Unknown,Unknown,On a mission,Uninjured,428662.4,4578290.17,2.14610542,41.351104217
2020S000742    ,Sarriŕ-Sant Gervasi,Sant Gervasi - Galvany,Alfons XII,Thursday,2020-01-30,Laboral,2020,1,January,30,Afternoon,21:00:00,Unknown,Taxi,Female,35,Passenger,Unknown,Unknown,Unknown,Minor injury: Hospitalization up to 24 hours,428908.15,4583677.27,2.14841065,41.39964578
2020S000742    ,Sarriŕ-Sant Gervasi,Sant Gervasi - Galvany,Alfons XII,Thursday,2020-01-30,Laboral,2020,1,January,30,Afternoon,21:00:00,Unknown,Car,Female,47,Driver,Unknown,Unknown,In transit (commuting),Uninjured,428908.15,4583677.27,2.14841065,41.39964578
2020S000742    ,Sarriŕ-Sant Gervasi,Sant Gervasi - Galvany,Alfons XII,Thursday,2020-01-30,Laboral,2020,1,January,30,Afternoon,21:00:00,Unknown,Taxi,Male,50,Driver,Unknown,Unknown,Taxi,Uninjured,428908.15,4583677.27,2.14841065,41.39964578
2020S000743    ,Sant Martí,el Poblenou,Badajoz,Friday,2020-01-31,Laboral,2020,1,January,31,Morning,09:00:00,Unknown,Bicicleta,Female,34,Pedestrian,On the sidewalk,Unknown,Unknown,Minor injury: Medical assistance at accident site,433021.71,4583353.56,2.19765183,41.397083593
2020S000743    ,Sant Martí,el Poblenou,Badajoz,Friday,2020-01-31,Laboral,2020,1,January,31,Morning,09:00:00,Unknown,Bicicleta,Male,44,Driver,On the sidewalk,Unknown,In transit (commuting),Uninjured,433021.71,4583353.56,2.19765183,41.397083593
2020S000744    ,Les Corts,les Corts,Comtes de Bell-lloc,Friday,2020-01-31,Laboral,2020,1,January,31,Morning,10:00:00,Unknown,Car,Male,19,Driver,Unknown,Unknown,Other activities,Uninjured,427829.57,4581808.94,2.13573184,41.382722317
2020S000744    ,Les Corts,les Corts,Comtes de Bell-lloc,Friday,2020-01-31,Laboral,2020,1,January,31,Morning,10:00:00,Unknown,Motorcycle,Male,44,Driver,Unknown,Unknown,In transit (commuting),Minor injury: Hospitalization up to 24 hours,427829.57,4581808.94,2.13573184,41.382722317
2020S000745    ,Horta-Guinardó,Horta,Dalt (Llobregat),Friday,2020-01-31,Laboral,2020,1,January,31,Morning,08:00:00,Unknown,Car,Female,47,Driver,Unknown,Unknown,In transit (commuting),Minor injury: Medical assistance at accident site,429885.48,4588089.59,2.15958935,41.439471757
2020S000745    ,Horta-Guinardó,Horta,Dalt (Llobregat),Friday,2020-01-31,Laboral,2020,1,January,31,Morning,08:00:00,Unknown,Car,Male,37,Driver,Unknown,Unknown,In transit (commuting),Uninjured,429885.48,4588089.59,2.15958935,41.439471757
2020S000746    ,Eixample,la Dreta de l'Eixample,Corts Catalanes,Friday,2020-01-31,Laboral,2020,1,January,31,Morning,11:00:00,Unknown,Motorcycle,Female,37,Driver,Unknown,Unknown,Leisure and entertainment,Minor injury: Medical assistance at accident site,430355.37,4582292.06,2.16588121,41.387296364
2020S000746    ,Eixample,la Dreta de l'Eixample,Corts Catalanes,Friday,2020-01-31,Laboral,2020,1,January,31,Morning,11:00:00,Unknown,Car,Male,70,Driver,Unknown,Unknown,Leisure and entertainment,Uninjured,430355.37,4582292.06,2.16588121,41.387296364
2020S000747    ,Sants-Montjuďc,el Poble-sec,Montjuďc,Friday,2020-01-31,Laboral,2020,1,January,31,Morning,12:00:00,Unknown,Motorcycle,Male,29,Driver,Unknown,Unknown,Leisure and entertainment,Minor injury: Medical assistance at accident site,430601.37,4580566.54,2.16902094,41.371776381
2020S000747    ,Sants-Montjuďc,el Poble-sec,Montjuďc,Friday,2020-01-31,Laboral,2020,1,January,31,Morning,12:00:00,Unknown,Motorcycle,Female,29,Passenger,Unknown,Unknown,Unknown,Minor injury: Medical assistance at accident site,430601.37,4580566.54,2.16902094,41.371776381
2020S000748    ,Sant Andreu,el Bon Pastor,Ciutat d'Asunción,Friday,2020-01-31,Laboral,2020,1,January,31,Morning,13:00:00,Unknown,Motorcycle,Male,38,Driver,Unknown,Unknown,In transit (commuting),Minor injury: Hospitalization up to 24 hours,433332.5,4587594.34,2.20090164,41.435304966
2020S000748    ,Sant Andreu,el Bon Pastor,Ciutat d'Asunción,Friday,2020-01-31,Laboral,2020,1,January,31,Morning,13:00:00,Unknown,Car,Male,55,Driver,Unknown,Unknown,Other activities,Uninjured,433332.5,4587594.34,2.20090164,41.435304966
2020S000749    ,Grŕcia,el Camp d'en Grassot i Grŕcia Nova,Sardenya,Friday,2020-01-31,Laboral,2020,1,January,31,Morning,13:00:00,Unknown,Ciclomotor,Female,30,Driver,Unknown,Unknown,In transit (commuting),Minor injury: Medical assistance at accident site,430418.13,4584650.83,2.16636056,41.40854647
2020S000750    ,Ciutat Vella,el Barri Gňtic,Litoral (Llobregat),Friday,2020-01-31,Laboral,2020,1,January,31,Morning,13:00:00,Unknown,Motorcycle,Male,53,Driver,Unknown,Unknown,In transit (commuting),Uninjured,431465.38,4581159.78,2.17928446,41.377193618
2020S000750    ,Ciutat Vella,el Barri Gňtic,Litoral (Llobregat),Friday,2020-01-31,Laboral,2020,1,January,31,Morning,13:00:00,Unknown,Motorcycle,Male,23,Driver,Unknown,Unknown,In transit (commuting),Minor injury: Hospitalization up to 24 hours,431465.38,4581159.78,2.17928446,41.377193618
2020S000751    ,Eixample,la Dreta de l'Eixample,Valčncia,Thursday,2020-01-30,Laboral,2020,1,January,30,Afternoon,21:00:00,Unknown,Ciclomotor,Male,22,Driver,Unknown,Unknown,Other activities,Minor injury: Medical assistance at accident site,430568.77,4583323.09,2.16831509,41.396600987
2020S000751    ,Eixample,la Dreta de l'Eixample,Valčncia,Thursday,2020-01-30,Laboral,2020,1,January,30,Afternoon,21:00:00,Unknown,Motorcycle,Male,29,Driver,Unknown,Unknown,In transit (commuting),Minor injury: Hospitalization up to 24 hours,430568.77,4583323.09,2.16831509,41.396600987
2020S000751    ,Eixample,la Dreta de l'Eixample,Valčncia,Thursday,2020-01-30,Laboral,2020,1,January,30,Afternoon,21:00:00,Unknown,Ciclomotor,Female,26,Passenger,Unknown,Unknown,Unknown,Minor injury: Hospitalization up to 24 hours,430568.77,4583323.09,2.16831509,41.396600987
2020S000752    ,Eixample,la Dreta de l'Eixample,Diagonal,Friday,2020-01-31,Laboral,2020,1,January,31,Morning,13:00:00,Unknown,Car,Male,37,Driver,Unknown,Unknown,Unknown,Minor injury: Hospitalization up to 24 hours,430906.1,4583695.0,2.17230748,41.399979735
2020S000752    ,Eixample,la Dreta de l'Eixample,Diagonal,Friday,2020-01-31,Laboral,2020,1,January,31,Morning,13:00:00,Unknown,Tot terreny,Female,41,Driver,Unknown,Unknown,Unknown,Minor injury: Medical assistance at accident site,430906.1,4583695.0,2.17230748,41.399979735
2020S000753    ,Eixample,la Dreta de l'Eixample,Catalunya,Friday,2020-01-31,Laboral,2020,1,January,31,Morning,13:00:00,Transitar a peu per la calçada,Car,Female,51,Pedestrian,Others,In transit (commuting),Unknown,Minor injury: Refused medical assistance,429923.41,4582921.28,2.16064239,41.392926007
2020S000753    ,Eixample,la Dreta de l'Eixample,Catalunya,Friday,2020-01-31,Laboral,2020,1,January,31,Morning,13:00:00,Transitar a peu per la calçada,Car,Female,48,Driver,Others,Unknown,Unknown,Uninjured,429923.41,4582921.28,2.16064239,41.392926007
2020S000754    ,Sant Martí,Diagonal Mar i el Front Marítim del Poblenou,Taulat,Thursday,2020-01-30,Laboral,2020,1,January,30,Afternoon,18:00:00,Unknown,Autobús,Female,53,Driver,Unknown,Unknown,Urban bus,Uninjured,434680.5,4584664.59,2.21735165,41.409028286
2020S000754    ,Sant Martí,Diagonal Mar i el Front Marítim del Poblenou,Taulat,Thursday,2020-01-30,Laboral,2020,1,January,30,Afternoon,18:00:00,Unknown,Autobús,Male,86,Passenger,Unknown,Unknown,Unknown,Minor injury: Hospitalization up to 24 hours,434680.5,4584664.59,2.21735165,41.409028286
2020S000755    ,Sant Andreu,la Sagrera,Meridiana,Friday,2020-01-31,Laboral,2020,1,January,31,Afternoon,16:00:00,Unknown,Car,Male,29,Driver,Unknown,Unknown,Unknown,Uninjured,432119.52,4586357.13,2.18652333,41.424060151
2020S000755    ,Sant Andreu,la Sagrera,Meridiana,Friday,2020-01-31,Laboral,2020,1,January,31,Afternoon,16:00:00,Unknown,Car,Male,52,Driver,Unknown,Unknown,Unknown,Minor injury: Hospitalization up to 24 hours,432119.52,4586357.13,2.18652333,41.424060151
2020S000756    ,Horta-Guinardó,el Baix Guinardó,Guinardó,Friday,2020-01-31,Laboral,2020,1,January,31,Morning,10:00:00,Unknown,Motorcycle,Female,53,Driver,Unknown,Unknown,Unknown,Serious injury: Hospitalization over 24 hours,430521.69,4585050.34,2.16755359,41.412153683
2020S000757    ,Nou Barris,Porta,Rosselló i Porcel,Friday,2020-01-31,Laboral,2020,1,January,31,Afternoon,16:00:00,Unknown,Car,Male,39,Pedestrian,In an unregulated crossing,On a mission,Unknown,Serious injury: Hospitalization over 24 hours,431855.93,4587772.72,2.18320948,41.436787563
2020S000758    ,Sant Andreu,la Sagrera,Meridiana,Friday,2020-01-31,Laboral,2020,1,January,31,Afternoon,16:00:00,Unknown,Autobús,Male,54,Driver,Unknown,Unknown,Bus de línia discrecional,Uninjured,432151.08,4586459.74,2.18688947,41.424986994
2020S000758    ,Sant Andreu,la Sagrera,Meridiana,Friday,2020-01-31,Laboral,2020,1,January,31,Afternoon,16:00:00,Unknown,Car,Female,63,Driver,Unknown,Unknown,Leisure and entertainment,Minor injury: Hospitalization up to 24 hours,432151.08,4586459.74,2.18688947,41.424986994
2020S000759    ,Eixample,el Fort Pienc,Corts Catalanes,Friday,2020-01-31,Laboral,2020,1,January,31,Afternoon,18:00:00,Unknown,Taxi,Male,52,Driver,Unknown,Unknown,Taxi,Uninjured,431362.47,4583277.26,2.17781386,41.396256386
2020S000759    ,Eixample,el Fort Pienc,Corts Catalanes,Friday,2020-01-31,Laboral,2020,1,January,31,Afternoon,18:00:00,Unknown,Motorcycle,Male,24,Driver,Unknown,Unknown,Other activities,Minor injury: Hospitalization up to 24 hours,431362.47,4583277.26,2.17781386,41.396256386
2020S000760    ,Sarriŕ-Sant Gervasi,Sant Gervasi - Galvany,Balmes,Friday,2020-01-31,Laboral,2020,1,January,31,Afternoon,17:00:00,Unknown,Furgoneta,Male,64,Driver,Unknown,Unknown,On a mission,Uninjured,429091.47,4583596.52,2.15061292,41.398934691
2020S000760    ,Sarriŕ-Sant Gervasi,Sant Gervasi - Galvany,Balmes,Friday,2020-01-31,Laboral,2020,1,January,31,Afternoon,17:00:00,Unknown,Motorcycle,Female,36,Driver,Unknown,Unknown,Leisure and entertainment,Minor injury: Hospitalization up to 24 hours,429091.47,4583596.52,2.15061292,41.398934691
2020S000761    ,Sant Martí,Diagonal Mar i el Front Marítim del Poblenou,Litoral (Llobregat),Friday,2020-01-31,Laboral,2020,1,January,31,Afternoon,18:00:00,Unknown,Car,Female,32,Passenger,Unknown,Unknown,Unknown,Minor injury: Hospitalization up to 24 hours,434803.19,4584402.67,2.21884769,41.406679199
2020S000761    ,Sant Martí,Diagonal Mar i el Front Marítim del Poblenou,Litoral (Llobregat),Friday,2020-01-31,Laboral,2020,1,January,31,Afternoon,18:00:00,Unknown,Furgoneta,Male,48,Driver,Unknown,Unknown,Other activities,Minor injury: Hospitalization up to 24 hours,434803.19,4584402.67,2.21884769,41.406679199
2020S000761    ,Sant Martí,Diagonal Mar i el Front Marítim del Poblenou,Litoral (Llobregat),Friday,2020-01-31,Laboral,2020,1,January,31,Afternoon,18:00:00,Unknown,Car,Male,32,Driver,Unknown,Unknown,Other activities,Minor injury: Hospitalization up to 24 hours,434803.19,4584402.67,2.21884769,41.406679199
2020S000762    ,Eixample,la Dreta de l'Eixample,Aragó,Friday,2020-01-31,Laboral,2020,1,January,31,Afternoon,18:00:00,Unknown,Car,Female,50,Driver,Unknown,Unknown,Unknown,Uninjured,430035.64,4582619.69,2.16201957,41.390219461
2020S000762    ,Eixample,la Dreta de l'Eixample,Aragó,Friday,2020-01-31,Laboral,2020,1,January,31,Afternoon,18:00:00,Unknown,Motorcycle,Male,39,Driver,Unknown,Unknown,Unknown,Minor injury: Medical assistance at accident site,430035.64,4582619.69,2.16201957,41.390219461
2020S000763    ,Sant Andreu,Sant Andreu,Fabra i Puig,Friday,2020-01-31,Laboral,2020,1,January,31,Afternoon,19:00:00,Desobeir el senyal del semŕfor,Motorcycle,Male,44,Driver,In crossing regulated by traffic lights,Unknown,In transit (commuting),Minor injury: Refused medical assistance,431854.61,4587049.77,2.18327524,41.430276088
2020S000763    ,Sant Andreu,Sant Andreu,Fabra i Puig,Friday,2020-01-31,Laboral,2020,1,January,31,Afternoon,19:00:00,Desobeir el senyal del semŕfor,Motorcycle,Female,47,Pedestrian,In crossing regulated by traffic lights,Leisure and entertainment,Unknown,Minor injury: Medical assistance at accident site,431854.61,4587049.77,2.18327524,41.430276088