Case_Number,District_Name,Neighborhood_Name,Street_Name,Day_of_Week,Date,Day_Type_Description,Year,Month_of_Year,Month_Name,Day_of_Month,Shift_Description,Hour_of_Day,Pedestrian_Cause_Description,Involved_Vehicle_Type_Description,Gender_Description,Age,Person_Type_Description,Pedestrian_Accident_Location_Description,Pedestrian_Movement_Reason_Description,Driver_Movement_Reason_Description,Victimization_Description,Coordenada_UTM_X,Coordenada_UTM_Y,Longitud,Latitud
2020S000764    ,Eixample,la Dreta de l'Eixample,Casp,Friday,2020-01-31,Laboral,2020,1,January,31,Afternoon,15:00:00,Unknown,Car,Male,55,Driver,In crossing regulated by traffic lights,Unknown,Unknown,Uninjured,430828.08,4582567.56,2.17150308,41.389818521
2020S000764    ,Eixample,la Dreta de l'Eixample,Casp,Friday,2020-01-31,Laboral,2020,1,January,31,Afternoon,15:00:00,Unknown,Car,Male,61,Pedestrian,In crossing regulated by traffic lights,Unknown,Unknown,Minor injury: Hospitalization up to 24 hours,430828.08,4582567.56,2.17150308,41.389818521
2020S000765    ,Les Corts,la Maternitat i Sant Ramon,Mejía Lequerica,Friday,2020-01-31,Laboral,2020,1,January,31,Afternoon,21:00:00,Unknown,Motorcycle,Male,41,Driver,Unknown,Unknown,Leisure and entertainment,Minor injury: Hospitalization up to 24 hours,426991.49,4581912.01,2.12569726,41.383574971
2020S000766    ,Sant Andreu,la Trinitat Vella,Mireia,Friday,2020-01-31,Laboral,2020,1,January,31,Morning,13:00:00,Unknown,Car,Male,49,Driver,Unknown,Unknown,Leisure and entertainment,Uninjured,432383.95,4589393.06,2.18934765,41.451426064
2020S000766    ,Sant Andreu,la Trinitat Vella,Mireia,Friday,2020-01-31,Laboral,2020,1,January,31,Morning,13:00:00,Unknown,Motorcycle,Male,18,Driver,Unknown,Unknown,Leisure and entertainment,Minor injury: Hospitalization up to 24 hours,432383.95,4589393.06,2.18934765,41.451426064
2020S000767    ,Eixample,el Fort Pienc,Castillejos,Friday,2020-01-31,Laboral,2020,1,January,31,Afternoon,17:00:00,Desobeir el senyal del semŕfor,Veh. mobilitat personal amb motor,Female,49,Pedestrian,In crossing regulated by traffic lights,Leisure and entertainment,Unknown,Minor injury: Hospitalization up to 24 hours,431983.94,4583846.72,2.18518333,41.401438185
2020S000767    ,Eixample,el Fort Pienc,Castillejos,Friday,2020-01-31,Laboral,2020,1,January,31,Afternoon,17:00:00,Desobeir el senyal del semŕfor,Veh. mobilitat personal amb motor,Female,38,Driver,In crossing regulated by traffic lights,Unknown,Leisure and entertainment,Uninjured,431983.94,4583846.72,2.18518333,41.401438185
2020S000768    ,Eixample,la Dreta de l'Eixample,Aragó,Friday,2020-01-31,Laboral,2020,1,January,31,Afternoon,18:00:00,Unknown,Motorcycle,Female,59,Driver,Unknown,Unknown,Unknown,Minor injury: Hospitalization up to 24 hours,430777.95,4583303.09,2.17081941,41.396438897
2020S000769    ,Les Corts,les Corts,Madrid,Friday,2020-01-31,Laboral,2020,1,January,31,Night,22:00:00,Creuar per fora pas de vianants,"Camió rígid > 3,5 tones",Female,13,Pedestrian,Outside the crossing,Unknown,Unknown,Minor injury: Hospitalization up to 24 hours,427522.26,4581608.24,2.1320809,41.380887048
2020S000769    ,Les Corts,les Corts,Madrid,Friday,2020-01-31,Laboral,2020,1,January,31,Night,22:00:00,Creuar per fora pas de vianants,"Camió rígid > 3,5 tones",Male,42,Driver,Outside the crossing,Unknown,On a mission,Uninjured,427522.26,4581608.24,2.1320809,41.380887048
2020S000769    ,Les Corts,les Corts,Madrid,Friday,2020-01-31,Laboral,2020,1,January,31,Night,22:00:00,Creuar per fora pas de vianants,"Camió rígid > 3,5 tones",Female,15,Pedestrian,Outside the crossing,Unknown,Unknown,Minor injury: Hospitalization up to 24 hours,427522.26,4581608.24,2.1320809,41.380887048
2020S000770    ,Eixample,l'Antiga Esquerra de l'Eixample,Aragó,Friday,2020-01-31,Laboral,2020,1,January,31,Night,22:00:00,Unknown,Car,Female,24,Driver,Unknown,Unknown,Unknown,Uninjured,429962.9,4582548.18,2.16115787,41.389569059
2020S000770    ,Eixample,l'Antiga Esquerra de l'Eixample,Aragó,Friday,2020-01-31,Laboral,2020,1,January,31,Night,22:00:00,Unknown,Ciclomotor,Female,20,Driver,Unknown,Unknown,Unknown,Minor injury: Hospitalization up to 24 hours,429962.9,4582548.18,2.16115787,41.389569059
2020S000771    ,Sant Martí,el Clot,Meridiana,Friday,2020-01-31,Laboral,2020,1,January,31,Night,22:00:00,Desobeir el senyal del semŕfor,Motorcycle,Female,44,Pedestrian,In crossing regulated by traffic lights,Other activities,Unknown,Minor injury: Hospitalization up to 24 hours,432182.97,4584634.43,2.18747583,41.408549683
2020S000771    ,Sant Martí,el Clot,Meridiana,Friday,2020-01-31,Laboral,2020,1,January,31,Night,22:00:00,Desobeir el senyal del semŕfor,Motorcycle,Male,32,Driver,In crossing regulated by traffic lights,Unknown,Unknown,Uninjured,432182.97,4584634.43,2.18747583,41.408549683
2020S000772    ,Les Corts,la Maternitat i Sant Ramon,Pascual i Vila,Saturday,2020-02-01,Laboral,2020,2,February,1,Night,05:00:00,Unknown,Ciclomotor,Male,25,Driver,Unknown,Unknown,Leisure and entertainment,Minor injury: Hospitalization up to 24 hours,426270.26,4581813.23,2.11708439,41.382619492
2020S000773    ,Sants-Montjuďc,la Marina de Port,Zona Franca,Friday,2020-01-31,Laboral,2020,1,January,31,Night,22:00:00,Unknown,Car,Male,38,Driver,Unknown,Unknown,Other activities,Uninjured,428306.71,4578921.24,2.14177935,41.356756466
2020S000773    ,Sants-Montjuďc,la Marina de Port,Zona Franca,Friday,2020-01-31,Laboral,2020,1,January,31,Night,22:00:00,Unknown,Bicicleta,Male,34,Driver,Unknown,Unknown,Other activities,Minor injury: Medical assistance at accident site,428306.71,4578921.24,2.14177935,41.356756466
2020S000774    ,Ciutat Vella,la Barceloneta,Litoral (Llobregat),Saturday,2020-02-01,Laboral,2020,2,February,1,Morning,06:00:00,Unknown,Car,Male,54,Driver,Unknown,Unknown,In transit (commuting),Minor injury: Hospitalization up to 24 hours,431935.15,4581644.36,2.18484734,41.381598002
2020S000775    ,Sants-Montjuďc,Hostafrancs,Bordeta,Friday,2020-01-31,Laboral,2020,1,January,31,Afternoon,18:00:00,Unknown,Motorcycle,Male,61,Driver,Unknown,Unknown,Leisure and entertainment,Minor injury: Medical assistance at accident site,428677.02,4580786.88,2.14598643,41.373592587
2020S000775    ,Sants-Montjuďc,Hostafrancs,Bordeta,Friday,2020-01-31,Laboral,2020,1,January,31,Afternoon,18:00:00,Unknown,Veh. mobilitat personal amb motor,Male,41,Driver,Unknown,Unknown,Unknown,Minor injury: Hospitalization up to 24 hours,428677.02,4580786.88,2.14598643,41.373592587
2020S000775    ,Sants-Montjuďc,Hostafrancs,Bordeta,Friday,2020-01-31,Laboral,2020,1,January,31,Afternoon,18:00:00,Unknown,Motorcycle,Female,64,Passenger,Unknown,Unknown,Unknown,Minor injury: Medical assistance at accident site,428677.02,4580786.88,2.14598643,41.373592587
2020S000776    ,Les Corts,la Maternitat i Sant Ramon,Blanca,Friday,2020-01-31,Laboral,2020,1,January,31,Night,22:00:00,Unknown,Ciclomotor,Female,25,Driver,Unknown,Unknown,In transit (commuting),Minor injury: Hospitalization up to 24 hours,426655.77,4581271.9,2.12176003,41.377779206
2020S000776    ,Les Corts,la Maternitat i Sant Ramon,Blanca,Friday,2020-01-31,Laboral,2020,1,January,31,Night,22:00:00,Unknown,Ciclomotor,Male,26,Passenger,Unknown,Unknown,Unknown,Minor injury: Hospitalization up to 24 hours,426655.77,4581271.9,2.12176003,41.377779206
2020S000776    ,Les Corts,la Maternitat i Sant Ramon,Blanca,Friday,2020-01-31,Laboral,2020,1,January,31,Night,22:00:00,Unknown,Car,Male,26,Driver,Unknown,Unknown,Unknown,Uninjured,426655.77,4581271.9,2.12176003,41.377779206
2020S000777    ,Sarriŕ-Sant Gervasi,Sarriŕ,Dalt (Besňs),Saturday,2020-02-01,Laboral,2020,2,February,1,Morning,11:00:00,Unknown,Motorcycle,Male,51,Driver,Unknown,Unknown,Other activities,Minor injury: Hospitalization up to 24 hours,425957.43,4583635.47,2.11312056,41.39900286
2020S000777    ,Sarriŕ-Sant Gervasi,Sarriŕ,Dalt (Besňs),Saturday,2020-02-01,Laboral,2020,2,February,1,Morning,11:00:00,Unknown,"Camió rígid <= 3,5 tones",Female,27,Driver,Unknown,Unknown,Professional goods transport,Uninjured,425957.43,4583635.47,2.11312056,41.39900286
2020S000778    ,Sant Andreu,Navas,Meridiana,Thursday,2020-01-30,Laboral,2020,1,January,30,Afternoon,16:00:00,Creuar per fora pas de vianants,Veh. mobilitat personal amb motor,Male,22,Driver,On the sidewalk,Unknown,Unknown,Uninjured,432122.08,4585841.6,2.18661186,41.419417152
2020S000778    ,Sant Andreu,Navas,Meridiana,Thursday,2020-01-30,Laboral,2020,1,January,30,Afternoon,16:00:00,Creuar per fora pas de vianants,Veh. mobilitat personal amb motor,Female,60,Pedestrian,On the sidewalk,Unknown,Unknown,Minor injury: Refused medical assistance,432122.08,4585841.6,2.18661186,41.419417152
2020S000778    ,Sant Andreu,Navas,Meridiana,Thursday,2020-01-30,Laboral,2020,1,January,30,Afternoon,16:00:00,Others,Veh. mobilitat personal amb motor,Female,60,Pedestrian,On the sidewalk,Unknown,Unknown,Minor injury: Refused medical assistance,432122.08,4585841.6,2.18661186,41.419417152
2020S000778    ,Sant Andreu,Navas,Meridiana,Thursday,2020-01-30,Laboral,2020,1,January,30,Afternoon,16:00:00,Others,Veh. mobilitat personal amb motor,Male,22,Driver,On the sidewalk,Unknown,Unknown,Uninjured,432122.08,4585841.6,2.18661186,41.419417152
2020S000779    ,Sants-Montjuďc,Sants - Badal,Blanca,Saturday,2020-02-01,Laboral,2020,2,February,1,Morning,13:00:00,Unknown,Motorcycle,Male,37,Driver,Unknown,Unknown,Unknown,Minor injury: Refused medical assistance,426841.29,4580866.5,2.12402735,41.374144824
2020S000779    ,Sants-Montjuďc,Sants - Badal,Blanca,Saturday,2020-02-01,Laboral,2020,2,February,1,Morning,13:00:00,Unknown,Motorcycle,Male,47,Passenger,Unknown,Unknown,Unknown,Minor injury: Hospitalization up to 24 hours,426841.29,4580866.5,2.12402735,41.374144824
2020S000779    ,Sants-Montjuďc,Sants - Badal,Blanca,Saturday,2020-02-01,Laboral,2020,2,February,1,Morning,13:00:00,Unknown,Motorcycle,Female,47,Driver,Unknown,Unknown,Unknown,Minor injury: Hospitalization up to 24 hours,426841.29,4580866.5,2.12402735,41.374144824
2020S000780    ,Sant Martí,Sant Martí de Provençals,Guipúscoa,Saturday,2020-02-01,Laboral,2020,2,February,1,Morning,12:00:00,Unknown,Motorcycle,Male,29,Driver,Unknown,Unknown,On a mission,Minor injury: Hospitalization up to 24 hours,432752.53,4585285.36,2.19421732,41.414460304
2020S000780    ,Sant Martí,Sant Martí de Provençals,Guipúscoa,Saturday,2020-02-01,Laboral,2020,2,February,1,Morning,12:00:00,Unknown,Motorcycle,Male,28,Passenger,Unknown,Unknown,Unknown,Minor injury: Hospitalization up to 24 hours,432752.53,4585285.36,2.19421732,41.414460304
2020S000780    ,Sant Martí,Sant Martí de Provençals,Guipúscoa,Saturday,2020-02-01,Laboral,2020,2,February,1,Morning,12:00:00,Unknown,"Camió rígid <= 3,5 tones",Male,46,Driver,Unknown,Unknown,On a mission,Uninjured,432752.53,4585285.36,2.19421732,41.414460304
2020S000781    ,Horta-Guinardó,el Guinardó,Mare de Déu de Montserrat,Saturday,2020-02-01,Laboral,2020,2,February,1,Morning,13:00:00,Others,Autobús,Male,17,Passenger,Unknown,Unknown,Unknown,Minor injury: Hospitalization up to 24 hours,430887.37,4585709.73,2.17185321,41.418124131
2020S000781    ,Horta-Guinardó,el Guinardó,Mare de Déu de Montserrat,Saturday,2020-02-01,Laboral,2020,2,February,1,Morning,13:00:00,Others,Autobús,Male,47,Driver,Unknown,Unknown,Urban bus,Uninjured,430887.37,4585709.73,2.17185321,41.418124131
2020S000782    ,Ciutat Vella,la Barceloneta,Litoral (Besňs),Saturday,2020-02-01,Laboral,2020,2,February,1,Morning,12:00:00,Unknown,Car,Female,28,Driver,Unknown,Unknown,Unknown,Uninjured,432031.74,4581682.97,2.18599807,41.381953923
2020S000782    ,Ciutat Vella,la Barceloneta,Litoral (Besňs),Saturday,2020-02-01,Laboral,2020,2,February,1,Morning,12:00:00,Unknown,Taxi,Female,73,Passenger,Unknown,Unknown,Unknown,Minor injury: Hospitalization up to 24 hours,432031.74,4581682.97,2.18599807,41.381953923
2020S000782    ,Ciutat Vella,la Barceloneta,Litoral (Besňs),Saturday,2020-02-01,Laboral,2020,2,February,1,Morning,12:00:00,Unknown,Taxi,Male,30,Driver,Unknown,Unknown,Taxi,Uninjured,432031.74,4581682.97,2.18599807,41.381953923
2020S000783    ,Sants-Montjuďc,Sants,Sants,Saturday,2020-02-01,Laboral,2020,2,February,1,Afternoon,15:00:00,Unknown,Taxi,Male,67,Driver,Unknown,Unknown,Unknown,Minor injury: Hospitalization up to 24 hours,427873.49,4581006.08,2.13635266,41.375495192
2020S000783    ,Sants-Montjuďc,Sants,Sants,Saturday,2020-02-01,Laboral,2020,2,February,1,Afternoon,15:00:00,Unknown,Car,Male,22,Driver,Unknown,Unknown,Unknown,Uninjured,427873.49,4581006.08,2.13635266,41.375495192
2020S000784    ,Sarriŕ-Sant Gervasi,Sant Gervasi - Galvany,Balmes,Saturday,2020-02-01,Laboral,2020,2,February,1,Afternoon,15:00:00,Unknown,Autobús articulat,Female,86,Passenger,Unknown,Unknown,Unknown,Minor injury: Hospitalization up to 24 hours,428550.1,4584035.06,2.14408554,41.402836503
2020S000784    ,Sarriŕ-Sant Gervasi,Sant Gervasi - Galvany,Balmes,Saturday,2020-02-01,Laboral,2020,2,February,1,Afternoon,15:00:00,Unknown,Autobús articulat,Male,45,Driver,Unknown,Unknown,Urban bus,Uninjured,428550.1,4584035.06,2.14408554,41.402836503
2020S000785    ,Eixample,la Dreta de l'Eixample,Aragó,Saturday,2020-02-01,Laboral,2020,2,February,1,Afternoon,14:00:00,Unknown,Car,Male,31,Driver,Unknown,Unknown,Unknown,Uninjured,430053.14,4582592.29,2.16223203,41.389974201
2020S000785    ,Eixample,la Dreta de l'Eixample,Aragó,Saturday,2020-02-01,Laboral,2020,2,February,1,Afternoon,14:00:00,Unknown,Car,Female,25,Driver,Unknown,Unknown,Unknown,Minor injury: Hospitalization up to 24 hours,430053.14,4582592.29,2.16223203,41.389974201
2020S000786    ,Sants-Montjuďc,Sants,Sants,Saturday,2020-02-01,Laboral,2020,2,February,1,Afternoon,15:00:00,Unknown,Autobús articulat,Female,57,Passenger,Unknown,Unknown,Unknown,Minor injury: Hospitalization up to 24 hours,428147.94,4580972.88,2.13963824,41.375220736
2020S000786    ,Sants-Montjuďc,Sants,Sants,Saturday,2020-02-01,Laboral,2020,2,February,1,Afternoon,15:00:00,Unknown,Autobús articulat,Male,43,Driver,Unknown,Unknown,Urban bus,Uninjured,428147.94,4580972.88,2.13963824,41.375220736
2020S000787    ,Grŕcia,Vallcarca i els Penitents,Vallcarca,Saturday,2020-02-01,Laboral,2020,2,February,1,Afternoon,20:00:00,Unknown,Motorcycle,Male,62,Driver,Unknown,Unknown,Unknown,Minor injury: Hospitalization up to 24 hours,428467.85,4585100.74,2.14297562,41.412427343
2020S000787    ,Grŕcia,Vallcarca i els Penitents,Vallcarca,Saturday,2020-02-01,Laboral,2020,2,February,1,Afternoon,20:00:00,Unknown,Motorcycle,Female,57,Passenger,Unknown,Unknown,Unknown,Minor injury: Hospitalization up to 24 hours,428467.85,4585100.74,2.14297562,41.412427343
2020S000788    ,Sant Andreu,Navas,Biscaia,Saturday,2020-02-01,Laboral,2020,2,February,1,Afternoon,20:00:00,Unknown,Motorcycle,Female,53,Passenger,Unknown,Unknown,Unknown,Minor injury: Hospitalization up to 24 hours,432104.44,4585595.48,2.18642844,41.417198935
2020S000788    ,Sant Andreu,Navas,Biscaia,Saturday,2020-02-01,Laboral,2020,2,February,1,Afternoon,20:00:00,Unknown,Motorcycle,Male,49,Driver,Unknown,Unknown,Other activities,Minor injury: Hospitalization up to 24 hours,432104.44,4585595.48,2.18642844,41.417198935
2020S000788    ,Sant Andreu,Navas,Biscaia,Saturday,2020-02-01,Laboral,2020,2,February,1,Afternoon,20:00:00,Unknown,Car,Male,45,Driver,Unknown,Unknown,Other activities,Uninjured,432104.44,4585595.48,2.18642844,41.417198935
2020S000788    ,Sant Andreu,Navas,Biscaia,Saturday,2020-02-01,Laboral,2020,2,February,1,Afternoon,20:00:00,Unknown,Car,Female,37,Passenger,Unknown,Unknown,Unknown,Uninjured,432104.44,4585595.48,2.18642844,41.417198935
2020S000789    ,Grŕcia,el Coll,Mare de Déu del Coll,Saturday,2020-02-01,Laboral,2020,2,February,1,Afternoon,20:00:00,Unknown,Car,Female,83,Driver,In an unregulated crossing,Unknown,Unknown,Uninjured,428966.2,4585940.87,2.14883916,41.420038287
2020S000789    ,Grŕcia,el Coll,Mare de Déu del Coll,Saturday,2020-02-01,Laboral,2020,2,February,1,Afternoon,20:00:00,Unknown,Car,Female,22,Pedestrian,In an unregulated crossing,Unknown,Unknown,Minor injury: Hospitalization up to 24 hours,428966.2,4585940.87,2.14883916,41.420038287
2020S000790    ,Sant Martí,Provençals del Poblenou,C-31,Saturday,2020-02-01,Laboral,2020,2,February,1,Night,22:00:00,Unknown,Car,Female,27,Passenger,Unknown,Unknown,Unknown,Minor injury: Hospitalization up to 24 hours,432719.59,4584620.76,2.19389715,41.408471683
2020S000790    ,Sant Martí,Provençals del Poblenou,C-31,Saturday,2020-02-01,Laboral,2020,2,February,1,Night,22:00:00,Unknown,Car,Female,27,Driver,Unknown,Unknown,Leisure and entertainment,Minor injury: Hospitalization up to 24 hours,432719.59,4584620.76,2.19389715,41.408471683
2020S000790    ,Sant Martí,Provençals del Poblenou,C-31,Saturday,2020-02-01,Laboral,2020,2,February,1,Night,22:00:00,Unknown,Furgoneta,Male,27,Driver,Unknown,Unknown,Leisure and entertainment,Uninjured,432719.59,4584620.76,2.19389715,41.408471683
2020S000791    ,Eixample,la Nova Esquerra de l'Eixample,Diputació,Saturday,2020-02-01,Laboral,2020,2,February,1,Afternoon,17:00:00,Unknown,Bicicleta,Female,22,Pedestrian,In crossing regulated by traffic lights,Unknown,Unknown,Minor injury: Hospitalization up to 24 hours,429450.45,4581669.5,2.15513144,41.381610272
2020S000792    ,Sarriŕ-Sant Gervasi,el Putxet i el Farró,Gleva,Sunday,2020-02-02,Laboral,2020,2,February,2,Night,01:00:00,Unknown,Taxi,Male,29,Pedestrian,Outside the crossing,Unknown,Unknown,Minor injury: Hospitalization up to 24 hours,428660.64,4584142.43,2.14539518,41.403813365
2020S000792    ,Sarriŕ-Sant Gervasi,el Putxet i el Farró,Gleva,Sunday,2020-02-02,Laboral,2020,2,February,2,Night,01:00:00,Unknown,Taxi,Male,38,Driver,Outside the crossing,Unknown,Taxi,Uninjured,428660.64,4584142.43,2.14539518,41.403813365
2020S000793    ,Eixample,la Nova Esquerra de l'Eixample,Comte Borrell,Sunday,2020-02-02,Laboral,2020,2,February,2,Morning,09:00:00,Unknown,Car,Female,41,Driver,Unknown,Unknown,In transit (commuting),Uninjured,429276.93,4582018.91,2.15301562,41.384742049
2020S000793    ,Eixample,la Nova Esquerra de l'Eixample,Comte Borrell,Sunday,2020-02-02,Laboral,2020,2,February,2,Morning,09:00:00,Unknown,Motorcycle,Female,63,Driver,Unknown,Unknown,In transit (commuting),Minor injury: Hospitalization up to 24 hours,429276.93,4582018.91,2.15301562,41.384742049
2020S000794    ,Sants-Montjuďc,Sants - Badal,Esterŕs,Sunday,2020-02-02,Laboral,2020,2,February,2,Morning,10:00:00,Unknown,Car,Male,43,Driver,Unknown,Unknown,Unknown,Uninjured,427300.79,4580519.61,2.12956316,41.371062178
2020S000794    ,Sants-Montjuďc,Sants - Badal,Esterŕs,Sunday,2020-02-02,Laboral,2020,2,February,2,Morning,10:00:00,Unknown,Furgoneta,Male,36,Driver,Unknown,Unknown,Unknown,Uninjured,427300.79,4580519.61,2.12956316,41.371062178
2020S000794    ,Sants-Montjuďc,Sants - Badal,Esterŕs,Sunday,2020-02-02,Laboral,2020,2,February,2,Morning,10:00:00,Unknown,Motorcycle,Male,57,Driver,Unknown,Unknown,Unknown,Minor injury: Medical assistance at accident site,427300.79,4580519.61,2.12956316,41.371062178
2020S000795    ,Eixample,el Fort Pienc,Tetuan,Sunday,2020-02-02,Laboral,2020,2,February,2,Morning,10:00:00,Unknown,Motorcycle,Male,52,Driver,Unknown,Unknown,Unknown,Uninjured,431246.5,4583153.05,2.17644085,41.395127752
2020S000795    ,Eixample,el Fort Pienc,Tetuan,Sunday,2020-02-02,Laboral,2020,2,February,2,Morning,10:00:00,Unknown,Motorcycle,Male,35,Driver,Unknown,Unknown,Unknown,Minor injury: Medical assistance at accident site,431246.5,4583153.05,2.17644085,41.395127752
2020S000796    ,Grŕcia,el Camp d'en Grassot i Grŕcia Nova,Nŕpols,Sunday,2020-02-02,Laboral,2020,2,February,2,Morning,11:00:00,Unknown,Car,Male,2,Pedestrian,In crossing regulated by traffic lights,Unknown,Unknown,Minor injury: Medical assistance at accident site,430428.41,4584255.78,2.16652898,41.404989279
2020S000796    ,Grŕcia,el Camp d'en Grassot i Grŕcia Nova,Nŕpols,Sunday,2020-02-02,Laboral,2020,2,February,2,Morning,11:00:00,Unknown,Car,Male,70,Driver,In crossing regulated by traffic lights,Unknown,Leisure and entertainment,Uninjured,430428.41,4584255.78,2.16652898,41.404989279
2020S000797    ,Les Corts,les Corts,Numŕncia,Sunday,2020-02-02,Laboral,2020,2,February,2,Morning,10:00:00,Unknown,Car,Male,47,Driver,Unknown,Unknown,Unknown,Uninjured,427726.83,4582386.71,2.13443427,41.387916843
2020S000797    ,Les Corts,les Corts,Numŕncia,Sunday,2020-02-02,Laboral,2020,2,February,2,Morning,10:00:00,Unknown,Veh. mobilitat personal amb motor,Male,54,Driver,Unknown,Unknown,Other activities,Minor injury: Hospitalization up to 24 hours,427726.83,4582386.71,2.13443427,41.387916843
2020S000798    ,Sant Andreu,Sant Andreu,Fabra i Puig,Sunday,2020-02-02,Laboral,2020,2,February,2,Morning,12:00:00,Unknown,Car,Male,58,Driver,Unknown,Unknown,In transit (commuting),Uninjured,431952.47,4587023.14,2.18444937,41.430044542
2020S000798    ,Sant Andreu,Sant Andreu,Fabra i Puig,Sunday,2020-02-02,Laboral,2020,2,February,2,Morning,12:00:00,Unknown,Veh. mobilitat personal amb motor,Male,25,Driver,Unknown,Unknown,In transit (commuting),Minor injury: Hospitalization up to 24 hours,431952.47,4587023.14,2.18444937,41.430044542
2020S000799    ,Eixample,Sant Antoni,Sepúlveda,Sunday,2020-02-02,Laboral,2020,2,February,2,Morning,12:00:00,Unknown,Motorcycle,Male,61,Driver,Unknown,Unknown,Unknown,Minor injury: Hospitalization up to 24 hours,430135.27,4581920.51,2.16329181,41.383930833
2020S000799    ,Eixample,Sant Antoni,Sepúlveda,Sunday,2020-02-02,Laboral,2020,2,February,2,Morning,12:00:00,Unknown,Car,Male,31,Driver,Unknown,Unknown,Unknown,Uninjured,430135.27,4581920.51,2.16329181,41.383930833
2020S000799    ,Eixample,Sant Antoni,Sepúlveda,Sunday,2020-02-02,Laboral,2020,2,February,2,Morning,12:00:00,Unknown,Motorcycle,Female,54,Passenger,Unknown,Unknown,Unknown,Minor injury: Hospitalization up to 24 hours,430135.27,4581920.51,2.16329181,41.383930833
2020S000800    ,Sarriŕ-Sant Gervasi,Sarriŕ,Dalt (Besňs),Sunday,2020-02-02,Laboral,2020,2,February,2,Morning,13:00:00,Unknown,Car,Female,47,Driver,Unknown,Unknown,Unknown,Minor injury: Hospitalization up to 24 hours,426149.95,4583992.47,2.1153798,41.402235912
2020S000801    ,Sant Martí,el Poblenou,Pujades,Sunday,2020-02-02,Laboral,2020,2,February,2,Morning,13:00:00,Unknown,Motorcycle,Female,45,Passenger,Unknown,Unknown,Unknown,Minor injury: Medical assistance at accident site,433105.63,4583662.94,2.19862142,41.39987709
2020S000801    ,Sant Martí,el Poblenou,Pujades,Sunday,2020-02-02,Laboral,2020,2,February,2,Morning,13:00:00,Unknown,Motorcycle,Male,45,Driver,Unknown,Unknown,Leisure and entertainment,Uninjured,433105.63,4583662.94,2.19862142,41.39987709
2020S000802    ,Nou Barris,Vilapicina i la Torre Llobeta,Meridiana,Sunday,2020-02-02,Laboral,2020,2,February,2,Morning,12:00:00,Unknown,Car,Male,76,Driver,Unknown,Unknown,Unknown,Uninjured,431884.48,4586892.18,2.18365048,41.428859263
2020S000802    ,Nou Barris,Vilapicina i la Torre Llobeta,Meridiana,Sunday,2020-02-02,Laboral,2020,2,February,2,Morning,12:00:00,Unknown,Motorcycle,Male,51,Driver,Unknown,Unknown,Unknown,Minor injury: Hospitalization up to 24 hours,431884.48,4586892.18,2.18365048,41.428859263
2020S000803    ,Horta-Guinardó,el Guinardó,Guinardó,Sunday,2020-02-02,Laboral,2020,2,February,2,Afternoon,14:00:00,Unknown,Car,Male,30,Driver,Unknown,Unknown,Leisure and entertainment,Minor injury: Hospitalization up to 24 hours,431355.62,4586168.38,2.17740378,41.422295198
2020S000803    ,Horta-Guinardó,el Guinardó,Guinardó,Sunday,2020-02-02,Laboral,2020,2,February,2,Afternoon,14:00:00,Unknown,Motorcycle,Female,25,Driver,Unknown,Unknown,Leisure and entertainment,Uninjured,431355.62,4586168.38,2.17740378,41.422295198
2020S000804    ,Sant Andreu,Navas,Meridiana,Sunday,2020-02-02,Laboral,2020,2,February,2,Morning,13:00:00,Unknown,Motorcycle,Female,21,Passenger,Unknown,Unknown,Unknown,Minor injury: Medical assistance at accident site,432174.02,4585878.71,2.18722918,41.419755779
2020S000804    ,Sant Andreu,Navas,Meridiana,Sunday,2020-02-02,Laboral,2020,2,February,2,Morning,13:00:00,Unknown,Motorcycle,Male,24,Driver,Unknown,Unknown,Other activities,Minor injury: Medical assistance at accident site,432174.02,4585878.71,2.18722918,41.419755779
2020S000804    ,Sant Andreu,Navas,Meridiana,Sunday,2020-02-02,Laboral,2020,2,February,2,Morning,13:00:00,Unknown,Car,Female,54,Driver,Unknown,Unknown,Other activities,Uninjured,432174.02,4585878.71,2.18722918,41.419755779
2020S000805    ,Sants-Montjuďc,la Bordeta,Rossend Arús,Sunday,2020-02-02,Laboral,2020,2,February,2,Morning,09:00:00,Unknown,Furgoneta,Male,39,Driver,Unknown,Unknown,On a mission,Uninjured,428042.42,4580547.11,2.13842709,41.371376542
2020S000806    ,Horta-Guinardó,Sant Genís dels Agudells,Sidó,Saturday,2020-02-01,Laboral,2020,2,February,1,Night,05:00:00,Unknown,Car,Female,26,Driver,Unknown,Unknown,Leisure and entertainment,Uninjured,428180.77,4586576.87,2.13936563,41.425696607
2020S000807    ,Eixample,el Fort Pienc,Ribes,Sunday,2020-02-02,Laboral,2020,2,February,2,Afternoon,17:00:00,Unknown,Motorcycle,Male,47,Driver,Unknown,Unknown,Leisure and entertainment,Uninjured,431671.04,4583060.2,2.18152921,41.394327683
2020S000807    ,Eixample,el Fort Pienc,Ribes,Sunday,2020-02-02,Laboral,2020,2,February,2,Afternoon,17:00:00,Unknown,Car,Male,56,Driver,Unknown,Unknown,Leisure and entertainment,Uninjured,431671.04,4583060.2,2.18152921,41.394327683
2020S000808    ,Sarriŕ-Sant Gervasi,les Tres Torres,General Mitre,Sunday,2020-02-02,Laboral,2020,2,February,2,Afternoon,14:00:00,Unknown,Motorcycle,Male,39,Driver,Unknown,Unknown,Unknown,Unknown,427678.99,4583241.88,2.13375996,41.395614721