Case_Number,District_Name,Neighborhood_Name,Street_Name,Day_of_Week,Date,Day_Type_Description,Year,Month_of_Year,Month_Name,Day_of_Month,Shift_Description,Hour_of_Day,Pedestrian_Cause_Description,Involved_Vehicle_Type_Description,Gender_Description,Age,Person_Type_Description,Pedestrian_Accident_Location_Description,Pedestrian_Movement_Reason_Description,Driver_Movement_Reason_Description,Victimization_Description,Coordenada_UTM_X,Coordenada_UTM_Y,Longitud,Latitud
2020S000853    ,Sant Martí,el Parc i la Llacuna del Poblenou,Ŕlaba,Tuesday,2020-02-04,Laboral,2020,2,February,4,Morning,10:00:00,Unknown,Bicicleta,Female,56,Driver,Unknown,Unknown,Other activities,Minor injury: Hospitalization up to 24 hours,432422.22,4583603.3,2.19045326,41.399282747
2020S000853    ,Sant Martí,el Parc i la Llacuna del Poblenou,Ŕlaba,Tuesday,2020-02-04,Laboral,2020,2,February,4,Morning,10:00:00,Unknown,Maquinŕria d'obres i serveis,Male,50,Driver,Unknown,Unknown,Professional goods transport,Uninjured,432422.22,4583603.3,2.19045326,41.399282747
2020S000853    ,Sant Martí,el Parc i la Llacuna del Poblenou,Ŕlaba,Tuesday,2020-02-04,Laboral,2020,2,February,4,Morning,10:00:00,Unknown,Motorcycle,Female,28,Driver,Unknown,Unknown,Unknown,Serious injury: Hospitalization over 24 hours,432422.22,4583603.3,2.19045326,41.399282747
2020S000854    ,Eixample,Sant Antoni,Paralˇlel,Tuesday,2020-02-04,Laboral,2020,2,February,4,Morning,11:00:00,Unknown,Motorcycle,Male,39,Driver,Unknown,Unknown,Leisure and entertainment,Minor injury: Medical assistance at accident site,429142.45,4580974.44,2.15152958,41.375323015
2020S000854    ,Eixample,Sant Antoni,Paralˇlel,Tuesday,2020-02-04,Laboral,2020,2,February,4,Morning,11:00:00,Unknown,Motorcycle,Female,44,Passenger,Unknown,Unknown,Unknown,Minor injury: Medical assistance at accident site,429142.45,4580974.44,2.15152958,41.375323015
2020S000854    ,Eixample,Sant Antoni,Paralˇlel,Tuesday,2020-02-04,Laboral,2020,2,February,4,Morning,11:00:00,Unknown,Taxi,Male,48,Driver,Unknown,Unknown,Taxi,Uninjured,429142.45,4580974.44,2.15152958,41.375323015
2020S000855    ,Eixample,la Dreta de l'Eixample,Valčncia,Tuesday,2020-02-04,Laboral,2020,2,February,4,Morning,10:00:00,Unknown,Autobús articulat,Female,47,Driver,Unknown,Unknown,Urban bus,Uninjured,430374.33,4583101.87,2.16601482,41.394591709
2020S000855    ,Eixample,la Dreta de l'Eixample,Valčncia,Tuesday,2020-02-04,Laboral,2020,2,February,4,Morning,10:00:00,Unknown,Autobús articulat,Female,86,Passenger,Unknown,Unknown,Unknown,Minor injury: Hospitalization up to 24 hours,430374.33,4583101.87,2.16601482,41.394591709
2020S000856    ,Sant Martí,la Vila Olímpica del Poblenou,Arquitecte Sert,Tuesday,2020-02-04,Laboral,2020,2,February,4,Morning,13:00:00,Unknown,Taxi,Male,44,Driver,Unknown,Unknown,Unknown,Uninjured,433190.75,4582603.48,2.19975657,41.390341876
2020S000856    ,Sant Martí,la Vila Olímpica del Poblenou,Arquitecte Sert,Tuesday,2020-02-04,Laboral,2020,2,February,4,Morning,13:00:00,Unknown,Motorcycle,Male,44,Driver,Unknown,Unknown,Unknown,Minor injury: Hospitalization up to 24 hours,433190.75,4582603.48,2.19975657,41.390341876
2020S000857    ,Eixample,Sant Antoni,Espanya,Tuesday,2020-02-04,Laboral,2020,2,February,4,Morning,13:00:00,Unknown,Motorcycle,Male,38,Driver,In crossing regulated by traffic lights,Unknown,Unknown,Minor injury: Hospitalization up to 24 hours,429045.14,4580981.92,2.15036515,41.375381806
2020S000857    ,Eixample,Sant Antoni,Espanya,Tuesday,2020-02-04,Laboral,2020,2,February,4,Morning,13:00:00,Unknown,Car,Male,41,Pedestrian,In crossing regulated by traffic lights,Unknown,Unknown,Minor injury: Hospitalization up to 24 hours,429045.14,4580981.92,2.15036515,41.375381806
2020S000857    ,Eixample,Sant Antoni,Espanya,Tuesday,2020-02-04,Laboral,2020,2,February,4,Morning,13:00:00,Unknown,Car,Male,58,Driver,In crossing regulated by traffic lights,Unknown,Unknown,Uninjured,429045.14,4580981.92,2.15036515,41.375381806
2020S000858    ,Eixample,la Sagrada Família,Valčncia,Tuesday,2020-02-04,Laboral,2020,2,February,4,Afternoon,15:00:00,Unknown,Bicicleta,Male,23,Driver,Unknown,Unknown,Unknown,Minor injury: Hospitalization up to 24 hours,431565.75,4584296.35,2.18013005,41.40545236
2020S000858    ,Eixample,la Sagrada Família,Valčncia,Tuesday,2020-02-04,Laboral,2020,2,February,4,Afternoon,15:00:00,Unknown,Car,Male,56,Driver,Unknown,Unknown,In transit (commuting),Uninjured,431565.75,4584296.35,2.18013005,41.40545236
2020S000859    ,Les Corts,la Maternitat i Sant Ramon,Diagonal,Tuesday,2020-02-04,Laboral,2020,2,February,4,Afternoon,16:00:00,Unknown,Car,Male,45,Driver,Unknown,Unknown,Unknown,Uninjured,426268.3,4582116.22,2.11702406,41.385348216
2020S000859    ,Les Corts,la Maternitat i Sant Ramon,Diagonal,Tuesday,2020-02-04,Laboral,2020,2,February,4,Afternoon,16:00:00,Unknown,Motorcycle,Male,45,Driver,Unknown,Unknown,Unknown,Minor injury: Medical assistance at accident site,426268.3,4582116.22,2.11702406,41.385348216
2020S000860    ,Sants-Montjuďc,Sants,Paďsos Catalans,Tuesday,2020-02-04,Laboral,2020,2,February,4,Afternoon,15:00:00,Unknown,Veh. mobilitat personal amb motor,Male,18,Driver,Unknown,Unknown,Unknown,Minor injury: Medical assistance at accident site,428302.4,4581484.54,2.14142459,41.379842861
2020S000860    ,Sants-Montjuďc,Sants,Paďsos Catalans,Tuesday,2020-02-04,Laboral,2020,2,February,4,Afternoon,15:00:00,Unknown,Taxi,Male,60,Driver,Unknown,Unknown,Taxi,Uninjured,428302.4,4581484.54,2.14142459,41.379842861
2020S000861    ,Ciutat Vella,el Barri Gňtic,Rambla,Tuesday,2020-02-04,Laboral,2020,2,February,4,Afternoon,16:00:00,Unknown,Car,Male,69,Driver,Unknown,Unknown,Leisure and entertainment,Uninjured,431200.74,4581289.22,2.1761053,41.378336854
2020S000862    ,Eixample,la Nova Esquerra de l'Eixample,Aragó,Tuesday,2020-02-04,Laboral,2020,2,February,4,Afternoon,15:00:00,Unknown,Veh. mobilitat personal amb motor,Female,46,Driver,Unknown,Unknown,Leisure and entertainment,Minor injury: Hospitalization up to 24 hours,429150.9,4581714.88,2.15154401,41.381992658
2020S000862    ,Eixample,la Nova Esquerra de l'Eixample,Aragó,Tuesday,2020-02-04,Laboral,2020,2,February,4,Afternoon,15:00:00,Unknown,Furgoneta,Male,36,Driver,Unknown,Unknown,On a mission,Uninjured,429150.9,4581714.88,2.15154401,41.381992658
2020S000863    ,Sant Martí,Sant Martí de Provençals,Doctor Zamenhof,Tuesday,2020-02-04,Laboral,2020,2,February,4,Afternoon,18:00:00,Unknown,Car,Male,76,Driver,Unknown,Unknown,Unknown,Uninjured,432844.7,4585514.56,2.19529463,41.416532354
2020S000863    ,Sant Martí,Sant Martí de Provençals,Doctor Zamenhof,Tuesday,2020-02-04,Laboral,2020,2,February,4,Afternoon,18:00:00,Unknown,Motorcycle,Female,35,Driver,Unknown,Unknown,In transit (commuting),Minor injury: Hospitalization up to 24 hours,432844.7,4585514.56,2.19529463,41.416532354
2020S000864    ,Eixample,l'Antiga Esquerra de l'Eixample,Aragó,Tuesday,2020-02-04,Laboral,2020,2,February,4,Afternoon,18:00:00,Unknown,Motorcycle,Male,50,Driver,Unknown,Unknown,Unknown,Minor injury: Hospitalization up to 24 hours,429514.97,4582102.6,2.15585258,41.38551672
2020S000864    ,Eixample,l'Antiga Esquerra de l'Eixample,Aragó,Tuesday,2020-02-04,Laboral,2020,2,February,4,Afternoon,18:00:00,Unknown,Motorcycle,Male,30,Driver,Unknown,Unknown,Unknown,Minor injury: Hospitalization up to 24 hours,429514.97,4582102.6,2.15585258,41.38551672
2020S000864    ,Eixample,l'Antiga Esquerra de l'Eixample,Aragó,Tuesday,2020-02-04,Laboral,2020,2,February,4,Afternoon,18:00:00,Unknown,Motorcycle,Female,31,Driver,Unknown,Unknown,Unknown,Minor injury: Hospitalization up to 24 hours,429514.97,4582102.6,2.15585258,41.38551672
2020S000865    ,Sant Martí,el Clot,Dos de Maig,Tuesday,2020-02-04,Laboral,2020,2,February,4,Afternoon,17:00:00,Unknown,Car,Male,42,Driver,Unknown,Unknown,Leisure and entertainment,Uninjured,431925.25,4584288.68,2.18443154,41.405413819
2020S000865    ,Sant Martí,el Clot,Dos de Maig,Tuesday,2020-02-04,Laboral,2020,2,February,4,Afternoon,17:00:00,Unknown,Veh. mobilitat personal amb motor,Female,44,Driver,Unknown,Unknown,In transit (commuting),Minor injury: Hospitalization up to 24 hours,431925.25,4584288.68,2.18443154,41.405413819
2020S000866    ,Sant Martí,Diagonal Mar i el Front Marítim del Poblenou,Josep Pla,Tuesday,2020-01-14,Laboral,2020,1,January,14,Afternoon,16:00:00,Unknown,Veh. mobilitat personal amb motor,Female,45,Driver,Unknown,Unknown,Other activities,Serious injury: Hospitalization over 24 hours,434363.7,4584814.4,2.21354534,41.410351767
2020S000866    ,Sant Martí,Diagonal Mar i el Front Marítim del Poblenou,Josep Pla,Tuesday,2020-01-14,Laboral,2020,1,January,14,Afternoon,16:00:00,Unknown,Bicicleta,Male,25,Driver,Unknown,Unknown,Unknown,Uninjured,434363.7,4584814.4,2.21354534,41.410351767
2020S000867    ,Horta-Guinardó,el Carmel,Sigüenza,Tuesday,2020-02-04,Laboral,2020,2,February,4,Afternoon,18:00:00,Unknown,Motorcycle,Male,40,Driver,Unknown,Unknown,Leisure and entertainment,Minor injury: Hospitalization up to 24 hours,429327.83,4586341.72,2.15311933,41.423680491
2020S000867    ,Horta-Guinardó,el Carmel,Sigüenza,Tuesday,2020-02-04,Laboral,2020,2,February,4,Afternoon,18:00:00,Unknown,Motorcycle,Male,33,Driver,Unknown,Unknown,Unknown,Uninjured,429327.83,4586341.72,2.15311933,41.423680491
2020S000868    ,Eixample,la Nova Esquerra de l'Eixample,Aragó,Tuesday,2020-02-04,Laboral,2020,2,February,4,Night,22:00:00,Unknown,Car,Male,19,Driver,Unknown,Unknown,Leisure and entertainment,Uninjured,429378.09,4581935.46,2.15423512,41.383999334
2020S000868    ,Eixample,la Nova Esquerra de l'Eixample,Aragó,Tuesday,2020-02-04,Laboral,2020,2,February,4,Night,22:00:00,Unknown,Motorcycle,Male,33,Driver,Unknown,Unknown,In transit (commuting),Minor injury: Medical assistance at accident site,429378.09,4581935.46,2.15423512,41.383999334
2020S000869    ,Grŕcia,el Camp d'en Grassot i Grŕcia Nova,Camčlies,Tuesday,2020-02-04,Laboral,2020,2,February,4,Afternoon,18:00:00,Unknown,Car,Male,67,Driver,Unknown,Unknown,Unknown,Uninjured,429928.54,4585001.63,2.1604628,41.411663446
2020S000869    ,Grŕcia,el Camp d'en Grassot i Grŕcia Nova,Camčlies,Tuesday,2020-02-04,Laboral,2020,2,February,4,Afternoon,18:00:00,Unknown,Motorcycle,Female,39,Driver,Unknown,Unknown,Leisure and entertainment,Minor injury: Hospitalization up to 24 hours,429928.54,4585001.63,2.1604628,41.411663446
2020S000870    ,Sarriŕ-Sant Gervasi,Sarriŕ,General Vives,Wednesday,2020-02-05,Laboral,2020,2,February,5,Night,01:00:00,Unknown,Car,Male,23,Driver,Unknown,Unknown,Leisure and entertainment,Uninjured,426390.46,4584307.39,2.11821847,41.405094323
2020S000871    ,Sant Martí,Diagonal Mar i el Front Marítim del Poblenou,Litoral (Llobregat),Wednesday,2020-02-05,Laboral,2020,2,February,5,Morning,06:00:00,Unknown,Motorcycle,Male,40,Driver,Unknown,Unknown,In transit (commuting),Minor injury: Hospitalization up to 24 hours,434443.92,4584049.58,2.21458797,41.403469762
2020S000871    ,Sant Martí,Diagonal Mar i el Front Marítim del Poblenou,Litoral (Llobregat),Wednesday,2020-02-05,Laboral,2020,2,February,5,Morning,06:00:00,Unknown,Furgoneta,Male,53,Driver,Unknown,Unknown,In transit (commuting),Uninjured,434443.92,4584049.58,2.21458797,41.403469762
2020S000872    ,Horta-Guinardó,Sant Genís dels Agudells,Judea,Wednesday,2020-02-05,Laboral,2020,2,February,5,Morning,07:00:00,Unknown,Car,Female,56,Driver,Unknown,Unknown,In transit (commuting),Uninjured,428294.15,4586503.94,2.14073103,41.425049892
2020S000872    ,Horta-Guinardó,Sant Genís dels Agudells,Judea,Wednesday,2020-02-05,Laboral,2020,2,February,5,Morning,07:00:00,Unknown,Motorcycle,Female,53,Driver,Unknown,Unknown,In transit (commuting),Minor injury: Hospitalization up to 24 hours,428294.15,4586503.94,2.14073103,41.425049892
2020S000873    ,Ciutat Vella,el Barri Gňtic,Antonio López,Wednesday,2020-02-05,Laboral,2020,2,February,5,Morning,09:00:00,Unknown,Car,Female,63,Driver,Unknown,Unknown,Unknown,Uninjured,431666.41,4581603.15,2.18163828,41.381204042
2020S000873    ,Ciutat Vella,el Barri Gňtic,Antonio López,Wednesday,2020-02-05,Laboral,2020,2,February,5,Morning,09:00:00,Unknown,Motorcycle,Male,10,Passenger,Unknown,Unknown,Unknown,Minor injury: Hospitalization up to 24 hours,431666.41,4581603.15,2.18163828,41.381204042
2020S000873    ,Ciutat Vella,el Barri Gňtic,Antonio López,Wednesday,2020-02-05,Laboral,2020,2,February,5,Morning,09:00:00,Unknown,Motorcycle,Female,42,Driver,Unknown,Unknown,Unknown,Minor injury: Hospitalization up to 24 hours,431666.41,4581603.15,2.18163828,41.381204042
2020S000873    ,Ciutat Vella,el Barri Gňtic,Antonio López,Wednesday,2020-02-05,Laboral,2020,2,February,5,Morning,09:00:00,Unknown,Motorcycle,Female,49,Driver,Unknown,Unknown,Unknown,Minor injury: Hospitalization up to 24 hours,431666.41,4581603.15,2.18163828,41.381204042
2020S000874    ,Eixample,la Dreta de l'Eixample,Aragó,Wednesday,2020-02-05,Laboral,2020,2,February,5,Morning,08:00:00,Unknown,Motorcycle,Male,35,Driver,Unknown,Unknown,In transit (commuting),Minor injury: Hospitalization up to 24 hours,430228.9,4582764.19,2.16431429,41.391537723
2020S000874    ,Eixample,la Dreta de l'Eixample,Aragó,Wednesday,2020-02-05,Laboral,2020,2,February,5,Morning,08:00:00,Unknown,Motorcycle,Male,61,Driver,Unknown,Unknown,In transit (commuting),Uninjured,430228.9,4582764.19,2.16431429,41.391537723
2020S000874    ,Eixample,la Dreta de l'Eixample,Aragó,Wednesday,2020-02-05,Laboral,2020,2,February,5,Morning,08:00:00,Unknown,Motorcycle,Male,45,Driver,Unknown,Unknown,In transit (commuting),Uninjured,430228.9,4582764.19,2.16431429,41.391537723
2020S000875    ,Grŕcia,Vallcarca i els Penitents,Farigola,Wednesday,2020-02-05,Laboral,2020,2,February,5,Morning,11:00:00,Unknown,Autobús,Female,50,Driver,Unknown,Unknown,Urban bus,Unknown,428819.41,4585290.63,2.14715932,41.414168838
2020S000875    ,Grŕcia,Vallcarca i els Penitents,Farigola,Wednesday,2020-02-05,Laboral,2020,2,February,5,Morning,11:00:00,Unknown,Furgoneta,Male,25,Driver,Unknown,Unknown,Other activities,Uninjured,428819.41,4585290.63,2.14715932,41.414168838
2020S000876    ,Sant Andreu,Sant Andreu,Meridiana,Wednesday,2020-02-05,Laboral,2020,2,February,5,Morning,07:00:00,Unknown,Car,Female,28,Passenger,Unknown,Unknown,Unknown,Minor injury: Hospitalization up to 24 hours,431931.99,4587522.49,2.18414801,41.434540282
2020S000876    ,Sant Andreu,Sant Andreu,Meridiana,Wednesday,2020-02-05,Laboral,2020,2,February,5,Morning,07:00:00,Unknown,Car,Female,38,Driver,Unknown,Unknown,Other activities,Minor injury: Hospitalization up to 24 hours,431931.99,4587522.49,2.18414801,41.434540282
2020S000876    ,Sant Andreu,Sant Andreu,Meridiana,Wednesday,2020-02-05,Laboral,2020,2,February,5,Morning,07:00:00,Unknown,Furgoneta,Male,40,Driver,Unknown,Unknown,Unknown,Uninjured,431931.99,4587522.49,2.18414801,41.434540282
2020S000877    ,Eixample,la Dreta de l'Eixample,Tetuan,Wednesday,2020-02-05,Laboral,2020,2,February,5,Morning,09:00:00,Unknown,Autobús,Female,54,Passenger,Unknown,Unknown,Unknown,Minor injury: Hospitalization up to 24 hours,431093.99,4583161.22,2.17461576,41.395188276
2020S000877    ,Eixample,la Dreta de l'Eixample,Tetuan,Wednesday,2020-02-05,Laboral,2020,2,February,5,Morning,09:00:00,Unknown,Autobús,Male,49,Driver,Unknown,Unknown,Urban bus,Uninjured,431093.99,4583161.22,2.17461576,41.395188276
2020S000878    ,Nou Barris,Vilapicina i la Torre Llobeta,Arnau d'Oms,Wednesday,2020-02-05,Laboral,2020,2,February,5,Morning,07:00:00,Unknown,Ciclomotor,Male,53,Driver,Unknown,Unknown,Leisure and entertainment,Minor injury: Hospitalization up to 24 hours,431365.66,4586850.43,2.17744645,41.428439046
2020S000878    ,Nou Barris,Vilapicina i la Torre Llobeta,Arnau d'Oms,Wednesday,2020-02-05,Laboral,2020,2,February,5,Morning,07:00:00,Unknown,Car,Female,25,Driver,Unknown,Unknown,Leisure and entertainment,Uninjured,431365.66,4586850.43,2.17744645,41.428439046
2020S000879    ,Eixample,la Dreta de l'Eixample,Roger de Llúria,Wednesday,2020-02-05,Laboral,2020,2,February,5,Morning,12:00:00,Unknown,Furgoneta,Male,36,Driver,Unknown,Unknown,Professional goods transport,Uninjured,430305.42,4583268.01,2.16517147,41.396082105
2020S000879    ,Eixample,la Dreta de l'Eixample,Roger de Llúria,Wednesday,2020-02-05,Laboral,2020,2,February,5,Morning,12:00:00,Unknown,Motorcycle,Male,29,Driver,Unknown,Unknown,In transit (commuting),Minor injury: Hospitalization up to 24 hours,430305.42,4583268.01,2.16517147,41.396082105
2020S000880    ,Sarriŕ-Sant Gervasi,el Putxet i el Farró,Riera de Cassoles,Wednesday,2020-02-05,Laboral,2020,2,February,5,Morning,13:00:00,Creuar per fora pas de vianants,Motorcycle,Male,26,Pedestrian,Outside the crossing,Unknown,Unknown,Minor injury: Hospitalization up to 24 hours,429033.58,4584325.83,2.14983492,41.405498205
2020S000880    ,Sarriŕ-Sant Gervasi,el Putxet i el Farró,Riera de Cassoles,Wednesday,2020-02-05,Laboral,2020,2,February,5,Morning,13:00:00,Creuar per fora pas de vianants,Motorcycle,Male,67,Driver,Outside the crossing,Unknown,Unknown,Minor injury: Medical assistance at accident site,429033.58,4584325.83,2.14983492,41.405498205
2020S000881    ,Sants-Montjuďc,la Marina del Prat Vermell,A Zona Franca,Wednesday,2020-02-05,Laboral,2020,2,February,5,Morning,13:00:00,Unknown,Motorcycle,Male,41,Driver,Unknown,Unknown,Unknown,Minor injury: Hospitalization up to 24 hours,428769.13,4577860.73,2.14743156,41.347245828
2020S000881    ,Sants-Montjuďc,la Marina del Prat Vermell,A Zona Franca,Wednesday,2020-02-05,Laboral,2020,2,February,5,Morning,13:00:00,Unknown,Tractor camió,Male,44,Driver,Unknown,Unknown,On a mission,Uninjured,428769.13,4577860.73,2.14743156,41.347245828
2020S000882    ,Eixample,l'Antiga Esquerra de l'Eixample,Aragó,Wednesday,2020-02-05,Laboral,2020,2,February,5,Morning,13:00:00,Unknown,Car,Female,43,Driver,Unknown,Unknown,Unknown,Uninjured,429632.24,4582185.05,2.15724544,41.386269592
2020S000882    ,Eixample,l'Antiga Esquerra de l'Eixample,Aragó,Wednesday,2020-02-05,Laboral,2020,2,February,5,Morning,13:00:00,Unknown,Motorcycle,Male,31,Driver,Unknown,Unknown,Unknown,Minor injury: Hospitalization up to 24 hours,429632.24,4582185.05,2.15724544,41.386269592
2020S000883    ,Sant Andreu,Sant Andreu,Meridiana,Wednesday,2020-02-05,Laboral,2020,2,February,5,Afternoon,14:00:00,Unknown,Ciclomotor,Female,31,Driver,Unknown,Unknown,Servei d'auxili en carretera,Minor injury: Hospitalization up to 24 hours,431886.19,4587371.81,2.18361686,41.433179273
2020S000883    ,Sant Andreu,Sant Andreu,Meridiana,Wednesday,2020-02-05,Laboral,2020,2,February,5,Afternoon,14:00:00,Unknown,Car,Male,53,Driver,Unknown,Unknown,On a mission,Uninjured,431886.19,4587371.81,2.18361686,41.433179273
2020S000884    ,Sarriŕ-Sant Gervasi,Sant Gervasi - la Bonanova,Dalt (Llobregat),Wednesday,2020-02-05,Laboral,2020,2,February,5,Afternoon,14:00:00,Unknown,Car,Male,51,Driver,Unknown,Unknown,In transit (commuting),Uninjured,426784.38,4584603.64,2.1228949,41.407798508
2020S000884    ,Sarriŕ-Sant Gervasi,Sant Gervasi - la Bonanova,Dalt (Llobregat),Wednesday,2020-02-05,Laboral,2020,2,February,5,Afternoon,14:00:00,Unknown,Car,Male,49,Driver,Unknown,Unknown,On a mission,Minor injury: Hospitalization up to 24 hours,426784.38,4584603.64,2.1228949,41.407798508
2020S000884    ,Sarriŕ-Sant Gervasi,Sant Gervasi - la Bonanova,Dalt (Llobregat),Wednesday,2020-02-05,Laboral,2020,2,February,5,Afternoon,14:00:00,Unknown,Car,Female,24,Driver,Unknown,Unknown,In transit (commuting),Minor injury: Hospitalization up to 24 hours,426784.38,4584603.64,2.1228949,41.407798508
2020S000885    ,Sant Andreu,la Sagrera,Meridiana,Wednesday,2020-02-05,Laboral,2020,2,February,5,Afternoon,14:00:00,Unknown,Furgoneta,Male,56,Driver,Unknown,Unknown,In transit (commuting),Uninjured,432062.16,4586480.62,2.18582307,41.425167534
2020S000885    ,Sant Andreu,la Sagrera,Meridiana,Wednesday,2020-02-05,Laboral,2020,2,February,5,Afternoon,14:00:00,Unknown,Motorcycle,Male,70,Driver,Unknown,Unknown,On a mission,Minor injury: Hospitalization up to 24 hours,432062.16,4586480.62,2.18582307,41.425167534
2020S000886    ,Eixample,l'Antiga Esquerra de l'Eixample,Aragó,Wednesday,2020-02-05,Laboral,2020,2,February,5,Afternoon,15:00:00,Unknown,Ciclomotor,Male,54,Driver,Unknown,Unknown,In transit (commuting),Minor injury: Medical assistance at accident site,429529.56,4582086.57,2.15602893,41.385373622
2020S000886    ,Eixample,l'Antiga Esquerra de l'Eixample,Aragó,Wednesday,2020-02-05,Laboral,2020,2,February,5,Afternoon,15:00:00,Unknown,Motorcycle,Male,53,Driver,Unknown,Unknown,In transit (commuting),Uninjured,429529.56,4582086.57,2.15602893,41.385373622
2020S000887    ,Eixample,el Fort Pienc,Marina,Wednesday,2020-02-05,Laboral,2020,2,February,5,Afternoon,16:00:00,Unknown,Bicicleta,Male,38,Driver,Unknown,Unknown,Unknown,Minor injury: Hospitalization up to 24 hours,431758.21,4583445.87,2.18252834,41.397808708
2020S000887    ,Eixample,el Fort Pienc,Marina,Wednesday,2020-02-05,Laboral,2020,2,February,5,Afternoon,16:00:00,Unknown,Car,Male,22,Driver,Unknown,Unknown,Taxi,Uninjured,431758.21,4583445.87,2.18252834,41.397808708
2020S000888    ,Eixample,el Fort Pienc,Vilanova,Wednesday,2020-02-05,Laboral,2020,2,February,5,Afternoon,16:00:00,Unknown,Motorcycle,Male,49,Driver,Unknown,Unknown,Leisure and entertainment,Minor injury: Hospitalization up to 24 hours,431582.09,4582775.84,2.18049744,41.391758967
2020S000888    ,Eixample,el Fort Pienc,Vilanova,Wednesday,2020-02-05,Laboral,2020,2,February,5,Afternoon,16:00:00,Unknown,Bicicleta,Male,37,Driver,Unknown,Unknown,Leisure and entertainment,Minor injury: Hospitalization up to 24 hours,431582.09,4582775.84,2.18049744,41.391758967
2020S000889    ,Horta-Guinardó,el Baix Guinardó,Taxdirt,Wednesday,2020-02-05,Laboral,2020,2,February,5,Afternoon,16:00:00,Creuar per fora pas de vianants,Car,Male,80,Driver,Outside the crossing,Unknown,Servei d'auxili en carretera,Uninjured,430433.32,4584758.5,2.1665299,41.409517532
2020S000889    ,Horta-Guinardó,el Baix Guinardó,Taxdirt,Wednesday,2020-02-05,Laboral,2020,2,February,5,Afternoon,16:00:00,Creuar per fora pas de vianants,Car,Male,4,Pedestrian,Outside the crossing,Unknown,Unknown,Serious injury: Hospitalization over 24 hours,430433.32,4584758.5,2.1665299,41.409517532
2020S000890    ,Sant Martí,el Clot,Trinxant,Wednesday,2020-02-05,Laboral,2020,2,February,5,Afternoon,15:00:00,Unknown,Motorcycle,Male,23,Driver,Unknown,Unknown,In transit (commuting),Minor injury: Hospitalization up to 24 hours,432168.69,4585180.09,2.18724379,41.413463074
2020S000890    ,Sant Martí,el Clot,Trinxant,Wednesday,2020-02-05,Laboral,2020,2,February,5,Afternoon,15:00:00,Unknown,Motorcycle,Male,40,Driver,Unknown,Unknown,In transit (commuting),Minor injury: Hospitalization up to 24 hours,432168.69,4585180.09,2.18724379,41.413463074
2020S000891    ,Eixample,la Dreta de l'Eixample,Corts Catalanes,Wednesday,2020-02-05,Laboral,2020,2,February,5,Afternoon,18:00:00,Unknown,Ciclomotor,Female,25,Passenger,Unknown,Unknown,Unknown,Minor injury: Hospitalization up to 24 hours,430348.35,4582275.87,2.16579912,41.387149937
2020S000891    ,Eixample,la Dreta de l'Eixample,Corts Catalanes,Wednesday,2020-02-05,Laboral,2020,2,February,5,Afternoon,18:00:00,Unknown,Car,Male,25,Driver,Unknown,Unknown,Unknown,Uninjured,430348.35,4582275.87,2.16579912,41.387149937
2020S000891    ,Eixample,la Dreta de l'Eixample,Corts Catalanes,Wednesday,2020-02-05,Laboral,2020,2,February,5,Afternoon,18:00:00,Unknown,Ciclomotor,Male,28,Driver,Unknown,Unknown,Unknown,Minor injury: Hospitalization up to 24 hours,430348.35,4582275.87,2.16579912,41.387149937
2020S000892    ,Sants-Montjuďc,Hostafrancs,Bordeta,Tuesday,2020-02-04,Laboral,2020,2,February,4,Afternoon,19:00:00,Unknown,Car,Female,28,Pedestrian,In an unregulated crossing,In transit (commuting),Unknown,Minor injury: Hospitalization up to 24 hours,428464.88,4580713.8,2.14345853,41.372915542
2020S000892    ,Sants-Montjuďc,Hostafrancs,Bordeta,Tuesday,2020-02-04,Laboral,2020,2,February,4,Afternoon,19:00:00,Unknown,Car,Male,26,Driver,In an unregulated crossing,Unknown,Leisure and entertainment,Uninjured,428464.88,4580713.8,2.14345853,41.372915542
2020S000893    ,Les Corts,les Corts,Entença,Wednesday,2020-02-05,Laboral,2020,2,February,5,Afternoon,15:00:00,Unknown,Motorcycle,Male,40,Driver,Unknown,Unknown,Unknown,Minor injury: Hospitalization up to 24 hours,428118.74,4582502.45,2.13910756,41.388994406
2020S000894    ,Les Corts,les Corts,Mig (Ascendent),Wednesday,2020-02-05,Laboral,2020,2,February,5,Afternoon,19:00:00,Unknown,Car,Male,32,Driver,Unknown,Unknown,Unknown,Uninjured,427354.46,4582898.6,2.12991951,41.392493671
2020S000894    ,Les Corts,les Corts,Mig (Ascendent),Wednesday,2020-02-05,Laboral,2020,2,February,5,Afternoon,19:00:00,Unknown,Car,Female,22,Passenger,Unknown,Unknown,Unknown,Minor injury: Hospitalization up to 24 hours,427354.46,4582898.6,2.12991951,41.392493671
2020S000894    ,Les Corts,les Corts,Mig (Ascendent),Wednesday,2020-02-05,Laboral,2020,2,February,5,Afternoon,19:00:00,Unknown,Car,Female,22,Driver,Unknown,Unknown,Unknown,Uninjured,427354.46,4582898.6,2.12991951,41.392493671
2020S000895    ,Sarriŕ-Sant Gervasi,les Tres Torres,Ganduxer,Wednesday,2020-02-05,Laboral,2020,2,February,5,Afternoon,21:00:00,Unknown,Motorcycle,Male,44,Driver,Unknown,Unknown,Unknown,Minor injury: Medical assistance at accident site,427631.11,4583786.02,2.1331222,41.400511261
2020S000895    ,Sarriŕ-Sant Gervasi,les Tres Torres,Ganduxer,Wednesday,2020-02-05,Laboral,2020,2,February,5,Afternoon,21:00:00,Unknown,Ciclomotor,Male,30,Driver,Unknown,Unknown,Unknown,Minor injury: Hospitalization up to 24 hours,427631.11,4583786.02,2.1331222,41.400511261