Case_Number,District_Name,Neighborhood_Name,Street_Name,Day_of_Week,Date,Day_Type_Description,Year,Month_of_Year,Month_Name,Day_of_Month,Shift_Description,Hour_of_Day,Pedestrian_Cause_Description,Involved_Vehicle_Type_Description,Gender_Description,Age,Person_Type_Description,Pedestrian_Accident_Location_Description,Pedestrian_Movement_Reason_Description,Driver_Movement_Reason_Description,Victimization_Description,Coordenada_UTM_X,Coordenada_UTM_Y,Longitud,Latitud
2020S000896    ,Sant Martí,la Verneda i la Pau,Cantŕbria,Wednesday,2020-02-05,Laboral,2020,2,February,5,Afternoon,20:00:00,Unknown,Furgoneta,Male,33,Passenger,Unknown,Unknown,Unknown,Minor injury: Medical assistance at accident site,433122.44,4586300.72,2.19853077,41.423636247
2020S000896    ,Sant Martí,la Verneda i la Pau,Cantŕbria,Wednesday,2020-02-05,Laboral,2020,2,February,5,Afternoon,20:00:00,Unknown,Furgoneta,Female,54,Driver,Unknown,Unknown,Leisure and entertainment,Uninjured,433122.44,4586300.72,2.19853077,41.423636247
2020S000896    ,Sant Martí,la Verneda i la Pau,Cantŕbria,Wednesday,2020-02-05,Laboral,2020,2,February,5,Afternoon,20:00:00,Unknown,Car,Male,53,Driver,Unknown,Unknown,Leisure and entertainment,Uninjured,433122.44,4586300.72,2.19853077,41.423636247
2020S000897    ,Eixample,Sant Antoni,Floridablanca,Thursday,2020-02-06,Laboral,2020,2,February,6,Night,00:00:00,Unknown,Car,Female,61,Driver,Unknown,Unknown,In transit (commuting),Uninjured,430121.8,4581690.46,2.16315727,41.381857673
2020S000897    ,Eixample,Sant Antoni,Floridablanca,Thursday,2020-02-06,Laboral,2020,2,February,6,Night,00:00:00,Unknown,Veh. mobilitat personal amb motor,Male,36,Driver,Unknown,Unknown,In transit (commuting),Minor injury: Hospitalization up to 24 hours,430121.8,4581690.46,2.16315727,41.381857673
2020S000898    ,Sant Andreu,el Bon Pastor,Litoral (Besňs),Thursday,2020-02-06,Laboral,2020,2,February,6,Morning,06:00:00,Unknown,Motorcycle,Male,34,Driver,Unknown,Unknown,On a mission,Minor injury: Medical assistance at accident site,433806.8,4588470.27,2.20648221,41.443233462
2020S000899    ,Eixample,la Dreta de l'Eixample,Consell de Cent,Thursday,2020-02-06,Laboral,2020,2,February,6,Morning,08:00:00,Unknown,Car,Male,49,Driver,Unknown,Unknown,Taxi,Uninjured,430485.12,4582836.4,2.16737044,41.392210294
2020S000899    ,Eixample,la Dreta de l'Eixample,Consell de Cent,Thursday,2020-02-06,Laboral,2020,2,February,6,Morning,08:00:00,Unknown,Motorcycle,Male,22,Driver,Unknown,Unknown,In transit (commuting),Minor injury: Medical assistance at accident site,430485.12,4582836.4,2.16737044,41.392210294
2020S000900    ,Sant Andreu,la Sagrera,Meridiana,Thursday,2020-02-06,Laboral,2020,2,February,6,Morning,08:00:00,Unknown,Motorcycle,Female,33,Driver,Unknown,Unknown,Unknown,Minor injury: Hospitalization up to 24 hours,432107.55,4586400.86,2.18637518,41.424453001
2020S000900    ,Sant Andreu,la Sagrera,Meridiana,Thursday,2020-02-06,Laboral,2020,2,February,6,Morning,08:00:00,Unknown,"Camió rígid > 3,5 tones",Male,48,Driver,Unknown,Unknown,On a mission,Uninjured,432107.55,4586400.86,2.18637518,41.424453001
2020S000900    ,Sant Andreu,la Sagrera,Meridiana,Thursday,2020-02-06,Laboral,2020,2,February,6,Morning,08:00:00,Unknown,Car,Male,64,Driver,Unknown,Unknown,Unknown,Uninjured,432107.55,4586400.86,2.18637518,41.424453001
2020S000901    ,Sarriŕ-Sant Gervasi,Sant Gervasi - Galvany,General Mitre,Thursday,2020-02-06,Laboral,2020,2,February,6,Morning,09:00:00,Unknown,Car,Male,77,Driver,Unknown,Unknown,Unknown,Uninjured,427747.31,4583669.72,2.13452604,41.39947425
2020S000901    ,Sarriŕ-Sant Gervasi,Sant Gervasi - Galvany,General Mitre,Thursday,2020-02-06,Laboral,2020,2,February,6,Morning,09:00:00,Unknown,Motorcycle,Male,59,Driver,Unknown,Unknown,Unknown,Minor injury: Hospitalization up to 24 hours,427747.31,4583669.72,2.13452604,41.39947425
2020S000902    ,Eixample,l'Antiga Esquerra de l'Eixample,Diagonal,Thursday,2020-02-06,Laboral,2020,2,February,6,Morning,09:00:00,Unknown,Car,Male,42,Driver,Unknown,Unknown,In transit (commuting),Uninjured,428859.39,4582978.78,2.14790951,41.393350422
2020S000902    ,Eixample,l'Antiga Esquerra de l'Eixample,Diagonal,Thursday,2020-02-06,Laboral,2020,2,February,6,Morning,09:00:00,Unknown,Motorcycle,Female,53,Driver,Unknown,Unknown,In transit (commuting),Minor injury: Hospitalization up to 24 hours,428859.39,4582978.78,2.14790951,41.393350422
2020S000903    ,Sant Martí,Provençals del Poblenou,C-31,Thursday,2020-02-06,Laboral,2020,2,February,6,Morning,09:00:00,Unknown,Car,Male,35,Driver,Unknown,Unknown,In transit (commuting),Uninjured,433723.92,4585600.72,2.20580496,41.417381413
2020S000903    ,Sant Martí,Provençals del Poblenou,C-31,Thursday,2020-02-06,Laboral,2020,2,February,6,Morning,09:00:00,Unknown,Motorcycle,Male,38,Driver,Unknown,Unknown,In transit (commuting),Minor injury: Hospitalization up to 24 hours,433723.92,4585600.72,2.20580496,41.417381413
2020S000904    ,Ciutat Vella,el Raval,Raval,Thursday,2020-02-06,Laboral,2020,2,February,6,Morning,11:00:00,Unknown,Unknown,Female,67,Pedestrian,In an unregulated crossing,Unknown,Unknown,Minor injury: Hospitalization up to 24 hours,430653.51,4581268.34,2.16956402,41.378101792
2020S000905    ,Sant Andreu,la Sagrera,Meridiana,Thursday,2020-02-06,Laboral,2020,2,February,6,Morning,11:00:00,Unknown,"Camió rígid > 3,5 tones",Male,51,Driver,Unknown,Unknown,Professional goods transport,Uninjured,432087.81,4586600.82,2.1861165,41.426252306
2020S000905    ,Sant Andreu,la Sagrera,Meridiana,Thursday,2020-02-06,Laboral,2020,2,February,6,Morning,11:00:00,Unknown,Motorcycle,Male,40,Driver,Unknown,Unknown,Other activities,Minor injury: Medical assistance at accident site,432087.81,4586600.82,2.1861165,41.426252306
2020S000906    ,Sants-Montjuďc,la Marina del Prat Vermell,Ulldecona,Thursday,2020-02-06,Laboral,2020,2,February,6,Morning,10:00:00,Unknown,Maquinŕria d'obres i serveis,Male,55,Driver,Unknown,Unknown,Professional goods transport,Uninjured,428416.57,4578416.9,2.14315212,41.352223812
2020S000907    ,Grŕcia,Vallcarca i els Penitents,Vallcarca,Thursday,2020-02-06,Laboral,2020,2,February,6,Morning,09:00:00,Unknown,Taxi,Female,28,Driver,Unknown,Unknown,Unknown,Uninjured,428481.36,4585215.95,2.14312362,41.413466196
2020S000907    ,Grŕcia,Vallcarca i els Penitents,Vallcarca,Thursday,2020-02-06,Laboral,2020,2,February,6,Morning,09:00:00,Unknown,Motorcycle,Female,36,Driver,Unknown,Unknown,Unknown,Minor injury: Hospitalization up to 24 hours,428481.36,4585215.95,2.14312362,41.413466196
2020S000908    ,Eixample,la Dreta de l'Eixample,Corts Catalanes,Thursday,2020-02-06,Laboral,2020,2,February,6,Morning,09:00:00,Unknown,Furgoneta,Male,49,Driver,Unknown,Unknown,In transit (commuting),Uninjured,431040.34,4583035.03,2.17398844,41.394047119
2020S000908    ,Eixample,la Dreta de l'Eixample,Corts Catalanes,Thursday,2020-02-06,Laboral,2020,2,February,6,Morning,09:00:00,Unknown,Motorcycle,Male,25,Driver,Unknown,Unknown,In transit (commuting),Minor injury: Medical assistance at accident site,431040.34,4583035.03,2.17398844,41.394047119
2020S000908    ,Eixample,la Dreta de l'Eixample,Corts Catalanes,Thursday,2020-02-06,Laboral,2020,2,February,6,Morning,09:00:00,Unknown,Furgoneta,Male,53,Driver,Unknown,Unknown,Professional goods transport,Uninjured,431040.34,4583035.03,2.17398844,41.394047119
2020S000908    ,Eixample,la Dreta de l'Eixample,Corts Catalanes,Thursday,2020-02-06,Laboral,2020,2,February,6,Morning,09:00:00,Unknown,Motorcycle,Female,31,Driver,Unknown,Unknown,In transit (commuting),Minor injury: Medical assistance at accident site,431040.34,4583035.03,2.17398844,41.394047119
2020S000909    ,Eixample,la Dreta de l'Eixample,Aragó,Thursday,2020-02-06,Laboral,2020,2,February,6,Morning,11:00:00,Unknown,Car,Female,27,Driver,Unknown,Unknown,Unknown,Uninjured,430328.62,4582862.47,2.16549565,41.392431549
2020S000909    ,Eixample,la Dreta de l'Eixample,Aragó,Thursday,2020-02-06,Laboral,2020,2,February,6,Morning,11:00:00,Unknown,Motorcycle,Female,42,Driver,Unknown,Unknown,Unknown,Minor injury: Hospitalization up to 24 hours,430328.62,4582862.47,2.16549565,41.392431549
2020S000910    ,Eixample,la Dreta de l'Eixample,Diagonal,Thursday,2020-02-06,Laboral,2020,2,February,6,Morning,11:00:00,Unknown,Furgoneta,Male,25,Driver,Unknown,Unknown,In transit (commuting),Uninjured,430279.2,4583492.22,2.16483202,41.398099217
2020S000910    ,Eixample,la Dreta de l'Eixample,Diagonal,Thursday,2020-02-06,Laboral,2020,2,February,6,Morning,11:00:00,Unknown,Motorcycle,Male,50,Driver,Unknown,Unknown,Professional goods transport,Serious injury: Hospitalization over 24 hours,430279.2,4583492.22,2.16483202,41.398099217
2020S000911    ,Sants-Montjuďc,el Poble-sec,Espanya,Thursday,2020-02-06,Laboral,2020,2,February,6,Morning,13:00:00,Unknown,Motorcycle,Male,53,Driver,Unknown,Unknown,Unknown,Minor injury: Hospitalization up to 24 hours,428940.71,4580909.36,2.14912497,41.374719063
2020S000911    ,Sants-Montjuďc,el Poble-sec,Espanya,Thursday,2020-02-06,Laboral,2020,2,February,6,Morning,13:00:00,Unknown,Tot terreny,Male,48,Driver,Unknown,Unknown,Unknown,Uninjured,428940.71,4580909.36,2.14912497,41.374719063
2020S000912    ,Grŕcia,Vallcarca i els Penitents,B-20 (Besňs),Thursday,2020-02-06,Laboral,2020,2,February,6,Morning,13:00:00,Unknown,Car,Male,44,Driver,Unknown,Unknown,Unknown,Uninjured,428233.68,4585983.89,2.14006918,41.42036062
2020S000912    ,Grŕcia,Vallcarca i els Penitents,B-20 (Besňs),Thursday,2020-02-06,Laboral,2020,2,February,6,Morning,13:00:00,Unknown,Motorcycle,Female,25,Driver,Unknown,Unknown,Unknown,Minor injury: Hospitalization up to 24 hours,428233.68,4585983.89,2.14006918,41.42036062
2020S000913    ,Nou Barris,Verdun,Viladrosa,Thursday,2020-02-06,Laboral,2020,2,February,6,Morning,13:00:00,Unknown,Car,Female,45,Driver,At an unmarked crossing,Unknown,Leisure and entertainment,Uninjured,431275.8,4588499.05,2.17618351,41.443279881
2020S000913    ,Nou Barris,Verdun,Viladrosa,Thursday,2020-02-06,Laboral,2020,2,February,6,Morning,13:00:00,Unknown,Car,Male,4,Pedestrian,At an unmarked crossing,Leisure and entertainment,Unknown,Minor injury: Hospitalization up to 24 hours,431275.8,4588499.05,2.17618351,41.443279881
2020S000913    ,Nou Barris,Verdun,Viladrosa,Thursday,2020-02-06,Laboral,2020,2,February,6,Morning,13:00:00,Unknown,Car,Male,43,Pedestrian,At an unmarked crossing,Unknown,Unknown,Uninjured,431275.8,4588499.05,2.17618351,41.443279881
2020S000914    ,Eixample,la Sagrada Família,Rosselló,Thursday,2020-02-06,Laboral,2020,2,February,6,Afternoon,14:00:00,Unknown,Furgoneta,Male,58,Driver,Unknown,Unknown,In transit (commuting),Uninjured,430938.91,4584247.35,2.1726369,41.404957396
2020S000914    ,Eixample,la Sagrada Família,Rosselló,Thursday,2020-02-06,Laboral,2020,2,February,6,Afternoon,14:00:00,Unknown,Motorcycle,Male,51,Driver,Unknown,Unknown,Unknown,Minor injury: Hospitalization up to 24 hours,430938.91,4584247.35,2.1726369,41.404957396
2020S000914    ,Eixample,la Sagrada Família,Rosselló,Thursday,2020-02-06,Laboral,2020,2,February,6,Afternoon,14:00:00,Unknown,Furgoneta,Male,40,Pedestrian,Unknown,Unknown,Unknown,Minor injury: Refused medical assistance,430938.91,4584247.35,2.1726369,41.404957396
2020S000915    ,Les Corts,les Corts,Flos i Calcat,Thursday,2020-02-06,Laboral,2020,2,February,6,Afternoon,15:00:00,Unknown,Veh. mobilitat personal amb motor,Female,23,Driver,Unknown,Unknown,In transit (commuting),Minor injury: Medical assistance at accident site,427250.74,4582642.08,2.12870982,41.390173919
2020S000915    ,Les Corts,les Corts,Flos i Calcat,Thursday,2020-02-06,Laboral,2020,2,February,6,Afternoon,15:00:00,Unknown,Autobús,Male,42,Driver,Unknown,Unknown,Regular line bus,Uninjured,427250.74,4582642.08,2.12870982,41.390173919
2020S000916    ,Nou Barris,Canyelles,Dalt (Llobregat),Thursday,2020-02-06,Laboral,2020,2,February,6,Afternoon,16:00:00,Unknown,Motorcycle,Female,46,Driver,Unknown,Unknown,Leisure and entertainment,Uninjured,430450.92,4588287.22,2.16633433,41.441300936
2020S000916    ,Nou Barris,Canyelles,Dalt (Llobregat),Thursday,2020-02-06,Laboral,2020,2,February,6,Afternoon,16:00:00,Unknown,Motorcycle,Male,43,Driver,Unknown,Unknown,On a mission,Minor injury: Medical assistance at accident site,430450.92,4588287.22,2.16633433,41.441300936
2020S000917    ,Sants-Montjuďc,Sants - Badal,Madrid,Thursday,2020-02-06,Laboral,2020,2,February,6,Afternoon,17:00:00,Unknown,Motorcycle,Male,46,Driver,Unknown,Unknown,Unknown,Minor injury: Medical assistance at accident site,427242.62,4581402.58,2.12876163,41.379009495
2020S000917    ,Sants-Montjuďc,Sants - Badal,Madrid,Thursday,2020-02-06,Laboral,2020,2,February,6,Afternoon,17:00:00,Unknown,Car,Male,50,Driver,Unknown,Unknown,Unknown,Uninjured,427242.62,4581402.58,2.12876163,41.379009495
2020S000918    ,Sant Martí,el Parc i la Llacuna del Poblenou,Diagonal,Thursday,2020-02-06,Laboral,2020,2,February,6,Afternoon,17:00:00,Desobeir el senyal del semŕfor,Car,Female,20,Pedestrian,In crossing regulated by traffic lights,Unknown,Unknown,Minor injury: Refused medical assistance,432542.34,4584211.83,2.19182225,41.404773702
2020S000918    ,Sant Martí,el Parc i la Llacuna del Poblenou,Diagonal,Thursday,2020-02-06,Laboral,2020,2,February,6,Afternoon,17:00:00,Desobeir el senyal del semŕfor,Car,Male,63,Driver,In crossing regulated by traffic lights,Unknown,Unknown,Uninjured,432542.34,4584211.83,2.19182225,41.404773702
2020S000919    ,Sants-Montjuďc,Hostafrancs,Tarragona,Thursday,2020-02-06,Laboral,2020,2,February,6,Afternoon,15:00:00,Others,Car,Male,30,Pedestrian,Outside the crossing,Unknown,Unknown,Minor injury: Hospitalization up to 24 hours,428738.46,4581203.33,2.14667207,41.377348858
2020S000919    ,Sants-Montjuďc,Hostafrancs,Tarragona,Thursday,2020-02-06,Laboral,2020,2,February,6,Afternoon,15:00:00,Others,Car,Male,40,Driver,Outside the crossing,Unknown,Unknown,Uninjured,428738.46,4581203.33,2.14667207,41.377348858
2020S000920    ,Sant Andreu,el Bon Pastor,Litoral (Besňs),Thursday,2020-02-06,Laboral,2020,2,February,6,Afternoon,17:00:00,Unknown,Car,Male,30,Driver,Unknown,Unknown,On a mission,Minor injury: Hospitalization up to 24 hours,433574.87,4588774.24,2.20367261,41.445952057
2020S000920    ,Sant Andreu,el Bon Pastor,Litoral (Besňs),Thursday,2020-02-06,Laboral,2020,2,February,6,Afternoon,17:00:00,Unknown,Furgoneta,Male,41,Passenger,Unknown,Unknown,Unknown,Minor injury: Medical assistance at accident site,433574.87,4588774.24,2.20367261,41.445952057
2020S000920    ,Sant Andreu,el Bon Pastor,Litoral (Besňs),Thursday,2020-02-06,Laboral,2020,2,February,6,Afternoon,17:00:00,Unknown,Furgoneta,Male,45,Driver,Unknown,Unknown,On a mission,Minor injury: Medical assistance at accident site,433574.87,4588774.24,2.20367261,41.445952057
2020S000921    ,Eixample,la Sagrada Família,Sant Antoni Maria Claret,Thursday,2020-02-06,Laboral,2020,2,February,6,Afternoon,18:00:00,Unknown,Motorcycle,Male,42,Driver,Unknown,Unknown,On a mission,Minor injury: Hospitalization up to 24 hours,431111.5,4584940.94,2.17462254,41.411219153
2020S000921    ,Eixample,la Sagrada Família,Sant Antoni Maria Claret,Thursday,2020-02-06,Laboral,2020,2,February,6,Afternoon,18:00:00,Unknown,Motorcycle,Female,40,Passenger,Unknown,Unknown,Unknown,Minor injury: Hospitalization up to 24 hours,431111.5,4584940.94,2.17462254,41.411219153
2020S000921    ,Eixample,la Sagrada Família,Sant Antoni Maria Claret,Thursday,2020-02-06,Laboral,2020,2,February,6,Afternoon,18:00:00,Unknown,Motorcycle,Male,24,Driver,Unknown,Unknown,On a mission,Uninjured,431111.5,4584940.94,2.17462254,41.411219153
2020S000922    ,Eixample,la Dreta de l'Eixample,Girona,Thursday,2020-02-06,Laboral,2020,2,February,6,Afternoon,19:00:00,Unknown,Bicicleta,Male,21,Driver,Unknown,Unknown,In transit (commuting),Minor injury: Medical assistance at accident site,430890.36,4583017.53,2.17219657,41.39387662
2020S000922    ,Eixample,la Dreta de l'Eixample,Girona,Thursday,2020-02-06,Laboral,2020,2,February,6,Afternoon,19:00:00,Unknown,Bicicleta,Male,48,Driver,Unknown,Unknown,Unknown,Minor injury: Medical assistance at accident site,430890.36,4583017.53,2.17219657,41.39387662
2020S000923    ,Horta-Guinardó,Horta,Estatut de Catalunya,Thursday,2020-02-06,Laboral,2020,2,February,6,Afternoon,19:00:00,Unknown,Motorcycle,Male,42,Driver,Unknown,Unknown,Other activities,Minor injury: Medical assistance at accident site,429360.78,4587604.95,2.15336592,41.435060792
2020S000923    ,Horta-Guinardó,Horta,Estatut de Catalunya,Thursday,2020-02-06,Laboral,2020,2,February,6,Afternoon,19:00:00,Unknown,Car,Male,19,Driver,Unknown,Unknown,Other activities,Uninjured,429360.78,4587604.95,2.15336592,41.435060792
2020S000924    ,Eixample,la Sagrada Família,Enamorats,Thursday,2020-02-06,Laboral,2020,2,February,6,Afternoon,21:00:00,Unknown,Motorcycle,Female,33,Driver,Unknown,Unknown,Unknown,Minor injury: Hospitalization up to 24 hours,431686.59,4584152.76,2.18159185,41.404169372
2020S000924    ,Eixample,la Sagrada Família,Enamorats,Thursday,2020-02-06,Laboral,2020,2,February,6,Afternoon,21:00:00,Unknown,Furgoneta,Male,37,Driver,Unknown,Unknown,Unknown,Uninjured,431686.59,4584152.76,2.18159185,41.404169372
2020S000925    ,Sant Martí,Provençals del Poblenou,Diagonal,Thursday,2020-02-06,Laboral,2020,2,February,6,Afternoon,21:00:00,Unknown,Veh. mobilitat personal amb motor,Female,37,Pedestrian,On the sidewalk,Unknown,Unknown,Minor injury: Hospitalization up to 24 hours,433773.71,4584609.14,2.2065093,41.408454617
2020S000926    ,Sarriŕ-Sant Gervasi,Sant Gervasi - Galvany,Calvet,Thursday,2020-02-06,Laboral,2020,2,February,6,Afternoon,20:00:00,Unknown,Motorcycle,Male,62,Driver,Unknown,Unknown,Leisure and entertainment,Minor injury: Hospitalization up to 24 hours,428448.91,4583188.41,2.14297519,41.395202047
2020S000926    ,Sarriŕ-Sant Gervasi,Sant Gervasi - Galvany,Calvet,Thursday,2020-02-06,Laboral,2020,2,February,6,Afternoon,20:00:00,Unknown,Car,Female,55,Driver,Unknown,Unknown,Leisure and entertainment,Uninjured,428448.91,4583188.41,2.14297519,41.395202047
2020S000926    ,Sarriŕ-Sant Gervasi,Sant Gervasi - Galvany,Calvet,Thursday,2020-02-06,Laboral,2020,2,February,6,Afternoon,20:00:00,Unknown,Motorcycle,Female,18,Passenger,Unknown,Unknown,Unknown,Minor injury: Hospitalization up to 24 hours,428448.91,4583188.41,2.14297519,41.395202047
2020S000927    ,Eixample,l'Antiga Esquerra de l'Eixample,París,Thursday,2020-02-06,Laboral,2020,2,February,6,Night,23:00:00,Unknown,Motorcycle,Male,35,Driver,Others,Unknown,Leisure and entertainment,Uninjured,428916.16,4582640.1,2.14862828,41.390305075
2020S000927    ,Eixample,l'Antiga Esquerra de l'Eixample,París,Thursday,2020-02-06,Laboral,2020,2,February,6,Night,23:00:00,Unknown,Ciclomotor,Female,19,Driver,Others,Unknown,Leisure and entertainment,Uninjured,428916.16,4582640.1,2.14862828,41.390305075
2020S000927    ,Eixample,l'Antiga Esquerra de l'Eixample,París,Thursday,2020-02-06,Laboral,2020,2,February,6,Night,23:00:00,Unknown,Motorcycle,Female,27,Passenger,Others,Unknown,Unknown,Minor injury: Medical assistance at accident site,428916.16,4582640.1,2.14862828,41.390305075
2020S000928    ,Les Corts,les Corts,Carles III,Friday,2020-02-07,Laboral,2020,2,February,7,Night,01:00:00,Unknown,Car,Male,39,Driver,Unknown,Unknown,On a mission,Uninjured,427197.07,4582531.78,2.1280812,41.389175632
2020S000928    ,Les Corts,les Corts,Carles III,Friday,2020-02-07,Laboral,2020,2,February,7,Night,01:00:00,Unknown,Motorcycle,Male,26,Driver,Unknown,Unknown,Other activities,Minor injury: Hospitalization up to 24 hours,427197.07,4582531.78,2.1280812,41.389175632
2020S000929    ,Sant Martí,el Parc i la Llacuna del Poblenou,Diagonal,Friday,2020-02-07,Laboral,2020,2,February,7,Night,03:00:00,Unknown,Car,Female,52,Driver,Unknown,Unknown,Leisure and entertainment,Uninjured,432355.73,4584133.14,2.18959869,41.404049274
2020S000930    ,Ciutat Vella,la Barceloneta,Litoral (Llobregat),Friday,2020-02-07,Laboral,2020,2,February,7,Morning,07:00:00,Unknown,Motorcycle,Male,29,Driver,Unknown,Unknown,Unknown,Minor injury: Hospitalization up to 24 hours,432826.97,4582277.95,2.19544185,41.387379591
2020S000930    ,Ciutat Vella,la Barceloneta,Litoral (Llobregat),Friday,2020-02-07,Laboral,2020,2,February,7,Morning,07:00:00,Unknown,Car,Male,27,Driver,Unknown,Unknown,Unknown,Uninjured,432826.97,4582277.95,2.19544185,41.387379591
2020S000930    ,Ciutat Vella,la Barceloneta,Litoral (Llobregat),Friday,2020-02-07,Laboral,2020,2,February,7,Morning,07:00:00,Unknown,Car,Female,45,Driver,Unknown,Unknown,In transit (commuting),Uninjured,432826.97,4582277.95,2.19544185,41.387379591
2020S000931    ,Sant Martí,el Poblenou,Litoral (Besňs),Friday,2020-02-07,Laboral,2020,2,February,7,Morning,06:00:00,Unknown,Car,Male,41,Driver,Unknown,Unknown,In transit (commuting),Minor injury: Medical assistance at accident site,433705.19,4583102.38,2.20585468,41.394877946
2020S000931    ,Sant Martí,el Poblenou,Litoral (Besňs),Friday,2020-02-07,Laboral,2020,2,February,7,Morning,06:00:00,Unknown,Car,Male,33,Driver,Unknown,Unknown,In transit (commuting),Uninjured,433705.19,4583102.38,2.20585468,41.394877946
2020S000932    ,Sant Andreu,la Sagrera,Josep Estivill,Friday,2020-02-07,Laboral,2020,2,February,7,Morning,08:00:00,Creuar per fora pas de vianants,Motorcycle,Female,71,Pedestrian,Outside the crossing,Unknown,Unknown,Minor injury: Hospitalization up to 24 hours,432382.47,4585815.19,2.18973048,41.419201253
2020S000932    ,Sant Andreu,la Sagrera,Josep Estivill,Friday,2020-02-07,Laboral,2020,2,February,7,Morning,08:00:00,Creuar per fora pas de vianants,Motorcycle,Male,50,Driver,Outside the crossing,Unknown,In transit (commuting),Uninjured,432382.47,4585815.19,2.18973048,41.419201253
2020S000933    ,Sarriŕ-Sant Gervasi,el Putxet i el Farró,República Argentina,Friday,2020-02-07,Laboral,2020,2,February,7,Morning,07:00:00,Unknown,Car,Male,69,Driver,Unknown,Unknown,Unknown,Uninjured,428360.3,4585003.8,2.14170038,41.411544659
2020S000933    ,Sarriŕ-Sant Gervasi,el Putxet i el Farró,República Argentina,Friday,2020-02-07,Laboral,2020,2,February,7,Morning,07:00:00,Unknown,Motorcycle,Male,51,Driver,Unknown,Unknown,Unknown,Minor injury: Hospitalization up to 24 hours,428360.3,4585003.8,2.14170038,41.411544659
2020S000934    ,Sant Martí,el Parc i la Llacuna del Poblenou,Marina,Friday,2020-02-07,Laboral,2020,2,February,7,Morning,10:00:00,Unknown,Bicicleta,Male,40,Driver,Unknown,Unknown,Leisure and entertainment,Minor injury: Hospitalization up to 24 hours,432258.28,4582927.85,2.18856787,41.393185351
2020S000934    ,Sant Martí,el Parc i la Llacuna del Poblenou,Marina,Friday,2020-02-07,Laboral,2020,2,February,7,Morning,10:00:00,Unknown,Veh. mobilitat personal amb motor,Male,33,Driver,Unknown,Unknown,Leisure and entertainment,Uninjured,432258.28,4582927.85,2.18856787,41.393185351
2020S000935    ,Sant Martí,Diagonal Mar i el Front Marítim del Poblenou,Selva de Mar,Friday,2020-02-07,Laboral,2020,2,February,7,Morning,10:00:00,Unknown,Furgoneta,Male,50,Driver,Unknown,Unknown,Other activities,Uninjured,434183.38,4584426.15,2.21143028,41.406840139
2020S000935    ,Sant Martí,Diagonal Mar i el Front Marítim del Poblenou,Selva de Mar,Friday,2020-02-07,Laboral,2020,2,February,7,Morning,10:00:00,Unknown,Motorcycle,Male,36,Driver,Unknown,Unknown,Other activities,Minor injury: Medical assistance at accident site,434183.38,4584426.15,2.21143028,41.406840139
2020S000936    ,Eixample,la Sagrada Família,Lepant,Friday,2020-02-07,Laboral,2020,2,February,7,Morning,10:00:00,Unknown,Motorcycle,Male,37,Driver,Unknown,Unknown,Unknown,Minor injury: Medical assistance at accident site,431401.48,4584042.69,2.17819369,41.403153714
2020S000936    ,Eixample,la Sagrada Família,Lepant,Friday,2020-02-07,Laboral,2020,2,February,7,Morning,10:00:00,Unknown,Car,Male,50,Driver,Unknown,Unknown,Unknown,Uninjured,431401.48,4584042.69,2.17819369,41.403153714
2020S000937    ,Sants-Montjuďc,Sants,Tarragona,Friday,2020-02-07,Laboral,2020,2,February,7,Morning,11:00:00,Unknown,Autobús,Male,69,Passenger,Unknown,Unknown,Unknown,Minor injury: Medical assistance at accident site,428399.14,4581546.26,2.14257411,41.38040737
2020S000937    ,Sants-Montjuďc,Sants,Tarragona,Friday,2020-02-07,Laboral,2020,2,February,7,Morning,11:00:00,Unknown,Autobús,Female,47,Passenger,Unknown,Unknown,Unknown,Minor injury: Hospitalization up to 24 hours,428399.14,4581546.26,2.14257411,41.38040737
2020S000937    ,Sants-Montjuďc,Sants,Tarragona,Friday,2020-02-07,Laboral,2020,2,February,7,Morning,11:00:00,Unknown,Autobús,Male,30,Driver,Unknown,Unknown,Urban bus,Uninjured,428399.14,4581546.26,2.14257411,41.38040737
2020S000937    ,Sants-Montjuďc,Sants,Tarragona,Friday,2020-02-07,Laboral,2020,2,February,7,Morning,11:00:00,Unknown,Taxi,Male,68,Driver,Unknown,Unknown,Taxi,Uninjured,428399.14,4581546.26,2.14257411,41.38040737
2020S000937    ,Sants-Montjuďc,Sants,Tarragona,Friday,2020-02-07,Laboral,2020,2,February,7,Morning,11:00:00,Unknown,Autobús,Female,66,Passenger,Unknown,Unknown,Unknown,Minor injury: Medical assistance at accident site,428399.14,4581546.26,2.14257411,41.38040737
2020S000938    ,Sant Martí,el Clot,Aragó,Friday,2020-02-07,Laboral,2020,2,February,7,Morning,12:00:00,Unknown,Furgoneta,Male,35,Driver,Unknown,Unknown,On a mission,Unknown,431917.55,4584422.0,2.18432442,41.40661394
2020S000938    ,Sant Martí,el Clot,Aragó,Friday,2020-02-07,Laboral,2020,2,February,7,Morning,12:00:00,Unknown,Car,Male,64,Driver,Unknown,Unknown,Leisure and entertainment,Unknown,431917.55,4584422.0,2.18432442,41.40661394