Case_Number,District_Name,Neighborhood_Name,Street_Name,Day_of_Week,Date,Day_Type_Description,Year,Month_of_Year,Month_Name,Day_of_Month,Shift_Description,Hour_of_Day,Pedestrian_Cause_Description,Involved_Vehicle_Type_Description,Gender_Description,Age,Person_Type_Description,Pedestrian_Accident_Location_Description,Pedestrian_Movement_Reason_Description,Driver_Movement_Reason_Description,Victimization_Description,Coordenada_UTM_X,Coordenada_UTM_Y,Longitud,Latitud
2020S000938    ,Sant Martí,el Clot,Aragó,Friday,2020-02-07,Laboral,2020,2,February,7,Morning,12:00:00,Unknown,Furgoneta,Female,42,Driver,Unknown,Unknown,"Firefighters, police, ambulance",Unknown,431917.55,4584422.0,2.18432442,41.40661394
2020S000939    ,Eixample,la Nova Esquerra de l'Eixample,Josep Tarradellas,Friday,2020-02-07,Laboral,2020,2,February,7,Morning,13:00:00,Unknown,Veh. mobilitat personal amb motor,Female,19,Driver,In crossing regulated by traffic lights,Unknown,Other activities,Uninjured,428464.96,4582351.77,2.14326603,41.387668168
2020S000939    ,Eixample,la Nova Esquerra de l'Eixample,Josep Tarradellas,Friday,2020-02-07,Laboral,2020,2,February,7,Morning,13:00:00,Unknown,Veh. mobilitat personal amb motor,Female,73,Pedestrian,In crossing regulated by traffic lights,Unknown,Unknown,Serious injury: Hospitalization over 24 hours,428464.96,4582351.77,2.14326603,41.387668168
2020S000940    ,Unknown,Unknown,Unknown,Friday,2020-02-07,Laboral,2020,2,February,7,Morning,13:00:00,Unknown,Motorcycle,Male,49,Driver,Unknown,Unknown,On a mission,Minor injury: Hospitalization up to 24 hours,-1.0,-1.0,-1.4885764,-9.019e-06
2020S000940    ,Unknown,Unknown,Unknown,Friday,2020-02-07,Laboral,2020,2,February,7,Morning,13:00:00,Unknown,Car,Male,58,Driver,Unknown,Unknown,Unknown,Uninjured,-1.0,-1.0,-1.4885764,-9.019e-06
2020S000941    ,Eixample,la Dreta de l'Eixample,Aragó,Friday,2020-02-07,Laboral,2020,2,February,7,Morning,13:00:00,Unknown,Motorcycle,Male,69,Driver,Unknown,Unknown,Unknown,Minor injury: Hospitalization up to 24 hours,430792.11,4583361.24,2.17098213,41.396963855
2020S000941    ,Eixample,la Dreta de l'Eixample,Aragó,Friday,2020-02-07,Laboral,2020,2,February,7,Morning,13:00:00,Unknown,Furgoneta,Female,33,Driver,Unknown,Unknown,On a mission,Uninjured,430792.11,4583361.24,2.17098213,41.396963855
2020S000942    ,Sant Martí,el Parc i la Llacuna del Poblenou,Diagonal,Friday,2020-02-07,Laboral,2020,2,February,7,Morning,13:00:00,Unknown,Veh. mobilitat personal amb motor,Female,32,Driver,Unknown,Unknown,Leisure and entertainment,Minor injury: Hospitalization up to 24 hours,432554.12,4584160.82,2.19196886,41.404315258
2020S000942    ,Sant Martí,el Parc i la Llacuna del Poblenou,Diagonal,Friday,2020-02-07,Laboral,2020,2,February,7,Morning,13:00:00,Unknown,Ciclomotor,Female,20,Driver,Unknown,Unknown,Leisure and entertainment,Uninjured,432554.12,4584160.82,2.19196886,41.404315258
2020S000943    ,Sarriŕ-Sant Gervasi,Sant Gervasi - la Bonanova,Dalt (Llobregat),Friday,2020-02-07,Laboral,2020,2,February,7,Afternoon,14:00:00,Unknown,Motorcycle,Male,19,Driver,Unknown,Unknown,In transit (commuting),Minor injury: Hospitalization up to 24 hours,427295.29,4585080.34,2.12894964,41.412138336
2020S000943    ,Sarriŕ-Sant Gervasi,Sant Gervasi - la Bonanova,Dalt (Llobregat),Friday,2020-02-07,Laboral,2020,2,February,7,Afternoon,14:00:00,Unknown,Car,Male,35,Driver,Unknown,Unknown,In transit (commuting),Uninjured,427295.29,4585080.34,2.12894964,41.412138336
2020S000943    ,Sarriŕ-Sant Gervasi,Sant Gervasi - la Bonanova,Dalt (Llobregat),Friday,2020-02-07,Laboral,2020,2,February,7,Afternoon,14:00:00,Unknown,Car,Male,44,Driver,Unknown,Unknown,In transit (commuting),Uninjured,427295.29,4585080.34,2.12894964,41.412138336
2020S000944    ,Sarriŕ-Sant Gervasi,el Putxet i el Farró,Riera de Cassoles,Friday,2020-02-07,Laboral,2020,2,February,7,Afternoon,14:00:00,Unknown,Ciclomotor,Male,33,Passenger,Unknown,Unknown,Unknown,Minor injury: Hospitalization up to 24 hours,429037.84,4584358.3,2.14988208,41.405791027
2020S000944    ,Sarriŕ-Sant Gervasi,el Putxet i el Farró,Riera de Cassoles,Friday,2020-02-07,Laboral,2020,2,February,7,Afternoon,14:00:00,Unknown,Ciclomotor,Female,33,Driver,Unknown,Unknown,Unknown,Minor injury: Hospitalization up to 24 hours,429037.84,4584358.3,2.14988208,41.405791027
2020S000944    ,Sarriŕ-Sant Gervasi,el Putxet i el Farró,Riera de Cassoles,Friday,2020-02-07,Laboral,2020,2,February,7,Afternoon,14:00:00,Unknown,Car,Male,31,Driver,Unknown,Unknown,Unknown,Uninjured,429037.84,4584358.3,2.14988208,41.405791027
2020S000945    ,Sants-Montjuďc,el Poble-sec,Paralˇlel,Friday,2020-02-07,Laboral,2020,2,February,7,Afternoon,16:00:00,Unknown,Ciclomotor,Male,39,Driver,Unknown,Unknown,On a mission,Minor injury: Hospitalization up to 24 hours,429230.33,4580913.82,2.15258746,41.374784768
2020S000945    ,Sants-Montjuďc,el Poble-sec,Paralˇlel,Friday,2020-02-07,Laboral,2020,2,February,7,Afternoon,16:00:00,Unknown,Car,Male,45,Driver,Unknown,Unknown,On a mission,Uninjured,429230.33,4580913.82,2.15258746,41.374784768
2020S000946    ,Sant Andreu,el Bon Pastor,Potosí,Friday,2020-02-07,Laboral,2020,2,February,7,Afternoon,16:00:00,Unknown,Car,Male,23,Driver,Unknown,Unknown,Unknown,Uninjured,433317.75,4588452.77,2.20063032,41.443035351
2020S000946    ,Sant Andreu,el Bon Pastor,Potosí,Friday,2020-02-07,Laboral,2020,2,February,7,Afternoon,16:00:00,Unknown,Motorcycle,Male,25,Driver,Unknown,Unknown,On a mission,Minor injury: Medical assistance at accident site,433317.75,4588452.77,2.20063032,41.443035351
2020S000947    ,Horta-Guinardó,el Guinardó,Mas Casanovas,Friday,2020-02-07,Laboral,2020,2,February,7,Afternoon,14:00:00,Unknown,Bicicleta,Female,45,Driver,Unknown,Unknown,Unknown,Minor injury: Hospitalization up to 24 hours,430976.06,4585343.34,2.17295622,41.414831808
2020S000947    ,Horta-Guinardó,el Guinardó,Mas Casanovas,Friday,2020-02-07,Laboral,2020,2,February,7,Afternoon,14:00:00,Unknown,Car,Female,63,Passenger,Unknown,Unknown,Unknown,Minor injury: Hospitalization up to 24 hours,430976.06,4585343.34,2.17295622,41.414831808
2020S000947    ,Horta-Guinardó,el Guinardó,Mas Casanovas,Friday,2020-02-07,Laboral,2020,2,February,7,Afternoon,14:00:00,Unknown,Car,Male,63,Driver,Unknown,Unknown,Unknown,Minor injury: Hospitalization up to 24 hours,430976.06,4585343.34,2.17295622,41.414831808
2020S000948    ,Eixample,la Dreta de l'Eixample,Rosselló,Friday,2020-02-07,Laboral,2020,2,February,7,Afternoon,18:00:00,Unknown,Furgoneta,Male,58,Driver,Unknown,Unknown,On a mission,Uninjured,430318.4,4583646.82,2.16528311,41.399495048
2020S000948    ,Eixample,la Dreta de l'Eixample,Rosselló,Friday,2020-02-07,Laboral,2020,2,February,7,Afternoon,18:00:00,Unknown,Motorcycle,Female,30,Driver,Unknown,Unknown,On a mission,Minor injury: Hospitalization up to 24 hours,430318.4,4583646.82,2.16528311,41.399495048
2020S000949    ,Sant Martí,el Parc i la Llacuna del Poblenou,Badajoz,Friday,2020-02-07,Laboral,2020,2,February,7,Afternoon,19:00:00,Unknown,Motorcycle,Male,24,Passenger,Unknown,Unknown,Unknown,Minor injury: Hospitalization up to 24 hours,432530.52,4583827.45,2.19172372,41.401310705
2020S000949    ,Sant Martí,el Parc i la Llacuna del Poblenou,Badajoz,Friday,2020-02-07,Laboral,2020,2,February,7,Afternoon,19:00:00,Unknown,Motorcycle,Female,24,Driver,Unknown,Unknown,Unknown,Uninjured,432530.52,4583827.45,2.19172372,41.401310705
2020S000949    ,Sant Martí,el Parc i la Llacuna del Poblenou,Badajoz,Friday,2020-02-07,Laboral,2020,2,February,7,Afternoon,19:00:00,Unknown,Car,Female,29,Driver,Unknown,Unknown,Leisure and entertainment,Uninjured,432530.52,4583827.45,2.19172372,41.401310705
2020S000950    ,Sant Martí,Diagonal Mar i el Front Marítim del Poblenou,Taulat,Friday,2020-02-07,Laboral,2020,2,February,7,Afternoon,19:00:00,Unknown,Car,Male,46,Driver,Unknown,Unknown,Unknown,Uninjured,434641.69,4584609.56,2.21689329,41.408529487
2020S000950    ,Sant Martí,Diagonal Mar i el Front Marítim del Poblenou,Taulat,Friday,2020-02-07,Laboral,2020,2,February,7,Afternoon,19:00:00,Unknown,Motorcycle,Male,28,Driver,Unknown,Unknown,Unknown,Minor injury: Hospitalization up to 24 hours,434641.69,4584609.56,2.21689329,41.408529487
2020S000951    ,Sants-Montjuďc,la Font de la Guatlla,Sant Fructuós,Friday,2020-02-07,Laboral,2020,2,February,7,Afternoon,19:00:00,Unknown,Car,Male,50,Pedestrian,In an unregulated crossing,Unknown,Unknown,Minor injury: Hospitalization up to 24 hours,428692.21,4580505.0,2.14620123,41.371055135
2020S000951    ,Sants-Montjuďc,la Font de la Guatlla,Sant Fructuós,Friday,2020-02-07,Laboral,2020,2,February,7,Afternoon,19:00:00,Unknown,Car,Male,47,Driver,In an unregulated crossing,Unknown,Other activities,Uninjured,428692.21,4580505.0,2.14620123,41.371055135
2020S000952    ,Grŕcia,Vallcarca i els Penitents,Medes,Friday,2020-02-07,Laboral,2020,2,February,7,Afternoon,18:00:00,Unknown,Car,Male,67,Driver,Unknown,Unknown,Leisure and entertainment,Uninjured,428810.65,4584976.02,2.14709155,41.411334493
2020S000953    ,Eixample,la Dreta de l'Eixample,Mallorca,Friday,2020-02-07,Laboral,2020,2,February,7,Afternoon,20:00:00,Unknown,Motorcycle,Male,62,Driver,Unknown,Unknown,Leisure and entertainment,Minor injury: Hospitalization up to 24 hours,430417.34,4583362.65,2.16649927,41.396944195
2020S000953    ,Eixample,la Dreta de l'Eixample,Mallorca,Friday,2020-02-07,Laboral,2020,2,February,7,Afternoon,20:00:00,Unknown,Car,Male,76,Driver,Unknown,Unknown,Leisure and entertainment,Uninjured,430417.34,4583362.65,2.16649927,41.396944195
2020S000954    ,Eixample,el Fort Pienc,Corts Catalanes,Friday,2020-02-07,Laboral,2020,2,February,7,Night,22:00:00,Unknown,Motorcycle,Male,36,Driver,Unknown,Unknown,Other activities,Minor injury: Hospitalization up to 24 hours,431756.23,4583735.03,2.18247205,41.400412919
2020S000954    ,Eixample,el Fort Pienc,Corts Catalanes,Friday,2020-02-07,Laboral,2020,2,February,7,Night,22:00:00,Unknown,Car,Male,48,Driver,Unknown,Unknown,In transit (commuting),Uninjured,431756.23,4583735.03,2.18247205,41.400412919
2020S000956    ,Eixample,l'Antiga Esquerra de l'Eixample,Valčncia,Saturday,2020-02-08,Laboral,2020,2,February,8,Night,00:00:00,Creuar per fora pas de vianants,Motorcycle,Male,43,Pedestrian,Outside the crossing,Unknown,Unknown,Minor injury: Hospitalization up to 24 hours,429875.67,4582643.19,2.16010361,41.390417179
2020S000956    ,Eixample,l'Antiga Esquerra de l'Eixample,Valčncia,Saturday,2020-02-08,Laboral,2020,2,February,8,Night,00:00:00,Transitar a peu per la calçada,Motorcycle,Male,27,Driver,Outside the crossing,Unknown,Unknown,Minor injury: Medical assistance at accident site,429875.67,4582643.19,2.16010361,41.390417179
2020S000956    ,Eixample,l'Antiga Esquerra de l'Eixample,Valčncia,Saturday,2020-02-08,Laboral,2020,2,February,8,Night,00:00:00,Creuar per fora pas de vianants,Motorcycle,Male,27,Driver,Outside the crossing,Unknown,Unknown,Minor injury: Medical assistance at accident site,429875.67,4582643.19,2.16010361,41.390417179
2020S000956    ,Eixample,l'Antiga Esquerra de l'Eixample,Valčncia,Saturday,2020-02-08,Laboral,2020,2,February,8,Night,00:00:00,Transitar a peu per la calçada,Motorcycle,Male,43,Pedestrian,Outside the crossing,Unknown,Unknown,Minor injury: Hospitalization up to 24 hours,429875.67,4582643.19,2.16010361,41.390417179
2020S000957    ,Nou Barris,Canyelles,Dalt (Llobregat),Saturday,2020-02-08,Laboral,2020,2,February,8,Night,00:00:00,Unknown,Car,Male,30,Driver,Unknown,Unknown,Leisure and entertainment,Uninjured,430718.45,4588420.75,2.16952117,41.442526732
2020S000959    ,Nou Barris,Vilapicina i la Torre Llobeta,Escňcia,Saturday,2020-02-08,Laboral,2020,2,February,8,Morning,06:00:00,Unknown,Motorcycle,Female,27,Driver,Unknown,Unknown,Leisure and entertainment,Minor injury: Hospitalization up to 24 hours,431897.58,4586858.7,2.18381102,41.428558832
2020S000959    ,Nou Barris,Vilapicina i la Torre Llobeta,Escňcia,Saturday,2020-02-08,Laboral,2020,2,February,8,Morning,06:00:00,Unknown,Car,Male,28,Driver,Unknown,Unknown,Leisure and entertainment,Uninjured,431897.58,4586858.7,2.18381102,41.428558832
2020S000960    ,Eixample,el Fort Pienc,Consell de Cent,Saturday,2020-02-08,Laboral,2020,2,February,8,Morning,09:00:00,Unknown,Bicicleta,Male,22,Driver,Unknown,Unknown,Leisure and entertainment,Minor injury: Refused medical assistance,431345.24,4583677.61,2.17756235,41.399860747
2020S000960    ,Eixample,el Fort Pienc,Consell de Cent,Saturday,2020-02-08,Laboral,2020,2,February,8,Morning,09:00:00,Unknown,Car,Male,55,Driver,Unknown,Unknown,Leisure and entertainment,Uninjured,431345.24,4583677.61,2.17756235,41.399860747
2020S000961    ,Ciutat Vella,el Raval,Paralˇlel,Saturday,2020-02-08,Laboral,2020,2,February,8,Morning,09:00:00,Unknown,Car,Male,44,Driver,Unknown,Unknown,Leisure and entertainment,Uninjured,430651.43,4580941.35,2.16957658,41.375156507
2020S000961    ,Ciutat Vella,el Raval,Paralˇlel,Saturday,2020-02-08,Laboral,2020,2,February,8,Morning,09:00:00,Unknown,Car,Male,56,Driver,Unknown,Unknown,On a mission,Uninjured,430651.43,4580941.35,2.16957658,41.375156507
2020S000961    ,Ciutat Vella,el Raval,Paralˇlel,Saturday,2020-02-08,Laboral,2020,2,February,8,Morning,09:00:00,Unknown,Motorcycle,Male,65,Driver,Unknown,Unknown,Leisure and entertainment,Minor injury: Hospitalization up to 24 hours,430651.43,4580941.35,2.16957658,41.375156507
2020S000962    ,Sant Martí,el Poblenou,Calvell,Saturday,2020-02-08,Laboral,2020,2,February,8,Morning,11:00:00,Unknown,Car,Female,31,Pedestrian,In crossing regulated by traffic lights,Unknown,Unknown,Minor injury: Medical assistance at accident site,433877.12,4583594.44,2.20785736,41.399323979
2020S000962    ,Sant Martí,el Poblenou,Calvell,Saturday,2020-02-08,Laboral,2020,2,February,8,Morning,11:00:00,Unknown,Car,Male,51,Driver,In crossing regulated by traffic lights,Unknown,Leisure and entertainment,Uninjured,433877.12,4583594.44,2.20785736,41.399323979
2020S000963    ,Les Corts,la Maternitat i Sant Ramon,Diagonal,Saturday,2020-02-08,Laboral,2020,2,February,8,Morning,09:00:00,Unknown,Car,Male,75,Driver,Unknown,Unknown,On a mission,Uninjured,426117.83,4582064.97,2.11523085,41.384872816
2020S000963    ,Les Corts,la Maternitat i Sant Ramon,Diagonal,Saturday,2020-02-08,Laboral,2020,2,February,8,Morning,09:00:00,Unknown,Motorcycle,Female,30,Driver,Unknown,Unknown,On a mission,Minor injury: Hospitalization up to 24 hours,426117.83,4582064.97,2.11523085,41.384872816
2020S000964    ,Ciutat Vella,la Barceloneta,Litoral (Llobregat),Saturday,2020-02-08,Laboral,2020,2,February,8,Morning,10:00:00,Unknown,Taxi,Male,39,Driver,In crossing regulated by traffic lights,Unknown,Taxi,Uninjured,432714.86,4582201.37,2.19410958,41.386680479
2020S000964    ,Ciutat Vella,la Barceloneta,Litoral (Llobregat),Saturday,2020-02-08,Laboral,2020,2,February,8,Morning,10:00:00,Unknown,Bicicleta,Male,16,Driver,In crossing regulated by traffic lights,Unknown,Leisure and entertainment,Minor injury: Hospitalization up to 24 hours,432714.86,4582201.37,2.19410958,41.386680479
2020S000965    ,Sant Martí,el Besňs i el Maresme,Josep Narcís Roca,Saturday,2020-02-08,Laboral,2020,2,February,8,Morning,10:00:00,Unknown,Car,Male,37,Driver,Unknown,Unknown,Leisure and entertainment,Uninjured,434982.06,4585158.88,2.22090624,41.413504709
2020S000965    ,Sant Martí,el Besňs i el Maresme,Josep Narcís Roca,Saturday,2020-02-08,Laboral,2020,2,February,8,Morning,10:00:00,Unknown,Bicicleta,Male,49,Driver,Unknown,Unknown,Leisure and entertainment,Minor injury: Hospitalization up to 24 hours,434982.06,4585158.88,2.22090624,41.413504709
2020S000966    ,Eixample,l'Antiga Esquerra de l'Eixample,Corts Catalanes,Saturday,2020-02-08,Laboral,2020,2,February,8,Morning,11:00:00,Unknown,Car,Male,34,Driver,Unknown,Unknown,Leisure and entertainment,Uninjured,429938.77,4581956.78,2.16093771,41.384240407
2020S000966    ,Eixample,l'Antiga Esquerra de l'Eixample,Corts Catalanes,Saturday,2020-02-08,Laboral,2020,2,February,8,Morning,11:00:00,Unknown,Motorcycle,Male,30,Driver,Unknown,Unknown,Leisure and entertainment,Minor injury: Hospitalization up to 24 hours,429938.77,4581956.78,2.16093771,41.384240407
2020S000967    ,Sant Andreu,el Congrés i els Indians,Sant Pasqual Bailón,Saturday,2020-02-08,Laboral,2020,2,February,8,Morning,12:00:00,Unknown,Furgoneta,Female,39,Driver,Unknown,Unknown,Other activities,Uninjured,431515.54,4586761.99,2.17925009,41.427655298
2020S000967    ,Sant Andreu,el Congrés i els Indians,Sant Pasqual Bailón,Saturday,2020-02-08,Laboral,2020,2,February,8,Morning,12:00:00,Unknown,Motorcycle,Male,54,Driver,Unknown,Unknown,Other activities,Minor injury: Medical assistance at accident site,431515.54,4586761.99,2.17925009,41.427655298
2020S000968    ,Les Corts,Pedralbes,Exčrcit,Saturday,2020-02-08,Laboral,2020,2,February,8,Morning,13:00:00,Unknown,Motorcycle,Female,25,Passenger,Unknown,Unknown,Unknown,Minor injury: Hospitalization up to 24 hours,425832.35,4582225.6,2.11179718,41.386293258
2020S000968    ,Les Corts,Pedralbes,Exčrcit,Saturday,2020-02-08,Laboral,2020,2,February,8,Morning,13:00:00,Unknown,Motorcycle,Male,26,Driver,Unknown,Unknown,In transit (commuting),Minor injury: Hospitalization up to 24 hours,425832.35,4582225.6,2.11179718,41.386293258
2020S000969    ,Eixample,la Dreta de l'Eixample,Aragó,Saturday,2020-02-08,Laboral,2020,2,February,8,Afternoon,14:00:00,Unknown,Car,Male,22,Driver,Unknown,Unknown,Leisure and entertainment,Uninjured,430053.14,4582592.29,2.16223203,41.389974201
2020S000969    ,Eixample,la Dreta de l'Eixample,Aragó,Saturday,2020-02-08,Laboral,2020,2,February,8,Afternoon,14:00:00,Unknown,Motorcycle,Male,60,Driver,Unknown,Unknown,Leisure and entertainment,Minor injury: Hospitalization up to 24 hours,430053.14,4582592.29,2.16223203,41.389974201
2020S000970    ,Sants-Montjuďc,el Poble-sec,Paralˇlel,Saturday,2020-02-08,Laboral,2020,2,February,8,Afternoon,15:00:00,Unknown,Motorcycle,Male,64,Driver,Unknown,Unknown,Leisure and entertainment,Minor injury: Hospitalization up to 24 hours,431120.09,4580858.51,2.17518987,41.374450662
2020S000970    ,Sants-Montjuďc,el Poble-sec,Paralˇlel,Saturday,2020-02-08,Laboral,2020,2,February,8,Afternoon,15:00:00,Unknown,Motorcycle,Female,61,Passenger,Unknown,Unknown,Unknown,Minor injury: Hospitalization up to 24 hours,431120.09,4580858.51,2.17518987,41.374450662
2020S000971    ,Eixample,la Dreta de l'Eixample,Grŕcia,Friday,2020-02-07,Laboral,2020,2,February,7,Morning,12:00:00,Unknown,Taxi,Female,45,Pedestrian,In crossing regulated by traffic lights,Unknown,Unknown,Minor injury: Hospitalization up to 24 hours,430056.1,4583030.32,2.16221682,41.393919652
2020S000971    ,Eixample,la Dreta de l'Eixample,Grŕcia,Friday,2020-02-07,Laboral,2020,2,February,7,Morning,12:00:00,Unknown,Taxi,Male,49,Driver,In crossing regulated by traffic lights,Unknown,Unknown,Uninjured,430056.1,4583030.32,2.16221682,41.393919652
2020S000972    ,Eixample,l'Antiga Esquerra de l'Eixample,Aragó,Saturday,2020-02-08,Laboral,2020,2,February,8,Afternoon,17:00:00,Unknown,Motorcycle,Female,32,Passenger,Unknown,Unknown,Unknown,Minor injury: Hospitalization up to 24 hours,429742.65,4582333.21,2.15854867,41.387613677
2020S000972    ,Eixample,l'Antiga Esquerra de l'Eixample,Aragó,Saturday,2020-02-08,Laboral,2020,2,February,8,Afternoon,17:00:00,Unknown,Motorcycle,Male,27,Driver,Unknown,Unknown,Unknown,Minor injury: Hospitalization up to 24 hours,429742.65,4582333.21,2.15854867,41.387613677
2020S000972    ,Eixample,l'Antiga Esquerra de l'Eixample,Aragó,Saturday,2020-02-08,Laboral,2020,2,February,8,Afternoon,17:00:00,Unknown,Car,Male,25,Driver,Unknown,Unknown,Unknown,Uninjured,429742.65,4582333.21,2.15854867,41.387613677
2020S000973    ,Eixample,l'Antiga Esquerra de l'Eixample,Cňrsega,Saturday,2020-02-08,Laboral,2020,2,February,8,Morning,12:00:00,Unknown,Bicicleta,Male,45,Driver,Unknown,Unknown,Leisure and entertainment,Minor injury: Hospitalization up to 24 hours,429142.07,4582673.78,2.1513262,41.390628364
2020S000973    ,Eixample,l'Antiga Esquerra de l'Eixample,Cňrsega,Saturday,2020-02-08,Laboral,2020,2,February,8,Morning,12:00:00,Unknown,Motorcycle,Male,47,Driver,Unknown,Unknown,Leisure and entertainment,Uninjured,429142.07,4582673.78,2.1513262,41.390628364
2020S000974    ,Sant Andreu,el Bon Pastor,Litoral (Besňs),Saturday,2020-02-08,Laboral,2020,2,February,8,Afternoon,17:00:00,Unknown,Car,Female,27,Passenger,Unknown,Unknown,Unknown,Minor injury: Hospitalization up to 24 hours,433694.47,4588647.61,2.20511817,41.444821434
2020S000974    ,Sant Andreu,el Bon Pastor,Litoral (Besňs),Saturday,2020-02-08,Laboral,2020,2,February,8,Afternoon,17:00:00,Unknown,Car,Male,28,Driver,Unknown,Unknown,Unknown,Minor injury: Hospitalization up to 24 hours,433694.47,4588647.61,2.20511817,41.444821434
2020S000974    ,Sant Andreu,el Bon Pastor,Litoral (Besňs),Saturday,2020-02-08,Laboral,2020,2,February,8,Afternoon,17:00:00,Unknown,Furgoneta,Male,42,Driver,Unknown,Unknown,Unknown,Uninjured,433694.47,4588647.61,2.20511817,41.444821434
2020S000975    ,Eixample,la Dreta de l'Eixample,Corts Catalanes,Saturday,2020-02-08,Laboral,2020,2,February,8,Afternoon,18:00:00,Others,Motorcycle,Male,55,Driver,Unknown,Unknown,Unknown,Minor injury: Hospitalization up to 24 hours,430411.85,4582420.48,2.16654192,41.388457894
2020S000975    ,Eixample,la Dreta de l'Eixample,Corts Catalanes,Saturday,2020-02-08,Laboral,2020,2,February,8,Afternoon,18:00:00,Others,Motorcycle,Male,57,Pedestrian,Unknown,Unknown,Unknown,Uninjured,430411.85,4582420.48,2.16654192,41.388457894
2020S000975    ,Eixample,la Dreta de l'Eixample,Corts Catalanes,Saturday,2020-02-08,Laboral,2020,2,February,8,Afternoon,18:00:00,Others,Motorcycle,Female,15,Pedestrian,Unknown,Leisure and entertainment,Unknown,Uninjured,430411.85,4582420.48,2.16654192,41.388457894
2020S000976    ,Sant Martí,el Poblenou,Fernando Poo,Saturday,2020-02-08,Laboral,2020,2,February,8,Morning,12:00:00,Unknown,Veh. mobilitat personal amb motor,Male,23,Driver,Others,Unknown,Other activities,Uninjured,433655.11,4583478.31,2.20521446,41.398259726
2020S000976    ,Sant Martí,el Poblenou,Fernando Poo,Saturday,2020-02-08,Laboral,2020,2,February,8,Morning,12:00:00,Unknown,Veh. mobilitat personal amb motor,Female,8,Pedestrian,Others,Other activities,Unknown,Minor injury: Medical assistance at accident site,433655.11,4583478.31,2.20521446,41.398259726
2020S000977    ,Eixample,la Dreta de l'Eixample,Corts Catalanes,Saturday,2020-02-08,Laboral,2020,2,February,8,Afternoon,19:00:00,Unknown,Motorcycle,Male,22,Driver,Unknown,Unknown,Unknown,Minor injury: Hospitalization up to 24 hours,430307.64,4582245.3,2.16531577,41.386871075
2020S000977    ,Eixample,la Dreta de l'Eixample,Corts Catalanes,Saturday,2020-02-08,Laboral,2020,2,February,8,Afternoon,19:00:00,Unknown,Motorcycle,Male,60,Driver,Unknown,Unknown,Unknown,Uninjured,430307.64,4582245.3,2.16531577,41.386871075
2020S000977    ,Eixample,la Dreta de l'Eixample,Corts Catalanes,Saturday,2020-02-08,Laboral,2020,2,February,8,Afternoon,19:00:00,Unknown,Motorcycle,Male,27,Passenger,Unknown,Unknown,Unknown,Minor injury: Hospitalization up to 24 hours,430307.64,4582245.3,2.16531577,41.386871075
2020S000978    ,Eixample,la Nova Esquerra de l'Eixample,Corts Catalanes,Saturday,2020-02-08,Laboral,2020,2,February,8,Afternoon,20:00:00,Unknown,Furgoneta,Male,44,Driver,Unknown,Unknown,Leisure and entertainment,Uninjured,429209.5,4581242.98,2.15229993,41.377747572
2020S000978    ,Eixample,la Nova Esquerra de l'Eixample,Corts Catalanes,Saturday,2020-02-08,Laboral,2020,2,February,8,Afternoon,20:00:00,Unknown,Car,Female,64,Driver,Unknown,Unknown,Leisure and entertainment,Minor injury: Hospitalization up to 24 hours,429209.5,4581242.98,2.15229993,41.377747572
2020S000978    ,Eixample,la Nova Esquerra de l'Eixample,Corts Catalanes,Saturday,2020-02-08,Laboral,2020,2,February,8,Afternoon,20:00:00,Unknown,Car,Female,39,Passenger,Unknown,Unknown,Unknown,Minor injury: Hospitalization up to 24 hours,429209.5,4581242.98,2.15229993,41.377747572
2020S000978    ,Eixample,la Nova Esquerra de l'Eixample,Corts Catalanes,Saturday,2020-02-08,Laboral,2020,2,February,8,Afternoon,20:00:00,Unknown,Car,Male,36,Driver,Unknown,Unknown,Leisure and entertainment,Uninjured,429209.5,4581242.98,2.15229993,41.377747572
2020S000979    ,Les Corts,les Corts,Francesc Maciŕ,Saturday,2020-02-08,Laboral,2020,2,February,8,Night,22:00:00,Unknown,Tot terreny,Male,69,Driver,Unknown,Unknown,Unknown,Uninjured,428520.61,4582845.99,2.14387322,41.392124377
2020S000979    ,Les Corts,les Corts,Francesc Maciŕ,Saturday,2020-02-08,Laboral,2020,2,February,8,Night,22:00:00,Unknown,Ciclomotor,Male,30,Driver,Unknown,Unknown,Leisure and entertainment,Minor injury: Medical assistance at accident site,428520.61,4582845.99,2.14387322,41.392124377
2020S000980    ,Sant Martí,Provençals del Poblenou,C-31,Saturday,2020-02-08,Laboral,2020,2,February,8,Night,23:00:00,Unknown,Car,Male,52,Driver,Unknown,Unknown,Unknown,Uninjured,433366.47,4585249.15,2.2015668,41.414185339
2020S000980    ,Sant Martí,Provençals del Poblenou,C-31,Saturday,2020-02-08,Laboral,2020,2,February,8,Night,23:00:00,Unknown,Motorcycle,Male,40,Driver,Unknown,Unknown,Unknown,Minor injury: Hospitalization up to 24 hours,433366.47,4585249.15,2.2015668,41.414185339
2020S000981    ,Eixample,la Dreta de l'Eixample,Urquinaona,Saturday,2020-02-08,Laboral,2020,2,February,8,Night,23:00:00,Unknown,Motorcycle,Male,35,Driver,Unknown,Unknown,Leisure and entertainment,Minor injury: Medical assistance at accident site,431016.63,4582537.14,2.17376159,41.389560739