Case_Number,District_Name,Neighborhood_Name,Street_Name,Day_of_Week,Date,Day_Type_Description,Year,Month_of_Year,Month_Name,Day_of_Month,Shift_Description,Hour_of_Day,Pedestrian_Cause_Description,Involved_Vehicle_Type_Description,Gender_Description,Age,Person_Type_Description,Pedestrian_Accident_Location_Description,Pedestrian_Movement_Reason_Description,Driver_Movement_Reason_Description,Victimization_Description,Coordenada_UTM_X,Coordenada_UTM_Y,Longitud,Latitud
2020S000981    ,Eixample,la Dreta de l'Eixample,Urquinaona,Saturday,2020-02-08,Laboral,2020,2,February,8,Night,23:00:00,Unknown,Motorcycle,Male,33,Driver,Unknown,Unknown,Leisure and entertainment,Minor injury: Hospitalization up to 24 hours,431016.63,4582537.14,2.17376159,41.389560739
2020S000982    ,Horta-Guinardó,Sant Genís dels Agudells,Dalt (Besňs),Saturday,2020-02-08,Laboral,2020,2,February,8,Afternoon,20:00:00,Unknown,Motorcycle,Male,28,Driver,Unknown,Unknown,Leisure and entertainment,Uninjured,428408.32,4586457.54,2.14210272,41.424642175
2020S000982    ,Horta-Guinardó,Sant Genís dels Agudells,Dalt (Besňs),Saturday,2020-02-08,Laboral,2020,2,February,8,Afternoon,20:00:00,Unknown,Motorcycle,Female,28,Driver,Unknown,Unknown,Leisure and entertainment,Minor injury: Hospitalization up to 24 hours,428408.32,4586457.54,2.14210272,41.424642175
2020S000983    ,Eixample,la Dreta de l'Eixample,Mossčn Jacint Verdaguer,Sunday,2020-02-09,Laboral,2020,2,February,9,Night,00:00:00,Unknown,Furgoneta,Male,46,Driver,Unknown,Unknown,Leisure and entertainment,Uninjured,430706.56,4583594.99,2.16993208,41.399061796
2020S000983    ,Eixample,la Dreta de l'Eixample,Mossčn Jacint Verdaguer,Sunday,2020-02-09,Laboral,2020,2,February,9,Night,00:00:00,Unknown,Ciclomotor,Male,22,Driver,Unknown,Unknown,Leisure and entertainment,Minor injury: Hospitalization up to 24 hours,430706.56,4583594.99,2.16993208,41.399061796
2020S000984    ,Sants-Montjuďc,Hostafrancs,Creu Coberta,Sunday,2020-02-09,Laboral,2020,2,February,9,Night,01:00:00,Unknown,Autobús,Female,63,Passenger,Unknown,Unknown,Unknown,Minor injury: Hospitalization up to 24 hours,428843.01,4580971.69,2.14794944,41.375271811
2020S000984    ,Sants-Montjuďc,Hostafrancs,Creu Coberta,Sunday,2020-02-09,Laboral,2020,2,February,9,Night,01:00:00,Unknown,Autobús,Male,55,Driver,Unknown,Unknown,Urban bus,Uninjured,428843.01,4580971.69,2.14794944,41.375271811
2020S000985    ,Eixample,la Dreta de l'Eixample,Diagonal,Sunday,2020-02-09,Laboral,2020,2,February,9,Night,01:00:00,Creuar per fora pas de vianants,Motorcycle,Male,24,Driver,Unknown,Unknown,Unknown,Minor injury: Hospitalization up to 24 hours,429606.66,4583222.33,2.15681891,41.395609784
2020S000985    ,Eixample,la Dreta de l'Eixample,Diagonal,Sunday,2020-02-09,Laboral,2020,2,February,9,Night,01:00:00,Creuar per fora pas de vianants,Motorcycle,Male,26,Pedestrian,Unknown,Unknown,Unknown,Uninjured,429606.66,4583222.33,2.15681891,41.395609784
2020S000986    ,Grŕcia,la Vila de Grŕcia,Gran de Grŕcia,Sunday,2020-02-09,Laboral,2020,2,February,9,Night,04:00:00,Unknown,Ciclomotor,Female,19,Passenger,Unknown,Unknown,Unknown,Minor injury: Hospitalization up to 24 hours,429235.12,4584037.07,2.15227967,41.402915227
2020S000986    ,Grŕcia,la Vila de Grŕcia,Gran de Grŕcia,Sunday,2020-02-09,Laboral,2020,2,February,9,Night,04:00:00,Unknown,Ciclomotor,Male,20,Driver,Unknown,Unknown,Leisure and entertainment,Minor injury: Hospitalization up to 24 hours,429235.12,4584037.07,2.15227967,41.402915227
2020S000986    ,Grŕcia,la Vila de Grŕcia,Gran de Grŕcia,Sunday,2020-02-09,Laboral,2020,2,February,9,Night,04:00:00,Unknown,Taxi,Male,55,Driver,Unknown,Unknown,Taxi,Uninjured,429235.12,4584037.07,2.15227967,41.402915227
2020S000987    ,Sant Martí,el Parc i la Llacuna del Poblenou,Joan d'Ŕustria,Sunday,2020-02-09,Laboral,2020,2,February,9,Morning,06:00:00,Unknown,Motorcycle,Male,28,Driver,Unknown,Unknown,Leisure and entertainment,Unknown,432261.96,4583145.1,2.18858757,41.395142373
2020S000988    ,Eixample,la Nova Esquerra de l'Eixample,Diputació,Sunday,2020-02-09,Laboral,2020,2,February,9,Morning,06:00:00,Unknown,Veh. mobilitat personal amb motor,Male,29,Driver,Unknown,Unknown,In transit (commuting),Minor injury: Hospitalization up to 24 hours,429146.81,4581337.75,2.15153922,41.378595613
2020S000988    ,Eixample,la Nova Esquerra de l'Eixample,Diputació,Sunday,2020-02-09,Laboral,2020,2,February,9,Morning,06:00:00,Unknown,Car,Female,22,Driver,Unknown,Unknown,Leisure and entertainment,Uninjured,429146.81,4581337.75,2.15153922,41.378595613
2020S000989    ,Sarriŕ-Sant Gervasi,el Putxet i el Farró,Lesseps,Sunday,2020-02-09,Laboral,2020,2,February,9,Morning,08:00:00,Unknown,Car,Male,23,Driver,Unknown,Unknown,Leisure and entertainment,Unknown,429023.59,4584388.83,2.14970802,41.40606474
2020S000990    ,Horta-Guinardó,Horta,Porto,Sunday,2020-02-09,Laboral,2020,2,February,9,Morning,08:00:00,Unknown,Car,Male,24,Driver,Unknown,Unknown,In transit (commuting),Uninjured,429611.85,4587110.97,2.15642832,41.430633771
2020S000990    ,Horta-Guinardó,Horta,Porto,Sunday,2020-02-09,Laboral,2020,2,February,9,Morning,08:00:00,Unknown,Motorcycle,Male,41,Driver,Unknown,Unknown,Leisure and entertainment,Uninjured,429611.85,4587110.97,2.15642832,41.430633771
2020S000991    ,Eixample,la Nova Esquerra de l'Eixample,Entença,Sunday,2020-02-09,Laboral,2020,2,February,9,Morning,09:00:00,Unknown,Car,Female,25,Passenger,Unknown,Unknown,Unknown,Minor injury: Medical assistance at accident site,428702.25,4581813.05,2.14616732,41.382837186
2020S000991    ,Eixample,la Nova Esquerra de l'Eixample,Entença,Sunday,2020-02-09,Laboral,2020,2,February,9,Morning,09:00:00,Unknown,Car,Male,28,Driver,Unknown,Unknown,Leisure and entertainment,Uninjured,428702.25,4581813.05,2.14616732,41.382837186
2020S000991    ,Eixample,la Nova Esquerra de l'Eixample,Entença,Sunday,2020-02-09,Laboral,2020,2,February,9,Morning,09:00:00,Unknown,Car,Female,25,Driver,Unknown,Unknown,Leisure and entertainment,Minor injury: Medical assistance at accident site,428702.25,4581813.05,2.14616732,41.382837186
2020S000992    ,Sarriŕ-Sant Gervasi,les Tres Torres,Mig (Ascendent),Sunday,2020-02-09,Laboral,2020,2,February,9,Morning,11:00:00,Unknown,Car,Male,54,Driver,Unknown,Unknown,Leisure and entertainment,Uninjured,427645.65,4583125.1,2.13337515,41.39455993
2020S000992    ,Sarriŕ-Sant Gervasi,les Tres Torres,Mig (Ascendent),Sunday,2020-02-09,Laboral,2020,2,February,9,Morning,11:00:00,Unknown,Motorcycle,Female,27,Passenger,Unknown,Unknown,Unknown,Minor injury: Hospitalization up to 24 hours,427645.65,4583125.1,2.13337515,41.39455993
2020S000992    ,Sarriŕ-Sant Gervasi,les Tres Torres,Mig (Ascendent),Sunday,2020-02-09,Laboral,2020,2,February,9,Morning,11:00:00,Unknown,Motorcycle,Male,58,Driver,Unknown,Unknown,Leisure and entertainment,Minor injury: Medical assistance at accident site,427645.65,4583125.1,2.13337515,41.39455993
2020S000993    ,Sants-Montjuďc,el Poble-sec,Miramar,Sunday,2020-02-09,Laboral,2020,2,February,9,Morning,11:00:00,Unknown,Car,Female,36,Driver,Unknown,Unknown,Leisure and entertainment,Uninjured,430174.47,4580247.51,2.16395343,41.368866026
2020S000993    ,Sants-Montjuďc,el Poble-sec,Miramar,Sunday,2020-02-09,Laboral,2020,2,February,9,Morning,11:00:00,Unknown,Motorcycle,Female,61,Driver,Unknown,Unknown,Leisure and entertainment,Minor injury: Medical assistance at accident site,430174.47,4580247.51,2.16395343,41.368866026
2020S000994    ,Horta-Guinardó,el Guinardó,Guinardó,Sunday,2020-02-09,Laboral,2020,2,February,9,Morning,11:00:00,Unknown,Car,Male,51,Driver,Unknown,Unknown,Leisure and entertainment,Uninjured,430947.36,4585415.88,2.17260456,41.415482684
2020S000994    ,Horta-Guinardó,el Guinardó,Guinardó,Sunday,2020-02-09,Laboral,2020,2,February,9,Morning,11:00:00,Unknown,Car,Female,76,Passenger,Unknown,Unknown,Unknown,Minor injury: Hospitalization up to 24 hours,430947.36,4585415.88,2.17260456,41.415482684
2020S000994    ,Horta-Guinardó,el Guinardó,Guinardó,Sunday,2020-02-09,Laboral,2020,2,February,9,Morning,11:00:00,Unknown,Car,Male,81,Driver,Unknown,Unknown,Leisure and entertainment,Minor injury: Hospitalization up to 24 hours,430947.36,4585415.88,2.17260456,41.415482684
2020S000995    ,Ciutat Vella,la Barceloneta,Litoral (Besňs),Sunday,2020-02-09,Laboral,2020,2,February,9,Morning,13:00:00,Unknown,Motorcycle,Male,36,Driver,Unknown,Unknown,"Firefighters, police, ambulance",Minor injury: Hospitalization up to 24 hours,432031.74,4581682.97,2.18599807,41.381953923
2020S000995    ,Ciutat Vella,la Barceloneta,Litoral (Besňs),Sunday,2020-02-09,Laboral,2020,2,February,9,Morning,13:00:00,Unknown,Motorcycle,Female,25,Pedestrian,Unknown,Leisure and entertainment,Unknown,Minor injury: Hospitalization up to 24 hours,432031.74,4581682.97,2.18599807,41.381953923
2020S000995    ,Ciutat Vella,la Barceloneta,Litoral (Besňs),Sunday,2020-02-09,Laboral,2020,2,February,9,Morning,13:00:00,Unknown,Motorcycle,Male,58,Driver,Unknown,Unknown,Leisure and entertainment,Uninjured,432031.74,4581682.97,2.18599807,41.381953923
2020S000996    ,Les Corts,la Maternitat i Sant Ramon,Corts,Sunday,2020-02-09,Laboral,2020,2,February,9,Morning,13:00:00,Unknown,Car,Female,55,Passenger,Unknown,Unknown,Unknown,Minor injury: Hospitalization up to 24 hours,426496.1,4581200.32,2.11985945,41.377119937
2020S000996    ,Les Corts,la Maternitat i Sant Ramon,Corts,Sunday,2020-02-09,Laboral,2020,2,February,9,Morning,13:00:00,Unknown,Car,Female,19,Passenger,Unknown,Unknown,Unknown,Minor injury: Hospitalization up to 24 hours,426496.1,4581200.32,2.11985945,41.377119937
2020S000996    ,Les Corts,la Maternitat i Sant Ramon,Corts,Sunday,2020-02-09,Laboral,2020,2,February,9,Morning,13:00:00,Unknown,Autobús articulat,Male,47,Driver,Unknown,Unknown,Regular line bus,Uninjured,426496.1,4581200.32,2.11985945,41.377119937
2020S000996    ,Les Corts,la Maternitat i Sant Ramon,Corts,Sunday,2020-02-09,Laboral,2020,2,February,9,Morning,13:00:00,Unknown,Car,Male,58,Driver,Unknown,Unknown,Leisure and entertainment,Minor injury: Medical assistance at accident site,426496.1,4581200.32,2.11985945,41.377119937
2020S000996    ,Les Corts,la Maternitat i Sant Ramon,Corts,Sunday,2020-02-09,Laboral,2020,2,February,9,Morning,13:00:00,Unknown,Car,Male,17,Passenger,Unknown,Unknown,Unknown,Minor injury: Hospitalization up to 24 hours,426496.1,4581200.32,2.11985945,41.377119937
2020S000997    ,Sant Andreu,Sant Andreu,Sant Sebastiŕ,Sunday,2020-02-09,Laboral,2020,2,February,9,Afternoon,14:00:00,Unknown,Furgoneta,Male,37,Driver,Unknown,Unknown,Unknown,Unknown,432531.4,4586910.75,2.19139017,41.429081148
2020S000998    ,Sants-Montjuďc,la Marina del Prat Vermell,Foc,Sunday,2020-02-09,Laboral,2020,2,February,9,Morning,12:00:00,Unknown,Car,Female,44,Driver,Unknown,Unknown,Unknown,Uninjured,427851.14,4578616.57,2.13636983,41.353971694
2020S000998    ,Sants-Montjuďc,la Marina del Prat Vermell,Foc,Sunday,2020-02-09,Laboral,2020,2,February,9,Morning,12:00:00,Unknown,Motorcycle,Male,63,Driver,Unknown,Unknown,Unknown,Minor injury: Hospitalization up to 24 hours,427851.14,4578616.57,2.13636983,41.353971694
2020S000998    ,Sants-Montjuďc,la Marina del Prat Vermell,Foc,Sunday,2020-02-09,Laboral,2020,2,February,9,Morning,12:00:00,Unknown,Motorcycle,Female,62,Passenger,Unknown,Unknown,Unknown,Minor injury: Hospitalization up to 24 hours,427851.14,4578616.57,2.13636983,41.353971694
2020S000999    ,Ciutat Vella,el Barri Gňtic,Rambla,Sunday,2020-02-09,Laboral,2020,2,February,9,Afternoon,17:00:00,Unknown,Car,Male,39,Driver,Unknown,Unknown,Unknown,Uninjured,431200.74,4581289.22,2.1761053,41.378336854
2020S000999    ,Ciutat Vella,el Barri Gňtic,Rambla,Sunday,2020-02-09,Laboral,2020,2,February,9,Afternoon,17:00:00,Unknown,Bicicleta,Male,12,Driver,Unknown,Unknown,Leisure and entertainment,Minor injury: Hospitalization up to 24 hours,431200.74,4581289.22,2.1761053,41.378336854
2020S001000    ,Sant Andreu,Sant Andreu,Doctor Santponç,Sunday,2020-02-09,Laboral,2020,2,February,9,Afternoon,19:00:00,Unknown,Car,Male,31,Driver,Unknown,Unknown,Leisure and entertainment,Uninjured,432735.96,4587223.13,2.1938034,41.431911823
2020S001000    ,Sant Andreu,Sant Andreu,Doctor Santponç,Sunday,2020-02-09,Laboral,2020,2,February,9,Afternoon,19:00:00,Unknown,Bicicleta,Male,27,Driver,Unknown,Unknown,Leisure and entertainment,Minor injury: Hospitalization up to 24 hours,432735.96,4587223.13,2.1938034,41.431911823
2020S001001    ,Eixample,la Nova Esquerra de l'Eixample,Corts Catalanes,Sunday,2020-02-09,Laboral,2020,2,February,9,Afternoon,19:00:00,Unknown,Car,Male,72,Driver,Unknown,Unknown,Unknown,Uninjured,429699.61,4581733.08,2.1581036,41.382204738
2020S001001    ,Eixample,la Nova Esquerra de l'Eixample,Corts Catalanes,Sunday,2020-02-09,Laboral,2020,2,February,9,Afternoon,19:00:00,Unknown,Bicicleta,Male,21,Driver,Unknown,Unknown,Unknown,Minor injury: Hospitalization up to 24 hours,429699.61,4581733.08,2.1581036,41.382204738
2020S001002    ,Sarriŕ-Sant Gervasi,Sarriŕ,Aigües,Sunday,2020-02-09,Laboral,2020,2,February,9,Afternoon,18:00:00,Unknown,Motorcycle,Female,28,Passenger,Unknown,Unknown,Unknown,Minor injury: Hospitalization up to 24 hours,425261.85,4584573.92,2.10468453,41.407390642
2020S001002    ,Sarriŕ-Sant Gervasi,Sarriŕ,Aigües,Sunday,2020-02-09,Laboral,2020,2,February,9,Afternoon,18:00:00,Unknown,Motorcycle,Female,27,Driver,Unknown,Unknown,Leisure and entertainment,Minor injury: Hospitalization up to 24 hours,425261.85,4584573.92,2.10468453,41.407390642
2020S001003    ,Les Corts,Pedralbes,Dalt (Llobregat),Sunday,2020-02-09,Laboral,2020,2,February,9,Afternoon,19:00:00,Unknown,Car,Female,55,Passenger,Unknown,Unknown,Unknown,Minor injury: Medical assistance at accident site,425061.36,4581835.81,2.1026251,41.382711107
2020S001003    ,Les Corts,Pedralbes,Dalt (Llobregat),Sunday,2020-02-09,Laboral,2020,2,February,9,Afternoon,19:00:00,Unknown,Car,Male,47,Passenger,Unknown,Unknown,Unknown,Minor injury: Medical assistance at accident site,425061.36,4581835.81,2.1026251,41.382711107
2020S001003    ,Les Corts,Pedralbes,Dalt (Llobregat),Sunday,2020-02-09,Laboral,2020,2,February,9,Afternoon,19:00:00,Unknown,Car,Female,42,Passenger,Unknown,Unknown,Unknown,Minor injury: Medical assistance at accident site,425061.36,4581835.81,2.1026251,41.382711107
2020S001003    ,Les Corts,Pedralbes,Dalt (Llobregat),Sunday,2020-02-09,Laboral,2020,2,February,9,Afternoon,19:00:00,Unknown,Car,Male,56,Driver,Unknown,Unknown,Unknown,Minor injury: Medical assistance at accident site,425061.36,4581835.81,2.1026251,41.382711107
2020S001003    ,Les Corts,Pedralbes,Dalt (Llobregat),Sunday,2020-02-09,Laboral,2020,2,February,9,Afternoon,19:00:00,Unknown,Car,Male,50,Driver,Unknown,Unknown,Unknown,Uninjured,425061.36,4581835.81,2.1026251,41.382711107
2020S001004    ,Sant Martí,el Besňs i el Maresme,Prim,Sunday,2020-02-09,Laboral,2020,2,February,9,Afternoon,19:00:00,Others,Motorcycle,Female,40,Pedestrian,Unknown,Leisure and entertainment,Unknown,Uninjured,434622.8,4585188.33,2.21660473,41.413740795
2020S001004    ,Sant Martí,el Besňs i el Maresme,Prim,Sunday,2020-02-09,Laboral,2020,2,February,9,Afternoon,19:00:00,Others,Motorcycle,Male,43,Driver,Unknown,Unknown,Leisure and entertainment,Minor injury: Refused medical assistance,434622.8,4585188.33,2.21660473,41.413740795
2020S001005    ,Eixample,la Dreta de l'Eixample,Aragó,Sunday,2020-02-09,Laboral,2020,2,February,9,Afternoon,19:00:00,Unknown,Motorcycle,Female,32,Driver,Unknown,Unknown,Leisure and entertainment,Minor injury: Hospitalization up to 24 hours,430979.98,4583547.75,2.17320801,41.398659849
2020S001005    ,Eixample,la Dreta de l'Eixample,Aragó,Sunday,2020-02-09,Laboral,2020,2,February,9,Afternoon,19:00:00,Unknown,Car,Female,27,Driver,Unknown,Unknown,Leisure and entertainment,Uninjured,430979.98,4583547.75,2.17320801,41.398659849
2020S001006    ,Ciutat Vella,el Raval,Josep Carner,Sunday,2020-02-09,Laboral,2020,2,February,9,Afternoon,14:00:00,Unknown,Autobús,Female,77,Passenger,Unknown,Unknown,Unknown,Minor injury: Hospitalization up to 24 hours,431292.13,4580896.4,2.17724268,41.374806642
2020S001006    ,Ciutat Vella,el Raval,Josep Carner,Sunday,2020-02-09,Laboral,2020,2,February,9,Afternoon,14:00:00,Unknown,Autobús,Male,48,Driver,Unknown,Unknown,Urban bus,Uninjured,431292.13,4580896.4,2.17724268,41.374806642
2020S001007    ,Sants-Montjuďc,el Poble-sec,Mare de Déu de Port,Sunday,2020-02-09,Laboral,2020,2,February,9,Afternoon,21:00:00,Unknown,Car,Male,33,Driver,Unknown,Unknown,Leisure and entertainment,Uninjured,429794.75,4578705.92,2.15959201,41.354948317
2020S001008    ,Eixample,el Fort Pienc,Corts Catalanes,Sunday,2020-02-09,Laboral,2020,2,February,9,Afternoon,21:00:00,Unknown,Ciclomotor,Male,30,Driver,Unknown,Unknown,Unknown,Minor injury: Hospitalization up to 24 hours,431428.85,4583342.06,2.1786005,41.396845687
2020S001008    ,Eixample,el Fort Pienc,Corts Catalanes,Sunday,2020-02-09,Laboral,2020,2,February,9,Afternoon,21:00:00,Unknown,Car,Male,58,Driver,Unknown,Unknown,Unknown,Uninjured,431428.85,4583342.06,2.1786005,41.396845687
2020S001009    ,Sant Martí,el Clot,Independčncia,Sunday,2020-02-09,Laboral,2020,2,February,9,Night,23:00:00,Unknown,Car,Female,22,Driver,Unknown,Unknown,Leisure and entertainment,Uninjured,431960.46,4584453.54,2.18483421,41.406901646
2020S001009    ,Sant Martí,el Clot,Independčncia,Sunday,2020-02-09,Laboral,2020,2,February,9,Night,23:00:00,Unknown,Motorcycle,Male,34,Driver,Unknown,Unknown,Unknown,Minor injury: Hospitalization up to 24 hours,431960.46,4584453.54,2.18483421,41.406901646
2020S001010    ,Sants-Montjuďc,Hostafrancs,Tarragona,Monday,2020-02-10,Laboral,2020,2,February,10,Night,05:00:00,Unknown,Bicicleta,Male,59,Driver,Unknown,Unknown,In transit (commuting),Minor injury: Medical assistance at accident site,428519.94,4581387.96,2.14403732,41.378992364
2020S001010    ,Sants-Montjuďc,Hostafrancs,Tarragona,Monday,2020-02-10,Laboral,2020,2,February,10,Night,05:00:00,Unknown,Motorcycle,Female,40,Driver,Unknown,Unknown,In transit (commuting),Minor injury: Hospitalization up to 24 hours,428519.94,4581387.96,2.14403732,41.378992364
2020S001011    ,Eixample,la Dreta de l'Eixample,Cňrsega,Monday,2020-02-10,Laboral,2020,2,February,10,Morning,08:00:00,Unknown,"Camió rígid <= 3,5 tones",Male,36,Driver,Unknown,Unknown,Professional goods transport,Uninjured,429773.82,4583263.02,2.15881357,41.395990888
2020S001012    ,Sants-Montjuďc,la Marina del Prat Vermell,Número 6 Zona Franca,Monday,2020-02-10,Laboral,2020,2,February,10,Morning,08:00:00,Unknown,Car,Female,31,Driver,Unknown,Unknown,In transit (commuting),Uninjured,427368.13,4575151.66,2.13101092,41.322720904
2020S001012    ,Sants-Montjuďc,la Marina del Prat Vermell,Número 6 Zona Franca,Monday,2020-02-10,Laboral,2020,2,February,10,Morning,08:00:00,Unknown,Motorcycle,Female,38,Driver,Unknown,Unknown,In transit (commuting),Minor injury: Hospitalization up to 24 hours,427368.13,4575151.66,2.13101092,41.322720904
2020S001013    ,Sarriŕ-Sant Gervasi,Sant Gervasi - Galvany,Alfons XII,Monday,2020-02-10,Laboral,2020,2,February,10,Morning,08:00:00,Unknown,Taxi,Male,51,Driver,Unknown,Unknown,Unknown,Minor injury: Hospitalization up to 24 hours,428832.7,4583745.88,2.14750008,41.400257047
2020S001013    ,Sarriŕ-Sant Gervasi,Sant Gervasi - Galvany,Alfons XII,Monday,2020-02-10,Laboral,2020,2,February,10,Morning,08:00:00,Unknown,Car,Male,47,Driver,Unknown,Unknown,Unknown,Uninjured,428832.7,4583745.88,2.14750008,41.400257047
2020S001014    ,Sants-Montjuďc,la Marina del Prat Vermell,Litoral (Llobregat),Monday,2020-02-10,Laboral,2020,2,February,10,Morning,08:00:00,Unknown,Car,Female,46,Driver,Unknown,Unknown,In transit (commuting),Uninjured,431190.32,4580637.7,2.1760547,41.372467897
2020S001014    ,Sants-Montjuďc,la Marina del Prat Vermell,Litoral (Llobregat),Monday,2020-02-10,Laboral,2020,2,February,10,Morning,08:00:00,Unknown,Car,Female,31,Driver,Unknown,Unknown,In transit (commuting),Minor injury: Medical assistance at accident site,431190.32,4580637.7,2.1760547,41.372467897
2020S001014    ,Sants-Montjuďc,la Marina del Prat Vermell,Litoral (Llobregat),Monday,2020-02-10,Laboral,2020,2,February,10,Morning,08:00:00,Unknown,Car,Male,23,Driver,Unknown,Unknown,In transit (commuting),Minor injury: Medical assistance at accident site,431190.32,4580637.7,2.1760547,41.372467897
2020S001015    ,Eixample,la Sagrada Família,Lepant,Monday,2020-02-10,Laboral,2020,2,February,10,Morning,08:00:00,Unknown,Motorcycle,Female,34,Driver,Unknown,Unknown,Unknown,Minor injury: Hospitalization up to 24 hours,431431.43,4583998.16,2.17855701,41.402755202
2020S001015    ,Eixample,la Sagrada Família,Lepant,Monday,2020-02-10,Laboral,2020,2,February,10,Morning,08:00:00,Unknown,Car,Male,24,Driver,Unknown,Unknown,Unknown,Uninjured,431431.43,4583998.16,2.17855701,41.402755202
2020S001015    ,Eixample,la Sagrada Família,Lepant,Monday,2020-02-10,Laboral,2020,2,February,10,Morning,08:00:00,Unknown,Motorcycle,Female,21,Passenger,Unknown,Unknown,Unknown,Minor injury: Hospitalization up to 24 hours,431431.43,4583998.16,2.17855701,41.402755202
2020S001016    ,Sant Martí,el Parc i la Llacuna del Poblenou,Glňries Catalanes,Monday,2020-02-10,Laboral,2020,2,February,10,Morning,09:00:00,Creuar per fora pas de vianants,Motorcycle,Male,55,Pedestrian,Outside the crossing,On a mission,Unknown,Minor injury: Hospitalization up to 24 hours,432224.96,4584006.55,2.18804853,41.402898094
2020S001016    ,Sant Martí,el Parc i la Llacuna del Poblenou,Glňries Catalanes,Monday,2020-02-10,Laboral,2020,2,February,10,Morning,09:00:00,Creuar per fora pas de vianants,Motorcycle,Male,53,Driver,Outside the crossing,Unknown,On a mission,Minor injury: Refused medical assistance,432224.96,4584006.55,2.18804853,41.402898094
2020S001017    ,Eixample,l'Antiga Esquerra de l'Eixample,Casanova,Monday,2020-02-10,Laboral,2020,2,February,10,Morning,07:00:00,Unknown,Veh. mobilitat personal amb motor,Male,47,Driver,Unknown,Unknown,Leisure and entertainment,Minor injury: Refused medical assistance,429383.64,4582487.93,2.15423706,41.388975733
2020S001018    ,Grŕcia,Vallcarca i els Penitents,Sant Cugat,Monday,2020-02-10,Laboral,2020,2,February,10,Morning,08:00:00,Unknown,Car,Male,56,Driver,Unknown,Unknown,Unknown,Uninjured,427897.44,4586372.26,2.13599961,41.423828381
2020S001018    ,Grŕcia,Vallcarca i els Penitents,Sant Cugat,Monday,2020-02-10,Laboral,2020,2,February,10,Morning,08:00:00,Unknown,Motorcycle,Male,25,Driver,Unknown,Unknown,Student heading to educational center,Serious injury: Hospitalization over 24 hours,427897.44,4586372.26,2.13599961,41.423828381
2020S001019    ,Les Corts,les Corts,Diagonal,Monday,2020-02-10,Laboral,2020,2,February,10,Morning,09:00:00,Unknown,Motorcycle,Female,49,Driver,Unknown,Unknown,In transit (commuting),Minor injury: Hospitalization up to 24 hours,427948.61,4582755.86,2.1370427,41.391261543
2020S001019    ,Les Corts,les Corts,Diagonal,Monday,2020-02-10,Laboral,2020,2,February,10,Morning,09:00:00,Unknown,Car,Male,35,Driver,Unknown,Unknown,Unknown,Uninjured,427948.61,4582755.86,2.1370427,41.391261543
2020S001020    ,Sants-Montjuďc,Sants,Sant Antoni,Monday,2020-02-10,Laboral,2020,2,February,10,Morning,09:00:00,Unknown,Motorcycle,Male,34,Driver,Unknown,Unknown,Unknown,Minor injury: Hospitalization up to 24 hours,427978.88,4581175.07,2.13759274,41.377026668
2020S001021    ,Horta-Guinardó,el Baix Guinardó,Taxdirt,Monday,2020-02-10,Laboral,2020,2,February,10,Morning,10:00:00,Unknown,Motorcycle,Male,34,Driver,Unknown,Unknown,Unknown,Minor injury: Hospitalization up to 24 hours,430576.53,4584874.02,2.16822993,41.410570371
2020S001021    ,Horta-Guinardó,el Baix Guinardó,Taxdirt,Monday,2020-02-10,Laboral,2020,2,February,10,Morning,10:00:00,Unknown,Car,Male,59,Driver,Unknown,Unknown,Unknown,Uninjured,430576.53,4584874.02,2.16822993,41.410570371
2020S001022    ,Sant Martí,el Poblenou,Llacuna,Monday,2020-02-10,Laboral,2020,2,February,10,Morning,12:00:00,Unknown,Tractor camió,Male,47,Driver,Unknown,Unknown,Professional goods transport,Uninjured,433472.37,4583435.82,2.20303328,41.397861921
2020S001022    ,Sant Martí,el Poblenou,Llacuna,Monday,2020-02-10,Laboral,2020,2,February,10,Morning,12:00:00,Unknown,Motorcycle,Male,45,Driver,Unknown,Unknown,Other activities,Minor injury: Medical assistance at accident site,433472.37,4583435.82,2.20303328,41.397861921
2020S001023    ,Eixample,la Nova Esquerra de l'Eixample,Roma,Monday,2020-02-10,Laboral,2020,2,February,10,Morning,11:00:00,Unknown,Taxi,Male,41,Driver,Unknown,Unknown,Unknown,Uninjured,428506.75,4581560.31,2.14385926,41.380543488
2020S001023    ,Eixample,la Nova Esquerra de l'Eixample,Roma,Monday,2020-02-10,Laboral,2020,2,February,10,Morning,11:00:00,Unknown,Motorcycle,Female,27,Driver,Unknown,Unknown,Unknown,Minor injury: Hospitalization up to 24 hours,428506.75,4581560.31,2.14385926,41.380543488
2020S001024    ,Sants-Montjuďc,la Bordeta,Mig (Descendent),Monday,2020-02-10,Laboral,2020,2,February,10,Morning,07:00:00,Unknown,Car,Male,50,Driver,Unknown,Unknown,Unknown,Uninjured,427640.15,4580110.04,2.13366957,41.367403925
2020S001024    ,Sants-Montjuďc,la Bordeta,Mig (Descendent),Monday,2020-02-10,Laboral,2020,2,February,10,Morning,07:00:00,Unknown,Car,Female,41,Driver,Unknown,Unknown,In transit (commuting),Minor injury: Hospitalization up to 24 hours,427640.15,4580110.04,2.13366957,41.367403925
2020S001025    ,Nou Barris,el Turó de la Peira,Cadí,Monday,2020-02-10,Laboral,2020,2,February,10,Morning,09:00:00,Unknown,Ciclomotor,Female,38,Passenger,Unknown,Unknown,Unknown,Minor injury: Hospitalization up to 24 hours,430599.38,4587148.07,2.1682422,41.431053901