Case_Number,District_Name,Neighborhood_Name,Street_Name,Day_of_Week,Date,Day_Type_Description,Year,Month_of_Year,Month_Name,Day_of_Month,Shift_Description,Hour_of_Day,Pedestrian_Cause_Description,Involved_Vehicle_Type_Description,Gender_Description,Age,Person_Type_Description,Pedestrian_Accident_Location_Description,Pedestrian_Movement_Reason_Description,Driver_Movement_Reason_Description,Victimization_Description,Coordenada_UTM_X,Coordenada_UTM_Y,Longitud,Latitud
2020S001071    ,Eixample,l'Antiga Esquerra de l'Eixample,Aragó,Tuesday,2020-02-11,Laboral,2020,2,February,11,Night,23:00:00,Unknown,Motorcycle,Male,33,Driver,Unknown,Unknown,In transit (commuting),Minor injury: Hospitalization up to 24 hours,429632.24,4582185.05,2.15724544,41.386269592
2020S001071    ,Eixample,l'Antiga Esquerra de l'Eixample,Aragó,Tuesday,2020-02-11,Laboral,2020,2,February,11,Night,23:00:00,Unknown,Tot terreny,Male,40,Driver,Unknown,Unknown,Leisure and entertainment,Uninjured,429632.24,4582185.05,2.15724544,41.386269592
2020S001072    ,Eixample,la Sagrada Família,Aragó,Tuesday,2020-02-11,Laboral,2020,2,February,11,Afternoon,21:00:00,Unknown,Furgoneta,Male,25,Driver,Unknown,Unknown,"Firefighters, police, ambulance",Minor injury: Hospitalization up to 24 hours,431563.95,4584109.78,2.18012963,41.403771827
2020S001072    ,Eixample,la Sagrada Família,Aragó,Tuesday,2020-02-11,Laboral,2020,2,February,11,Afternoon,21:00:00,Unknown,Car,Male,75,Driver,Unknown,Unknown,Other activities,Minor injury: Medical assistance at accident site,431563.95,4584109.78,2.18012963,41.403771827
2020S001072    ,Eixample,la Sagrada Família,Aragó,Tuesday,2020-02-11,Laboral,2020,2,February,11,Afternoon,21:00:00,Unknown,Furgoneta,Female,32,Passenger,Unknown,Unknown,Unknown,Minor injury: Hospitalization up to 24 hours,431563.95,4584109.78,2.18012963,41.403771827
2020S001073    ,Sants-Montjuďc,Hostafrancs,Espanya,Tuesday,2020-02-11,Laboral,2020,2,February,11,Night,23:00:00,Unknown,Car,Male,25,Driver,Unknown,Unknown,Leisure and entertainment,Uninjured,428856.77,4580938.01,2.14811793,41.374969684
2020S001073    ,Sants-Montjuďc,Hostafrancs,Espanya,Tuesday,2020-02-11,Laboral,2020,2,February,11,Night,23:00:00,Unknown,"Camió rígid > 3,5 tones",Male,59,Driver,Unknown,Unknown,In transit (commuting),Uninjured,428856.77,4580938.01,2.14811793,41.374969684
2020S001074    ,Grŕcia,la Vila de Grŕcia,Quevedo,Wednesday,2020-02-12,Laboral,2020,2,February,12,Morning,09:00:00,Unknown,Motorcycle,Female,7,Pedestrian,In pedestrian area,Transport de menors al colˇlegi,Unknown,Minor injury: Hospitalization up to 24 hours,429998.97,4584071.74,2.16141303,41.403294395
2020S001074    ,Grŕcia,la Vila de Grŕcia,Quevedo,Wednesday,2020-02-12,Laboral,2020,2,February,12,Morning,09:00:00,Unknown,Motorcycle,Female,50,Driver,In pedestrian area,Unknown,Unknown,Minor injury: Hospitalization up to 24 hours,429998.97,4584071.74,2.16141303,41.403294395
2020S001075    ,Ciutat Vella,el Raval,Pelai,Wednesday,2020-02-12,Laboral,2020,2,February,12,Morning,08:00:00,Unknown,Car,Male,33,Driver,Unknown,Unknown,In transit (commuting),Uninjured,430669.98,4582082.96,2.16966771,41.385440255
2020S001075    ,Ciutat Vella,el Raval,Pelai,Wednesday,2020-02-12,Laboral,2020,2,February,12,Morning,08:00:00,Unknown,Ciclomotor,Male,19,Driver,Unknown,Unknown,In transit (commuting),Minor injury: Medical assistance at accident site,430669.98,4582082.96,2.16966771,41.385440255
2020S001076    ,Sants-Montjuďc,la Marina del Prat Vermell,Motors,Wednesday,2020-02-12,Laboral,2020,2,February,12,Morning,08:00:00,Unknown,Motorcycle,Male,28,Driver,Unknown,Unknown,Unknown,Minor injury: Hospitalization up to 24 hours,428662.4,4578290.17,2.14610542,41.351104217
2020S001077    ,Nou Barris,les Roquetes,Favčncia,Wednesday,2020-02-12,Laboral,2020,2,February,12,Morning,07:00:00,Unknown,Motorcycle,Male,26,Driver,Unknown,Unknown,On a mission,Minor injury: Hospitalization up to 24 hours,431098.98,4588608.65,2.17405451,41.444251842
2020S001077    ,Nou Barris,les Roquetes,Favčncia,Wednesday,2020-02-12,Laboral,2020,2,February,12,Morning,07:00:00,Unknown,Car,Male,40,Driver,Unknown,Unknown,In transit (commuting),Uninjured,431098.98,4588608.65,2.17405451,41.444251842
2020S001078    ,Sarriŕ-Sant Gervasi,Sant Gervasi - la Bonanova,Dalt (Llobregat),Wednesday,2020-02-12,Laboral,2020,2,February,12,Morning,09:00:00,Unknown,Car,Female,47,Driver,Unknown,Unknown,In transit (commuting),Uninjured,426848.16,4584681.18,2.12364852,41.408502686
2020S001078    ,Sarriŕ-Sant Gervasi,Sant Gervasi - la Bonanova,Dalt (Llobregat),Wednesday,2020-02-12,Laboral,2020,2,February,12,Morning,09:00:00,Unknown,Motorcycle,Female,22,Driver,Unknown,Unknown,In transit (commuting),Minor injury: Medical assistance at accident site,426848.16,4584681.18,2.12364852,41.408502686
2020S001079    ,Sarriŕ-Sant Gervasi,Sant Gervasi - Galvany,Galˇla Placídia,Wednesday,2020-02-12,Laboral,2020,2,February,12,Morning,08:00:00,Unknown,Motorcycle,Male,32,Driver,Unknown,Unknown,In transit (commuting),Minor injury: Hospitalization up to 24 hours,429254.78,4583596.17,2.1525664,41.398945932
2020S001080    ,Eixample,el Fort Pienc,Sicília,Tuesday,2020-02-11,Laboral,2020,2,February,11,Afternoon,20:00:00,Unknown,Motorcycle,Male,34,Pedestrian,Unknown,Unknown,Unknown,Uninjured,431555.8,4583326.28,2.18012076,41.396714383
2020S001080    ,Eixample,el Fort Pienc,Sicília,Tuesday,2020-02-11,Laboral,2020,2,February,11,Afternoon,20:00:00,Unknown,Motorcycle,Male,33,Driver,Unknown,Unknown,Unknown,Minor injury: Hospitalization up to 24 hours,431555.8,4583326.28,2.18012076,41.396714383
2020S001081    ,Nou Barris,Canyelles,Dalt (Llobregat),Wednesday,2020-02-12,Laboral,2020,2,February,12,Morning,12:00:00,Unknown,Furgoneta,Male,48,Driver,Unknown,Unknown,Unknown,Uninjured,430718.45,4588420.75,2.16952117,41.442526732
2020S001081    ,Nou Barris,Canyelles,Dalt (Llobregat),Wednesday,2020-02-12,Laboral,2020,2,February,12,Morning,12:00:00,Unknown,Motorcycle,Female,49,Driver,Unknown,Unknown,Unknown,Minor injury: Medical assistance at accident site,430718.45,4588420.75,2.16952117,41.442526732
2020S001082    ,Eixample,la Dreta de l'Eixample,Consell de Cent,Wednesday,2020-02-12,Laboral,2020,2,February,12,Morning,09:00:00,Unknown,Car,Male,47,Driver,Unknown,Unknown,Unknown,Uninjured,430675.21,4583022.24,2.1696227,41.393900514
2020S001082    ,Eixample,la Dreta de l'Eixample,Consell de Cent,Wednesday,2020-02-12,Laboral,2020,2,February,12,Morning,09:00:00,Unknown,Veh. mobilitat personal amb motor,Female,28,Driver,Unknown,Unknown,In transit (commuting),Minor injury: Hospitalization up to 24 hours,430675.21,4583022.24,2.1696227,41.393900514
2020S001083    ,Eixample,la Dreta de l'Eixample,Sant Joan,Wednesday,2020-02-12,Laboral,2020,2,February,12,Morning,11:00:00,Unknown,Motorcycle,Male,38,Driver,Unknown,Unknown,In transit (commuting),Minor injury: Medical assistance at accident site,430610.55,4583663.57,2.16877579,41.399671189
2020S001083    ,Eixample,la Dreta de l'Eixample,Sant Joan,Wednesday,2020-02-12,Laboral,2020,2,February,12,Morning,11:00:00,Unknown,Motorcycle,Female,48,Driver,Unknown,Unknown,Leisure and entertainment,Uninjured,430610.55,4583663.57,2.16877579,41.399671189
2020S001084    ,Sants-Montjuďc,la Marina del Prat Vermell,K Zona Franca,Wednesday,2020-02-12,Laboral,2020,2,February,12,Morning,09:00:00,Unknown,Motorcycle,Male,21,Passenger,Unknown,Unknown,Unknown,Minor injury: Hospitalization up to 24 hours,425838.52,4576755.36,2.11254011,41.337025549
2020S001084    ,Sants-Montjuďc,la Marina del Prat Vermell,K Zona Franca,Wednesday,2020-02-12,Laboral,2020,2,February,12,Morning,09:00:00,Unknown,Motorcycle,Male,24,Driver,Unknown,Unknown,Unknown,Minor injury: Hospitalization up to 24 hours,425838.52,4576755.36,2.11254011,41.337025549
2020S001085    ,Sants-Montjuďc,la Marina de Port,Foc,Wednesday,2020-02-12,Laboral,2020,2,February,12,Afternoon,15:00:00,Unknown,Ciclomotor,Male,50,Pedestrian,On the sidewalk,Unknown,Unknown,Minor injury: Hospitalization up to 24 hours,428520.33,4579166.63,2.14430399,41.358985618
2020S001085    ,Sants-Montjuďc,la Marina de Port,Foc,Wednesday,2020-02-12,Laboral,2020,2,February,12,Afternoon,15:00:00,Unknown,Ciclomotor,Male,16,Driver,On the sidewalk,Unknown,Unknown,Minor injury: Refused medical assistance,428520.33,4579166.63,2.14430399,41.358985618
2020S001086    ,Ciutat Vella,el Barri Gňtic,Antonio López,Wednesday,2020-02-12,Laboral,2020,2,February,12,Afternoon,16:00:00,Unknown,Motorcycle,Male,25,Driver,Unknown,Unknown,Unknown,Minor injury: Hospitalization up to 24 hours,431647.37,4581639.51,2.18140649,41.381529909
2020S001086    ,Ciutat Vella,el Barri Gňtic,Antonio López,Wednesday,2020-02-12,Laboral,2020,2,February,12,Afternoon,16:00:00,Unknown,Motorcycle,Male,20,Driver,Unknown,Unknown,Unknown,Uninjured,431647.37,4581639.51,2.18140649,41.381529909
2020S001087    ,Nou Barris,Verdun,Júlia,Wednesday,2020-02-12,Laboral,2020,2,February,12,Afternoon,17:00:00,Unknown,Car,Male,47,Driver,Unknown,Unknown,Leisure and entertainment,Minor injury: Hospitalization up to 24 hours,431327.57,4588272.3,2.17682897,41.44124206
2020S001088    ,Eixample,l'Antiga Esquerra de l'Eixample,Consell de Cent,Wednesday,2020-02-12,Laboral,2020,2,February,12,Afternoon,18:00:00,Unknown,Furgoneta,Male,30,Driver,Unknown,Unknown,On a mission,Uninjured,430089.84,4582488.8,2.16268291,41.389045292
2020S001088    ,Eixample,l'Antiga Esquerra de l'Eixample,Consell de Cent,Wednesday,2020-02-12,Laboral,2020,2,February,12,Afternoon,18:00:00,Unknown,Motorcycle,Male,31,Driver,Unknown,Unknown,Leisure and entertainment,Minor injury: Hospitalization up to 24 hours,430089.84,4582488.8,2.16268291,41.389045292
2020S001089    ,Sant Martí,Sant Martí de Provençals,Bac de Roda,Wednesday,2020-02-12,Laboral,2020,2,February,12,Afternoon,17:00:00,Unknown,Furgoneta,Female,35,Driver,Unknown,Unknown,Unknown,Uninjured,432827.17,4585283.01,2.19511061,41.414445384
2020S001089    ,Sant Martí,Sant Martí de Provençals,Bac de Roda,Wednesday,2020-02-12,Laboral,2020,2,February,12,Afternoon,17:00:00,Unknown,Motorcycle,Male,36,Driver,Unknown,Unknown,Unknown,Minor injury: Hospitalization up to 24 hours,432827.17,4585283.01,2.19511061,41.414445384
2020S001090    ,Sant Martí,el Poblenou,Llull,Wednesday,2020-02-12,Laboral,2020,2,February,12,Afternoon,15:00:00,Unknown,Bicicleta,Female,22,Driver,Unknown,Unknown,Unknown,Minor injury: Hospitalization up to 24 hours,433595.79,4583991.62,2.20444856,41.402878084
2020S001090    ,Sant Martí,el Poblenou,Llull,Wednesday,2020-02-12,Laboral,2020,2,February,12,Afternoon,15:00:00,Unknown,Autobús,Male,29,Driver,Unknown,Unknown,On a mission,Uninjured,433595.79,4583991.62,2.20444856,41.402878084
2020S001091    ,Eixample,el Fort Pienc,Lepant,Wednesday,2020-02-12,Laboral,2020,2,February,12,Afternoon,20:00:00,Unknown,Car,Male,59,Driver,Unknown,Unknown,Other activities,Uninjured,431819.96,4583612.19,2.18324822,41.399311945
2020S001091    ,Eixample,el Fort Pienc,Lepant,Wednesday,2020-02-12,Laboral,2020,2,February,12,Afternoon,20:00:00,Unknown,Furgoneta,Male,46,Driver,Unknown,Unknown,Unknown,Minor injury: Medical assistance at accident site,431819.96,4583612.19,2.18324822,41.399311945
2020S001091    ,Eixample,el Fort Pienc,Lepant,Wednesday,2020-02-12,Laboral,2020,2,February,12,Afternoon,20:00:00,Unknown,Car,Female,56,Passenger,Unknown,Unknown,Unknown,Minor injury: Hospitalization up to 24 hours,431819.96,4583612.19,2.18324822,41.399311945
2020S001092    ,Grŕcia,la Salut,Ramiro de Maeztu,Wednesday,2020-02-12,Laboral,2020,2,February,12,Afternoon,20:00:00,Unknown,Taxi,Female,19,Passenger,Unknown,Unknown,Unknown,Uninjured,429642.61,4585491.33,2.15698499,41.416048998
2020S001092    ,Grŕcia,la Salut,Ramiro de Maeztu,Wednesday,2020-02-12,Laboral,2020,2,February,12,Afternoon,20:00:00,Unknown,Car,Male,57,Driver,Unknown,Unknown,Unknown,Unknown,429642.61,4585491.33,2.15698499,41.416048998
2020S001092    ,Grŕcia,la Salut,Ramiro de Maeztu,Wednesday,2020-02-12,Laboral,2020,2,February,12,Afternoon,20:00:00,Unknown,Motorcycle,Male,27,Driver,Unknown,Unknown,Unknown,Minor injury: Hospitalization up to 24 hours,429642.61,4585491.33,2.15698499,41.416048998
2020S001092    ,Grŕcia,la Salut,Ramiro de Maeztu,Wednesday,2020-02-12,Laboral,2020,2,February,12,Afternoon,20:00:00,Unknown,Taxi,Male,41,Driver,Unknown,Unknown,Taxi,Uninjured,429642.61,4585491.33,2.15698499,41.416048998
2020S001093    ,Les Corts,les Corts,Diagonal,Wednesday,2020-02-12,Laboral,2020,2,February,12,Afternoon,21:00:00,Unknown,Car,Male,50,Driver,Unknown,Unknown,Unknown,Minor injury: Medical assistance at accident site,428505.87,4582846.36,2.14369688,41.392126398
2020S001093    ,Les Corts,les Corts,Diagonal,Wednesday,2020-02-12,Laboral,2020,2,February,12,Afternoon,21:00:00,Unknown,Car,Female,49,Passenger,Unknown,Unknown,Unknown,Minor injury: Medical assistance at accident site,428505.87,4582846.36,2.14369688,41.392126398
2020S001093    ,Les Corts,les Corts,Diagonal,Wednesday,2020-02-12,Laboral,2020,2,February,12,Afternoon,21:00:00,Unknown,Car,Female,25,Driver,Unknown,Unknown,Unknown,Minor injury: Medical assistance at accident site,428505.87,4582846.36,2.14369688,41.392126398
2020S001093    ,Les Corts,les Corts,Diagonal,Wednesday,2020-02-12,Laboral,2020,2,February,12,Afternoon,21:00:00,Unknown,Car,Male,26,Driver,Unknown,Unknown,Unknown,Uninjured,428505.87,4582846.36,2.14369688,41.392126398
2020S001093    ,Les Corts,les Corts,Diagonal,Wednesday,2020-02-12,Laboral,2020,2,February,12,Afternoon,21:00:00,Unknown,Car,Female,28,Passenger,Unknown,Unknown,Unknown,Minor injury: Medical assistance at accident site,428505.87,4582846.36,2.14369688,41.392126398
2020S001094    ,Horta-Guinardó,el Baix Guinardó,Padilla,Wednesday,2020-02-12,Laboral,2020,2,February,12,Afternoon,20:00:00,Unknown,Motorcycle,Male,25,Driver,Unknown,Unknown,Leisure and entertainment,Minor injury: Medical assistance at accident site,430541.89,4585129.7,2.16778614,41.412870198
2020S001094    ,Horta-Guinardó,el Baix Guinardó,Padilla,Wednesday,2020-02-12,Laboral,2020,2,February,12,Afternoon,20:00:00,Unknown,Furgoneta,Male,48,Driver,Unknown,Unknown,On a mission,Uninjured,430541.89,4585129.7,2.16778614,41.412870198
2020S001095    ,Sants-Montjuďc,la Bordeta,Gavŕ,Thursday,2020-02-13,Laboral,2020,2,February,13,Morning,09:00:00,Unknown,Bicicleta,Male,16,Driver,In crossing regulated by traffic lights,Unknown,Unknown,Uninjured,428079.92,4580437.13,2.13888851,41.370389344
2020S001095    ,Sants-Montjuďc,la Bordeta,Gavŕ,Thursday,2020-02-13,Laboral,2020,2,February,13,Morning,09:00:00,Unknown,Bicicleta,Male,12,Pedestrian,In crossing regulated by traffic lights,Student heading to educational center,Unknown,Minor injury: Medical assistance at accident site,428079.92,4580437.13,2.13888851,41.370389344
2020S001096    ,Les Corts,les Corts,Diagonal,Thursday,2020-02-13,Laboral,2020,2,February,13,Morning,08:00:00,Unknown,Car,Female,22,Driver,Unknown,Unknown,In transit (commuting),Uninjured,427948.61,4582755.86,2.1370427,41.391261543
2020S001096    ,Les Corts,les Corts,Diagonal,Thursday,2020-02-13,Laboral,2020,2,February,13,Morning,08:00:00,Unknown,Motorcycle,Male,50,Driver,Unknown,Unknown,In transit (commuting),Minor injury: Hospitalization up to 24 hours,427948.61,4582755.86,2.1370427,41.391261543
2020S001097    ,Sant Martí,el Poblenou,Bac de Roda,Thursday,2020-02-13,Laboral,2020,2,February,13,Morning,07:00:00,Unknown,Bicicleta,Male,46,Driver,Unknown,Unknown,Unknown,Minor injury: Hospitalization up to 24 hours,433627.4,4584426.86,2.20477894,41.406800793
2020S001098    ,Les Corts,Pedralbes,Pedralbes,Thursday,2020-02-13,Laboral,2020,2,February,13,Morning,09:00:00,Unknown,Motorcycle,Male,56,Driver,Unknown,Unknown,Unknown,Uninjured,426600.23,4582486.4,2.12094871,41.388712643
2020S001098    ,Les Corts,Pedralbes,Pedralbes,Thursday,2020-02-13,Laboral,2020,2,February,13,Morning,09:00:00,Unknown,Bicicleta,Female,24,Driver,Unknown,Unknown,Student heading to educational center,Minor injury: Hospitalization up to 24 hours,426600.23,4582486.4,2.12094871,41.388712643
2020S001099    ,Sant Andreu,Baró de Viver,B-10 (Llobregat),Thursday,2020-02-13,Laboral,2020,2,February,13,Morning,13:00:00,Unknown,Furgoneta,Male,32,Driver,Unknown,Unknown,Professional goods transport,Uninjured,433346.77,4589084.0,2.20090798,41.448723046
2020S001099    ,Sant Andreu,Baró de Viver,B-10 (Llobregat),Thursday,2020-02-13,Laboral,2020,2,February,13,Morning,13:00:00,Unknown,Motorcycle,Male,62,Driver,Unknown,Unknown,In transit (commuting),Minor injury: Medical assistance at accident site,433346.77,4589084.0,2.20090798,41.448723046
2020S001100    ,Eixample,la Sagrada Família,Aragó,Thursday,2020-02-13,Laboral,2020,2,February,13,Afternoon,14:00:00,Desobeir el senyal del semŕfor,Autobús,Female,10,Pedestrian,In crossing regulated by traffic lights,Unknown,Unknown,Minor injury: Hospitalization up to 24 hours,431747.87,4584301.55,2.18230813,41.405514686
2020S001100    ,Eixample,la Sagrada Família,Aragó,Thursday,2020-02-13,Laboral,2020,2,February,13,Afternoon,14:00:00,Desobeir el senyal del semŕfor,Autobús,Male,43,Driver,In crossing regulated by traffic lights,Unknown,Urban bus,Uninjured,431747.87,4584301.55,2.18230813,41.405514686
2020S001101    ,Sants-Montjuďc,la Marina del Prat Vermell,B-10 (Besňs),Thursday,2020-02-13,Laboral,2020,2,February,13,Afternoon,14:00:00,Unknown,Motorcycle,Female,27,Driver,Unknown,Unknown,Leisure and entertainment,Minor injury: Hospitalization up to 24 hours,430450.5,4579358.49,2.16735567,41.360882776
2020S001101    ,Sants-Montjuďc,la Marina del Prat Vermell,B-10 (Besňs),Thursday,2020-02-13,Laboral,2020,2,February,13,Afternoon,14:00:00,Unknown,Motorcycle,Male,38,Driver,Unknown,Unknown,In transit (commuting),Uninjured,430450.5,4579358.49,2.16735567,41.360882776
2020S001102    ,Nou Barris,Vallbona,C-17 (Puigcerdŕ),Thursday,2020-02-13,Laboral,2020,2,February,13,Afternoon,14:00:00,Unknown,Car,Male,82,Driver,Others,Unknown,Unknown,Minor injury: Hospitalization up to 24 hours,432160.1,4590182.17,2.18657916,41.458514386
2020S001102    ,Nou Barris,Vallbona,C-17 (Puigcerdŕ),Thursday,2020-02-13,Laboral,2020,2,February,13,Afternoon,14:00:00,Unknown,Motorcycle,Male,36,Driver,Others,Unknown,Unknown,Minor injury: Hospitalization up to 24 hours,432160.1,4590182.17,2.18657916,41.458514386
2020S001103    ,Ciutat Vella,el Barri Gňtic,Catalunya,Thursday,2020-02-13,Laboral,2020,2,February,13,Afternoon,14:00:00,Creuar per fora pas de vianants,Taxi,Male,66,Pedestrian,Outside the crossing,Leisure and entertainment,Unknown,Serious injury: Hospitalization over 24 hours,430758.06,4582135.12,2.1707151,41.385917635
2020S001103    ,Ciutat Vella,el Barri Gňtic,Catalunya,Thursday,2020-02-13,Laboral,2020,2,February,13,Afternoon,14:00:00,Creuar per fora pas de vianants,Taxi,Male,35,Driver,Outside the crossing,Unknown,Taxi,Uninjured,430758.06,4582135.12,2.1707151,41.385917635
2020S001104    ,Grŕcia,la Vila de Grŕcia,Dalt,Thursday,2020-02-13,Laboral,2020,2,February,13,Afternoon,16:00:00,Unknown,Car,Female,46,Driver,Unknown,Unknown,Leisure and entertainment,Uninjured,429228.59,4584637.06,2.15213136,41.408318539
2020S001104    ,Grŕcia,la Vila de Grŕcia,Dalt,Thursday,2020-02-13,Laboral,2020,2,February,13,Afternoon,16:00:00,Unknown,Motorcycle,Female,35,Driver,Unknown,Unknown,On a mission,Minor injury: Hospitalization up to 24 hours,429228.59,4584637.06,2.15213136,41.408318539
2020S001105    ,Sants-Montjuďc,Hostafrancs,Corts Catalanes,Thursday,2020-02-13,Laboral,2020,2,February,13,Afternoon,16:00:00,Unknown,Bicicleta,Female,26,Driver,Unknown,Unknown,Unknown,Minor injury: Hospitalization up to 24 hours,428814.53,4580855.53,2.14762255,41.374223076
2020S001105    ,Sants-Montjuďc,Hostafrancs,Corts Catalanes,Thursday,2020-02-13,Laboral,2020,2,February,13,Afternoon,16:00:00,Unknown,Veh. mobilitat personal amb motor,Male,20,Driver,Unknown,Unknown,In transit (commuting),Uninjured,428814.53,4580855.53,2.14762255,41.374223076
2020S001106    ,Sarriŕ-Sant Gervasi,el Putxet i el Farró,Saragossa,Thursday,2020-02-13,Laboral,2020,2,February,13,Afternoon,16:00:00,Unknown,Car,Male,72,Driver,Unknown,Unknown,Unknown,Uninjured,428614.97,4584277.48,2.14483292,41.405025652
2020S001106    ,Sarriŕ-Sant Gervasi,el Putxet i el Farró,Saragossa,Thursday,2020-02-13,Laboral,2020,2,February,13,Afternoon,16:00:00,Unknown,Motorcycle,Male,49,Driver,Unknown,Unknown,Unknown,Minor injury: Hospitalization up to 24 hours,428614.97,4584277.48,2.14483292,41.405025652
2020S001106    ,Sarriŕ-Sant Gervasi,el Putxet i el Farró,Saragossa,Thursday,2020-02-13,Laboral,2020,2,February,13,Afternoon,16:00:00,Unknown,Motorcycle,Female,54,Passenger,Unknown,Unknown,Unknown,Minor injury: Hospitalization up to 24 hours,428614.97,4584277.48,2.14483292,41.405025652
2020S001107    ,Sant Andreu,Navas,Espronceda,Thursday,2020-02-13,Laboral,2020,2,February,13,Afternoon,16:00:00,Unknown,Car,Female,30,Driver,Unknown,Unknown,Unknown,Uninjured,432473.07,4585411.9,2.19085959,41.415576565
2020S001107    ,Sant Andreu,Navas,Espronceda,Thursday,2020-02-13,Laboral,2020,2,February,13,Afternoon,16:00:00,Unknown,Motorcycle,Male,33,Driver,Unknown,Unknown,Unknown,Minor injury: Hospitalization up to 24 hours,432473.07,4585411.9,2.19085959,41.415576565
2020S001108    ,Sant Martí,el Poblenou,Pallars,Thursday,2020-02-13,Laboral,2020,2,February,13,Afternoon,17:00:00,Unknown,Motorcycle,Male,61,Driver,Unknown,Unknown,In transit (commuting),Minor injury: Hospitalization up to 24 hours,433628.38,4584402.67,2.20479332,41.406583
2020S001108    ,Sant Martí,el Poblenou,Pallars,Thursday,2020-02-13,Laboral,2020,2,February,13,Afternoon,17:00:00,Unknown,Furgoneta,Male,54,Driver,Unknown,Unknown,In transit (commuting),Uninjured,433628.38,4584402.67,2.20479332,41.406583
2020S001109    ,Eixample,la Nova Esquerra de l'Eixample,Rocafort,Thursday,2020-02-13,Laboral,2020,2,February,13,Afternoon,18:00:00,Unknown,Car,Male,54,Driver,Unknown,Unknown,Unknown,Uninjured,428547.1,4582162.3,2.14427074,41.385968985
2020S001109    ,Eixample,la Nova Esquerra de l'Eixample,Rocafort,Thursday,2020-02-13,Laboral,2020,2,February,13,Afternoon,18:00:00,Unknown,Motorcycle,Male,32,Driver,Unknown,Unknown,Unknown,Minor injury: Medical assistance at accident site,428547.1,4582162.3,2.14427074,41.385968985
2020S001110    ,Sants-Montjuďc,la Marina de Port,Corts Catalanes,Thursday,2020-02-13,Laboral,2020,2,February,13,Afternoon,18:00:00,Unknown,Motorcycle,Male,39,Driver,Unknown,Unknown,Leisure and entertainment,Uninjured,428098.17,4580082.76,2.13914876,41.367199287
2020S001110    ,Sants-Montjuďc,la Marina de Port,Corts Catalanes,Thursday,2020-02-13,Laboral,2020,2,February,13,Afternoon,18:00:00,Unknown,Motorcycle,Male,35,Driver,Unknown,Unknown,Leisure and entertainment,Minor injury: Hospitalization up to 24 hours,428098.17,4580082.76,2.13914876,41.367199287
2020S001111    ,Grŕcia,el Camp d'en Grassot i Grŕcia Nova,Taxdirt,Thursday,2020-02-13,Laboral,2020,2,February,13,Afternoon,19:00:00,Unknown,Car,Female,54,Driver,Unknown,Unknown,Unknown,Uninjured,430338.08,4584666.19,2.16540113,41.408677875
2020S001111    ,Grŕcia,el Camp d'en Grassot i Grŕcia Nova,Taxdirt,Thursday,2020-02-13,Laboral,2020,2,February,13,Afternoon,19:00:00,Unknown,Bicicleta,Male,34,Driver,Unknown,Unknown,Unknown,Minor injury: Hospitalization up to 24 hours,430338.08,4584666.19,2.16540113,41.408677875
2020S001112    ,Horta-Guinardó,la Vall d'Hebron,Dalt (Llobregat),Thursday,2020-02-13,Laboral,2020,2,February,13,Afternoon,20:00:00,Unknown,Car,Male,62,Driver,Unknown,Unknown,Leisure and entertainment,Uninjured,428564.96,4586831.81,2.14393286,41.428027018
2020S001112    ,Horta-Guinardó,la Vall d'Hebron,Dalt (Llobregat),Thursday,2020-02-13,Laboral,2020,2,February,13,Afternoon,20:00:00,Unknown,Car,Male,26,Driver,Unknown,Unknown,Leisure and entertainment,Minor injury: Hospitalization up to 24 hours,428564.96,4586831.81,2.14393286,41.428027018
2020S001112    ,Horta-Guinardó,la Vall d'Hebron,Dalt (Llobregat),Thursday,2020-02-13,Laboral,2020,2,February,13,Afternoon,20:00:00,Unknown,Car,Female,20,Passenger,Unknown,Unknown,Unknown,Minor injury: Hospitalization up to 24 hours,428564.96,4586831.81,2.14393286,41.428027018
2020S001112    ,Horta-Guinardó,la Vall d'Hebron,Dalt (Llobregat),Thursday,2020-02-13,Laboral,2020,2,February,13,Afternoon,20:00:00,Unknown,Furgoneta,Male,65,Driver,Unknown,Unknown,In transit (commuting),Uninjured,428564.96,4586831.81,2.14393286,41.428027018
2020S001113    ,Eixample,la Dreta de l'Eixample,Corts Catalanes,Thursday,2020-02-13,Laboral,2020,2,February,13,Afternoon,20:00:00,Unknown,Motorcycle,Female,34,Driver,Unknown,Unknown,In transit (commuting),Minor injury: Hospitalization up to 24 hours,430692.29,4582621.69,2.16987285,41.390294357
2020S001113    ,Eixample,la Dreta de l'Eixample,Corts Catalanes,Thursday,2020-02-13,Laboral,2020,2,February,13,Afternoon,20:00:00,Unknown,Bicicleta,Female,23,Driver,Unknown,Unknown,Unknown,Minor injury: Hospitalization up to 24 hours,430692.29,4582621.69,2.16987285,41.390294357
2020S001114    ,Eixample,la Sagrada Família,Rosselló,Thursday,2020-02-13,Laboral,2020,2,February,13,Afternoon,18:00:00,Unknown,Taxi,Male,51,Driver,Unknown,Unknown,Taxi,Uninjured,431160.99,4584435.66,2.17527214,41.406672502
2020S001114    ,Eixample,la Sagrada Família,Rosselló,Thursday,2020-02-13,Laboral,2020,2,February,13,Afternoon,18:00:00,Unknown,Motorcycle,Male,37,Driver,Unknown,Unknown,Unknown,Minor injury: Hospitalization up to 24 hours,431160.99,4584435.66,2.17527214,41.406672502
2020S001115    ,Eixample,la Nova Esquerra de l'Eixample,París,Thursday,2020-02-13,Laboral,2020,2,February,13,Afternoon,18:00:00,Desobeir el senyal del semŕfor,Motorcycle,Male,85,Pedestrian,In crossing regulated by traffic lights,Unknown,Unknown,Minor injury: Hospitalization up to 24 hours,428802.98,4582528.97,2.14728772,41.389294151