Case_Number,District_Name,Neighborhood_Name,Street_Name,Day_of_Week,Date,Day_Type_Description,Year,Month_of_Year,Month_Name,Day_of_Month,Shift_Description,Hour_of_Day,Pedestrian_Cause_Description,Involved_Vehicle_Type_Description,Gender_Description,Age,Person_Type_Description,Pedestrian_Accident_Location_Description,Pedestrian_Movement_Reason_Description,Driver_Movement_Reason_Description,Victimization_Description,Coordenada_UTM_X,Coordenada_UTM_Y,Longitud,Latitud
2020S001162    ,Sant Martí,el Parc i la Llacuna del Poblenou,Diagonal,Saturday,2020-02-15,Laboral,2020,2,February,15,Afternoon,21:00:00,Desobeir el senyal del semŕfor,Motorcycle,Female,23,Pedestrian,In crossing regulated by traffic lights,Other activities,Unknown,Minor injury: Hospitalization up to 24 hours,432542.34,4584211.83,2.19182225,41.404773702
2020S001162    ,Sant Martí,el Parc i la Llacuna del Poblenou,Diagonal,Saturday,2020-02-15,Laboral,2020,2,February,15,Afternoon,21:00:00,Desobeir el senyal del semŕfor,Motorcycle,Male,23,Driver,In crossing regulated by traffic lights,Unknown,In transit (commuting),Minor injury: Medical assistance at accident site,432542.34,4584211.83,2.19182225,41.404773702
2020S001163    ,Eixample,la Dreta de l'Eixample,Catalunya,Saturday,2020-02-15,Laboral,2020,2,February,15,Night,22:00:00,Unknown,Veh. mobilitat personal amb motor,Male,60,Pedestrian,On the sidewalk,Unknown,Unknown,Minor injury: Hospitalization up to 24 hours,430644.48,4582349.33,2.16933224,41.38783717
2020S001163    ,Eixample,la Dreta de l'Eixample,Catalunya,Saturday,2020-02-15,Laboral,2020,2,February,15,Night,22:00:00,Unknown,Veh. mobilitat personal amb motor,Male,37,Driver,On the sidewalk,Unknown,In transit (commuting),Minor injury: Medical assistance at accident site,430644.48,4582349.33,2.16933224,41.38783717
2020S001164    ,Eixample,la Dreta de l'Eixample,Aragó,Sunday,2020-02-16,Laboral,2020,2,February,16,Night,00:00:00,Unknown,Motorcycle,Female,27,Driver,Unknown,Unknown,Unknown,Minor injury: Hospitalization up to 24 hours,430053.14,4582592.29,2.16223203,41.389974201
2020S001164    ,Eixample,la Dreta de l'Eixample,Aragó,Sunday,2020-02-16,Laboral,2020,2,February,16,Night,00:00:00,Unknown,Ciclomotor,Male,29,Driver,Unknown,Unknown,Unknown,Uninjured,430053.14,4582592.29,2.16223203,41.389974201
2020S001164    ,Eixample,la Dreta de l'Eixample,Aragó,Sunday,2020-02-16,Laboral,2020,2,February,16,Night,00:00:00,Unknown,Ciclomotor,Female,26,Passenger,Unknown,Unknown,Unknown,Minor injury: Medical assistance at accident site,430053.14,4582592.29,2.16223203,41.389974201
2020S001165    ,Eixample,l'Antiga Esquerra de l'Eixample,Mallorca,Sunday,2020-02-16,Laboral,2020,2,February,16,Night,02:00:00,Unknown,Motorcycle,Male,49,Driver,Unknown,Unknown,Unknown,Minor injury: Medical assistance at accident site,429456.64,4582425.93,2.15511734,41.388423729
2020S001165    ,Eixample,l'Antiga Esquerra de l'Eixample,Mallorca,Sunday,2020-02-16,Laboral,2020,2,February,16,Night,02:00:00,Unknown,Car,Male,30,Driver,Unknown,Unknown,Unknown,Uninjured,429456.64,4582425.93,2.15511734,41.388423729
2020S001166    ,Horta-Guinardó,la Font d'en Fargues,Marqučs de Foronda,Saturday,2020-02-15,Laboral,2020,2,February,15,Afternoon,21:00:00,Unknown,Motorcycle,Male,36,Driver,Unknown,Unknown,Unknown,Minor injury: Medical assistance at accident site,429793.89,4586547.55,2.15867232,41.425575209
2020S001166    ,Horta-Guinardó,la Font d'en Fargues,Marqučs de Foronda,Saturday,2020-02-15,Laboral,2020,2,February,15,Afternoon,21:00:00,Unknown,Car,Male,43,Driver,Unknown,Unknown,Unknown,Uninjured,429793.89,4586547.55,2.15867232,41.425575209
2020S001167    ,Nou Barris,la Trinitat Nova,Dalt (Besňs),Sunday,2020-02-16,Laboral,2020,2,February,16,Morning,06:00:00,Unknown,Car,Male,18,Driver,Unknown,Unknown,Leisure and entertainment,Uninjured,431738.7,4588851.8,2.18168441,41.446496486
2020S001168    ,Unknown,Unknown,Unknown,Sunday,2020-02-16,Laboral,2020,2,February,16,Morning,06:00:00,Unknown,"Camió rígid > 3,5 tones",Male,54,Driver,Unknown,Unknown,Cleaning or garbage collection service,Uninjured,-1.0,-1.0,-1.4885764,-9.019e-06
2020S001168    ,Unknown,Unknown,Unknown,Sunday,2020-02-16,Laboral,2020,2,February,16,Morning,06:00:00,Unknown,Car,Male,60,Driver,Unknown,Unknown,In transit (commuting),Minor injury: Medical assistance at accident site,-1.0,-1.0,-1.4885764,-9.019e-06
2020S001169    ,Les Corts,les Corts,Mig (Ascendent),Saturday,2020-02-15,Laboral,2020,2,February,15,Afternoon,21:00:00,Unknown,Motorcycle,Female,53,Driver,Unknown,Unknown,Unknown,Minor injury: Hospitalization up to 24 hours,427134.04,4582385.75,2.12734496,41.387854689
2020S001169    ,Les Corts,les Corts,Mig (Ascendent),Saturday,2020-02-15,Laboral,2020,2,February,15,Afternoon,21:00:00,Unknown,Motorcycle,Male,62,Driver,Unknown,Unknown,Unknown,Uninjured,427134.04,4582385.75,2.12734496,41.387854689
2020S001170    ,Horta-Guinardó,Horta,Estatut de Catalunya,Saturday,2020-02-15,Laboral,2020,2,February,15,Night,22:00:00,Unknown,Motorcycle,Male,60,Driver,Unknown,Unknown,In transit (commuting),Minor injury: Hospitalization up to 24 hours,429334.5,4587746.58,2.15303482,41.436334081
2020S001171    ,Nou Barris,Porta,Ciutat de Mallorca,Sunday,2020-02-16,Laboral,2020,2,February,16,Morning,07:00:00,Unknown,Motorcycle,Male,33,Driver,Unknown,Unknown,Unknown,Minor injury: Medical assistance at accident site,431430.6,4587370.7,2.17816454,41.433130485
2020S001171    ,Nou Barris,Porta,Ciutat de Mallorca,Sunday,2020-02-16,Laboral,2020,2,February,16,Morning,07:00:00,Unknown,Car,Male,21,Driver,Unknown,Unknown,Unknown,Uninjured,431430.6,4587370.7,2.17816454,41.433130485
2020S001172    ,Ciutat Vella,el Barri Gňtic,Portal de la Pau,Sunday,2020-02-16,Laboral,2020,2,February,16,Morning,12:00:00,Unknown,Car,Male,72,Driver,Unknown,Unknown,Leisure and entertainment,Uninjured,431338.6,4581022.29,2.17778406,41.375944469
2020S001172    ,Ciutat Vella,el Barri Gňtic,Portal de la Pau,Sunday,2020-02-16,Laboral,2020,2,February,16,Morning,12:00:00,Unknown,Car,Female,35,Passenger,Unknown,Unknown,Unknown,Minor injury: Medical assistance at accident site,431338.6,4581022.29,2.17778406,41.375944469
2020S001172    ,Ciutat Vella,el Barri Gňtic,Portal de la Pau,Sunday,2020-02-16,Laboral,2020,2,February,16,Morning,12:00:00,Unknown,Car,Male,38,Driver,Unknown,Unknown,Leisure and entertainment,Minor injury: Medical assistance at accident site,431338.6,4581022.29,2.17778406,41.375944469
2020S001173    ,Sarriŕ-Sant Gervasi,Sant Gervasi - Galvany,Diagonal,Sunday,2020-02-16,Laboral,2020,2,February,16,Morning,13:00:00,Unknown,Bicicleta,Male,11,Driver,Unknown,Unknown,Unknown,Minor injury: Hospitalization up to 24 hours,428478.79,4582928.28,2.14336332,41.392861812
2020S001173    ,Sarriŕ-Sant Gervasi,Sant Gervasi - Galvany,Diagonal,Sunday,2020-02-16,Laboral,2020,2,February,16,Morning,13:00:00,Unknown,Bicicleta,Male,36,Driver,Unknown,Unknown,Unknown,Uninjured,428478.79,4582928.28,2.14336332,41.392861812
2020S001174    ,Eixample,l'Antiga Esquerra de l'Eixample,Diputació,Sunday,2020-02-16,Laboral,2020,2,February,16,Morning,13:00:00,Unknown,Motorcycle,Male,50,Driver,Unknown,Unknown,Unknown,Minor injury: Hospitalization up to 24 hours,429702.41,4581912.32,2.15811628,41.38381934
2020S001174    ,Eixample,l'Antiga Esquerra de l'Eixample,Diputació,Sunday,2020-02-16,Laboral,2020,2,February,16,Morning,13:00:00,Unknown,Car,Male,72,Driver,Unknown,Unknown,Unknown,Uninjured,429702.41,4581912.32,2.15811628,41.38381934
2020S001175    ,Sant Andreu,Navas,Felip II,Sunday,2020-02-16,Laboral,2020,2,February,16,Morning,07:00:00,Unknown,Car,Male,52,Driver,Unknown,Unknown,In transit (commuting),Minor injury: Medical assistance at accident site,432340.15,4585728.88,2.18923377,41.418420321
2020S001175    ,Sant Andreu,Navas,Felip II,Sunday,2020-02-16,Laboral,2020,2,February,16,Morning,07:00:00,Unknown,Car,Male,27,Driver,Unknown,Unknown,Leisure and entertainment,Minor injury: Medical assistance at accident site,432340.15,4585728.88,2.18923377,41.418420321
2020S001175    ,Sant Andreu,Navas,Felip II,Sunday,2020-02-16,Laboral,2020,2,February,16,Morning,07:00:00,Unknown,Car,Male,26,Passenger,Unknown,Unknown,Unknown,Minor injury: Hospitalization up to 24 hours,432340.15,4585728.88,2.18923377,41.418420321
2020S001175    ,Sant Andreu,Navas,Felip II,Sunday,2020-02-16,Laboral,2020,2,February,16,Morning,07:00:00,Unknown,Car,Male,27,Driver,Unknown,Unknown,Leisure and entertainment,Minor injury: Hospitalization up to 24 hours,432340.15,4585728.88,2.18923377,41.418420321
2020S001176    ,Eixample,l'Antiga Esquerra de l'Eixample,Mallorca,Sunday,2020-02-16,Laboral,2020,2,February,16,Morning,07:00:00,Unknown,Motorcycle,Male,26,Passenger,Unknown,Unknown,Unknown,Minor injury: Hospitalization up to 24 hours,429542.44,4582469.77,2.15613837,41.388826106
2020S001176    ,Eixample,l'Antiga Esquerra de l'Eixample,Mallorca,Sunday,2020-02-16,Laboral,2020,2,February,16,Morning,07:00:00,Unknown,Motorcycle,Male,56,Driver,Unknown,Unknown,Leisure and entertainment,Minor injury: Hospitalization up to 24 hours,429542.44,4582469.77,2.15613837,41.388826106
2020S001176    ,Eixample,l'Antiga Esquerra de l'Eixample,Mallorca,Sunday,2020-02-16,Laboral,2020,2,February,16,Morning,07:00:00,Unknown,Motorcycle,Male,37,Driver,Unknown,Unknown,Unknown,Minor injury: Hospitalization up to 24 hours,429542.44,4582469.77,2.15613837,41.388826106
2020S001177    ,Eixample,la Sagrada Família,Lepant,Sunday,2020-02-16,Laboral,2020,2,February,16,Morning,09:00:00,Unknown,Motorcycle,Female,43,Driver,Unknown,Unknown,Unknown,Minor injury: Hospitalization up to 24 hours,431314.23,4584132.45,2.17713978,41.4039547
2020S001178    ,Grŕcia,Vallcarca i els Penitents,Dalt (Besňs),Sunday,2020-02-16,Laboral,2020,2,February,16,Morning,09:00:00,Unknown,Motorcycle,Male,56,Driver,Unknown,Unknown,Leisure and entertainment,Minor injury: Hospitalization up to 24 hours,428022.17,4585473.76,2.13759912,41.415747166
2020S001178    ,Grŕcia,Vallcarca i els Penitents,Dalt (Besňs),Sunday,2020-02-16,Laboral,2020,2,February,16,Morning,09:00:00,Unknown,Car,Male,80,Driver,Unknown,Unknown,Leisure and entertainment,Uninjured,428022.17,4585473.76,2.13759912,41.415747166
2020S001179    ,Sant Martí,el Parc i la Llacuna del Poblenou,Diagonal,Sunday,2020-02-16,Laboral,2020,2,February,16,Morning,11:00:00,Unknown,Taxi,Male,47,Driver,Unknown,Unknown,Taxi,Uninjured,432403.25,4584112.55,2.19016945,41.403867825
2020S001179    ,Sant Martí,el Parc i la Llacuna del Poblenou,Diagonal,Sunday,2020-02-16,Laboral,2020,2,February,16,Morning,11:00:00,Unknown,Bicicleta,Female,23,Driver,Unknown,Unknown,In transit (commuting),Minor injury: Hospitalization up to 24 hours,432403.25,4584112.55,2.19016945,41.403867825
2020S001180    ,Ciutat Vella,el Raval,Sant Antoni,Sunday,2020-02-16,Laboral,2020,2,February,16,Afternoon,14:00:00,Unknown,Motorcycle,Male,41,Driver,Unknown,Unknown,Unknown,Minor injury: Hospitalization up to 24 hours,430132.76,4581371.52,2.16332513,41.378986031
2020S001181    ,Ciutat Vella,"Sant Pere, Santa Caterina i la Ribera",Palau,Sunday,2020-02-16,Laboral,2020,2,February,16,Afternoon,15:00:00,Unknown,Autobús articulat,Male,79,Passenger,Unknown,Unknown,Unknown,Minor injury: Hospitalization up to 24 hours,431910.16,4581778.39,2.18453343,41.38280306
2020S001181    ,Ciutat Vella,"Sant Pere, Santa Caterina i la Ribera",Palau,Sunday,2020-02-16,Laboral,2020,2,February,16,Afternoon,15:00:00,Unknown,Autobús articulat,Male,35,Driver,Unknown,Unknown,Urban bus,Uninjured,431910.16,4581778.39,2.18453343,41.38280306
2020S001182    ,Sant Martí,el Parc i la Llacuna del Poblenou,Glňries Catalanes,Sunday,2020-02-16,Laboral,2020,2,February,16,Afternoon,17:00:00,Unknown,Ciclomotor,Male,26,Driver,Unknown,Unknown,Leisure and entertainment,Minor injury: Hospitalization up to 24 hours,432163.08,4583969.18,2.18731249,41.402556291
2020S001183    ,Nou Barris,la Prosperitat,Ŕngel Pestańa,Sunday,2020-02-16,Laboral,2020,2,February,16,Afternoon,17:00:00,Unknown,Veh. mobilitat personal amb motor,Female,16,Driver,On the sidewalk,Unknown,Unknown,Uninjured,431586.0,4588318.13,2.17991702,41.441676909
2020S001183    ,Nou Barris,la Prosperitat,Ŕngel Pestańa,Sunday,2020-02-16,Laboral,2020,2,February,16,Afternoon,17:00:00,Unknown,Veh. mobilitat personal amb motor,Female,3,Pedestrian,On the sidewalk,Unknown,Unknown,Minor injury: Hospitalization up to 24 hours,431586.0,4588318.13,2.17991702,41.441676909
2020S001183    ,Nou Barris,la Prosperitat,Ŕngel Pestańa,Sunday,2020-02-16,Laboral,2020,2,February,16,Afternoon,17:00:00,Unknown,Veh. mobilitat personal amb motor,Female,17,Passenger,On the sidewalk,Unknown,Unknown,Uninjured,431586.0,4588318.13,2.17991702,41.441676909
2020S001184    ,Nou Barris,Vilapicina i la Torre Llobeta,Cartellŕ,Sunday,2020-02-16,Laboral,2020,2,February,16,Afternoon,17:00:00,Unknown,Motorcycle,Female,45,Driver,Unknown,Unknown,Unknown,Minor injury: Hospitalization up to 24 hours,430851.06,4586805.53,2.17129338,41.427990488
2020S001184    ,Nou Barris,Vilapicina i la Torre Llobeta,Cartellŕ,Sunday,2020-02-16,Laboral,2020,2,February,16,Afternoon,17:00:00,Unknown,Car,Female,43,Driver,Unknown,Unknown,Unknown,Uninjured,430851.06,4586805.53,2.17129338,41.427990488
2020S001185    ,Sants-Montjuďc,Hostafrancs,Corts Catalanes,Sunday,2020-02-16,Laboral,2020,2,February,16,Afternoon,19:00:00,Unknown,Car,Male,62,Driver,Unknown,Unknown,Unknown,Minor injury: Hospitalization up to 24 hours,428674.61,4580719.53,2.14596554,41.372985775
2020S001185    ,Sants-Montjuďc,Hostafrancs,Corts Catalanes,Sunday,2020-02-16,Laboral,2020,2,February,16,Afternoon,19:00:00,Unknown,Car,Male,24,Driver,Unknown,Unknown,Unknown,Minor injury: Hospitalization up to 24 hours,428674.61,4580719.53,2.14596554,41.372985775
2020S001185    ,Sants-Montjuďc,Hostafrancs,Corts Catalanes,Sunday,2020-02-16,Laboral,2020,2,February,16,Afternoon,19:00:00,Unknown,Car,Female,24,Passenger,Unknown,Unknown,Unknown,Minor injury: Hospitalization up to 24 hours,428674.61,4580719.53,2.14596554,41.372985775
2020S001185    ,Sants-Montjuďc,Hostafrancs,Corts Catalanes,Sunday,2020-02-16,Laboral,2020,2,February,16,Afternoon,19:00:00,Unknown,Car,Female,24,Driver,Unknown,Unknown,Unknown,Minor injury: Hospitalization up to 24 hours,428674.61,4580719.53,2.14596554,41.372985775
2020S001185    ,Sants-Montjuďc,Hostafrancs,Corts Catalanes,Sunday,2020-02-16,Laboral,2020,2,February,16,Afternoon,19:00:00,Unknown,Car,Female,20,Passenger,Unknown,Unknown,Unknown,Minor injury: Hospitalization up to 24 hours,428674.61,4580719.53,2.14596554,41.372985775
2020S001186    ,Eixample,la Dreta de l'Eixample,Mossčn Jacint Verdaguer,Sunday,2020-02-16,Laboral,2020,2,February,16,Afternoon,18:00:00,Unknown,Ciclomotor,Female,22,Passenger,Unknown,Unknown,Unknown,Minor injury: Medical assistance at accident site,430706.56,4583594.99,2.16993208,41.399061796
2020S001186    ,Eixample,la Dreta de l'Eixample,Mossčn Jacint Verdaguer,Sunday,2020-02-16,Laboral,2020,2,February,16,Afternoon,18:00:00,Unknown,Ciclomotor,Female,23,Driver,Unknown,Unknown,Leisure and entertainment,Minor injury: Hospitalization up to 24 hours,430706.56,4583594.99,2.16993208,41.399061796
2020S001186    ,Eixample,la Dreta de l'Eixample,Mossčn Jacint Verdaguer,Sunday,2020-02-16,Laboral,2020,2,February,16,Afternoon,18:00:00,Unknown,Autobús,Male,52,Driver,Unknown,Unknown,On a mission,Uninjured,430706.56,4583594.99,2.16993208,41.399061796
2020S001187    ,Sants-Montjuďc,Sants - Badal,Mig (Descendent),Sunday,2020-02-16,Laboral,2020,2,February,16,Afternoon,15:00:00,Others,Motorcycle,Male,33,Pedestrian,Unknown,Unknown,Unknown,Uninjured,427372.79,4581027.2,2.13036318,41.375640356
2020S001187    ,Sants-Montjuďc,Sants - Badal,Mig (Descendent),Sunday,2020-02-16,Laboral,2020,2,February,16,Afternoon,15:00:00,Others,Motorcycle,Male,2,Pedestrian,Unknown,Leisure and entertainment,Unknown,Uninjured,427372.79,4581027.2,2.13036318,41.375640356
2020S001187    ,Sants-Montjuďc,Sants - Badal,Mig (Descendent),Sunday,2020-02-16,Laboral,2020,2,February,16,Afternoon,15:00:00,Others,Motorcycle,Male,22,Driver,Unknown,Unknown,In transit (commuting),Minor injury: Hospitalization up to 24 hours,427372.79,4581027.2,2.13036318,41.375640356
2020S001188    ,Sants-Montjuďc,el Poble-sec,Espanya,Sunday,2020-02-16,Laboral,2020,2,February,16,Afternoon,20:00:00,Unknown,Motorcycle,Male,64,Driver,Unknown,Unknown,Unknown,Minor injury: Medical assistance at accident site,428940.71,4580909.36,2.14912497,41.374719063
2020S001188    ,Sants-Montjuďc,el Poble-sec,Espanya,Sunday,2020-02-16,Laboral,2020,2,February,16,Afternoon,20:00:00,Unknown,Tot terreny,Male,48,Driver,Unknown,Unknown,Unknown,Uninjured,428940.71,4580909.36,2.14912497,41.374719063
2020S001188    ,Sants-Montjuďc,el Poble-sec,Espanya,Sunday,2020-02-16,Laboral,2020,2,February,16,Afternoon,20:00:00,Unknown,Motorcycle,Female,60,Passenger,Unknown,Unknown,Unknown,Minor injury: Medical assistance at accident site,428940.71,4580909.36,2.14912497,41.374719063
2020S001189    ,Eixample,el Fort Pienc,Aragó,Sunday,2020-02-16,Laboral,2020,2,February,16,Morning,13:00:00,Unknown,Motorcycle,Female,57,Driver,Unknown,Unknown,Leisure and entertainment,Uninjured,431105.59,4583623.33,2.1747019,41.399351353
2020S001189    ,Eixample,el Fort Pienc,Aragó,Sunday,2020-02-16,Laboral,2020,2,February,16,Morning,13:00:00,Unknown,Motorcycle,Female,39,Driver,Unknown,Unknown,Leisure and entertainment,Minor injury: Medical assistance at accident site,431105.59,4583623.33,2.1747019,41.399351353
2020S001190    ,Sant Martí,el Parc i la Llacuna del Poblenou,C-31,Sunday,2020-02-16,Laboral,2020,2,February,16,Night,22:00:00,Unknown,Motorcycle,Male,43,Driver,Unknown,Unknown,Leisure and entertainment,Minor injury: Hospitalization up to 24 hours,432435.31,4584343.68,2.19052715,41.405952244
2020S001190    ,Sant Martí,el Parc i la Llacuna del Poblenou,C-31,Sunday,2020-02-16,Laboral,2020,2,February,16,Night,22:00:00,Unknown,Car,Female,31,Driver,Unknown,Unknown,Leisure and entertainment,Uninjured,432435.31,4584343.68,2.19052715,41.405952244
2020S001191    ,Les Corts,les Corts,Diagonal,Sunday,2020-02-16,Laboral,2020,2,February,16,Afternoon,21:00:00,Unknown,Car,Male,39,Driver,Unknown,Unknown,Leisure and entertainment,Uninjured,427948.61,4582755.86,2.1370427,41.391261543
2020S001191    ,Les Corts,les Corts,Diagonal,Sunday,2020-02-16,Laboral,2020,2,February,16,Afternoon,21:00:00,Unknown,Motorcycle,Male,27,Driver,Unknown,Unknown,Leisure and entertainment,Minor injury: Hospitalization up to 24 hours,427948.61,4582755.86,2.1370427,41.391261543
2020S001192    ,Sant Martí,el Poblenou,Pujades,Sunday,2020-02-16,Laboral,2020,2,February,16,Afternoon,20:00:00,Unknown,Bicicleta,Female,27,Driver,Unknown,Unknown,Leisure and entertainment,Minor injury: Hospitalization up to 24 hours,433333.19,4583897.32,2.20131763,41.402007002
2020S001193    ,Sant Martí,el Camp de l'Arpa del Clot,Rosselló,Monday,2020-02-17,Laboral,2020,2,February,17,Morning,07:00:00,Unknown,Car,Male,37,Driver,Unknown,Unknown,Unknown,Uninjured,431636.06,4584880.85,2.18090509,41.410722756
2020S001193    ,Sant Martí,el Camp de l'Arpa del Clot,Rosselló,Monday,2020-02-17,Laboral,2020,2,February,17,Morning,07:00:00,Unknown,Motorcycle,Male,23,Driver,Unknown,Unknown,Unknown,Minor injury: Hospitalization up to 24 hours,431636.06,4584880.85,2.18090509,41.410722756
2020S001194    ,Nou Barris,Vilapicina i la Torre Llobeta,Meridiana,Monday,2020-02-17,Laboral,2020,2,February,17,Morning,07:00:00,Unknown,Car,Female,53,Driver,In crossing regulated by traffic lights,Unknown,Unknown,Uninjured,431820.11,4587013.46,2.18286647,41.429946127
2020S001194    ,Nou Barris,Vilapicina i la Torre Llobeta,Meridiana,Monday,2020-02-17,Laboral,2020,2,February,17,Morning,07:00:00,Unknown,Car,Female,27,Pedestrian,In crossing regulated by traffic lights,Unknown,Unknown,Minor injury: Hospitalization up to 24 hours,431820.11,4587013.46,2.18286647,41.429946127
2020S001195    ,Sant Andreu,Sant Andreu,Torras i Bages,Monday,2020-02-17,Laboral,2020,2,February,17,Morning,07:00:00,Unknown,Car,Male,22,Driver,Unknown,Unknown,In transit (commuting),Uninjured,432459.95,4588860.14,2.1903171,41.446632644
2020S001195    ,Sant Andreu,Sant Andreu,Torras i Bages,Monday,2020-02-17,Laboral,2020,2,February,17,Morning,07:00:00,Unknown,Motorcycle,Female,27,Driver,Unknown,Unknown,In transit (commuting),Minor injury: Hospitalization up to 24 hours,432459.95,4588860.14,2.1903171,41.446632644
2020S001196    ,Grŕcia,la Vila de Grŕcia,Joanic,Monday,2020-02-17,Laboral,2020,2,February,17,Morning,08:00:00,Unknown,Car,Male,19,Driver,Unknown,Unknown,Leisure and entertainment,Uninjured,430102.21,4584338.29,2.16261723,41.405704107
2020S001196    ,Grŕcia,la Vila de Grŕcia,Joanic,Monday,2020-02-17,Laboral,2020,2,February,17,Morning,08:00:00,Unknown,Motorcycle,Male,53,Passenger,Unknown,Unknown,Unknown,Minor injury: Medical assistance at accident site,430102.21,4584338.29,2.16261723,41.405704107
2020S001196    ,Grŕcia,la Vila de Grŕcia,Joanic,Monday,2020-02-17,Laboral,2020,2,February,17,Morning,08:00:00,Unknown,Motorcycle,Female,44,Driver,Unknown,Unknown,In transit (commuting),Minor injury: Medical assistance at accident site,430102.21,4584338.29,2.16261723,41.405704107
2020S001196    ,Grŕcia,la Vila de Grŕcia,Joanic,Monday,2020-02-17,Laboral,2020,2,February,17,Morning,08:00:00,Unknown,Car,Female,65,Driver,Unknown,Unknown,Leisure and entertainment,Uninjured,430102.21,4584338.29,2.16261723,41.405704107
2020S001197    ,Ciutat Vella,el Raval,Peu de la Creu,Monday,2020-02-17,Laboral,2020,2,February,17,Night,00:00:00,Unknown,Veh. mobilitat personal amb motor,Female,39,Driver,Unknown,Unknown,Unknown,Minor injury: Hospitalization up to 24 hours,430510.83,4581665.69,2.1678123,41.381668291
2020S001197    ,Ciutat Vella,el Raval,Peu de la Creu,Monday,2020-02-17,Laboral,2020,2,February,17,Night,00:00:00,Unknown,Tractor camió,Male,43,Driver,Unknown,Unknown,Other activities,Uninjured,430510.83,4581665.69,2.1678123,41.381668291
2020S001198    ,Eixample,Sant Antoni,Universitat,Sunday,2020-02-16,Laboral,2020,2,February,16,Afternoon,16:00:00,Unknown,Motorcycle,Male,48,Driver,Unknown,Unknown,In transit (commuting),Minor injury: Medical assistance at accident site,430183.49,4582104.42,2.16384726,41.385591441
2020S001199    ,Sarriŕ-Sant Gervasi,el Putxet i el Farró,República Argentina,Monday,2020-02-17,Laboral,2020,2,February,17,Morning,11:00:00,Unknown,Motorcycle,Male,33,Driver,Unknown,Unknown,In transit (commuting),Minor injury: Hospitalization up to 24 hours,428192.38,4585110.72,2.13967872,41.412492651
2020S001199    ,Sarriŕ-Sant Gervasi,el Putxet i el Farró,República Argentina,Monday,2020-02-17,Laboral,2020,2,February,17,Morning,11:00:00,Unknown,Motorcycle,Female,31,Passenger,Unknown,Unknown,Unknown,Minor injury: Hospitalization up to 24 hours,428192.38,4585110.72,2.13967872,41.412492651
2020S001199    ,Sarriŕ-Sant Gervasi,el Putxet i el Farró,República Argentina,Monday,2020-02-17,Laboral,2020,2,February,17,Morning,11:00:00,Unknown,Car,Male,55,Driver,Unknown,Unknown,Unknown,Uninjured,428192.38,4585110.72,2.13967872,41.412492651
2020S001200    ,Eixample,la Dreta de l'Eixample,Pau Claris,Monday,2020-02-17,Laboral,2020,2,February,17,Morning,09:00:00,Unknown,Motorcycle,Male,36,Driver,Unknown,Unknown,Unknown,Minor injury: Medical assistance at accident site,430284.6,4583059.38,2.16494648,41.394201237
2020S001200    ,Eixample,la Dreta de l'Eixample,Pau Claris,Monday,2020-02-17,Laboral,2020,2,February,17,Morning,09:00:00,Unknown,Car,Male,50,Driver,Unknown,Unknown,Unknown,Uninjured,430284.6,4583059.38,2.16494648,41.394201237
2020S001201    ,Sant Andreu,Sant Andreu,Servet,Monday,2020-02-17,Laboral,2020,2,February,17,Morning,11:00:00,Unknown,Furgoneta,Female,65,Driver,Unknown,Unknown,Unknown,Uninjured,432255.98,4587791.37,2.18799542,41.436989405
2020S001201    ,Sant Andreu,Sant Andreu,Servet,Monday,2020-02-17,Laboral,2020,2,February,17,Morning,11:00:00,Unknown,Car,Male,52,Driver,Unknown,Unknown,Unknown,Minor injury: Hospitalization up to 24 hours,432255.98,4587791.37,2.18799542,41.436989405
2020S001202    ,Sants-Montjuďc,Sants,Sant Antoni,Monday,2020-02-17,Laboral,2020,2,February,17,Morning,11:00:00,Unknown,Furgoneta,Male,44,Driver,Unknown,Unknown,On a mission,Uninjured,428074.6,4581226.58,2.13873119,41.377499166
2020S001202    ,Sants-Montjuďc,Sants,Sant Antoni,Monday,2020-02-17,Laboral,2020,2,February,17,Morning,11:00:00,Unknown,Veh. mobilitat personal amb motor,Female,47,Driver,Unknown,Unknown,Other activities,Minor injury: Hospitalization up to 24 hours,428074.6,4581226.58,2.13873119,41.377499166
2020S001203    ,Sarriŕ-Sant Gervasi,Sant Gervasi - Galvany,Aribau,Monday,2020-02-17,Laboral,2020,2,February,17,Morning,11:00:00,Unknown,Taxi,Female,52,Driver,Unknown,Unknown,Taxi,Minor injury: Medical assistance at accident site,428772.51,4583512.46,2.14680757,41.398149387
2020S001203    ,Sarriŕ-Sant Gervasi,Sant Gervasi - Galvany,Aribau,Monday,2020-02-17,Laboral,2020,2,February,17,Morning,11:00:00,Unknown,Car,Female,33,Driver,Unknown,Unknown,Leisure and entertainment,Uninjured,428772.51,4583512.46,2.14680757,41.398149387
2020S001204    ,Ciutat Vella,el Barri Gňtic,Ŕngel J. Baixeras,Monday,2020-02-17,Laboral,2020,2,February,17,Morning,08:00:00,Unknown,Taxi,Male,60,Driver,Unknown,Unknown,Taxi,Uninjured,431575.44,4581689.9,2.18054063,41.38197764