Case_Number,District_Name,Neighborhood_Name,Street_Name,Day_of_Week,Date,Day_Type_Description,Year,Month_of_Year,Month_Name,Day_of_Month,Shift_Description,Hour_of_Day,Pedestrian_Cause_Description,Involved_Vehicle_Type_Description,Gender_Description,Age,Person_Type_Description,Pedestrian_Accident_Location_Description,Pedestrian_Movement_Reason_Description,Driver_Movement_Reason_Description,Victimization_Description,Coordenada_UTM_X,Coordenada_UTM_Y,Longitud,Latitud
2020S001204    ,Ciutat Vella,el Barri Gňtic,Ŕngel J. Baixeras,Monday,2020-02-17,Laboral,2020,2,February,17,Morning,08:00:00,Unknown,Motorcycle,Female,41,Driver,Unknown,Unknown,In transit (commuting),Minor injury: Medical assistance at accident site,431575.44,4581689.9,2.18054063,41.38197764
2020S001205    ,Grŕcia,el Camp d'en Grassot i Grŕcia Nova,Rosselló,Monday,2020-02-17,Laboral,2020,2,February,17,Morning,13:00:00,Unknown,Motorcycle,Female,22,Pedestrian,In crossing regulated by traffic lights,Unknown,Unknown,Minor injury: Medical assistance at accident site,430761.48,4584074.28,2.17053417,41.40338334
2020S001205    ,Grŕcia,el Camp d'en Grassot i Grŕcia Nova,Rosselló,Monday,2020-02-17,Laboral,2020,2,February,17,Morning,13:00:00,Unknown,Motorcycle,Male,39,Driver,In crossing regulated by traffic lights,Unknown,On a mission,Uninjured,430761.48,4584074.28,2.17053417,41.40338334
2020S001206    ,Sant Martí,el Poblenou,Espronceda,Monday,2020-02-17,Laboral,2020,2,February,17,Morning,12:00:00,Unknown,Ciclomotor,Male,42,Driver,Unknown,Unknown,Unknown,Minor injury: Hospitalization up to 24 hours,433623.48,4584237.86,2.20475278,41.405098194
2020S001206    ,Sant Martí,el Poblenou,Espronceda,Monday,2020-02-17,Laboral,2020,2,February,17,Morning,12:00:00,Unknown,Car,Male,64,Driver,Unknown,Unknown,Unknown,Uninjured,433623.48,4584237.86,2.20475278,41.405098194
2020S001207    ,Horta-Guinardó,Horta,Tajo,Monday,2020-02-17,Laboral,2020,2,February,17,Morning,11:00:00,Unknown,Car,Female,52,Driver,Unknown,Unknown,Unknown,Uninjured,429931.94,4587011.23,2.16027052,41.429763455
2020S001208    ,Horta-Guinardó,el Guinardó,Muntanya,Monday,2020-02-17,Laboral,2020,2,February,17,Morning,13:00:00,Unknown,Furgoneta,Male,64,Driver,Unknown,Unknown,Unknown,Uninjured,431474.84,4586155.89,2.17883177,41.422192888
2020S001208    ,Horta-Guinardó,el Guinardó,Muntanya,Monday,2020-02-17,Laboral,2020,2,February,17,Morning,13:00:00,Unknown,Motorcycle,Female,24,Driver,Unknown,Unknown,In transit (commuting),Minor injury: Medical assistance at accident site,431474.84,4586155.89,2.17883177,41.422192888
2020S001209    ,Ciutat Vella,"Sant Pere, Santa Caterina i la Ribera",Palau,Monday,2020-02-17,Laboral,2020,2,February,17,Afternoon,16:00:00,Unknown,Autobús,Male,57,Driver,Unknown,Unknown,Urban bus,Uninjured,431825.41,4581774.82,2.18352034,41.382763725
2020S001209    ,Ciutat Vella,"Sant Pere, Santa Caterina i la Ribera",Palau,Monday,2020-02-17,Laboral,2020,2,February,17,Afternoon,16:00:00,Unknown,Autobús,Female,78,Passenger,Unknown,Unknown,Unknown,Minor injury: Hospitalization up to 24 hours,431825.41,4581774.82,2.18352034,41.382763725
2020S001210    ,Ciutat Vella,la Barceloneta,Litoral (Llobregat),Monday,2020-02-17,Laboral,2020,2,February,17,Afternoon,17:00:00,Unknown,Motorcycle,Male,39,Driver,Unknown,Unknown,Unknown,Serious injury: Hospitalization over 24 hours,432533.5,4582010.13,2.19196193,41.384942829
2020S001210    ,Ciutat Vella,la Barceloneta,Litoral (Llobregat),Monday,2020-02-17,Laboral,2020,2,February,17,Afternoon,17:00:00,Unknown,Furgoneta,Male,40,Driver,Unknown,Unknown,Unknown,Uninjured,432533.5,4582010.13,2.19196193,41.384942829
2020S001211    ,Sarriŕ-Sant Gervasi,el Putxet i el Farró,General Mitre,Monday,2020-02-17,Laboral,2020,2,February,17,Afternoon,17:00:00,Unknown,Motorcycle,Male,23,Driver,Unknown,Unknown,On a mission,Minor injury: Hospitalization up to 24 hours,428852.95,4584342.97,2.14767208,41.405636604
2020S001211    ,Sarriŕ-Sant Gervasi,el Putxet i el Farró,General Mitre,Monday,2020-02-17,Laboral,2020,2,February,17,Afternoon,17:00:00,Unknown,Motorcycle,Female,21,Passenger,Unknown,Unknown,Unknown,Minor injury: Hospitalization up to 24 hours,428852.95,4584342.97,2.14767208,41.405636604
2020S001212    ,Grŕcia,el Camp d'en Grassot i Grŕcia Nova,Sant Joan,Monday,2020-02-17,Laboral,2020,2,February,17,Afternoon,18:00:00,Unknown,Ciclomotor,Female,37,Driver,Unknown,Unknown,Unknown,Minor injury: Hospitalization up to 24 hours,430196.15,4584162.28,2.16376132,41.404127012
2020S001212    ,Grŕcia,el Camp d'en Grassot i Grŕcia Nova,Sant Joan,Monday,2020-02-17,Laboral,2020,2,February,17,Afternoon,18:00:00,Unknown,Motorcycle,Male,28,Driver,Unknown,Unknown,Unknown,Uninjured,430196.15,4584162.28,2.16376132,41.404127012
2020S001213    ,Ciutat Vella,el Raval,Pelai,Monday,2020-02-17,Laboral,2020,2,February,17,Afternoon,18:00:00,Unknown,Car,Male,59,Driver,In crossing regulated by traffic lights,Unknown,Leisure and entertainment,Uninjured,430669.98,4582082.96,2.16966771,41.385440255
2020S001213    ,Ciutat Vella,el Raval,Pelai,Monday,2020-02-17,Laboral,2020,2,February,17,Afternoon,18:00:00,Unknown,Car,Female,35,Pedestrian,In crossing regulated by traffic lights,Leisure and entertainment,Unknown,Minor injury: Refused medical assistance,430669.98,4582082.96,2.16966771,41.385440255
2020S001214    ,Ciutat Vella,el Raval,Valldonzella,Monday,2020-02-17,Laboral,2020,2,February,17,Afternoon,19:00:00,Unknown,Ciclomotor,Male,79,Pedestrian,In pedestrian area,Leisure and entertainment,Unknown,Minor injury: Hospitalization up to 24 hours,430319.26,4581898.37,2.16549466,41.383747391
2020S001214    ,Ciutat Vella,el Raval,Valldonzella,Monday,2020-02-17,Laboral,2020,2,February,17,Afternoon,19:00:00,Unknown,Ciclomotor,Male,21,Driver,In pedestrian area,Unknown,Other activities,Uninjured,430319.26,4581898.37,2.16549466,41.383747391
2020S001215    ,Ciutat Vella,la Barceloneta,Litoral (Besňs),Monday,2020-02-17,Laboral,2020,2,February,17,Afternoon,21:00:00,Unknown,Motorcycle,Male,36,Driver,Unknown,Unknown,Leisure and entertainment,Minor injury: Hospitalization up to 24 hours,432623.95,4582055.23,2.19303861,41.385356618
2020S001216    ,Sant Andreu,Navas,Sant Antoni Maria Claret,Monday,2020-02-17,Laboral,2020,2,February,17,Afternoon,18:00:00,Unknown,Furgoneta,Male,20,Driver,Unknown,Unknown,Unknown,Uninjured,432110.42,4585944.19,2.18646082,41.420340162
2020S001216    ,Sant Andreu,Navas,Sant Antoni Maria Claret,Monday,2020-02-17,Laboral,2020,2,February,17,Afternoon,18:00:00,Unknown,Car,Male,42,Driver,Unknown,Unknown,Unknown,Uninjured,432110.42,4585944.19,2.18646082,41.420340162
2020S001217    ,Eixample,el Fort Pienc,Ribes,Monday,2020-02-17,Laboral,2020,2,February,17,Afternoon,19:00:00,Unknown,"Camió rígid > 3,5 tones",Male,37,Driver,Unknown,Unknown,Professional goods transport,Uninjured,431681.78,4583105.07,2.1816526,41.394732727
2020S001218    ,Eixample,la Dreta de l'Eixample,Valčncia,Monday,2020-02-17,Laboral,2020,2,February,17,Afternoon,21:00:00,Unknown,Motorcycle,Male,34,Driver,Unknown,Unknown,Unknown,Uninjured,430466.05,4583222.79,2.16709797,41.395688737
2020S001218    ,Eixample,la Dreta de l'Eixample,Valčncia,Monday,2020-02-17,Laboral,2020,2,February,17,Afternoon,21:00:00,Unknown,Motorcycle,Male,33,Driver,Unknown,Unknown,Unknown,Minor injury: Medical assistance at accident site,430466.05,4583222.79,2.16709797,41.395688737
2020S001219    ,Sants-Montjuďc,la Marina del Prat Vermell,Litoral (Besňs),Monday,2020-02-17,Laboral,2020,2,February,17,Night,22:00:00,Unknown,Motorcycle,Male,51,Driver,Unknown,Unknown,Unknown,Minor injury: Hospitalization up to 24 hours,426658.86,4577101.37,2.12230143,41.340217064
2020S001220    ,Horta-Guinardó,el Baix Guinardó,Cartagena,Monday,2020-02-17,Laboral,2020,2,February,17,Afternoon,20:00:00,Unknown,Motorcycle,Male,35,Driver,Unknown,Unknown,Leisure and entertainment,Minor injury: Medical assistance at accident site,430812.42,4585203.49,2.17101435,41.413558147
2020S001220    ,Horta-Guinardó,el Baix Guinardó,Cartagena,Monday,2020-02-17,Laboral,2020,2,February,17,Afternoon,20:00:00,Unknown,Taxi,Male,43,Driver,Unknown,Unknown,Taxi,Uninjured,430812.42,4585203.49,2.17101435,41.413558147
2020S001221    ,Eixample,la Dreta de l'Eixample,Corts Catalanes,Monday,2020-02-17,Laboral,2020,2,February,17,Night,23:00:00,Unknown,Motorcycle,Male,25,Driver,Unknown,Unknown,In transit (commuting),Minor injury: Hospitalization up to 24 hours,430795.1,4582761.18,2.17108651,41.391559558
2020S001221    ,Eixample,la Dreta de l'Eixample,Corts Catalanes,Monday,2020-02-17,Laboral,2020,2,February,17,Night,23:00:00,Unknown,Taxi,Male,59,Driver,Unknown,Unknown,Taxi,Uninjured,430795.1,4582761.18,2.17108651,41.391559558
2020S001222    ,Sant Martí,Diagonal Mar i el Front Marítim del Poblenou,Garcia Fŕria,Tuesday,2020-02-18,Laboral,2020,2,February,18,Night,03:00:00,Unknown,Car,Female,31,Driver,Unknown,Unknown,Leisure and entertainment,Uninjured,434056.26,4583770.62,2.20998098,41.400925512
2020S001222    ,Sant Martí,Diagonal Mar i el Front Marítim del Poblenou,Garcia Fŕria,Tuesday,2020-02-18,Laboral,2020,2,February,18,Night,03:00:00,Unknown,Car,Male,18,Passenger,Unknown,Unknown,Unknown,Uninjured,434056.26,4583770.62,2.20998098,41.400925512
2020S001223    ,Sants-Montjuďc,Sants,Sants,Monday,2020-02-17,Laboral,2020,2,February,17,Morning,12:00:00,Unknown,Motorcycle,Male,41,Driver,Unknown,Unknown,Leisure and entertainment,Minor injury: Hospitalization up to 24 hours,427826.35,4581003.09,2.13578935,41.375464033
2020S001223    ,Sants-Montjuďc,Sants,Sants,Monday,2020-02-17,Laboral,2020,2,February,17,Morning,12:00:00,Unknown,Taxi,Male,60,Driver,Unknown,Unknown,Taxi,Uninjured,427826.35,4581003.09,2.13578935,41.375464033
2020S001224    ,Sants-Montjuďc,la Marina del Prat Vermell,Motors,Tuesday,2020-02-18,Laboral,2020,2,February,18,Morning,08:00:00,Unknown,Motorcycle,Female,49,Driver,Unknown,Unknown,In transit (commuting),Minor injury: Hospitalization up to 24 hours,428972.49,4578427.53,2.14979576,41.352368799
2020S001224    ,Sants-Montjuďc,la Marina del Prat Vermell,Motors,Tuesday,2020-02-18,Laboral,2020,2,February,18,Morning,08:00:00,Unknown,Bicicleta,Male,23,Driver,Unknown,Unknown,Unknown,Minor injury: Hospitalization up to 24 hours,428972.49,4578427.53,2.14979576,41.352368799
2020S001225    ,Sarriŕ-Sant Gervasi,Sant Gervasi - Galvany,Muntaner,Tuesday,2020-02-18,Laboral,2020,2,February,18,Morning,09:00:00,Unknown,Motorcycle,Female,40,Driver,Unknown,Unknown,Unknown,Minor injury: Hospitalization up to 24 hours,428788.77,4583288.26,2.14702845,41.396131542
2020S001225    ,Sarriŕ-Sant Gervasi,Sant Gervasi - Galvany,Muntaner,Tuesday,2020-02-18,Laboral,2020,2,February,18,Morning,09:00:00,Unknown,Car,Male,47,Driver,Unknown,Unknown,Unknown,Minor injury: Hospitalization up to 24 hours,428788.77,4583288.26,2.14702845,41.396131542
2020S001226    ,Ciutat Vella,el Barri Gňtic,Antoni Maura,Tuesday,2020-02-18,Laboral,2020,2,February,18,Morning,09:00:00,Unknown,Bicicleta,Male,46,Driver,Unknown,Unknown,In transit (commuting),Minor injury: Medical assistance at accident site,431230.66,4582073.38,2.17637403,41.385402124
2020S001227    ,Unknown,Unknown,Unknown,Tuesday,2020-02-18,Laboral,2020,2,February,18,Morning,10:00:00,Unknown,Tractor camió,Male,62,Driver,Unknown,Unknown,Professional goods transport,Uninjured,-1.0,-1.0,-1.4885764,-9.019e-06
2020S001227    ,Unknown,Unknown,Unknown,Tuesday,2020-02-18,Laboral,2020,2,February,18,Morning,10:00:00,Unknown,Autobús articulat,Male,41,Driver,Unknown,Unknown,Urban bus,Minor injury: Hospitalization up to 24 hours,-1.0,-1.0,-1.4885764,-9.019e-06
2020S001228    ,Eixample,el Fort Pienc,Marina,Tuesday,2020-02-18,Laboral,2020,2,February,18,Morning,10:00:00,Unknown,Car,Female,40,Driver,Unknown,Unknown,Other activities,Uninjured,431548.31,4583661.89,2.17999321,41.399736485
2020S001228    ,Eixample,el Fort Pienc,Marina,Tuesday,2020-02-18,Laboral,2020,2,February,18,Morning,10:00:00,Unknown,Motorcycle,Male,25,Driver,Unknown,Unknown,Other activities,Minor injury: Medical assistance at accident site,431548.31,4583661.89,2.17999321,41.399736485
2020S001229    ,Les Corts,les Corts,Nicaragua,Monday,2020-02-17,Laboral,2020,2,February,17,Morning,13:00:00,Unknown,Car,Male,41,Driver,Unknown,Unknown,Unknown,Uninjured,428013.46,4582197.63,2.13788468,41.386239587
2020S001229    ,Les Corts,les Corts,Nicaragua,Monday,2020-02-17,Laboral,2020,2,February,17,Morning,13:00:00,Unknown,Motorcycle,Male,16,Driver,Unknown,Unknown,Unknown,Serious injury: Hospitalization over 24 hours,428013.46,4582197.63,2.13788468,41.386239587
2020S001230    ,Sarriŕ-Sant Gervasi,Sant Gervasi - la Bonanova,Cementiri de Sant Gervasi,Tuesday,2020-02-18,Laboral,2020,2,February,18,Morning,10:00:00,Unknown,Motorcycle,Female,37,Driver,Unknown,Unknown,Unknown,Minor injury: Hospitalization up to 24 hours,427024.25,4584930.83,2.125725,41.410767188
2020S001230    ,Sarriŕ-Sant Gervasi,Sant Gervasi - la Bonanova,Cementiri de Sant Gervasi,Tuesday,2020-02-18,Laboral,2020,2,February,18,Morning,10:00:00,Unknown,Car,Female,77,Driver,Unknown,Unknown,Unknown,Uninjured,427024.25,4584930.83,2.125725,41.410767188
2020S001231    ,Grŕcia,la Vila de Grŕcia,Augusta,Tuesday,2020-02-18,Laboral,2020,2,February,18,Morning,07:00:00,Unknown,Autobús articulat,Female,60,Passenger,Unknown,Unknown,Unknown,Minor injury: Hospitalization up to 24 hours,429503.04,4583283.82,2.15557235,41.396154521
2020S001231    ,Grŕcia,la Vila de Grŕcia,Augusta,Tuesday,2020-02-18,Laboral,2020,2,February,18,Morning,07:00:00,Unknown,Autobús articulat,Female,44,Driver,Unknown,Unknown,Urban bus,Uninjured,429503.04,4583283.82,2.15557235,41.396154521
2020S001232    ,Eixample,la Sagrada Família,Gaudí,Tuesday,2020-02-18,Laboral,2020,2,February,18,Morning,10:00:00,Unknown,Car,Female,28,Driver,Unknown,Unknown,Leisure and entertainment,Uninjured,431062.98,4584751.97,2.17406359,41.409513
2020S001232    ,Eixample,la Sagrada Família,Gaudí,Tuesday,2020-02-18,Laboral,2020,2,February,18,Morning,10:00:00,Unknown,Motorcycle,Male,51,Driver,Unknown,Unknown,Leisure and entertainment,Unknown,431062.98,4584751.97,2.17406359,41.409513
2020S001233    ,Sants-Montjuďc,la Marina de Port,Mare de Déu de Port,Tuesday,2020-02-18,Laboral,2020,2,February,18,Morning,08:00:00,Creuar per fora pas de vianants,Motorcycle,Male,40,Driver,Unknown,Unknown,Unknown,Minor injury: Hospitalization up to 24 hours,428348.38,4579210.64,2.14224327,41.359366711
2020S001234    ,Eixample,la Nova Esquerra de l'Eixample,Corts Catalanes,Tuesday,2020-02-18,Laboral,2020,2,February,18,Morning,13:00:00,Unknown,Motorcycle,Male,45,Driver,Unknown,Unknown,In transit (commuting),Minor injury: Medical assistance at accident site,429167.08,4581201.32,2.15179755,41.377368619
2020S001235    ,Sant Martí,el Parc i la Llacuna del Poblenou,Llull,Tuesday,2020-02-18,Laboral,2020,2,February,18,Morning,12:00:00,Unknown,Car,Male,42,Pedestrian,Outside the crossing,Unknown,Unknown,Minor injury: Hospitalization up to 24 hours,432277.43,4582728.24,2.18881925,41.391389131
2020S001235    ,Sant Martí,el Parc i la Llacuna del Poblenou,Llull,Tuesday,2020-02-18,Laboral,2020,2,February,18,Morning,12:00:00,Unknown,Car,Male,81,Driver,Outside the crossing,Unknown,Leisure and entertainment,Uninjured,432277.43,4582728.24,2.18881925,41.391389131
2020S001236    ,Nou Barris,Porta,República,Tuesday,2020-02-18,Laboral,2020,2,February,18,Morning,13:00:00,Unknown,Motorcycle,Male,42,Driver,Unknown,Unknown,Unknown,Uninjured,431184.62,4587943.98,2.17515537,41.438272758
2020S001236    ,Nou Barris,Porta,República,Tuesday,2020-02-18,Laboral,2020,2,February,18,Morning,13:00:00,Unknown,Motorcycle,Male,43,Driver,Unknown,Unknown,On a mission,Minor injury: Refused medical assistance,431184.62,4587943.98,2.17515537,41.438272758
2020S001237    ,Sarriŕ-Sant Gervasi,les Tres Torres,General Mitre,Tuesday,2020-02-18,Laboral,2020,2,February,18,Afternoon,14:00:00,Unknown,Furgoneta,Male,61,Driver,Unknown,Unknown,On a mission,Uninjured,427612.43,4583530.52,2.13292932,41.398208394
2020S001237    ,Sarriŕ-Sant Gervasi,les Tres Torres,General Mitre,Tuesday,2020-02-18,Laboral,2020,2,February,18,Afternoon,14:00:00,Unknown,Motorcycle,Male,49,Driver,Unknown,Unknown,Leisure and entertainment,Minor injury: Hospitalization up to 24 hours,427612.43,4583530.52,2.13292932,41.398208394
2020S001238    ,Grŕcia,la Salut,Dalt,Tuesday,2020-02-18,Laboral,2020,2,February,18,Morning,13:00:00,Unknown,Motorcycle,Male,65,Driver,Unknown,Unknown,On a mission,Minor injury: Hospitalization up to 24 hours,429554.72,4584862.73,2.15600665,41.410379729
2020S001238    ,Grŕcia,la Salut,Dalt,Tuesday,2020-02-18,Laboral,2020,2,February,18,Morning,13:00:00,Unknown,Car,Female,71,Driver,Unknown,Unknown,On a mission,Uninjured,429554.72,4584862.73,2.15600665,41.410379729
2020S001239    ,Horta-Guinardó,el Baix Guinardó,Padilla,Tuesday,2020-02-18,Laboral,2020,2,February,18,Afternoon,14:00:00,Unknown,Motorcycle,Male,42,Driver,Unknown,Unknown,Unknown,Minor injury: Medical assistance at accident site,430610.53,4585075.0,2.16861364,41.412383466
2020S001239    ,Horta-Guinardó,el Baix Guinardó,Padilla,Tuesday,2020-02-18,Laboral,2020,2,February,18,Afternoon,14:00:00,Unknown,Car,Female,28,Driver,Unknown,Unknown,Unknown,Uninjured,430610.53,4585075.0,2.16861364,41.412383466
2020S001240    ,Les Corts,la Maternitat i Sant Ramon,Diagonal,Tuesday,2020-02-18,Laboral,2020,2,February,18,Afternoon,15:00:00,Unknown,Motorcycle,Male,48,Driver,Unknown,Unknown,Unknown,Minor injury: Medical assistance at accident site,426268.3,4582116.22,2.11702406,41.385348216
2020S001240    ,Les Corts,la Maternitat i Sant Ramon,Diagonal,Tuesday,2020-02-18,Laboral,2020,2,February,18,Afternoon,15:00:00,Unknown,Motorcycle,Male,33,Driver,Unknown,Unknown,Unknown,Minor injury: Medical assistance at accident site,426268.3,4582116.22,2.11702406,41.385348216
2020S001241    ,Sants-Montjuďc,Hostafrancs,Corts Catalanes,Tuesday,2020-02-18,Laboral,2020,2,February,18,Morning,13:00:00,Unknown,Furgoneta,Male,30,Driver,Unknown,Unknown,Unknown,Uninjured,428831.97,4580872.86,2.14782904,41.374380705
2020S001241    ,Sants-Montjuďc,Hostafrancs,Corts Catalanes,Tuesday,2020-02-18,Laboral,2020,2,February,18,Morning,13:00:00,Unknown,Motorcycle,Male,26,Driver,Unknown,Unknown,Other activities,Minor injury: Refused medical assistance,428831.97,4580872.86,2.14782904,41.374380705
2020S001242    ,Sants-Montjuďc,la Font de la Guatlla,Dŕlia,Tuesday,2020-02-18,Laboral,2020,2,February,18,Afternoon,17:00:00,Unknown,Veh. mobilitat personal amb motor,Male,36,Driver,In an unregulated crossing,Unknown,Unknown,Minor injury: Hospitalization up to 24 hours,428707.31,4580358.21,2.14639904,41.369734384
2020S001242    ,Sants-Montjuďc,la Font de la Guatlla,Dŕlia,Tuesday,2020-02-18,Laboral,2020,2,February,18,Afternoon,17:00:00,Unknown,Car,Male,47,Driver,In an unregulated crossing,Unknown,Unknown,Uninjured,428707.31,4580358.21,2.14639904,41.369734384
2020S001243    ,Eixample,l'Antiga Esquerra de l'Eixample,Casanova,Tuesday,2020-02-18,Laboral,2020,2,February,18,Afternoon,16:00:00,Unknown,Taxi,Male,23,Driver,Unknown,Unknown,Taxi,Minor injury: Hospitalization up to 24 hours,429447.23,4582425.97,2.1550048,41.388423264
2020S001243    ,Eixample,l'Antiga Esquerra de l'Eixample,Casanova,Tuesday,2020-02-18,Laboral,2020,2,February,18,Afternoon,16:00:00,Unknown,Car,Male,57,Driver,Unknown,Unknown,Taxi,Uninjured,429447.23,4582425.97,2.1550048,41.388423264
2020S001244    ,Sarriŕ-Sant Gervasi,Sant Gervasi - Galvany,Augusta,Tuesday,2020-02-18,Laboral,2020,2,February,18,Afternoon,17:00:00,Unknown,Car,Male,63,Driver,Unknown,Unknown,Unknown,Uninjured,427952.88,4583466.24,2.13700921,41.397660042
2020S001244    ,Sarriŕ-Sant Gervasi,Sant Gervasi - Galvany,Augusta,Tuesday,2020-02-18,Laboral,2020,2,February,18,Afternoon,17:00:00,Unknown,Ciclomotor,Female,22,Driver,Unknown,Unknown,Unknown,Minor injury: Medical assistance at accident site,427952.88,4583466.24,2.13700921,41.397660042
2020S001244    ,Sarriŕ-Sant Gervasi,Sant Gervasi - Galvany,Augusta,Tuesday,2020-02-18,Laboral,2020,2,February,18,Afternoon,17:00:00,Unknown,Car,Male,54,Driver,Unknown,Unknown,Unknown,Uninjured,427952.88,4583466.24,2.13700921,41.397660042
2020S001245    ,Sarriŕ-Sant Gervasi,Sarriŕ,Dalt (Besňs),Tuesday,2020-02-18,Laboral,2020,2,February,18,Afternoon,15:00:00,Unknown,Motorcycle,Male,50,Driver,Unknown,Unknown,Unknown,Minor injury: Medical assistance at accident site,426062.63,4583917.33,2.11434446,41.401551131
2020S001246    ,Horta-Guinardó,Montbau,Harmonia,Tuesday,2020-02-18,Laboral,2020,2,February,18,Afternoon,17:00:00,Unknown,Motorcycle,Female,29,Driver,Unknown,Unknown,On a mission,Minor injury: Medical assistance at accident site,428431.38,4587483.62,2.14225712,41.433885691
2020S001246    ,Horta-Guinardó,Montbau,Harmonia,Tuesday,2020-02-18,Laboral,2020,2,February,18,Afternoon,17:00:00,Unknown,Motorcycle,Female,25,Passenger,Unknown,Unknown,Unknown,Minor injury: Medical assistance at accident site,428431.38,4587483.62,2.14225712,41.433885691
2020S001247    ,Sants-Montjuďc,la Marina del Prat Vermell,Litoral (Besňs),Tuesday,2020-02-18,Laboral,2020,2,February,18,Afternoon,19:00:00,Unknown,Motorcycle,Male,27,Driver,Unknown,Unknown,Unknown,Minor injury: Medical assistance at accident site,430972.7,4580188.48,2.17350385,41.368403246
2020S001247    ,Sants-Montjuďc,la Marina del Prat Vermell,Litoral (Besňs),Tuesday,2020-02-18,Laboral,2020,2,February,18,Afternoon,19:00:00,Unknown,Car,Female,38,Driver,Unknown,Unknown,Unknown,Uninjured,430972.7,4580188.48,2.17350385,41.368403246
2020S001248    ,Sarriŕ-Sant Gervasi,Sarriŕ,Dalt (Besňs),Tuesday,2020-02-18,Laboral,2020,2,February,18,Afternoon,20:00:00,Unknown,Taxi,Male,57,Driver,Unknown,Unknown,Other activities,Uninjured,425957.43,4583635.47,2.11312056,41.39900286
2020S001248    ,Sarriŕ-Sant Gervasi,Sarriŕ,Dalt (Besňs),Tuesday,2020-02-18,Laboral,2020,2,February,18,Afternoon,20:00:00,Unknown,Motorcycle,Male,28,Driver,Unknown,Unknown,Other activities,Minor injury: Hospitalization up to 24 hours,425957.43,4583635.47,2.11312056,41.39900286
2020S001249    ,Eixample,la Nova Esquerra de l'Eixample,Aragó,Tuesday,2020-02-18,Laboral,2020,2,February,18,Afternoon,18:00:00,Unknown,Car,Male,27,Driver,Unknown,Unknown,Unknown,Uninjured,428980.5,4581579.33,2.14952219,41.380756774
2020S001249    ,Eixample,la Nova Esquerra de l'Eixample,Aragó,Tuesday,2020-02-18,Laboral,2020,2,February,18,Afternoon,18:00:00,Unknown,Motorcycle,Female,28,Driver,Unknown,Unknown,Unknown,Minor injury: Hospitalization up to 24 hours,428980.5,4581579.33,2.14952219,41.380756774
2020S001250    ,Eixample,l'Antiga Esquerra de l'Eixample,Mallorca,Tuesday,2020-02-18,Laboral,2020,2,February,18,Afternoon,17:00:00,Unknown,Motorcycle,Male,63,Driver,Unknown,Unknown,Unknown,Minor injury: Refused medical assistance,429671.73,4582600.47,2.15766946,41.390014598
2020S001250    ,Eixample,l'Antiga Esquerra de l'Eixample,Mallorca,Tuesday,2020-02-18,Laboral,2020,2,February,18,Afternoon,17:00:00,Unknown,Motorcycle,Female,46,Driver,Unknown,Unknown,Unknown,Minor injury: Hospitalization up to 24 hours,429671.73,4582600.47,2.15766946,41.390014598
2020S001250    ,Eixample,l'Antiga Esquerra de l'Eixample,Mallorca,Tuesday,2020-02-18,Laboral,2020,2,February,18,Afternoon,17:00:00,Unknown,Motorcycle,Male,13,Passenger,Unknown,Unknown,Unknown,Minor injury: Hospitalization up to 24 hours,429671.73,4582600.47,2.15766946,41.390014598
2020S001251    ,Sarriŕ-Sant Gervasi,les Tres Torres,Ganduxer,Monday,2020-02-10,Laboral,2020,2,February,10,Afternoon,14:00:00,Unknown,Veh. mobilitat personal amb motor,Female,17,Pedestrian,In crossing regulated by traffic lights,Unknown,Unknown,Minor injury: Hospitalization up to 24 hours,427631.11,4583786.02,2.1331222,41.400511261
2020S001252    ,Sants-Montjuďc,la Marina del Prat Vermell,A Zona Franca,Tuesday,2020-02-18,Laboral,2020,2,February,18,Night,22:00:00,Unknown,Motorcycle,Male,33,Driver,Unknown,Unknown,Unknown,Minor injury: Medical assistance at accident site,428024.73,4576184.08,2.13873331,41.332078538
2020S001253    ,Eixample,la Dreta de l'Eixample,Catalunya,Tuesday,2020-02-18,Laboral,2020,2,February,18,Afternoon,17:00:00,Unknown,Motorcycle,Male,23,Driver,Unknown,Unknown,Unknown,Minor injury: Hospitalization up to 24 hours,430241.23,4582652.27,2.16447466,41.390530766
2020S001253    ,Eixample,la Dreta de l'Eixample,Catalunya,Tuesday,2020-02-18,Laboral,2020,2,February,18,Afternoon,17:00:00,Unknown,Taxi,Male,45,Driver,Unknown,Unknown,Taxi,Uninjured,430241.23,4582652.27,2.16447466,41.390530766
2020S001254    ,Eixample,l'Antiga Esquerra de l'Eixample,Diagonal,Tuesday,2020-02-18,Laboral,2020,2,February,18,Night,22:00:00,Unknown,Motorcycle,Male,25,Driver,Unknown,Unknown,On a mission,Minor injury: Hospitalization up to 24 hours,429142.1,4583070.28,2.15128015,41.394199502
2020S001254    ,Eixample,l'Antiga Esquerra de l'Eixample,Diagonal,Tuesday,2020-02-18,Laboral,2020,2,February,18,Night,22:00:00,Unknown,Car,Male,44,Driver,Unknown,Unknown,Leisure and entertainment,Uninjured,429142.1,4583070.28,2.15128015,41.394199502
2020S001255    ,Eixample,la Sagrada Família,Sagrada Família,Tuesday,2020-02-18,Laboral,2020,2,February,18,Afternoon,21:00:00,Unknown,Ciclomotor,Male,48,Driver,Unknown,Unknown,Other activities,Minor injury: Hospitalization up to 24 hours,430936.6,4583926.94,2.17264584,41.402071367
2020S001255    ,Eixample,la Sagrada Família,Sagrada Família,Tuesday,2020-02-18,Laboral,2020,2,February,18,Afternoon,21:00:00,Unknown,Ciclomotor,Female,37,Passenger,Unknown,Unknown,Unknown,Minor injury: Hospitalization up to 24 hours,430936.6,4583926.94,2.17264584,41.402071367