Case_Number,District_Name,Neighborhood_Name,Street_Name,Day_of_Week,Date,Day_Type_Description,Year,Month_of_Year,Month_Name,Day_of_Month,Shift_Description,Hour_of_Day,Pedestrian_Cause_Description,Involved_Vehicle_Type_Description,Gender_Description,Age,Person_Type_Description,Pedestrian_Accident_Location_Description,Pedestrian_Movement_Reason_Description,Driver_Movement_Reason_Description,Victimization_Description,Coordenada_UTM_X,Coordenada_UTM_Y,Longitud,Latitud
2020S001256    ,Eixample,l'Antiga Esquerra de l'Eixample,Consell de Cent,Tuesday,2020-02-18,Laboral,2020,2,February,18,Afternoon,20:00:00,Creuar per fora pas de vianants,Car,Female,78,Pedestrian,Outside the crossing,Unknown,Unknown,Minor injury: Hospitalization up to 24 hours,429570.34,4581970.31,2.15653014,41.38433008
2020S001256    ,Eixample,l'Antiga Esquerra de l'Eixample,Consell de Cent,Tuesday,2020-02-18,Laboral,2020,2,February,18,Afternoon,20:00:00,Creuar per fora pas de vianants,Car,Male,27,Driver,Outside the crossing,Unknown,Unknown,Uninjured,429570.34,4581970.31,2.15653014,41.38433008
2020S001257    ,Sant Martí,Provençals del Poblenou,Perú,Tuesday,2020-02-18,Laboral,2020,2,February,18,Afternoon,18:00:00,Unknown,Motorcycle,Male,31,Driver,Unknown,Unknown,In transit (commuting),Minor injury: Hospitalization up to 24 hours,433224.41,4584911.3,2.19990444,41.411130619
2020S001257    ,Sant Martí,Provençals del Poblenou,Perú,Tuesday,2020-02-18,Laboral,2020,2,February,18,Afternoon,18:00:00,Unknown,Car,Male,29,Driver,Unknown,Unknown,Unknown,Uninjured,433224.41,4584911.3,2.19990444,41.411130619
2020S001258    ,Sant Martí,la Verneda i la Pau,Guipúscoa,Tuesday,2020-02-18,Laboral,2020,2,February,18,Night,23:00:00,Unknown,Motorcycle,Male,38,Driver,Unknown,Unknown,Other activities,Minor injury: Hospitalization up to 24 hours,433561.75,4586017.94,2.20381873,41.421125798
2020S001258    ,Sant Martí,la Verneda i la Pau,Guipúscoa,Tuesday,2020-02-18,Laboral,2020,2,February,18,Night,23:00:00,Unknown,Car,Male,47,Driver,Unknown,Unknown,Taxi,Uninjured,433561.75,4586017.94,2.20381873,41.421125798
2020S001259    ,Sant Martí,el Camp de l'Arpa del Clot,Conca,Wednesday,2020-02-19,Laboral,2020,2,February,19,Morning,07:00:00,Unknown,Bicicleta,Female,46,Driver,Unknown,Unknown,In transit (commuting),Uninjured,431491.94,4585299.99,2.17913338,41.414485537
2020S001259    ,Sant Martí,el Camp de l'Arpa del Clot,Conca,Wednesday,2020-02-19,Laboral,2020,2,February,19,Morning,07:00:00,Unknown,Motorcycle,Male,31,Driver,Unknown,Unknown,In transit (commuting),Minor injury: Hospitalization up to 24 hours,431491.94,4585299.99,2.17913338,41.414485537
2020S001260    ,Les Corts,les Corts,Mig (Ascendent),Wednesday,2020-02-19,Laboral,2020,2,February,19,Morning,08:00:00,Unknown,Motorcycle,Male,52,Driver,Unknown,Unknown,In transit (commuting),Minor injury: Medical assistance at accident site,427200.0,4581767.74,2.1282081,41.382294493
2020S001261    ,Sants-Montjuďc,Sants,Viriat,Wednesday,2020-02-19,Laboral,2020,2,February,19,Morning,08:00:00,Unknown,Motorcycle,Male,54,Driver,Unknown,Unknown,Unknown,Minor injury: Medical assistance at accident site,428237.33,4581515.68,2.14064279,41.380117524
2020S001261    ,Sants-Montjuďc,Sants,Viriat,Wednesday,2020-02-19,Laboral,2020,2,February,19,Morning,08:00:00,Unknown,Car,Male,56,Driver,Unknown,Unknown,Unknown,Uninjured,428237.33,4581515.68,2.14064279,41.380117524
2020S001262    ,Eixample,el Fort Pienc,Corts Catalanes,Wednesday,2020-02-19,Laboral,2020,2,February,19,Morning,10:00:00,Unknown,Furgoneta,Male,53,Driver,Unknown,Unknown,On a mission,Uninjured,431752.74,4583658.63,2.18243892,41.399724511
2020S001262    ,Eixample,el Fort Pienc,Corts Catalanes,Wednesday,2020-02-19,Laboral,2020,2,February,19,Morning,10:00:00,Unknown,Car,Male,41,Driver,Unknown,Unknown,On a mission,Minor injury: Hospitalization up to 24 hours,431752.74,4583658.63,2.18243892,41.399724511
2020S001263    ,Eixample,la Dreta de l'Eixample,Roger de Llúria,Wednesday,2020-02-19,Laboral,2020,2,February,19,Morning,11:00:00,Unknown,Motorcycle,Male,33,Driver,Unknown,Unknown,In transit (commuting),Minor injury: Hospitalization up to 24 hours,430904.91,4582620.18,2.17241595,41.39029906
2020S001263    ,Eixample,la Dreta de l'Eixample,Roger de Llúria,Wednesday,2020-02-19,Laboral,2020,2,February,19,Morning,11:00:00,Unknown,Furgoneta,Male,52,Driver,Unknown,Unknown,Professional goods transport,Uninjured,430904.91,4582620.18,2.17241595,41.39029906
2020S001264    ,Eixample,el Fort Pienc,Marina,Wednesday,2020-02-19,Laboral,2020,2,February,19,Morning,08:00:00,Unknown,Autobús articulat,Male,81,Passenger,Unknown,Unknown,Unknown,Minor injury: Hospitalization up to 24 hours,431904.43,4583368.29,2.18428607,41.39712237
2020S001264    ,Eixample,el Fort Pienc,Marina,Wednesday,2020-02-19,Laboral,2020,2,February,19,Morning,08:00:00,Unknown,Autobús articulat,Male,38,Driver,Unknown,Unknown,Unknown,Uninjured,431904.43,4583368.29,2.18428607,41.39712237
2020S001265    ,Sant Martí,la Verneda i la Pau,Puigcerdŕ,Wednesday,2020-02-19,Laboral,2020,2,February,19,Morning,11:00:00,Unknown,Car,Male,70,Driver,In an unregulated crossing,Unknown,Other activities,Uninjured,433383.3,4586015.55,2.20168371,41.421089488
2020S001265    ,Sant Martí,la Verneda i la Pau,Puigcerdŕ,Wednesday,2020-02-19,Laboral,2020,2,February,19,Morning,11:00:00,Unknown,Car,Male,83,Pedestrian,In an unregulated crossing,Unknown,Unknown,Minor injury: Hospitalization up to 24 hours,433383.3,4586015.55,2.20168371,41.421089488
2020S001266    ,Sant Andreu,la Sagrera,Meridiana,Wednesday,2020-02-19,Laboral,2020,2,February,19,Morning,10:00:00,Unknown,Car,Female,64,Passenger,Unknown,Unknown,Unknown,Minor injury: Hospitalization up to 24 hours,432175.59,4586026.52,2.18723138,41.42108719
2020S001266    ,Sant Andreu,la Sagrera,Meridiana,Wednesday,2020-02-19,Laboral,2020,2,February,19,Morning,10:00:00,Unknown,Car,Female,66,Driver,Unknown,Unknown,Leisure and entertainment,Minor injury: Hospitalization up to 24 hours,432175.59,4586026.52,2.18723138,41.42108719
2020S001266    ,Sant Andreu,la Sagrera,Meridiana,Wednesday,2020-02-19,Laboral,2020,2,February,19,Morning,10:00:00,Unknown,Car,Female,62,Passenger,Unknown,Unknown,Unknown,Minor injury: Hospitalization up to 24 hours,432175.59,4586026.52,2.18723138,41.42108719
2020S001266    ,Sant Andreu,la Sagrera,Meridiana,Wednesday,2020-02-19,Laboral,2020,2,February,19,Morning,10:00:00,Unknown,Car,Male,46,Driver,Unknown,Unknown,Leisure and entertainment,Uninjured,432175.59,4586026.52,2.18723138,41.42108719
2020S001267    ,Sants-Montjuďc,el Poble-sec,Mare de Déu de Port,Wednesday,2020-02-19,Laboral,2020,2,February,19,Morning,12:00:00,Unknown,Tot terreny,Male,30,Driver,Unknown,Unknown,Leisure and entertainment,Unknown,429857.39,4578780.12,2.16033219,41.355622078
2020S001268    ,Eixample,l'Antiga Esquerra de l'Eixample,París,Wednesday,2020-02-19,Laboral,2020,2,February,19,Morning,12:00:00,Unknown,Car,Female,50,Driver,Unknown,Unknown,Unknown,Uninjured,429147.0,4582866.17,2.15136265,41.392361587
2020S001268    ,Eixample,l'Antiga Esquerra de l'Eixample,París,Wednesday,2020-02-19,Laboral,2020,2,February,19,Morning,12:00:00,Unknown,Motorcycle,Male,52,Driver,Unknown,Unknown,Unknown,Minor injury: Hospitalization up to 24 hours,429147.0,4582866.17,2.15136265,41.392361587
2020S001269    ,Ciutat Vella,"Sant Pere, Santa Caterina i la Ribera",Laietana,Wednesday,2020-02-19,Laboral,2020,2,February,19,Morning,13:00:00,Unknown,Motorcycle,Female,23,Driver,Unknown,Unknown,Unknown,Minor injury: Medical assistance at accident site,431100.27,4582267.75,2.17479257,41.387141595
2020S001269    ,Ciutat Vella,"Sant Pere, Santa Caterina i la Ribera",Laietana,Wednesday,2020-02-19,Laboral,2020,2,February,19,Morning,13:00:00,Unknown,Taxi,Male,37,Driver,Unknown,Unknown,Taxi,Uninjured,431100.27,4582267.75,2.17479257,41.387141595
2020S001270    ,Sants-Montjuďc,Hostafrancs,Corts Catalanes,Wednesday,2020-02-19,Laboral,2020,2,February,19,Afternoon,14:00:00,Unknown,Motorcycle,Male,57,Driver,Unknown,Unknown,Unknown,Uninjured,428831.97,4580872.86,2.14782904,41.374380705
2020S001270    ,Sants-Montjuďc,Hostafrancs,Corts Catalanes,Wednesday,2020-02-19,Laboral,2020,2,February,19,Afternoon,14:00:00,Unknown,Motorcycle,Female,32,Driver,Unknown,Unknown,Unknown,Minor injury: Hospitalization up to 24 hours,428831.97,4580872.86,2.14782904,41.374380705
2020S001270    ,Sants-Montjuďc,Hostafrancs,Corts Catalanes,Wednesday,2020-02-19,Laboral,2020,2,February,19,Afternoon,14:00:00,Unknown,Autobús,Male,35,Driver,Unknown,Unknown,On a mission,Uninjured,428831.97,4580872.86,2.14782904,41.374380705
2020S001271    ,Grŕcia,la Salut,Mare de Déu del Coll,Wednesday,2020-02-19,Laboral,2020,2,February,19,Afternoon,14:00:00,Unknown,Furgoneta,Male,29,Driver,Unknown,Unknown,On a mission,Uninjured,429102.32,4584612.34,2.15062366,41.408084762
2020S001271    ,Grŕcia,la Salut,Mare de Déu del Coll,Wednesday,2020-02-19,Laboral,2020,2,February,19,Afternoon,14:00:00,Unknown,Motorcycle,Female,25,Driver,Unknown,Unknown,Unknown,Minor injury: Medical assistance at accident site,429102.32,4584612.34,2.15062366,41.408084762
2020S001272    ,Sarriŕ-Sant Gervasi,Sant Gervasi - Galvany,Calaf,Wednesday,2020-02-19,Laboral,2020,2,February,19,Afternoon,15:00:00,Unknown,Motorcycle,Male,58,Driver,Unknown,Unknown,In transit (commuting),Minor injury: Hospitalization up to 24 hours,428507.17,4583404.31,2.14364653,41.397151761
2020S001272    ,Sarriŕ-Sant Gervasi,Sant Gervasi - Galvany,Calaf,Wednesday,2020-02-19,Laboral,2020,2,February,19,Afternoon,15:00:00,Unknown,Car,Male,57,Driver,Unknown,Unknown,Unknown,Uninjured,428507.17,4583404.31,2.14364653,41.397151761
2020S001273    ,Horta-Guinardó,la Vall d'Hebron,Dalt (Llobregat),Wednesday,2020-02-19,Laboral,2020,2,February,19,Afternoon,14:00:00,Unknown,Car,Male,54,Driver,Unknown,Unknown,Leisure and entertainment,Uninjured,428564.96,4586831.81,2.14393286,41.428027018
2020S001273    ,Horta-Guinardó,la Vall d'Hebron,Dalt (Llobregat),Wednesday,2020-02-19,Laboral,2020,2,February,19,Afternoon,14:00:00,Unknown,Car,Male,39,Driver,Unknown,Unknown,Leisure and entertainment,Minor injury: Hospitalization up to 24 hours,428564.96,4586831.81,2.14393286,41.428027018
2020S001273    ,Horta-Guinardó,la Vall d'Hebron,Dalt (Llobregat),Wednesday,2020-02-19,Laboral,2020,2,February,19,Afternoon,14:00:00,Unknown,Tot terreny,Male,52,Driver,Unknown,Unknown,Leisure and entertainment,Uninjured,428564.96,4586831.81,2.14393286,41.428027018
2020S001274    ,Les Corts,la Maternitat i Sant Ramon,Madrid,Wednesday,2020-02-19,Laboral,2020,2,February,19,Afternoon,16:00:00,Unknown,Bicicleta,Female,17,Driver,On the sidewalk,Unknown,Unknown,Minor injury: Refused medical assistance,426955.75,4581232.17,2.12535185,41.377448675
2020S001274    ,Les Corts,la Maternitat i Sant Ramon,Madrid,Wednesday,2020-02-19,Laboral,2020,2,February,19,Afternoon,16:00:00,Unknown,Bicicleta,Female,51,Pedestrian,On the sidewalk,Unknown,Unknown,Minor injury: Hospitalization up to 24 hours,426955.75,4581232.17,2.12535185,41.377448675
2020S001275    ,Sants-Montjuďc,la Marina del Prat Vermell,Litoral (Besňs),Wednesday,2020-02-19,Laboral,2020,2,February,19,Afternoon,18:00:00,Unknown,Car,Male,58,Driver,Unknown,Unknown,Taxi,Uninjured,428824.7,4578132.39,2.14806386,41.349697505
2020S001275    ,Sants-Montjuďc,la Marina del Prat Vermell,Litoral (Besňs),Wednesday,2020-02-19,Laboral,2020,2,February,19,Afternoon,18:00:00,Unknown,Motorcycle,Male,21,Driver,Unknown,Unknown,On a mission,Minor injury: Hospitalization up to 24 hours,428824.7,4578132.39,2.14806386,41.349697505
2020S001276    ,Grŕcia,la Vila de Grŕcia,Bretón de los Herreros,Wednesday,2020-02-19,Laboral,2020,2,February,19,Afternoon,18:00:00,Unknown,Ciclomotor,Female,52,Passenger,Unknown,Unknown,Unknown,Minor injury: Hospitalization up to 24 hours,429128.72,4583937.65,2.15101853,41.40201041
2020S001276    ,Grŕcia,la Vila de Grŕcia,Bretón de los Herreros,Wednesday,2020-02-19,Laboral,2020,2,February,19,Afternoon,18:00:00,Unknown,Ciclomotor,Female,50,Driver,Unknown,Unknown,Leisure and entertainment,Minor injury: Hospitalization up to 24 hours,429128.72,4583937.65,2.15101853,41.40201041
2020S001276    ,Grŕcia,la Vila de Grŕcia,Bretón de los Herreros,Wednesday,2020-02-19,Laboral,2020,2,February,19,Afternoon,18:00:00,Unknown,Maquinŕria d'obres i serveis,Male,48,Driver,Unknown,Unknown,On a mission,Uninjured,429128.72,4583937.65,2.15101853,41.40201041
2020S001277    ,Eixample,la Nova Esquerra de l'Eixample,París,Wednesday,2020-02-19,Laboral,2020,2,February,19,Afternoon,17:00:00,Unknown,Car,Male,68,Driver,Unknown,Unknown,Unknown,Uninjured,428493.75,4582195.0,2.14362886,41.386258759
2020S001277    ,Eixample,la Nova Esquerra de l'Eixample,París,Wednesday,2020-02-19,Laboral,2020,2,February,19,Afternoon,17:00:00,Unknown,Motorcycle,Male,31,Driver,Unknown,Unknown,Unknown,Minor injury: Hospitalization up to 24 hours,428493.75,4582195.0,2.14362886,41.386258759
2020S001278    ,Eixample,la Sagrada Família,Aragó,Wednesday,2020-02-19,Laboral,2020,2,February,19,Afternoon,17:00:00,Unknown,Furgoneta,Male,44,Driver,Unknown,Unknown,Unknown,Uninjured,431747.87,4584301.55,2.18230813,41.405514686
2020S001278    ,Eixample,la Sagrada Família,Aragó,Wednesday,2020-02-19,Laboral,2020,2,February,19,Afternoon,17:00:00,Unknown,Motorcycle,Male,28,Driver,Unknown,Unknown,Unknown,Minor injury: Hospitalization up to 24 hours,431747.87,4584301.55,2.18230813,41.405514686
2020S001279    ,Eixample,la Nova Esquerra de l'Eixample,Viladomat,Wednesday,2020-02-19,Laboral,2020,2,February,19,Afternoon,19:00:00,Unknown,Car,Male,25,Driver,Unknown,Unknown,Unknown,Uninjured,428798.52,4582287.15,2.14726282,41.387115769
2020S001279    ,Eixample,la Nova Esquerra de l'Eixample,Viladomat,Wednesday,2020-02-19,Laboral,2020,2,February,19,Afternoon,19:00:00,Unknown,Motorcycle,Female,63,Driver,Unknown,Unknown,Unknown,Minor injury: Hospitalization up to 24 hours,428798.52,4582287.15,2.14726282,41.387115769
2020S001280    ,Sants-Montjuďc,el Poble-sec,Litoral (Llobregat),Wednesday,2020-02-19,Laboral,2020,2,February,19,Afternoon,19:00:00,Unknown,Car,Male,42,Driver,Unknown,Unknown,Leisure and entertainment,Uninjured,430583.49,4579502.49,2.16892902,41.362191229
2020S001280    ,Sants-Montjuďc,el Poble-sec,Litoral (Llobregat),Wednesday,2020-02-19,Laboral,2020,2,February,19,Afternoon,19:00:00,Unknown,Car,Male,48,Driver,Unknown,Unknown,Leisure and entertainment,Uninjured,430583.49,4579502.49,2.16892902,41.362191229
2020S001280    ,Sants-Montjuďc,el Poble-sec,Litoral (Llobregat),Wednesday,2020-02-19,Laboral,2020,2,February,19,Afternoon,19:00:00,Unknown,Car,Male,51,Driver,Unknown,Unknown,Leisure and entertainment,Minor injury: Refused medical assistance,430583.49,4579502.49,2.16892902,41.362191229
2020S001281    ,Sant Martí,el Clot,Corts Catalanes,Wednesday,2020-02-19,Laboral,2020,2,February,19,Night,22:00:00,Unknown,Bicicleta,Male,19,Driver,Unknown,Unknown,Leisure and entertainment,Minor injury: Hospitalization up to 24 hours,432561.42,4584522.58,2.19201585,41.407574141
2020S001281    ,Sant Martí,el Clot,Corts Catalanes,Wednesday,2020-02-19,Laboral,2020,2,February,19,Night,22:00:00,Unknown,Car,Male,34,Driver,Unknown,Unknown,Leisure and entertainment,Uninjured,432561.42,4584522.58,2.19201585,41.407574141
2020S001282    ,Sarriŕ-Sant Gervasi,Sant Gervasi - Galvany,Balmes,Wednesday,2020-02-19,Laboral,2020,2,February,19,Afternoon,20:00:00,Unknown,Car,Male,67,Driver,Unknown,Unknown,Unknown,Uninjured,428910.23,4583798.79,2.14842125,41.40074045
2020S001282    ,Sarriŕ-Sant Gervasi,Sant Gervasi - Galvany,Balmes,Wednesday,2020-02-19,Laboral,2020,2,February,19,Afternoon,20:00:00,Unknown,Motorcycle,Male,34,Driver,Unknown,Unknown,In transit (commuting),Minor injury: Hospitalization up to 24 hours,428910.23,4583798.79,2.14842125,41.40074045
2020S001283    ,Sant Martí,el Besňs i el Maresme,Corts Catalanes,Thursday,2020-02-20,Laboral,2020,2,February,20,Night,01:00:00,Unknown,Autobús,Male,56,Driver,Unknown,Unknown,Regular line bus,Uninjured,434069.34,4585888.8,2.20990651,41.420004506
2020S001283    ,Sant Martí,el Besňs i el Maresme,Corts Catalanes,Thursday,2020-02-20,Laboral,2020,2,February,20,Night,01:00:00,Unknown,Car,Male,14,Driver,Unknown,Unknown,Unknown,Uninjured,434069.34,4585888.8,2.20990651,41.420004506
2020S001284    ,Sants-Montjuďc,la Bordeta,Juan Gris,Thursday,2020-02-20,Laboral,2020,2,February,20,Morning,09:00:00,Unknown,Furgoneta,Male,25,Driver,Unknown,Unknown,On a mission,Uninjured,427685.01,4579805.73,2.13424221,41.364667145
2020S001284    ,Sants-Montjuďc,la Bordeta,Juan Gris,Thursday,2020-02-20,Laboral,2020,2,February,20,Morning,09:00:00,Unknown,Motorcycle,Male,56,Driver,Unknown,Unknown,In transit (commuting),Minor injury: Medical assistance at accident site,427685.01,4579805.73,2.13424221,41.364667145
2020S001285    ,Sant Martí,el Poblenou,Litoral (Besňs),Thursday,2020-02-20,Laboral,2020,2,February,20,Morning,06:00:00,Unknown,Furgoneta,Male,24,Driver,Unknown,Unknown,In transit (commuting),Uninjured,433705.19,4583102.38,2.20585468,41.394877946
2020S001285    ,Sant Martí,el Poblenou,Litoral (Besňs),Thursday,2020-02-20,Laboral,2020,2,February,20,Morning,06:00:00,Unknown,"Camió rígid <= 3,5 tones",Male,39,Driver,Unknown,Unknown,On a mission,Uninjured,433705.19,4583102.38,2.20585468,41.394877946
2020S001285    ,Sant Martí,el Poblenou,Litoral (Besňs),Thursday,2020-02-20,Laboral,2020,2,February,20,Morning,06:00:00,Unknown,Motorcycle,Male,48,Driver,Unknown,Unknown,Unknown,Death (within 24 hours of accident),433705.19,4583102.38,2.20585468,41.394877946
2020S001286    ,Grŕcia,Vallcarca i els Penitents,Dalt (Besňs),Thursday,2020-02-20,Laboral,2020,2,February,20,Morning,09:00:00,Unknown,Autobús,Male,49,Driver,Unknown,Unknown,Urban bus,Uninjured,428129.83,4585705.33,2.13885969,41.417842461
2020S001286    ,Grŕcia,Vallcarca i els Penitents,Dalt (Besňs),Thursday,2020-02-20,Laboral,2020,2,February,20,Morning,09:00:00,Unknown,Autobús,Female,62,Passenger,Unknown,Unknown,Unknown,Minor injury: Hospitalization up to 24 hours,428129.83,4585705.33,2.13885969,41.417842461
2020S001287    ,Eixample,l'Antiga Esquerra de l'Eixample,Muntaner,Thursday,2020-02-20,Laboral,2020,2,February,20,Morning,09:00:00,Unknown,Car,Male,57,Driver,Unknown,Unknown,On a mission,Uninjured,429509.04,4582518.9,2.1557332,41.389265675
2020S001287    ,Eixample,l'Antiga Esquerra de l'Eixample,Muntaner,Thursday,2020-02-20,Laboral,2020,2,February,20,Morning,09:00:00,Unknown,Car,Male,65,Driver,Unknown,Unknown,On a mission,Uninjured,429509.04,4582518.9,2.1557332,41.389265675
2020S001287    ,Eixample,l'Antiga Esquerra de l'Eixample,Muntaner,Thursday,2020-02-20,Laboral,2020,2,February,20,Morning,09:00:00,Unknown,Ciclomotor,Male,37,Driver,Unknown,Unknown,On a mission,Minor injury: Medical assistance at accident site,429509.04,4582518.9,2.1557332,41.389265675
2020S001288    ,Eixample,Sant Antoni,Universitat,Thursday,2020-02-20,Laboral,2020,2,February,20,Morning,10:00:00,Unknown,Motorcycle,Female,40,Passenger,Unknown,Unknown,Unknown,Minor injury: Hospitalization up to 24 hours,430170.24,4582033.93,2.16369693,41.384955409
2020S001288    ,Eixample,Sant Antoni,Universitat,Thursday,2020-02-20,Laboral,2020,2,February,20,Morning,10:00:00,Unknown,Car,Male,34,Driver,Unknown,Unknown,Unknown,Uninjured,430170.24,4582033.93,2.16369693,41.384955409
2020S001288    ,Eixample,Sant Antoni,Universitat,Thursday,2020-02-20,Laboral,2020,2,February,20,Morning,10:00:00,Unknown,Motorcycle,Male,36,Driver,Unknown,Unknown,Unknown,Minor injury: Hospitalization up to 24 hours,430170.24,4582033.93,2.16369693,41.384955409
2020S001289    ,Sarriŕ-Sant Gervasi,Sant Gervasi - Galvany,Brusi,Friday,2020-02-21,Laboral,2020,2,February,21,Morning,07:00:00,Unknown,Veh. mobilitat personal amb motor,Male,16,Driver,Unknown,Unknown,Leisure and entertainment,Minor injury: Medical assistance at accident site,428556.66,4583986.61,2.14416973,41.402400716
2020S001289    ,Sarriŕ-Sant Gervasi,Sant Gervasi - Galvany,Brusi,Friday,2020-02-21,Laboral,2020,2,February,21,Morning,07:00:00,Unknown,Motorcycle,Male,36,Driver,Unknown,Unknown,In transit (commuting),Minor injury: Medical assistance at accident site,428556.66,4583986.61,2.14416973,41.402400716
2020S001290    ,Eixample,la Dreta de l'Eixample,Tetuan,Thursday,2020-02-20,Laboral,2020,2,February,20,Morning,11:00:00,Unknown,Car,Male,47,Driver,Unknown,Unknown,Taxi,Uninjured,431096.96,4583105.03,2.17465768,41.394682444
2020S001290    ,Eixample,la Dreta de l'Eixample,Tetuan,Thursday,2020-02-20,Laboral,2020,2,February,20,Morning,11:00:00,Unknown,Ciclomotor,Female,20,Driver,Unknown,Unknown,Unknown,Minor injury: Hospitalization up to 24 hours,431096.96,4583105.03,2.17465768,41.394682444
2020S001291    ,Sarriŕ-Sant Gervasi,el Putxet i el Farró,Riera de Cassoles,Thursday,2020-02-20,Laboral,2020,2,February,20,Morning,11:00:00,Unknown,Motorcycle,Male,72,Driver,Unknown,Unknown,Other activities,Minor injury: Medical assistance at accident site,429037.72,4584300.28,2.14988745,41.405268452
2020S001291    ,Sarriŕ-Sant Gervasi,el Putxet i el Farró,Riera de Cassoles,Thursday,2020-02-20,Laboral,2020,2,February,20,Morning,11:00:00,Unknown,Motorcycle,Male,47,Driver,Unknown,Unknown,In transit (commuting),Uninjured,429037.72,4584300.28,2.14988745,41.405268452
2020S001291    ,Sarriŕ-Sant Gervasi,el Putxet i el Farró,Riera de Cassoles,Thursday,2020-02-20,Laboral,2020,2,February,20,Morning,11:00:00,Unknown,Motorcycle,Female,69,Passenger,Unknown,Unknown,Unknown,Minor injury: Medical assistance at accident site,429037.72,4584300.28,2.14988745,41.405268452
2020S001292    ,Sant Martí,Provençals del Poblenou,Pere IV,Thursday,2020-02-20,Laboral,2020,2,February,20,Morning,11:00:00,Unknown,Car,Female,73,Driver,Unknown,Unknown,Unknown,Uninjured,433769.13,4585279.28,2.20638111,41.414490017
2020S001293    ,Sant Martí,la Verneda i la Pau,Corts Catalanes,Thursday,2020-02-20,Laboral,2020,2,February,20,Morning,13:00:00,Others,Autobús articulat,Male,87,Passenger,Unknown,Unknown,Unknown,Minor injury: Hospitalization up to 24 hours,433977.94,4585940.65,2.2088072,41.420463996
2020S001293    ,Sant Martí,la Verneda i la Pau,Corts Catalanes,Thursday,2020-02-20,Laboral,2020,2,February,20,Morning,13:00:00,Others,Autobús articulat,Male,30,Driver,Unknown,Unknown,Urban bus,Uninjured,433977.94,4585940.65,2.2088072,41.420463996
2020S001294    ,Sants-Montjuďc,el Poble-sec,Litoral (Llobregat),Thursday,2020-02-20,Laboral,2020,2,February,20,Afternoon,14:00:00,Unknown,"Camió rígid > 3,5 tones",Male,29,Driver,Unknown,Unknown,Unknown,Uninjured,429949.38,4578885.9,2.16141959,41.356582821
2020S001294    ,Sants-Montjuďc,el Poble-sec,Litoral (Llobregat),Thursday,2020-02-20,Laboral,2020,2,February,20,Afternoon,14:00:00,Unknown,Car,Male,21,Driver,Unknown,Unknown,Unknown,Uninjured,429949.38,4578885.9,2.16141959,41.356582821
2020S001294    ,Sants-Montjuďc,el Poble-sec,Litoral (Llobregat),Thursday,2020-02-20,Laboral,2020,2,February,20,Afternoon,14:00:00,Unknown,Motorcycle,Male,54,Driver,Unknown,Unknown,Unknown,Minor injury: Hospitalization up to 24 hours,429949.38,4578885.9,2.16141959,41.356582821
2020S001294    ,Sants-Montjuďc,el Poble-sec,Litoral (Llobregat),Thursday,2020-02-20,Laboral,2020,2,February,20,Afternoon,14:00:00,Unknown,Car,Male,45,Driver,Unknown,Unknown,Unknown,Uninjured,429949.38,4578885.9,2.16141959,41.356582821
2020S001294    ,Sants-Montjuďc,el Poble-sec,Litoral (Llobregat),Thursday,2020-02-20,Laboral,2020,2,February,20,Afternoon,14:00:00,Unknown,Furgoneta,Male,29,Driver,Unknown,Unknown,Unknown,Uninjured,429949.38,4578885.9,2.16141959,41.356582821
2020S001295    ,Eixample,la Dreta de l'Eixample,Roger de Flor,Thursday,2020-02-20,Laboral,2020,2,February,20,Afternoon,14:00:00,Unknown,Car,Female,47,Driver,Unknown,Unknown,Unknown,Uninjured,431041.7,4583436.65,2.17395894,41.397664504
2020S001295    ,Eixample,la Dreta de l'Eixample,Roger de Flor,Thursday,2020-02-20,Laboral,2020,2,February,20,Afternoon,14:00:00,Unknown,Ciclomotor,Female,25,Driver,Unknown,Unknown,Other activities,Minor injury: Hospitalization up to 24 hours,431041.7,4583436.65,2.17395894,41.397664504
2020S001295    ,Eixample,la Dreta de l'Eixample,Roger de Flor,Thursday,2020-02-20,Laboral,2020,2,February,20,Afternoon,14:00:00,Unknown,Car,Male,52,Driver,Unknown,Unknown,Taxi,Uninjured,431041.7,4583436.65,2.17395894,41.397664504
2020S001296    ,Horta-Guinardó,Montbau,Dalt (Besňs),Thursday,2020-02-20,Laboral,2020,2,February,20,Afternoon,14:00:00,Unknown,Motorcycle,Female,49,Driver,Unknown,Unknown,In transit (commuting),Minor injury: Hospitalization up to 24 hours,428509.16,4586744.68,2.14327542,41.427237308
2020S001296    ,Horta-Guinardó,Montbau,Dalt (Besňs),Thursday,2020-02-20,Laboral,2020,2,February,20,Afternoon,14:00:00,Unknown,Car,Female,29,Driver,Unknown,Unknown,In transit (commuting),Uninjured,428509.16,4586744.68,2.14327542,41.427237308
2020S001297    ,Sants-Montjuďc,la Bordeta,Corts Catalanes,Thursday,2020-02-20,Laboral,2020,2,February,20,Afternoon,15:00:00,Unknown,Motorcycle,Female,27,Driver,Unknown,Unknown,Unknown,Minor injury: Hospitalization up to 24 hours,428225.71,4580279.72,2.14065026,41.368984627
2020S001297    ,Sants-Montjuďc,la Bordeta,Corts Catalanes,Thursday,2020-02-20,Laboral,2020,2,February,20,Afternoon,15:00:00,Unknown,Motorcycle,Male,48,Driver,Unknown,Unknown,Unknown,Uninjured,428225.71,4580279.72,2.14065026,41.368984627
2020S001298    ,Ciutat Vella,el Barri Gňtic,Regomir,Thursday,2020-02-20,Laboral,2020,2,February,20,Afternoon,15:00:00,Others,Taxi,Male,44,Driver,Outside the crossing,Unknown,Taxi,Uninjured,431548.31,4581580.34,2.18022858,41.380988554