Case_Number,District_Name,Neighborhood_Name,Street_Name,Day_of_Week,Date,Day_Type_Description,Year,Month_of_Year,Month_Name,Day_of_Month,Shift_Description,Hour_of_Day,Pedestrian_Cause_Description,Involved_Vehicle_Type_Description,Gender_Description,Age,Person_Type_Description,Pedestrian_Accident_Location_Description,Pedestrian_Movement_Reason_Description,Driver_Movement_Reason_Description,Victimization_Description,Coordenada_UTM_X,Coordenada_UTM_Y,Longitud,Latitud
2020S001298    ,Ciutat Vella,el Barri Gňtic,Regomir,Thursday,2020-02-20,Laboral,2020,2,February,20,Afternoon,15:00:00,Others,Taxi,Male,30,Pedestrian,Outside the crossing,Other activities,Unknown,Minor injury: Hospitalization up to 24 hours,431548.31,4581580.34,2.18022858,41.380988554
2020S001299    ,Sants-Montjuďc,el Poble-sec,Miramar,Thursday,2020-02-20,Laboral,2020,2,February,20,Afternoon,16:00:00,Unknown,Car,Female,20,Driver,Unknown,Unknown,Unknown,Minor injury: Hospitalization up to 24 hours,430490.76,4580381.51,2.16771964,41.370100317
2020S001299    ,Sants-Montjuďc,el Poble-sec,Miramar,Thursday,2020-02-20,Laboral,2020,2,February,20,Afternoon,16:00:00,Unknown,Car,Female,55,Driver,Unknown,Unknown,Unknown,Uninjured,430490.76,4580381.51,2.16771964,41.370100317
2020S001300    ,Horta-Guinardó,Montbau,Vall d'Hebron,Thursday,2020-02-20,Laboral,2020,2,February,20,Afternoon,14:00:00,Unknown,Car,Female,27,Driver,Unknown,Unknown,In transit (commuting),Minor injury: Hospitalization up to 24 hours,428909.09,4587713.86,2.14794721,41.436001817
2020S001301    ,Horta-Guinardó,Horta,Valldaura,Thursday,2020-02-20,Laboral,2020,2,February,20,Afternoon,16:00:00,Unknown,Motorcycle,Male,63,Driver,Unknown,Unknown,Leisure and entertainment,Minor injury: Hospitalization up to 24 hours,429955.78,4588050.49,2.1604353,41.439125738
2020S001301    ,Horta-Guinardó,Horta,Valldaura,Thursday,2020-02-20,Laboral,2020,2,February,20,Afternoon,16:00:00,Unknown,Car,Male,27,Driver,Unknown,Unknown,Leisure and entertainment,Uninjured,429955.78,4588050.49,2.1604353,41.439125738
2020S001302    ,Horta-Guinardó,el Carmel,Dante Alighieri,Thursday,2020-02-20,Laboral,2020,2,February,20,Afternoon,14:00:00,Unknown,Autobús,Female,3,Passenger,Unknown,Unknown,Unknown,Minor injury: Hospitalization up to 24 hours,429506.01,4586695.62,2.15521016,41.426883592
2020S001302    ,Horta-Guinardó,el Carmel,Dante Alighieri,Thursday,2020-02-20,Laboral,2020,2,February,20,Afternoon,14:00:00,Unknown,Autobús,Male,58,Driver,Unknown,Unknown,Urban bus,Uninjured,429506.01,4586695.62,2.15521016,41.426883592
2020S001302    ,Horta-Guinardó,el Carmel,Dante Alighieri,Thursday,2020-02-20,Laboral,2020,2,February,20,Afternoon,14:00:00,Unknown,Autobús,Female,49,Passenger,Unknown,Unknown,Unknown,Minor injury: Hospitalization up to 24 hours,429506.01,4586695.62,2.15521016,41.426883592
2020S001303    ,Horta-Guinardó,Montbau,Dalt (Besňs),Thursday,2020-02-20,Laboral,2020,2,February,20,Afternoon,14:00:00,Unknown,Furgoneta,Male,63,Driver,Unknown,Unknown,Unknown,Uninjured,428661.37,4587177.59,2.14504576,41.431149884
2020S001303    ,Horta-Guinardó,Montbau,Dalt (Besňs),Thursday,2020-02-20,Laboral,2020,2,February,20,Afternoon,14:00:00,Unknown,Car,Female,25,Driver,Unknown,Unknown,Unknown,Minor injury: Hospitalization up to 24 hours,428661.37,4587177.59,2.14504576,41.431149884
2020S001303    ,Horta-Guinardó,Montbau,Dalt (Besňs),Thursday,2020-02-20,Laboral,2020,2,February,20,Afternoon,14:00:00,Unknown,Motorcycle,Male,37,Driver,Unknown,Unknown,Unknown,Minor injury: Hospitalization up to 24 hours,428661.37,4587177.59,2.14504576,41.431149884
2020S001304    ,Horta-Guinardó,el Carmel,Santuari,Thursday,2020-02-20,Laboral,2020,2,February,20,Afternoon,15:00:00,Unknown,Autobús,Male,49,Driver,Unknown,Unknown,Urban bus,Uninjured,429669.43,4585747.1,2.15727613,41.418354971
2020S001304    ,Horta-Guinardó,el Carmel,Santuari,Thursday,2020-02-20,Laboral,2020,2,February,20,Afternoon,15:00:00,Unknown,Motorcycle,Female,40,Driver,Unknown,Unknown,Unknown,Minor injury: Hospitalization up to 24 hours,429669.43,4585747.1,2.15727613,41.418354971
2020S001305    ,Les Corts,les Corts,Diagonal,Thursday,2020-02-20,Laboral,2020,2,February,20,Afternoon,17:00:00,Unknown,Motorcycle,Male,25,Driver,Unknown,Unknown,Unknown,Minor injury: Hospitalization up to 24 hours,428030.38,4582691.12,2.13802837,41.39068578
2020S001305    ,Les Corts,les Corts,Diagonal,Thursday,2020-02-20,Laboral,2020,2,February,20,Afternoon,17:00:00,Unknown,Motorcycle,Male,43,Driver,Unknown,Unknown,Unknown,Minor injury: Hospitalization up to 24 hours,428030.38,4582691.12,2.13802837,41.39068578
2020S001305    ,Les Corts,les Corts,Diagonal,Thursday,2020-02-20,Laboral,2020,2,February,20,Afternoon,17:00:00,Unknown,Motorcycle,Female,42,Passenger,Unknown,Unknown,Unknown,Minor injury: Hospitalization up to 24 hours,428030.38,4582691.12,2.13802837,41.39068578
2020S001305    ,Les Corts,les Corts,Diagonal,Thursday,2020-02-20,Laboral,2020,2,February,20,Afternoon,17:00:00,Unknown,Motorcycle,Male,24,Passenger,Unknown,Unknown,Unknown,Minor injury: Hospitalization up to 24 hours,428030.38,4582691.12,2.13802837,41.39068578
2020S001306    ,Ciutat Vella,"Sant Pere, Santa Caterina i la Ribera",Duana,Thursday,2020-02-20,Laboral,2020,2,February,20,Afternoon,18:00:00,Creuar per fora pas de vianants,Motorcycle,Male,82,Pedestrian,Outside the crossing,On a mission,Unknown,Serious injury: Hospitalization over 24 hours,431920.11,4581879.67,2.18464103,41.383716105
2020S001306    ,Ciutat Vella,"Sant Pere, Santa Caterina i la Ribera",Duana,Thursday,2020-02-20,Laboral,2020,2,February,20,Afternoon,18:00:00,Creuar per fora pas de vianants,Motorcycle,Male,48,Driver,Outside the crossing,Unknown,On a mission,Minor injury: Hospitalization up to 24 hours,431920.11,4581879.67,2.18464103,41.383716105
2020S001307    ,Sant Andreu,el Bon Pastor,Caracas,Thursday,2020-02-20,Laboral,2020,2,February,20,Afternoon,17:00:00,Unknown,Autobús,Female,69,Passenger,Unknown,Unknown,Unknown,Minor injury: Hospitalization up to 24 hours,433589.45,4588074.18,2.20392414,41.439648042
2020S001307    ,Sant Andreu,el Bon Pastor,Caracas,Thursday,2020-02-20,Laboral,2020,2,February,20,Afternoon,17:00:00,Unknown,Autobús,Male,52,Driver,Unknown,Unknown,Urban bus,Uninjured,433589.45,4588074.18,2.20392414,41.439648042
2020S001308    ,Sarriŕ-Sant Gervasi,Sant Gervasi - Galvany,General Mitre,Thursday,2020-02-20,Laboral,2020,2,February,20,Afternoon,17:00:00,Unknown,Motorcycle,Female,27,Driver,Unknown,Unknown,Other activities,Uninjured,427969.8,4583928.14,2.13715661,41.401821708
2020S001308    ,Sarriŕ-Sant Gervasi,Sant Gervasi - Galvany,General Mitre,Thursday,2020-02-20,Laboral,2020,2,February,20,Afternoon,17:00:00,Unknown,Motorcycle,Female,54,Driver,Unknown,Unknown,Other activities,Minor injury: Medical assistance at accident site,427969.8,4583928.14,2.13715661,41.401821708
2020S001309    ,Sants-Montjuďc,Sants - Badal,Roger,Thursday,2020-02-20,Laboral,2020,2,February,20,Afternoon,19:00:00,Unknown,Autobús,Male,55,Passenger,Unknown,Unknown,Unknown,Minor injury: Hospitalization up to 24 hours,427283.35,4581255.44,2.12926633,41.377687945
2020S001309    ,Sants-Montjuďc,Sants - Badal,Roger,Thursday,2020-02-20,Laboral,2020,2,February,20,Afternoon,19:00:00,Unknown,Autobús,Female,30,Driver,Unknown,Unknown,Urban bus,Uninjured,427283.35,4581255.44,2.12926633,41.377687945
2020S001310    ,Horta-Guinardó,Can Baró,Carmel,Thursday,2020-02-20,Laboral,2020,2,February,20,Night,22:00:00,Unknown,Car,Male,57,Driver,Unknown,Unknown,Unknown,Uninjured,429827.95,4585571.99,2.15919316,41.416791687
2020S001310    ,Horta-Guinardó,Can Baró,Carmel,Thursday,2020-02-20,Laboral,2020,2,February,20,Night,22:00:00,Unknown,Autobús,Female,65,Passenger,Unknown,Unknown,Unknown,Minor injury: Hospitalization up to 24 hours,429827.95,4585571.99,2.15919316,41.416791687
2020S001310    ,Horta-Guinardó,Can Baró,Carmel,Thursday,2020-02-20,Laboral,2020,2,February,20,Night,22:00:00,Unknown,Autobús,Male,46,Driver,Unknown,Unknown,Urban bus,Uninjured,429827.95,4585571.99,2.15919316,41.416791687
2020S001311    ,Sarriŕ-Sant Gervasi,Sant Gervasi - Galvany,Augusta,Thursday,2020-02-20,Laboral,2020,2,February,20,Afternoon,19:00:00,Unknown,Motorcycle,Male,22,Driver,Unknown,Unknown,Leisure and entertainment,Uninjured,428420.87,4583547.01,2.1425974,41.398429324
2020S001311    ,Sarriŕ-Sant Gervasi,Sant Gervasi - Galvany,Augusta,Thursday,2020-02-20,Laboral,2020,2,February,20,Afternoon,19:00:00,Unknown,Motorcycle,Female,19,Passenger,Unknown,Unknown,Unknown,Minor injury: Medical assistance at accident site,428420.87,4583547.01,2.1425974,41.398429324
2020S001311    ,Sarriŕ-Sant Gervasi,Sant Gervasi - Galvany,Augusta,Thursday,2020-02-20,Laboral,2020,2,February,20,Afternoon,19:00:00,Unknown,Car,Male,23,Driver,Unknown,Unknown,Taxi,Uninjured,428420.87,4583547.01,2.1425974,41.398429324
2020S001312    ,Horta-Guinardó,Horta,Vall d'Hebron,Thursday,2020-02-20,Laboral,2020,2,February,20,Afternoon,19:00:00,Unknown,Motorcycle,Male,46,Driver,Unknown,Unknown,Unknown,Minor injury: Hospitalization up to 24 hours,429572.66,4588004.39,2.15585515,41.438677003
2020S001312    ,Horta-Guinardó,Horta,Vall d'Hebron,Thursday,2020-02-20,Laboral,2020,2,February,20,Afternoon,19:00:00,Unknown,Furgoneta,Male,43,Driver,Unknown,Unknown,Unknown,Uninjured,429572.66,4588004.39,2.15585515,41.438677003
2020S001313    ,Sarriŕ-Sant Gervasi,Sant Gervasi - Galvany,General Mitre,Friday,2020-02-21,Laboral,2020,2,February,21,Night,05:00:00,Unknown,Car,Male,39,Driver,Unknown,Unknown,"Firefighters, police, ambulance",Uninjured,427747.31,4583669.72,2.13452604,41.39947425
2020S001313    ,Sarriŕ-Sant Gervasi,Sant Gervasi - Galvany,General Mitre,Friday,2020-02-21,Laboral,2020,2,February,21,Night,05:00:00,Unknown,Motorcycle,Female,30,Driver,Unknown,Unknown,In transit (commuting),Minor injury: Hospitalization up to 24 hours,427747.31,4583669.72,2.13452604,41.39947425
2020S001314    ,Ciutat Vella,"Sant Pere, Santa Caterina i la Ribera",Sant Pere,Friday,2020-02-21,Laboral,2020,2,February,21,Morning,07:00:00,Unknown,Veh. mobilitat personal amb motor,Male,25,Driver,Unknown,Unknown,In transit (commuting),Minor injury: Medical assistance at accident site,431490.78,4582499.03,2.17943668,41.389258041
2020S001314    ,Ciutat Vella,"Sant Pere, Santa Caterina i la Ribera",Sant Pere,Friday,2020-02-21,Laboral,2020,2,February,21,Morning,07:00:00,Unknown,Car,Male,21,Driver,Unknown,Unknown,In transit (commuting),Uninjured,431490.78,4582499.03,2.17943668,41.389258041
2020S001315    ,Sant Martí,el Parc i la Llacuna del Poblenou,Joan d'Ŕustria,Friday,2020-02-21,Laboral,2020,2,February,21,Morning,08:00:00,Unknown,Taxi,Male,36,Driver,Unknown,Unknown,On a mission,Uninjured,432478.67,4582949.77,2.19120142,41.393401323
2020S001315    ,Sant Martí,el Parc i la Llacuna del Poblenou,Joan d'Ŕustria,Friday,2020-02-21,Laboral,2020,2,February,21,Morning,08:00:00,Unknown,Motorcycle,Male,62,Driver,Unknown,Unknown,In transit (commuting),Minor injury: Medical assistance at accident site,432478.67,4582949.77,2.19120142,41.393401323
2020S001316    ,Sant Andreu,Sant Andreu,Palomar,Friday,2020-02-21,Laboral,2020,2,February,21,Morning,08:00:00,Unknown,Motorcycle,Female,35,Driver,Unknown,Unknown,Other activities,Minor injury: Hospitalization up to 24 hours,432651.25,4588379.32,2.19266068,41.442318144
2020S001316    ,Sant Andreu,Sant Andreu,Palomar,Friday,2020-02-21,Laboral,2020,2,February,21,Morning,08:00:00,Unknown,Car,Male,32,Driver,Unknown,Unknown,Unknown,Uninjured,432651.25,4588379.32,2.19266068,41.442318144
2020S001317    ,Eixample,la Nova Esquerra de l'Eixample,Entença,Friday,2020-02-21,Laboral,2020,2,February,21,Morning,09:00:00,Unknown,Motorcycle,Female,37,Driver,Unknown,Unknown,In transit (commuting),Uninjured,428888.11,4581622.88,2.14841226,41.381140849
2020S001317    ,Eixample,la Nova Esquerra de l'Eixample,Entença,Friday,2020-02-21,Laboral,2020,2,February,21,Morning,09:00:00,Unknown,Motorcycle,Male,32,Driver,Unknown,Unknown,Other activities,Minor injury: Hospitalization up to 24 hours,428888.11,4581622.88,2.14841226,41.381140849
2020S001318    ,Eixample,la Dreta de l'Eixample,Sant Joan,Thursday,2020-02-20,Laboral,2020,2,February,20,Afternoon,20:00:00,Unknown,Veh. mobilitat personal amb motor,Male,37,Driver,Unknown,Unknown,Unknown,Minor injury: Hospitalization up to 24 hours,430818.25,4583451.61,2.17128447,41.39778004
2020S001318    ,Eixample,la Dreta de l'Eixample,Sant Joan,Thursday,2020-02-20,Laboral,2020,2,February,20,Afternoon,20:00:00,Unknown,Bicicleta,Male,43,Driver,Unknown,Unknown,Unknown,Uninjured,430818.25,4583451.61,2.17128447,41.39778004
2020S001318    ,Eixample,la Dreta de l'Eixample,Sant Joan,Thursday,2020-02-20,Laboral,2020,2,February,20,Afternoon,20:00:00,Unknown,Bicicleta,Male,42,Driver,Unknown,Unknown,Unknown,Minor injury: Medical assistance at accident site,430818.25,4583451.61,2.17128447,41.39778004
2020S001319    ,Sant Martí,el Besňs i el Maresme,Prim,Friday,2020-02-21,Laboral,2020,2,February,21,Morning,09:00:00,Unknown,Furgoneta,Male,37,Driver,Unknown,Unknown,Professional goods transport,Uninjured,434026.12,4585831.67,2.2093956,41.419486402
2020S001319    ,Sant Martí,el Besňs i el Maresme,Prim,Friday,2020-02-21,Laboral,2020,2,February,21,Morning,09:00:00,Unknown,Ciclomotor,Male,24,Driver,Unknown,Unknown,Unknown,Minor injury: Medical assistance at accident site,434026.12,4585831.67,2.2093956,41.419486402
2020S001320    ,Sarriŕ-Sant Gervasi,el Putxet i el Farró,General Mitre,Friday,2020-02-21,Laboral,2020,2,February,21,Morning,11:00:00,Unknown,Motorcycle,Male,48,Driver,Unknown,Unknown,On a mission,Minor injury: Medical assistance at accident site,428852.95,4584342.97,2.14767208,41.405636604
2020S001320    ,Sarriŕ-Sant Gervasi,el Putxet i el Farró,General Mitre,Friday,2020-02-21,Laboral,2020,2,February,21,Morning,11:00:00,Unknown,Car,Male,30,Driver,Unknown,Unknown,Leisure and entertainment,Uninjured,428852.95,4584342.97,2.14767208,41.405636604
2020S001321    ,Horta-Guinardó,la Vall d'Hebron,Pare Mariana,Friday,2020-02-21,Laboral,2020,2,February,21,Morning,10:00:00,Unknown,Car,Male,50,Driver,Unknown,Unknown,Leisure and entertainment,Uninjured,428828.07,4587071.25,2.14705325,41.430206922
2020S001321    ,Horta-Guinardó,la Vall d'Hebron,Pare Mariana,Friday,2020-02-21,Laboral,2020,2,February,21,Morning,10:00:00,Unknown,Motorcycle,Male,24,Driver,Unknown,Unknown,In transit (commuting),Minor injury: Hospitalization up to 24 hours,428828.07,4587071.25,2.14705325,41.430206922
2020S001322    ,Eixample,la Nova Esquerra de l'Eixample,Aragó,Friday,2020-02-21,Laboral,2020,2,February,21,Morning,11:00:00,Unknown,Motorcycle,Male,46,Driver,Unknown,Unknown,Other activities,Minor injury: Hospitalization up to 24 hours,429091.06,4581650.21,2.15083599,41.381404923
2020S001322    ,Eixample,la Nova Esquerra de l'Eixample,Aragó,Friday,2020-02-21,Laboral,2020,2,February,21,Morning,11:00:00,Unknown,Taxi,Male,43,Driver,Unknown,Unknown,Taxi,Uninjured,429091.06,4581650.21,2.15083599,41.381404923
2020S001323    ,Sants-Montjuďc,Sants,Sant Antoni,Thursday,2020-02-20,Laboral,2020,2,February,20,Afternoon,21:00:00,Unknown,Taxi,Male,37,Driver,Unknown,Unknown,On a mission,Uninjured,427910.72,4581091.15,2.1367877,41.376264724
2020S001323    ,Sants-Montjuďc,Sants,Sant Antoni,Thursday,2020-02-20,Laboral,2020,2,February,20,Afternoon,21:00:00,Unknown,Veh. mobilitat personal amb motor,Male,22,Driver,Unknown,Unknown,On a mission,Minor injury: Medical assistance at accident site,427910.72,4581091.15,2.1367877,41.376264724
2020S001324    ,Sarriŕ-Sant Gervasi,Sarriŕ,Augusta,Friday,2020-02-21,Laboral,2020,2,February,21,Morning,08:00:00,Unknown,Motorcycle,Male,30,Driver,Unknown,Unknown,Unknown,Minor injury: Medical assistance at accident site,426879.02,4583639.48,2.12414361,41.399123356
2020S001324    ,Sarriŕ-Sant Gervasi,Sarriŕ,Augusta,Friday,2020-02-21,Laboral,2020,2,February,21,Morning,08:00:00,Unknown,Furgoneta,Male,30,Driver,Unknown,Unknown,Unknown,Uninjured,426879.02,4583639.48,2.12414361,41.399123356
2020S001324    ,Sarriŕ-Sant Gervasi,Sarriŕ,Augusta,Friday,2020-02-21,Laboral,2020,2,February,21,Morning,08:00:00,Unknown,Furgoneta,Male,40,Driver,Unknown,Unknown,On a mission,Uninjured,426879.02,4583639.48,2.12414361,41.399123356
2020S001325    ,Sarriŕ-Sant Gervasi,les Tres Torres,Ganduxer,Friday,2020-02-21,Laboral,2020,2,February,21,Morning,08:00:00,Unknown,Motorcycle,Female,30,Driver,Unknown,Unknown,Unknown,Minor injury: Hospitalization up to 24 hours,427509.11,4584000.1,2.13163722,41.402428395
2020S001325    ,Sarriŕ-Sant Gervasi,les Tres Torres,Ganduxer,Friday,2020-02-21,Laboral,2020,2,February,21,Morning,08:00:00,Unknown,Motorcycle,Male,33,Driver,Unknown,Unknown,Unknown,Uninjured,427509.11,4584000.1,2.13163722,41.402428395
2020S001326    ,Les Corts,les Corts,Numŕncia,Friday,2020-02-21,Laboral,2020,2,February,21,Morning,12:00:00,Unknown,Motorcycle,Female,33,Driver,Unknown,Unknown,In transit (commuting),Minor injury: Hospitalization up to 24 hours,427402.36,4582792.63,2.13050511,41.391543569
2020S001327    ,Horta-Guinardó,Can Baró,Ramiro de Maeztu,Friday,2020-02-21,Laboral,2020,2,February,21,Morning,11:00:00,Unknown,Autobús,Male,45,Driver,Unknown,Unknown,Urban bus,Uninjured,429718.26,4585490.12,2.15789026,41.416044723
2020S001327    ,Horta-Guinardó,Can Baró,Ramiro de Maeztu,Friday,2020-02-21,Laboral,2020,2,February,21,Morning,11:00:00,Unknown,Autobús,Female,82,Passenger,Unknown,Unknown,Unknown,Minor injury: Medical assistance at accident site,429718.26,4585490.12,2.15789026,41.416044723
2020S001328    ,Sant Martí,la Vila Olímpica del Poblenou,Litoral (Llobregat),Friday,2020-02-21,Laboral,2020,2,February,21,Morning,13:00:00,Unknown,Furgoneta,Male,40,Driver,Unknown,Unknown,Unknown,Uninjured,433257.43,4582696.33,2.20054383,41.391183693
2020S001328    ,Sant Martí,la Vila Olímpica del Poblenou,Litoral (Llobregat),Friday,2020-02-21,Laboral,2020,2,February,21,Morning,13:00:00,Unknown,Motorcycle,Female,42,Driver,Unknown,Unknown,Unknown,Serious injury: Hospitalization over 24 hours,433257.43,4582696.33,2.20054383,41.391183693
2020S001329    ,Sant Martí,Provençals del Poblenou,Selva de Mar,Friday,2020-02-21,Laboral,2020,2,February,21,Afternoon,14:00:00,Unknown,Car,Male,84,Driver,Unknown,Unknown,Unknown,Minor injury: Hospitalization up to 24 hours,433432.39,4585193.3,2.20236165,41.41368778
2020S001329    ,Sant Martí,Provençals del Poblenou,Selva de Mar,Friday,2020-02-21,Laboral,2020,2,February,21,Afternoon,14:00:00,Unknown,Car,Male,61,Driver,Unknown,Unknown,Unknown,Uninjured,433432.39,4585193.3,2.20236165,41.41368778
2020S001330    ,Sant Martí,el Parc i la Llacuna del Poblenou,Tŕnger,Friday,2020-02-21,Laboral,2020,2,February,21,Morning,13:00:00,Unknown,Ciclomotor,Female,38,Passenger,Unknown,Unknown,Unknown,Minor injury: Hospitalization up to 24 hours,432688.17,4584041.98,2.19358567,41.40325614
2020S001330    ,Sant Martí,el Parc i la Llacuna del Poblenou,Tŕnger,Friday,2020-02-21,Laboral,2020,2,February,21,Morning,13:00:00,Unknown,Ciclomotor,Male,36,Driver,Unknown,Unknown,Unknown,Minor injury: Hospitalization up to 24 hours,432688.17,4584041.98,2.19358567,41.40325614
2020S001330    ,Sant Martí,el Parc i la Llacuna del Poblenou,Tŕnger,Friday,2020-02-21,Laboral,2020,2,February,21,Morning,13:00:00,Unknown,Furgoneta,Male,25,Driver,Unknown,Unknown,Unknown,Uninjured,432688.17,4584041.98,2.19358567,41.40325614
2020S001331    ,Eixample,l'Antiga Esquerra de l'Eixample,Provença,Friday,2020-02-21,Laboral,2020,2,February,21,Morning,13:00:00,Unknown,Bicicleta,Male,25,Driver,Unknown,Unknown,Unknown,Minor injury: Hospitalization up to 24 hours,429288.05,4582402.83,2.15310377,41.388200864
2020S001331    ,Eixample,l'Antiga Esquerra de l'Eixample,Provença,Friday,2020-02-21,Laboral,2020,2,February,21,Morning,13:00:00,Unknown,Car,Female,78,Driver,Unknown,Unknown,Other activities,Uninjured,429288.05,4582402.83,2.15310377,41.388200864
2020S001332    ,Eixample,la Dreta de l'Eixample,Aragó,Friday,2020-02-21,Laboral,2020,2,February,21,Afternoon,15:00:00,Desobeir altres senyals,Car,Male,46,Driver,Unknown,Unknown,Taxi,Uninjured,430470.43,4583048.06,2.16717043,41.394115378
2020S001332    ,Eixample,la Dreta de l'Eixample,Aragó,Friday,2020-02-21,Laboral,2020,2,February,21,Afternoon,15:00:00,Desobeir altres senyals,Motorcycle,Male,54,Driver,Unknown,Unknown,Unknown,Minor injury: Hospitalization up to 24 hours,430470.43,4583048.06,2.16717043,41.394115378
2020S001333    ,Les Corts,Pedralbes,Dalt (Besňs),Friday,2020-02-21,Laboral,2020,2,February,21,Afternoon,14:00:00,Unknown,Motorcycle,Male,37,Driver,Unknown,Unknown,In transit (commuting),Minor injury: Hospitalization up to 24 hours,425648.78,4583019.77,2.10950432,41.393429037
2020S001334    ,Sant Andreu,Sant Andreu,Fernando Pessoa,Friday,2020-02-21,Laboral,2020,2,February,21,Afternoon,15:00:00,Unknown,Motorcycle,Male,43,Driver,Unknown,Unknown,Unknown,Minor injury: Hospitalization up to 24 hours,432675.73,4588633.13,2.19292539,41.444606179
2020S001334    ,Sant Andreu,Sant Andreu,Fernando Pessoa,Friday,2020-02-21,Laboral,2020,2,February,21,Afternoon,15:00:00,Unknown,Car,Male,72,Driver,Unknown,Unknown,Unknown,Uninjured,432675.73,4588633.13,2.19292539,41.444606179
2020S001335    ,Eixample,l'Antiga Esquerra de l'Eixample,Aribau,Friday,2020-02-21,Laboral,2020,2,February,21,Afternoon,14:00:00,Unknown,Motorcycle,Male,63,Driver,Unknown,Unknown,In transit (commuting),Minor injury: Hospitalization up to 24 hours,430028.51,4582178.88,2.16198524,41.386248606
2020S001335    ,Eixample,l'Antiga Esquerra de l'Eixample,Aribau,Friday,2020-02-21,Laboral,2020,2,February,21,Afternoon,14:00:00,Unknown,Autobús,Male,61,Driver,Unknown,Unknown,Bus de línia discrecional,Uninjured,430028.51,4582178.88,2.16198524,41.386248606
2020S001336    ,Ciutat Vella,el Barri Gňtic,Colom,Friday,2020-02-21,Laboral,2020,2,February,21,Afternoon,16:00:00,Desobeir el senyal del semŕfor,Motorcycle,Male,62,Driver,In crossing regulated by traffic lights,Unknown,Unknown,Minor injury: Hospitalization up to 24 hours,431645.93,4581570.38,2.18139707,41.380907151
2020S001336    ,Ciutat Vella,el Barri Gňtic,Colom,Friday,2020-02-21,Laboral,2020,2,February,21,Afternoon,16:00:00,Desobeir el senyal del semŕfor,Motorcycle,Male,40,Pedestrian,In crossing regulated by traffic lights,Unknown,Unknown,Minor injury: Hospitalization up to 24 hours,431645.93,4581570.38,2.18139707,41.380907151
2020S001337    ,Sants-Montjuďc,la Marina de Port,Foneria,Friday,2020-02-21,Laboral,2020,2,February,21,Afternoon,14:00:00,Unknown,Bicicleta,Female,63,Driver,Unknown,Unknown,On a mission,Minor injury: Hospitalization up to 24 hours,428325.47,4579516.82,2.1419332,41.362122334
2020S001338    ,Ciutat Vella,la Barceloneta,Litoral (Besňs),Friday,2020-02-21,Laboral,2020,2,February,21,Afternoon,17:00:00,Unknown,Car,Male,52,Driver,Unknown,Unknown,Unknown,Uninjured,432200.21,4581787.63,2.18800101,41.382910792
2020S001338    ,Ciutat Vella,la Barceloneta,Litoral (Besňs),Friday,2020-02-21,Laboral,2020,2,February,21,Afternoon,17:00:00,Unknown,Motorcycle,Female,22,Passenger,Unknown,Unknown,Unknown,Minor injury: Medical assistance at accident site,432200.21,4581787.63,2.18800101,41.382910792
2020S001338    ,Ciutat Vella,la Barceloneta,Litoral (Besňs),Friday,2020-02-21,Laboral,2020,2,February,21,Afternoon,17:00:00,Unknown,Motorcycle,Female,27,Driver,Unknown,Unknown,Unknown,Minor injury: Medical assistance at accident site,432200.21,4581787.63,2.18800101,41.382910792
2020S001338    ,Ciutat Vella,la Barceloneta,Litoral (Besňs),Friday,2020-02-21,Laboral,2020,2,February,21,Afternoon,17:00:00,Unknown,Motorcycle,Male,25,Driver,Unknown,Unknown,Unknown,Uninjured,432200.21,4581787.63,2.18800101,41.382910792
2020S001339    ,Les Corts,la Maternitat i Sant Ramon,Diagonal,Friday,2020-02-21,Laboral,2020,2,February,21,Afternoon,14:00:00,Unknown,Car,Male,45,Driver,Unknown,Unknown,Unknown,Uninjured,425387.6,4581831.03,2.106527,41.382698393
2020S001339    ,Les Corts,la Maternitat i Sant Ramon,Diagonal,Friday,2020-02-21,Laboral,2020,2,February,21,Afternoon,14:00:00,Unknown,Motorcycle,Male,23,Passenger,Unknown,Unknown,Unknown,Minor injury: Hospitalization up to 24 hours,425387.6,4581831.03,2.106527,41.382698393
2020S001339    ,Les Corts,la Maternitat i Sant Ramon,Diagonal,Friday,2020-02-21,Laboral,2020,2,February,21,Afternoon,14:00:00,Unknown,Motorcycle,Male,23,Driver,Unknown,Unknown,Unknown,Minor injury: Hospitalization up to 24 hours,425387.6,4581831.03,2.106527,41.382698393
2020S001340    ,Horta-Guinardó,el Guinardó,Mas Casanovas,Friday,2020-02-21,Laboral,2020,2,February,21,Afternoon,14:00:00,Unknown,Furgoneta,Male,51,Driver,Unknown,Unknown,Unknown,Uninjured,430954.03,4585307.98,2.17269668,41.414511439
2020S001340    ,Horta-Guinardó,el Guinardó,Mas Casanovas,Friday,2020-02-21,Laboral,2020,2,February,21,Afternoon,14:00:00,Unknown,Bicicleta,Male,21,Driver,Unknown,Unknown,Unknown,Minor injury: Hospitalization up to 24 hours,430954.03,4585307.98,2.17269668,41.414511439
2020S001341    ,Horta-Guinardó,el Guinardó,Telčgraf,Friday,2020-02-21,Laboral,2020,2,February,21,Afternoon,16:00:00,Unknown,Motorcycle,Female,44,Driver,Unknown,Unknown,Unknown,Minor injury: Medical assistance at accident site,431001.56,4585618.01,2.17322997,41.417307859
2020S001341    ,Horta-Guinardó,el Guinardó,Telčgraf,Friday,2020-02-21,Laboral,2020,2,February,21,Afternoon,16:00:00,Unknown,Furgoneta,Male,58,Driver,Unknown,Unknown,Unknown,Uninjured,431001.56,4585618.01,2.17322997,41.417307859
2020S001342    ,Nou Barris,la Guineueta,Doctor Pi i Molist,Friday,2020-02-21,Laboral,2020,2,February,21,Afternoon,18:00:00,Unknown,Car,Male,43,Driver,In pedestrian area,Unknown,Unknown,Uninjured,430897.22,4587648.13,2.17174938,41.435583452