Case_Number,District_Name,Neighborhood_Name,Street_Name,Day_of_Week,Date,Day_Type_Description,Year,Month_of_Year,Month_Name,Day_of_Month,Shift_Description,Hour_of_Day,Pedestrian_Cause_Description,Involved_Vehicle_Type_Description,Gender_Description,Age,Person_Type_Description,Pedestrian_Accident_Location_Description,Pedestrian_Movement_Reason_Description,Driver_Movement_Reason_Description,Victimization_Description,Coordenada_UTM_X,Coordenada_UTM_Y,Longitud,Latitud
2020S001342    ,Nou Barris,la Guineueta,Doctor Pi i Molist,Friday,2020-02-21,Laboral,2020,2,February,21,Afternoon,18:00:00,Unknown,Car,Male,86,Pedestrian,In pedestrian area,Other activities,Unknown,Minor injury: Hospitalization up to 24 hours,430897.22,4587648.13,2.17174938,41.435583452
2020S001343    ,Sarriŕ-Sant Gervasi,Sant Gervasi - la Bonanova,Sant Gervasi,Friday,2020-02-21,Laboral,2020,2,February,21,Afternoon,17:00:00,Desobeir el senyal del semŕfor,Car,Female,10,Pedestrian,In crossing regulated by traffic lights,Unknown,Unknown,Minor injury: Hospitalization up to 24 hours,427749.63,4584715.78,2.13442886,41.408895891
2020S001343    ,Sarriŕ-Sant Gervasi,Sant Gervasi - la Bonanova,Sant Gervasi,Friday,2020-02-21,Laboral,2020,2,February,21,Afternoon,17:00:00,Desobeir el senyal del semŕfor,Car,Female,48,Pedestrian,In crossing regulated by traffic lights,Unknown,Unknown,Uninjured,427749.63,4584715.78,2.13442886,41.408895891
2020S001343    ,Sarriŕ-Sant Gervasi,Sant Gervasi - la Bonanova,Sant Gervasi,Friday,2020-02-21,Laboral,2020,2,February,21,Afternoon,17:00:00,Desobeir el senyal del semŕfor,Car,Female,65,Pedestrian,In crossing regulated by traffic lights,Unknown,Unknown,Uninjured,427749.63,4584715.78,2.13442886,41.408895891
2020S001343    ,Sarriŕ-Sant Gervasi,Sant Gervasi - la Bonanova,Sant Gervasi,Friday,2020-02-21,Laboral,2020,2,February,21,Afternoon,17:00:00,Desobeir el senyal del semŕfor,Car,Female,51,Driver,In crossing regulated by traffic lights,Unknown,Unknown,Uninjured,427749.63,4584715.78,2.13442886,41.408895891
2020S001344    ,Eixample,el Fort Pienc,Sant Joan,Friday,2020-02-21,Laboral,2020,2,February,21,Afternoon,16:00:00,Unknown,Motorcycle,Female,54,Driver,Unknown,Unknown,Leisure and entertainment,Minor injury: Hospitalization up to 24 hours,431566.73,4582770.24,2.18031437,41.391707222
2020S001344    ,Eixample,el Fort Pienc,Sant Joan,Friday,2020-02-21,Laboral,2020,2,February,21,Afternoon,16:00:00,Unknown,Motorcycle,Male,50,Driver,Unknown,Unknown,Unknown,Uninjured,431566.73,4582770.24,2.18031437,41.391707222
2020S001345    ,Sant Andreu,la Trinitat Vella,Dalt (Besňs),Friday,2020-02-21,Laboral,2020,2,February,21,Afternoon,20:00:00,Unknown,Car,Male,85,Driver,Unknown,Unknown,Leisure and entertainment,Uninjured,432418.11,4588904.25,2.18981132,41.447026404
2020S001345    ,Sant Andreu,la Trinitat Vella,Dalt (Besňs),Friday,2020-02-21,Laboral,2020,2,February,21,Afternoon,20:00:00,Unknown,Motorcycle,Male,52,Driver,Unknown,Unknown,Leisure and entertainment,Minor injury: Hospitalization up to 24 hours,432418.11,4588904.25,2.18981132,41.447026404
2020S001346    ,Eixample,la Sagrada Família,Padilla,Friday,2020-02-21,Laboral,2020,2,February,21,Afternoon,20:00:00,Unknown,Car,Female,29,Driver,Unknown,Unknown,Leisure and entertainment,Uninjured,431111.4,4584566.27,2.17466402,41.407844614
2020S001346    ,Eixample,la Sagrada Família,Padilla,Friday,2020-02-21,Laboral,2020,2,February,21,Afternoon,20:00:00,Unknown,Motorcycle,Male,27,Driver,Unknown,Unknown,Leisure and entertainment,Minor injury: Hospitalization up to 24 hours,431111.4,4584566.27,2.17466402,41.407844614
2020S001347    ,Eixample,l'Antiga Esquerra de l'Eixample,Aribau,Friday,2020-02-21,Laboral,2020,2,February,21,Afternoon,20:00:00,Unknown,Motorcycle,Male,20,Driver,Unknown,Unknown,Other activities,Minor injury: Medical assistance at accident site,430028.51,4582178.88,2.16198524,41.386248606
2020S001348    ,Sarriŕ-Sant Gervasi,Sant Gervasi - Galvany,Brusi,Friday,2020-02-21,Laboral,2020,2,February,21,Afternoon,18:00:00,Desobeir el senyal del semŕfor,Motorcycle,Male,24,Driver,In crossing regulated by traffic lights,Unknown,Unknown,Uninjured,428642.79,4583881.78,2.14521239,41.401464206
2020S001348    ,Sarriŕ-Sant Gervasi,Sant Gervasi - Galvany,Brusi,Friday,2020-02-21,Laboral,2020,2,February,21,Afternoon,18:00:00,Desobeir el senyal del semŕfor,Motorcycle,Female,68,Pedestrian,In crossing regulated by traffic lights,Unknown,Unknown,Minor injury: Hospitalization up to 24 hours,428642.79,4583881.78,2.14521239,41.401464206
2020S001349    ,Sant Martí,Sant Martí de Provençals,Guipúscoa,Friday,2020-02-21,Laboral,2020,2,February,21,Afternoon,16:00:00,Unknown,Motorcycle,Male,33,Driver,Unknown,Unknown,Unknown,Minor injury: Hospitalization up to 24 hours,432852.41,4585383.01,2.19540149,41.415348166
2020S001349    ,Sant Martí,Sant Martí de Provençals,Guipúscoa,Friday,2020-02-21,Laboral,2020,2,February,21,Afternoon,16:00:00,Unknown,Furgoneta,Male,36,Driver,Unknown,Unknown,Unknown,Uninjured,432852.41,4585383.01,2.19540149,41.415348166
2020S001350    ,Eixample,la Dreta de l'Eixample,Diagonal,Friday,2020-02-21,Laboral,2020,2,February,21,Afternoon,21:00:00,Unknown,Car,Male,48,Driver,Unknown,Unknown,Taxi,Uninjured,430085.04,4583377.32,2.16252287,41.397047483
2020S001350    ,Eixample,la Dreta de l'Eixample,Diagonal,Friday,2020-02-21,Laboral,2020,2,February,21,Afternoon,21:00:00,Unknown,Motorcycle,Female,50,Driver,Unknown,Unknown,Unknown,Minor injury: Hospitalization up to 24 hours,430085.04,4583377.32,2.16252287,41.397047483
2020S001351    ,Sarriŕ-Sant Gervasi,Sant Gervasi - Galvany,Prats de Molló,Saturday,2020-02-22,Laboral,2020,2,February,22,Night,00:00:00,Unknown,Car,Female,48,Driver,Unknown,Unknown,Taxi,Uninjured,427968.99,4583869.82,2.13715386,41.401296371
2020S001351    ,Sarriŕ-Sant Gervasi,Sant Gervasi - Galvany,Prats de Molló,Saturday,2020-02-22,Laboral,2020,2,February,22,Night,00:00:00,Unknown,Motorcycle,Female,61,Driver,Unknown,Unknown,Leisure and entertainment,Minor injury: Hospitalization up to 24 hours,427968.99,4583869.82,2.13715386,41.401296371
2020S001352    ,Eixample,l'Antiga Esquerra de l'Eixample,Mallorca,Friday,2020-02-21,Laboral,2020,2,February,21,Night,22:00:00,Unknown,Ciclomotor,Female,23,Driver,Unknown,Unknown,Unknown,Minor injury: Hospitalization up to 24 hours,429560.05,4582521.86,2.15634292,41.389296806
2020S001353    ,Sant Martí,la Vila Olímpica del Poblenou,Doctor Trueta,Saturday,2020-02-22,Laboral,2020,2,February,22,Morning,06:00:00,Unknown,Taxi,Male,35,Passenger,Unknown,Unknown,Unknown,Minor injury: Hospitalization up to 24 hours,433074.57,4583068.97,2.19831558,41.394524766
2020S001353    ,Sant Martí,la Vila Olímpica del Poblenou,Doctor Trueta,Saturday,2020-02-22,Laboral,2020,2,February,22,Morning,06:00:00,Unknown,Taxi,Male,31,Driver,Unknown,Unknown,Taxi,Minor injury: Hospitalization up to 24 hours,433074.57,4583068.97,2.19831558,41.394524766
2020S001353    ,Sant Martí,la Vila Olímpica del Poblenou,Doctor Trueta,Saturday,2020-02-22,Laboral,2020,2,February,22,Morning,06:00:00,Unknown,Car,Female,21,Driver,Unknown,Unknown,Other activities,Uninjured,433074.57,4583068.97,2.19831558,41.394524766
2020S001354    ,Eixample,la Dreta de l'Eixample,Aragó,Saturday,2020-02-22,Laboral,2020,2,February,22,Morning,06:00:00,Unknown,Ciclomotor,Female,36,Driver,Unknown,Unknown,In transit (commuting),Serious injury: Hospitalization over 24 hours,430717.8,4583288.12,2.17010167,41.396298884
2020S001354    ,Eixample,la Dreta de l'Eixample,Aragó,Saturday,2020-02-22,Laboral,2020,2,February,22,Morning,06:00:00,Unknown,Car,Female,27,Driver,Unknown,Unknown,Transport de menors a l'escola,Uninjured,430717.8,4583288.12,2.17010167,41.396298884
2020S001355    ,Ciutat Vella,el Barri Gňtic,Call,Saturday,2020-02-22,Laboral,2020,2,February,22,Morning,09:00:00,Unknown,"Camió rígid <= 3,5 tones",Male,55,Driver,Unknown,Unknown,Cleaning or garbage collection service,Unknown,431241.12,4581757.32,2.17653501,41.382556355
2020S001356    ,Sant Martí,el Clot,Espronceda,Saturday,2020-02-22,Laboral,2020,2,February,22,Morning,11:00:00,Unknown,Car,Male,50,Driver,Unknown,Unknown,Unknown,Uninjured,432761.09,4585118.35,2.19433831,41.41295681
2020S001356    ,Sant Martí,el Clot,Espronceda,Saturday,2020-02-22,Laboral,2020,2,February,22,Morning,11:00:00,Unknown,Motorcycle,Female,27,Passenger,Unknown,Unknown,Unknown,Minor injury: Hospitalization up to 24 hours,432761.09,4585118.35,2.19433831,41.41295681
2020S001356    ,Sant Martí,el Clot,Espronceda,Saturday,2020-02-22,Laboral,2020,2,February,22,Morning,11:00:00,Unknown,Motorcycle,Male,30,Driver,Unknown,Unknown,Unknown,Uninjured,432761.09,4585118.35,2.19433831,41.41295681
2020S001357    ,Horta-Guinardó,el Guinardó,Mare de Déu de Montserrat,Saturday,2020-02-22,Laboral,2020,2,February,22,Morning,13:00:00,Unknown,Motorcycle,Male,51,Driver,Unknown,Unknown,In transit (commuting),Minor injury: Hospitalization up to 24 hours,431225.74,4586381.14,2.17582544,41.42420034
2020S001357    ,Horta-Guinardó,el Guinardó,Mare de Déu de Montserrat,Saturday,2020-02-22,Laboral,2020,2,February,22,Morning,13:00:00,Unknown,Car,Male,32,Driver,Unknown,Unknown,Unknown,Uninjured,431225.74,4586381.14,2.17582544,41.42420034
2020S001358    ,Sant Martí,el Clot,Las Navas de Tolosa,Saturday,2020-02-22,Laboral,2020,2,February,22,Morning,10:00:00,Unknown,Car,Male,46,Driver,Unknown,Unknown,Unknown,Uninjured,432383.36,4585119.4,2.18981895,41.412934557
2020S001358    ,Sant Martí,el Clot,Las Navas de Tolosa,Saturday,2020-02-22,Laboral,2020,2,February,22,Morning,10:00:00,Unknown,Motorcycle,Male,32,Driver,Unknown,Unknown,Unknown,Minor injury: Hospitalization up to 24 hours,432383.36,4585119.4,2.18981895,41.412934557
2020S001360    ,Sant Andreu,la Trinitat Vella,B-20 (Llobregat),Saturday,2020-02-22,Laboral,2020,2,February,22,Afternoon,14:00:00,Unknown,Car,Male,55,Driver,Unknown,Unknown,Unknown,Uninjured,432838.99,4589349.79,2.19479988,41.451074575
2020S001360    ,Sant Andreu,la Trinitat Vella,B-20 (Llobregat),Saturday,2020-02-22,Laboral,2020,2,February,22,Afternoon,14:00:00,Unknown,Car,Female,28,Driver,Unknown,Unknown,Unknown,Minor injury: Medical assistance at accident site,432838.99,4589349.79,2.19479988,41.451074575
2020S001360    ,Sant Andreu,la Trinitat Vella,B-20 (Llobregat),Saturday,2020-02-22,Laboral,2020,2,February,22,Afternoon,14:00:00,Unknown,Car,Male,30,Passenger,Unknown,Unknown,Unknown,Minor injury: Medical assistance at accident site,432838.99,4589349.79,2.19479988,41.451074575
2020S001360    ,Sant Andreu,la Trinitat Vella,B-20 (Llobregat),Saturday,2020-02-22,Laboral,2020,2,February,22,Afternoon,14:00:00,Unknown,Car,Female,51,Passenger,Unknown,Unknown,Unknown,Uninjured,432838.99,4589349.79,2.19479988,41.451074575
2020S001360    ,Sant Andreu,la Trinitat Vella,B-20 (Llobregat),Saturday,2020-02-22,Laboral,2020,2,February,22,Afternoon,14:00:00,Unknown,Car,Male,25,Driver,Unknown,Unknown,Unknown,Minor injury: Medical assistance at accident site,432838.99,4589349.79,2.19479988,41.451074575
2020S001360    ,Sant Andreu,la Trinitat Vella,B-20 (Llobregat),Saturday,2020-02-22,Laboral,2020,2,February,22,Afternoon,14:00:00,Unknown,Car,Male,29,Passenger,Unknown,Unknown,Unknown,Minor injury: Medical assistance at accident site,432838.99,4589349.79,2.19479988,41.451074575
2020S001360    ,Sant Andreu,la Trinitat Vella,B-20 (Llobregat),Saturday,2020-02-22,Laboral,2020,2,February,22,Afternoon,14:00:00,Unknown,Car,Female,18,Passenger,Unknown,Unknown,Unknown,Uninjured,432838.99,4589349.79,2.19479988,41.451074575
2020S001361    ,Eixample,la Sagrada Família,Lepant,Saturday,2020-02-22,Laboral,2020,2,February,22,Afternoon,14:00:00,Unknown,Motorcycle,Male,44,Driver,Unknown,Unknown,Unknown,Minor injury: Medical assistance at accident site,431153.88,4584296.69,2.1752029,41.405420234
2020S001361    ,Eixample,la Sagrada Família,Lepant,Saturday,2020-02-22,Laboral,2020,2,February,22,Afternoon,14:00:00,Unknown,Ciclomotor,Male,26,Driver,Unknown,Unknown,Unknown,Uninjured,431153.88,4584296.69,2.1752029,41.405420234
2020S001362    ,Grŕcia,Vallcarca i els Penitents,Cardedeu,Saturday,2020-02-22,Laboral,2020,2,February,22,Afternoon,14:00:00,Unknown,Car,Female,10,Passenger,Unknown,Unknown,Unknown,Minor injury: Hospitalization up to 24 hours,428631.85,4585446.98,2.14489684,41.415560376
2020S001362    ,Grŕcia,Vallcarca i els Penitents,Cardedeu,Saturday,2020-02-22,Laboral,2020,2,February,22,Afternoon,14:00:00,Unknown,Car,Female,42,Driver,Unknown,Unknown,Unknown,Minor injury: Hospitalization up to 24 hours,428631.85,4585446.98,2.14489684,41.415560376
2020S001363    ,Grŕcia,Vallcarca i els Penitents,Dalt (Besňs),Saturday,2020-02-22,Laboral,2020,2,February,22,Afternoon,15:00:00,Unknown,Car,Female,72,Driver,Unknown,Unknown,Leisure and entertainment,Uninjured,428089.88,4585613.77,2.13839259,41.417014242
2020S001363    ,Grŕcia,Vallcarca i els Penitents,Dalt (Besňs),Saturday,2020-02-22,Laboral,2020,2,February,22,Afternoon,15:00:00,Unknown,Motorcycle,Male,52,Driver,Unknown,Unknown,Leisure and entertainment,Minor injury: Hospitalization up to 24 hours,428089.88,4585613.77,2.13839259,41.417014242
2020S001363    ,Grŕcia,Vallcarca i els Penitents,Dalt (Besňs),Saturday,2020-02-22,Laboral,2020,2,February,22,Afternoon,15:00:00,Unknown,Car,Male,24,Driver,Unknown,Unknown,Leisure and entertainment,Uninjured,428089.88,4585613.77,2.13839259,41.417014242
2020S001364    ,Les Corts,les Corts,Diagonal,Saturday,2020-02-22,Laboral,2020,2,February,22,Afternoon,17:00:00,Unknown,Motorcycle,Male,50,Driver,Unknown,Unknown,Leisure and entertainment,Serious injury: Hospitalization over 24 hours,427515.63,4582512.36,2.13189339,41.38902951
2020S001364    ,Les Corts,les Corts,Diagonal,Saturday,2020-02-22,Laboral,2020,2,February,22,Afternoon,17:00:00,Unknown,Taxi,Male,47,Driver,Unknown,Unknown,Taxi,Uninjured,427515.63,4582512.36,2.13189339,41.38902951
2020S001364    ,Les Corts,les Corts,Diagonal,Saturday,2020-02-22,Laboral,2020,2,February,22,Afternoon,17:00:00,Unknown,Car,Female,36,Driver,Unknown,Unknown,Leisure and entertainment,Uninjured,427515.63,4582512.36,2.13189339,41.38902951
2020S001365    ,Nou Barris,la Guineueta,Favčncia,Saturday,2020-02-22,Laboral,2020,2,February,22,Afternoon,20:00:00,Unknown,Car,Male,46,Driver,Unknown,Unknown,Leisure and entertainment,Uninjured,430301.21,4588193.01,2.16455328,41.440439435
2020S001365    ,Nou Barris,la Guineueta,Favčncia,Saturday,2020-02-22,Laboral,2020,2,February,22,Afternoon,20:00:00,Unknown,Car,Male,52,Driver,Unknown,Unknown,Leisure and entertainment,Uninjured,430301.21,4588193.01,2.16455328,41.440439435
2020S001366    ,Sants-Montjuďc,Sants - Badal,Badal,Saturday,2020-02-22,Laboral,2020,2,February,22,Afternoon,15:00:00,Unknown,Motorcycle,Male,38,Passenger,Unknown,Unknown,Unknown,Minor injury: Hospitalization up to 24 hours,427376.69,4580964.45,2.13041733,41.375075542
2020S001366    ,Sants-Montjuďc,Sants - Badal,Badal,Saturday,2020-02-22,Laboral,2020,2,February,22,Afternoon,15:00:00,Unknown,Motorcycle,Male,36,Driver,Unknown,Unknown,Unknown,Minor injury: Hospitalization up to 24 hours,427376.69,4580964.45,2.13041733,41.375075542
2020S001367    ,Eixample,la Dreta de l'Eixample,Pelai,Saturday,2020-02-22,Laboral,2020,2,February,22,Afternoon,20:00:00,Unknown,Motorcycle,Female,31,Passenger,Unknown,Unknown,Unknown,Minor injury: Hospitalization up to 24 hours,430618.23,4582104.39,2.16904637,41.385628805
2020S001367    ,Eixample,la Dreta de l'Eixample,Pelai,Saturday,2020-02-22,Laboral,2020,2,February,22,Afternoon,20:00:00,Unknown,Car,Female,34,Driver,Unknown,Unknown,Unknown,Uninjured,430618.23,4582104.39,2.16904637,41.385628805
2020S001367    ,Eixample,la Dreta de l'Eixample,Pelai,Saturday,2020-02-22,Laboral,2020,2,February,22,Afternoon,20:00:00,Unknown,Taxi,Female,48,Driver,Unknown,Unknown,Taxi,Uninjured,430618.23,4582104.39,2.16904637,41.385628805
2020S001367    ,Eixample,la Dreta de l'Eixample,Pelai,Saturday,2020-02-22,Laboral,2020,2,February,22,Afternoon,20:00:00,Unknown,Motorcycle,Female,45,Driver,Unknown,Unknown,Unknown,Minor injury: Medical assistance at accident site,430618.23,4582104.39,2.16904637,41.385628805
2020S001368    ,Ciutat Vella,el Barri Gňtic,Ample,Saturday,2020-02-22,Laboral,2020,2,February,22,Afternoon,21:00:00,Unknown,Car,Male,35,Driver,Unknown,Unknown,Leisure and entertainment,Uninjured,431459.11,4581402.42,2.17918203,41.379378478
2020S001369    ,Sant Martí,Diagonal Mar i el Front Marítim del Poblenou,Litoral (Besňs),Saturday,2020-02-22,Laboral,2020,2,February,22,Afternoon,21:00:00,Unknown,Car,Male,45,Driver,Unknown,Unknown,In transit (commuting),Uninjured,434743.24,4584321.79,2.21813923,41.405945864
2020S001369    ,Sant Martí,Diagonal Mar i el Front Marítim del Poblenou,Litoral (Besňs),Saturday,2020-02-22,Laboral,2020,2,February,22,Afternoon,21:00:00,Unknown,Car,Male,60,Driver,Unknown,Unknown,Unknown,Uninjured,434743.24,4584321.79,2.21813923,41.405945864
2020S001369    ,Sant Martí,Diagonal Mar i el Front Marítim del Poblenou,Litoral (Besňs),Saturday,2020-02-22,Laboral,2020,2,February,22,Afternoon,21:00:00,Unknown,Car,Male,45,Driver,Unknown,Unknown,In transit (commuting),Minor injury: Hospitalization up to 24 hours,434743.24,4584321.79,2.21813923,41.405945864
2020S001370    ,Sarriŕ-Sant Gervasi,Sarriŕ,Manuel Girona,Saturday,2020-02-22,Laboral,2020,2,February,22,Afternoon,21:00:00,Unknown,Ciclomotor,Male,21,Driver,Unknown,Unknown,On a mission,Minor injury: Medical assistance at accident site,427289.06,4582900.0,2.12913714,41.392500367
2020S001370    ,Sarriŕ-Sant Gervasi,Sarriŕ,Manuel Girona,Saturday,2020-02-22,Laboral,2020,2,February,22,Afternoon,21:00:00,Unknown,Car,Male,47,Driver,Unknown,Unknown,Leisure and entertainment,Uninjured,427289.06,4582900.0,2.12913714,41.392500367
2020S001371    ,Sants-Montjuďc,la Bordeta,Corts Catalanes,Saturday,2020-02-22,Laboral,2020,2,February,22,Night,22:00:00,Unknown,Car,Male,55,Driver,Unknown,Unknown,Unknown,Uninjured,428120.05,4580176.09,2.13939928,41.368041834
2020S001371    ,Sants-Montjuďc,la Bordeta,Corts Catalanes,Saturday,2020-02-22,Laboral,2020,2,February,22,Night,22:00:00,Unknown,Car,Male,31,Driver,Unknown,Unknown,On a mission,Minor injury: Hospitalization up to 24 hours,428120.05,4580176.09,2.13939928,41.368041834
2020S001372    ,Eixample,el Fort Pienc,Lepant,Saturday,2020-02-22,Laboral,2020,2,February,22,Night,22:00:00,Unknown,Car,Male,33,Driver,Unknown,Unknown,Leisure and entertainment,Uninjured,431812.08,4583651.58,2.18314952,41.399666051
2020S001373    ,Eixample,la Sagrada Família,Sagrada Família,Saturday,2020-02-22,Laboral,2020,2,February,22,Night,23:00:00,Unknown,Bicicleta,Male,18,Driver,Unknown,Unknown,Unknown,Uninjured,430955.09,4584075.06,2.17285012,41.403407026
2020S001373    ,Eixample,la Sagrada Família,Sagrada Família,Saturday,2020-02-22,Laboral,2020,2,February,22,Night,23:00:00,Unknown,Motorcycle,Female,26,Driver,Unknown,Unknown,Unknown,Minor injury: Medical assistance at accident site,430955.09,4584075.06,2.17285012,41.403407026
2020S001374    ,Sants-Montjuďc,Sants,Sants,Sunday,2020-02-23,Laboral,2020,2,February,23,Night,04:00:00,Unknown,Ciclomotor,Female,32,Driver,Unknown,Unknown,Leisure and entertainment,Minor injury: Medical assistance at accident site,428103.44,4580997.55,2.13910322,41.375438953
2020S001375    ,Sants-Montjuďc,Sants - Badal,Brasil,Sunday,2020-02-23,Laboral,2020,2,February,23,Night,02:00:00,Unknown,Veh. mobilitat personal amb motor,Male,22,Driver,Unknown,Unknown,Unknown,Minor injury: Hospitalization up to 24 hours,427281.1,4581306.16,2.12923334,41.378144558
2020S001376    ,Horta-Guinardó,el Baix Guinardó,Guinardó,Friday,2020-02-14,Laboral,2020,2,February,14,Morning,08:00:00,Unknown,Furgoneta,Male,31,Driver,Unknown,Unknown,Unknown,Uninjured,430111.4,4585098.45,2.16263932,41.412551399
2020S001377    ,Eixample,la Sagrada Família,Sant Antoni Maria Claret,Sunday,2020-02-23,Laboral,2020,2,February,23,Morning,11:00:00,Unknown,Motorcycle,Male,43,Driver,Unknown,Unknown,Unknown,Minor injury: Hospitalization up to 24 hours,430633.15,4584474.72,2.16895311,41.406978902
2020S001378    ,Eixample,la Dreta de l'Eixample,Diagonal,Sunday,2020-02-23,Laboral,2020,2,February,23,Morning,12:00:00,Unknown,Car,Male,57,Driver,Unknown,Unknown,Taxi,Uninjured,430093.8,4583433.95,2.16262111,41.397558293
2020S001378    ,Eixample,la Dreta de l'Eixample,Diagonal,Sunday,2020-02-23,Laboral,2020,2,February,23,Morning,12:00:00,Unknown,Motorcycle,Male,65,Driver,Unknown,Unknown,Leisure and entertainment,Minor injury: Hospitalization up to 24 hours,430093.8,4583433.95,2.16262111,41.397558293
2020S001379    ,Eixample,l'Antiga Esquerra de l'Eixample,Aragó,Sunday,2020-02-23,Laboral,2020,2,February,23,Afternoon,14:00:00,Unknown,Motorcycle,Female,37,Passenger,Unknown,Unknown,Unknown,Minor injury: Hospitalization up to 24 hours,429839.5,4582427.56,2.15969601,41.388471914
2020S001379    ,Eixample,l'Antiga Esquerra de l'Eixample,Aragó,Sunday,2020-02-23,Laboral,2020,2,February,23,Afternoon,14:00:00,Unknown,Motorcycle,Male,44,Driver,Unknown,Unknown,Leisure and entertainment,Minor injury: Hospitalization up to 24 hours,429839.5,4582427.56,2.15969601,41.388471914
2020S001379    ,Eixample,l'Antiga Esquerra de l'Eixample,Aragó,Sunday,2020-02-23,Laboral,2020,2,February,23,Afternoon,14:00:00,Unknown,Car,Male,49,Driver,Unknown,Unknown,Leisure and entertainment,Uninjured,429839.5,4582427.56,2.15969601,41.388471914
2020S001380    ,Ciutat Vella,el Raval,Rambla,Sunday,2020-02-23,Laboral,2020,2,February,23,Afternoon,14:00:00,Unknown,Furgoneta,Male,36,Driver,Unknown,Unknown,Professional goods transport,Uninjured,430958.31,4581584.93,2.17317266,41.380979454
2020S001381    ,Sants-Montjuďc,Sants,Nicaragua,Sunday,2020-02-23,Laboral,2020,2,February,23,Afternoon,19:00:00,Unknown,Car,Female,27,Driver,Unknown,Unknown,Leisure and entertainment,Uninjured,428327.13,4581810.53,2.14168173,41.382781141
2020S001381    ,Sants-Montjuďc,Sants,Nicaragua,Sunday,2020-02-23,Laboral,2020,2,February,23,Afternoon,19:00:00,Unknown,Motorcycle,Male,36,Driver,Unknown,Unknown,Leisure and entertainment,Minor injury: Medical assistance at accident site,428327.13,4581810.53,2.14168173,41.382781141
2020S001382    ,Sant Martí,Sant Martí de Provençals,Cantŕbria,Sunday,2020-02-23,Laboral,2020,2,February,23,Afternoon,19:00:00,Unknown,Ciclomotor,Female,49,Driver,Unknown,Unknown,Unknown,Minor injury: Hospitalization up to 24 hours,433438.66,4585759.46,2.20237433,41.418787547
2020S001382    ,Sant Martí,Sant Martí de Provençals,Cantŕbria,Sunday,2020-02-23,Laboral,2020,2,February,23,Afternoon,19:00:00,Unknown,Car,Male,64,Driver,Unknown,Unknown,Unknown,Uninjured,433438.66,4585759.46,2.20237433,41.418787547
2020S001383    ,Sant Andreu,Sant Andreu,Meridiana,Sunday,2020-02-23,Laboral,2020,2,February,23,Afternoon,20:00:00,Unknown,Autobús,Female,54,Passenger,Unknown,Unknown,Unknown,Minor injury: Hospitalization up to 24 hours,431986.73,4587721.27,2.18478076,41.436335266
2020S001383    ,Sant Andreu,Sant Andreu,Meridiana,Sunday,2020-02-23,Laboral,2020,2,February,23,Afternoon,20:00:00,Unknown,Autobús,Male,48,Driver,Unknown,Unknown,Regular line bus,Uninjured,431986.73,4587721.27,2.18478076,41.436335266
2020S001383    ,Sant Andreu,Sant Andreu,Meridiana,Sunday,2020-02-23,Laboral,2020,2,February,23,Afternoon,20:00:00,Unknown,Autobús,Female,52,Passenger,Unknown,Unknown,Unknown,Minor injury: Hospitalization up to 24 hours,431986.73,4587721.27,2.18478076,41.436335266
2020S001383    ,Sant Andreu,Sant Andreu,Meridiana,Sunday,2020-02-23,Laboral,2020,2,February,23,Afternoon,20:00:00,Unknown,Car,Male,48,Driver,Unknown,Unknown,Unknown,Uninjured,431986.73,4587721.27,2.18478076,41.436335266
2020S001384    ,Eixample,la Nova Esquerra de l'Eixample,Aragó,Sunday,2020-02-23,Laboral,2020,2,February,23,Night,23:00:00,Unknown,Motorcycle,Male,43,Driver,Unknown,Unknown,In transit (commuting),Minor injury: Hospitalization up to 24 hours,429378.09,4581935.46,2.15423512,41.383999334
2020S001384    ,Eixample,la Nova Esquerra de l'Eixample,Aragó,Sunday,2020-02-23,Laboral,2020,2,February,23,Night,23:00:00,Unknown,Car,Male,27,Driver,Unknown,Unknown,Leisure and entertainment,Uninjured,429378.09,4581935.46,2.15423512,41.383999334
2020S001385    ,Horta-Guinardó,la Clota,Estatut de Catalunya,Monday,2020-02-24,Laboral,2020,2,February,24,Night,01:00:00,Unknown,Car,Male,30,Driver,Unknown,Unknown,Leisure and entertainment,Unknown,429493.73,4587108.15,2.15501507,41.430598006
2020S001387    ,Eixample,l'Antiga Esquerra de l'Eixample,Muntaner,Monday,2020-02-24,Laboral,2020,2,February,24,Night,02:00:00,Unknown,Motorcycle,Female,53,Passenger,Unknown,Unknown,Unknown,Minor injury: Hospitalization up to 24 hours,429616.05,4582409.28,2.15702576,41.38828774
2020S001387    ,Eixample,l'Antiga Esquerra de l'Eixample,Muntaner,Monday,2020-02-24,Laboral,2020,2,February,24,Night,02:00:00,Unknown,Motorcycle,Male,54,Driver,Unknown,Unknown,Leisure and entertainment,Minor injury: Hospitalization up to 24 hours,429616.05,4582409.28,2.15702576,41.38828774
2020S001387    ,Eixample,l'Antiga Esquerra de l'Eixample,Muntaner,Monday,2020-02-24,Laboral,2020,2,February,24,Night,02:00:00,Unknown,Car,Male,38,Driver,Unknown,Unknown,Taxi,Uninjured,429616.05,4582409.28,2.15702576,41.38828774
2020S001388    ,Eixample,la Nova Esquerra de l'Eixample,Mallorca,Monday,2020-02-24,Laboral,2020,2,February,24,Morning,06:00:00,Unknown,Motorcycle,Male,26,Driver,Unknown,Unknown,In transit (commuting),Minor injury: Medical assistance at accident site,428967.34,4581907.04,2.14932639,41.383707183