Case_Number,District_Name,Neighborhood_Name,Street_Name,Day_of_Week,Date,Day_Type_Description,Year,Month_of_Year,Month_Name,Day_of_Month,Shift_Description,Hour_of_Day,Pedestrian_Cause_Description,Involved_Vehicle_Type_Description,Gender_Description,Age,Person_Type_Description,Pedestrian_Accident_Location_Description,Pedestrian_Movement_Reason_Description,Driver_Movement_Reason_Description,Victimization_Description,Coordenada_UTM_X,Coordenada_UTM_Y,Longitud,Latitud
2020S001572    ,Eixample,la Sagrada Família,Aragó,Monday,2020-03-02,Laboral,2020,3,March,2,Morning,10:00:00,Unknown,Motorcycle,Male,51,Driver,Unknown,Unknown,On a mission,Minor injury: Medical assistance at accident site,431781.83,4584277.11,2.18271714,41.405297447
2020S001573    ,Eixample,l'Antiga Esquerra de l'Eixample,Aragó,Monday,2020-03-02,Laboral,2020,3,March,2,Morning,09:00:00,Unknown,Furgoneta,Male,36,Driver,Unknown,Unknown,Unknown,Uninjured,429514.97,4582102.6,2.15585258,41.38551672
2020S001573    ,Eixample,l'Antiga Esquerra de l'Eixample,Aragó,Monday,2020-03-02,Laboral,2020,3,March,2,Morning,09:00:00,Unknown,Motorcycle,Male,38,Driver,Unknown,Unknown,Unknown,Minor injury: Hospitalization up to 24 hours,429514.97,4582102.6,2.15585258,41.38551672
2020S001574    ,Sant Martí,la Vila Olímpica del Poblenou,Icŕria,Monday,2020-03-02,Laboral,2020,3,March,2,Morning,12:00:00,Unknown,Autobús,Male,50,Driver,Unknown,Unknown,Regular line bus,Minor injury: Hospitalization up to 24 hours,433127.93,4582919.04,2.19897037,41.393178825
2020S001575    ,Les Corts,la Maternitat i Sant Ramon,Corts,Monday,2020-03-02,Laboral,2020,3,March,2,Morning,10:00:00,Unknown,Car,Male,87,Driver,Unknown,Unknown,Unknown,Uninjured,426761.7,4581380.62,2.12301355,41.378768058
2020S001575    ,Les Corts,la Maternitat i Sant Ramon,Corts,Monday,2020-03-02,Laboral,2020,3,March,2,Morning,10:00:00,Unknown,Motorcycle,Male,56,Driver,Unknown,Unknown,Unknown,Minor injury: Medical assistance at accident site,426761.7,4581380.62,2.12301355,41.378768058
2020S001576    ,Eixample,la Sagrada Família,Indústria,Monday,2020-03-02,Laboral,2020,3,March,2,Morning,12:00:00,Unknown,Car,Female,58,Driver,Unknown,Unknown,Unknown,Uninjured,430888.63,4584541.46,2.17200181,41.407602025
2020S001576    ,Eixample,la Sagrada Família,Indústria,Monday,2020-03-02,Laboral,2020,3,March,2,Morning,12:00:00,Unknown,Motorcycle,Male,58,Driver,Unknown,Unknown,Unknown,Minor injury: Hospitalization up to 24 hours,430888.63,4584541.46,2.17200181,41.407602025
2020S001577    ,Horta-Guinardó,la Font d'en Fargues,Montserrat de Casanovas,Sunday,2020-03-01,Laboral,2020,3,March,1,Night,22:00:00,Unknown,Motorcycle,Male,38,Driver,Unknown,Unknown,On a mission,Uninjured,429839.46,4586107.67,2.1592687,41.421617361
2020S001577    ,Horta-Guinardó,la Font d'en Fargues,Montserrat de Casanovas,Sunday,2020-03-01,Laboral,2020,3,March,1,Night,22:00:00,Unknown,Motorcycle,Female,22,Driver,Unknown,Unknown,On a mission,Minor injury: Hospitalization up to 24 hours,429839.46,4586107.67,2.1592687,41.421617361
2020S001578    ,Eixample,la Dreta de l'Eixample,Pau Claris,Monday,2020-03-02,Laboral,2020,3,March,2,Afternoon,14:00:00,Unknown,Motorcycle,Male,25,Driver,Unknown,Unknown,Unknown,Uninjured,430183.21,4583167.29,2.16372133,41.395164347
2020S001578    ,Eixample,la Dreta de l'Eixample,Pau Claris,Monday,2020-03-02,Laboral,2020,3,March,2,Afternoon,14:00:00,Unknown,Motorcycle,Female,24,Driver,Unknown,Unknown,Unknown,Minor injury: Hospitalization up to 24 hours,430183.21,4583167.29,2.16372133,41.395164347
2020S001579    ,Sant Martí,el Parc i la Llacuna del Poblenou,Diagonal,Monday,2020-03-02,Laboral,2020,3,March,2,Afternoon,14:00:00,Unknown,Bicicleta,Male,52,Driver,Unknown,Unknown,Unknown,Minor injury: Hospitalization up to 24 hours,432554.12,4584160.82,2.19196886,41.404315258
2020S001579    ,Sant Martí,el Parc i la Llacuna del Poblenou,Diagonal,Monday,2020-03-02,Laboral,2020,3,March,2,Afternoon,14:00:00,Unknown,Car,Male,58,Driver,Unknown,Unknown,Unknown,Uninjured,432554.12,4584160.82,2.19196886,41.404315258
2020S001579    ,Sant Martí,el Parc i la Llacuna del Poblenou,Diagonal,Monday,2020-03-02,Laboral,2020,3,March,2,Afternoon,14:00:00,Unknown,Car,Female,20,Passenger,Unknown,Unknown,Unknown,Uninjured,432554.12,4584160.82,2.19196886,41.404315258
2020S001580    ,Eixample,la Dreta de l'Eixample,Grŕcia,Monday,2020-03-02,Laboral,2020,3,March,2,Afternoon,14:00:00,Unknown,Car,Female,35,Driver,Unknown,Unknown,In transit (commuting),Uninjured,430174.51,4582962.76,2.16364087,41.393321456
2020S001580    ,Eixample,la Dreta de l'Eixample,Grŕcia,Monday,2020-03-02,Laboral,2020,3,March,2,Afternoon,14:00:00,Unknown,Motorcycle,Male,47,Driver,Unknown,Unknown,Unknown,Serious injury: Hospitalization over 24 hours,430174.51,4582962.76,2.16364087,41.393321456
2020S001581    ,Les Corts,la Maternitat i Sant Ramon,Collblanc,Monday,2020-03-02,Laboral,2020,3,March,2,Afternoon,16:00:00,Unknown,Veh. mobilitat personal amb motor,Male,23,Driver,Unknown,Unknown,Leisure and entertainment,Uninjured,425712.4,4581086.94,2.11050235,41.376026766
2020S001581    ,Les Corts,la Maternitat i Sant Ramon,Collblanc,Monday,2020-03-02,Laboral,2020,3,March,2,Afternoon,16:00:00,Unknown,Veh. mobilitat personal amb motor,Male,27,Driver,Unknown,Unknown,Leisure and entertainment,Minor injury: Medical assistance at accident site,425712.4,4581086.94,2.11050235,41.376026766
2020S001582    ,Sants-Montjuďc,el Poble-sec,Paralˇlel,Monday,2020-03-02,Laboral,2020,3,March,2,Afternoon,17:00:00,Unknown,Bicicleta,Male,28,Driver,Unknown,Unknown,Unknown,Minor injury: Medical assistance at accident site,429755.13,4580911.47,2.15886282,41.374809607
2020S001582    ,Sants-Montjuďc,el Poble-sec,Paralˇlel,Monday,2020-03-02,Laboral,2020,3,March,2,Afternoon,17:00:00,Unknown,Motorcycle,Male,21,Driver,Unknown,Unknown,Unknown,Minor injury: Hospitalization up to 24 hours,429755.13,4580911.47,2.15886282,41.374809607
2020S001583    ,Eixample,Sant Antoni,Calŕbria,Monday,2020-03-02,Laboral,2020,3,March,2,Afternoon,18:00:00,Unknown,"Camió rígid <= 3,5 tones",Male,61,Passenger,Unknown,Unknown,Unknown,Minor injury: Medical assistance at accident site,429531.15,4581335.9,2.15613529,41.378612721
2020S001583    ,Eixample,Sant Antoni,Calŕbria,Monday,2020-03-02,Laboral,2020,3,March,2,Afternoon,18:00:00,Unknown,"Camió rígid <= 3,5 tones",Male,63,Driver,Unknown,Unknown,In transit (commuting),Minor injury: Medical assistance at accident site,429531.15,4581335.9,2.15613529,41.378612721
2020S001583    ,Eixample,Sant Antoni,Calŕbria,Monday,2020-03-02,Laboral,2020,3,March,2,Afternoon,18:00:00,Unknown,Car,Male,45,Driver,Unknown,Unknown,Unknown,Minor injury: Hospitalization up to 24 hours,429531.15,4581335.9,2.15613529,41.378612721
2020S001584    ,Les Corts,Pedralbes,Diagonal,Monday,2020-03-02,Laboral,2020,3,March,2,Afternoon,18:00:00,Unknown,Veh. mobilitat personal amb motor,Male,22,Driver,Unknown,Unknown,Leisure and entertainment,Minor injury: Hospitalization up to 24 hours,425700.34,4582054.96,2.1102394,41.384744191
2020S001584    ,Les Corts,Pedralbes,Diagonal,Monday,2020-03-02,Laboral,2020,3,March,2,Afternoon,18:00:00,Unknown,Furgoneta,Male,44,Driver,Unknown,Unknown,On a mission,Uninjured,425700.34,4582054.96,2.1102394,41.384744191
2020S001585    ,Eixample,la Dreta de l'Eixample,Aragó,Monday,2020-03-02,Laboral,2020,3,March,2,Afternoon,18:00:00,Desobeir el senyal del semŕfor,Car,Female,61,Driver,Unknown,Unknown,Unknown,Uninjured,430035.64,4582619.69,2.16201957,41.390219461
2020S001585    ,Eixample,la Dreta de l'Eixample,Aragó,Monday,2020-03-02,Laboral,2020,3,March,2,Afternoon,18:00:00,Desobeir el senyal del semŕfor,Ciclomotor,Male,20,Driver,Unknown,Unknown,In transit (commuting),Minor injury: Hospitalization up to 24 hours,430035.64,4582619.69,2.16201957,41.390219461
2020S001586    ,Sant Andreu,Navas,Meridiana,Monday,2020-03-02,Laboral,2020,3,March,2,Afternoon,19:00:00,Unknown,Autobús articulat,Female,68,Passenger,Unknown,Unknown,Unknown,Minor injury: Hospitalization up to 24 hours,432170.87,4585607.25,2.18722195,41.417310557
2020S001586    ,Sant Andreu,Navas,Meridiana,Monday,2020-03-02,Laboral,2020,3,March,2,Afternoon,19:00:00,Unknown,Autobús articulat,Female,70,Passenger,Unknown,Unknown,Unknown,Minor injury: Medical assistance at accident site,432170.87,4585607.25,2.18722195,41.417310557
2020S001586    ,Sant Andreu,Navas,Meridiana,Monday,2020-03-02,Laboral,2020,3,March,2,Afternoon,19:00:00,Unknown,Autobús articulat,Male,38,Driver,Unknown,Unknown,Urban bus,Uninjured,432170.87,4585607.25,2.18722195,41.417310557
2020S001587    ,Eixample,l'Antiga Esquerra de l'Eixample,Valčncia,Monday,2020-03-02,Laboral,2020,3,March,2,Afternoon,19:00:00,Unknown,Motorcycle,Male,27,Pedestrian,In crossing regulated by traffic lights,Unknown,Unknown,Minor injury: Medical assistance at accident site,429534.11,4582278.13,2.15606105,41.387099338
2020S001587    ,Eixample,l'Antiga Esquerra de l'Eixample,Valčncia,Monday,2020-03-02,Laboral,2020,3,March,2,Afternoon,19:00:00,Unknown,Motorcycle,Male,39,Driver,In crossing regulated by traffic lights,Unknown,Unknown,Uninjured,429534.11,4582278.13,2.15606105,41.387099338
2020S001588    ,Eixample,l'Antiga Esquerra de l'Eixample,Consell de Cent,Monday,2020-03-02,Laboral,2020,3,March,2,Afternoon,19:00:00,Unknown,Veh. mobilitat personal amb motor,Male,28,Driver,Unknown,Unknown,Leisure and entertainment,Minor injury: Hospitalization up to 24 hours,429817.3,4582181.94,2.15945898,41.386257757
2020S001588    ,Eixample,l'Antiga Esquerra de l'Eixample,Consell de Cent,Monday,2020-03-02,Laboral,2020,3,March,2,Afternoon,19:00:00,Unknown,Car,Male,38,Driver,Unknown,Unknown,Leisure and entertainment,Uninjured,429817.3,4582181.94,2.15945898,41.386257757
2020S001589    ,Sant Andreu,Baró de Viver,B-10 (Llobregat),Monday,2020-03-02,Laboral,2020,3,March,2,Afternoon,19:00:00,Unknown,Car,Female,24,Driver,Unknown,Unknown,Leisure and entertainment,Uninjured,433346.77,4589084.0,2.20090798,41.448723046
2020S001589    ,Sant Andreu,Baró de Viver,B-10 (Llobregat),Monday,2020-03-02,Laboral,2020,3,March,2,Afternoon,19:00:00,Unknown,Motorcycle,Male,52,Driver,Unknown,Unknown,Leisure and entertainment,Minor injury: Medical assistance at accident site,433346.77,4589084.0,2.20090798,41.448723046
2020S001589    ,Sant Andreu,Baró de Viver,B-10 (Llobregat),Monday,2020-03-02,Laboral,2020,3,March,2,Afternoon,19:00:00,Unknown,Car,Male,32,Driver,Unknown,Unknown,Leisure and entertainment,Uninjured,433346.77,4589084.0,2.20090798,41.448723046
2020S001589    ,Sant Andreu,Baró de Viver,B-10 (Llobregat),Monday,2020-03-02,Laboral,2020,3,March,2,Afternoon,19:00:00,Unknown,Car,Male,61,Driver,Unknown,Unknown,Leisure and entertainment,Uninjured,433346.77,4589084.0,2.20090798,41.448723046
2020S001590    ,Sants-Montjuďc,Sants - Badal,Madrid,Monday,2020-03-02,Laboral,2020,3,March,2,Afternoon,21:00:00,Unknown,Ciclomotor,Male,22,Driver,Unknown,Unknown,Leisure and entertainment,Minor injury: Hospitalization up to 24 hours,427242.62,4581402.58,2.12876163,41.379009495
2020S001590    ,Sants-Montjuďc,Sants - Badal,Madrid,Monday,2020-03-02,Laboral,2020,3,March,2,Afternoon,21:00:00,Unknown,Car,Female,33,Driver,Unknown,Unknown,Leisure and entertainment,Uninjured,427242.62,4581402.58,2.12876163,41.379009495
2020S001591    ,Sants-Montjuďc,el Poble-sec,Paralˇlel,Monday,2020-03-02,Laboral,2020,3,March,2,Afternoon,21:00:00,Unknown,Bicicleta,Male,42,Driver,Unknown,Unknown,Unknown,Minor injury: Hospitalization up to 24 hours,429613.7,4580913.34,2.15717151,41.374814085
2020S001591    ,Sants-Montjuďc,el Poble-sec,Paralˇlel,Monday,2020-03-02,Laboral,2020,3,March,2,Afternoon,21:00:00,Unknown,Bicicleta,Male,22,Driver,Unknown,Unknown,Unknown,Minor injury: Refused medical assistance,429613.7,4580913.34,2.15717151,41.374814085
2020S001592    ,Horta-Guinardó,el Baix Guinardó,Guinardó,Monday,2020-03-02,Laboral,2020,3,March,2,Night,22:00:00,Unknown,Motorcycle,Male,27,Driver,Unknown,Unknown,Unknown,Minor injury: Hospitalization up to 24 hours,430243.82,4584996.8,2.16423533,41.411647384
2020S001593    ,Sant Martí,Diagonal Mar i el Front Marítim del Poblenou,Litoral (Llobregat),Tuesday,2020-03-03,Laboral,2020,3,March,3,Morning,07:00:00,Unknown,Car,Male,47,Driver,Unknown,Unknown,Unknown,Uninjured,434156.16,4583766.36,2.21117646,41.400895335
2020S001593    ,Sant Martí,Diagonal Mar i el Front Marítim del Poblenou,Litoral (Llobregat),Tuesday,2020-03-03,Laboral,2020,3,March,3,Morning,07:00:00,Unknown,Motorcycle,Male,55,Driver,Unknown,Unknown,Unknown,Minor injury: Hospitalization up to 24 hours,434156.16,4583766.36,2.21117646,41.400895335
2020S001594    ,Eixample,el Fort Pienc,Corts Catalanes,Tuesday,2020-03-03,Laboral,2020,3,March,3,Morning,06:00:00,Unknown,Car,Male,61,Driver,Unknown,Unknown,In transit (commuting),Uninjured,431857.14,4583752.58,2.18367714,41.400579551
2020S001594    ,Eixample,el Fort Pienc,Corts Catalanes,Tuesday,2020-03-03,Laboral,2020,3,March,3,Morning,06:00:00,Unknown,Motorcycle,Female,42,Driver,Unknown,Unknown,In transit (commuting),Minor injury: Hospitalization up to 24 hours,431857.14,4583752.58,2.18367714,41.400579551
2020S001594    ,Eixample,el Fort Pienc,Corts Catalanes,Tuesday,2020-03-03,Laboral,2020,3,March,3,Morning,06:00:00,Unknown,Tractor camió,Male,52,Driver,Unknown,Unknown,Professional goods transport,Uninjured,431857.14,4583752.58,2.18367714,41.400579551
2020S001594    ,Eixample,el Fort Pienc,Corts Catalanes,Tuesday,2020-03-03,Laboral,2020,3,March,3,Morning,06:00:00,Unknown,Car,Male,60,Driver,Unknown,Unknown,In transit (commuting),Uninjured,431857.14,4583752.58,2.18367714,41.400579551
2020S001595    ,Eixample,la Dreta de l'Eixample,Provença,Tuesday,2020-03-03,Laboral,2020,3,March,3,Morning,11:00:00,Unknown,Motorcycle,Male,24,Driver,Unknown,Unknown,Unknown,Minor injury: Medical assistance at accident site,430096.88,4583240.65,2.16268028,41.395817572
2020S001595    ,Eixample,la Dreta de l'Eixample,Provença,Tuesday,2020-03-03,Laboral,2020,3,March,3,Morning,11:00:00,Unknown,Motorcycle,Male,48,Driver,Unknown,Unknown,Unknown,Minor injury: Medical assistance at accident site,430096.88,4583240.65,2.16268028,41.395817572
2020S001596    ,Grŕcia,la Vila de Grŕcia,Lesseps,Tuesday,2020-03-03,Laboral,2020,3,March,3,Morning,10:00:00,Unknown,Furgoneta,Male,25,Driver,Unknown,Unknown,On a mission,Uninjured,429058.62,4584404.71,2.15012522,41.406210859
2020S001596    ,Grŕcia,la Vila de Grŕcia,Lesseps,Tuesday,2020-03-03,Laboral,2020,3,March,3,Morning,10:00:00,Unknown,Motorcycle,Female,51,Driver,Unknown,Unknown,In transit (commuting),Serious injury: Hospitalization over 24 hours,429058.62,4584404.71,2.15012522,41.406210859
2020S001597    ,Les Corts,la Maternitat i Sant Ramon,Diagonal,Tuesday,2020-03-03,Laboral,2020,3,March,3,Morning,10:00:00,Unknown,Car,Female,48,Driver,Unknown,Unknown,Unknown,Uninjured,425960.02,4582013.56,2.11334992,41.384395273
2020S001597    ,Les Corts,la Maternitat i Sant Ramon,Diagonal,Tuesday,2020-03-03,Laboral,2020,3,March,3,Morning,10:00:00,Unknown,Motorcycle,Male,55,Driver,Unknown,Unknown,Unknown,Minor injury: Hospitalization up to 24 hours,425960.02,4582013.56,2.11334992,41.384395273
2020S001598    ,Sants-Montjuďc,Sants,Galileu,Tuesday,2020-03-03,Laboral,2020,3,March,3,Morning,11:00:00,Unknown,"Camió rígid <= 3,5 tones",Male,33,Driver,Unknown,Unknown,Professional goods transport,Uninjured,427828.79,4581083.29,2.13580898,41.376186585
2020S001599    ,Les Corts,la Maternitat i Sant Ramon,Diagonal,Tuesday,2020-03-03,Laboral,2020,3,March,3,Morning,09:00:00,Unknown,Motorcycle,Male,27,Driver,Unknown,Unknown,Unknown,Minor injury: Hospitalization up to 24 hours,425387.6,4581831.03,2.106527,41.382698393
2020S001599    ,Les Corts,la Maternitat i Sant Ramon,Diagonal,Tuesday,2020-03-03,Laboral,2020,3,March,3,Morning,09:00:00,Unknown,Car,Male,31,Driver,Unknown,Unknown,Unknown,Uninjured,425387.6,4581831.03,2.106527,41.382698393
2020S001600    ,Sants-Montjuďc,Hostafrancs,Creu Coberta,Tuesday,2020-03-03,Laboral,2020,3,March,3,Morning,13:00:00,Unknown,Motorcycle,Male,40,Driver,Unknown,Unknown,Unknown,Minor injury: Medical assistance at accident site,428811.48,4580948.93,2.14757511,41.375064029
2020S001600    ,Sants-Montjuďc,Hostafrancs,Creu Coberta,Tuesday,2020-03-03,Laboral,2020,3,March,3,Morning,13:00:00,Unknown,Car,Male,33,Driver,Unknown,Unknown,Unknown,Uninjured,428811.48,4580948.93,2.14757511,41.375064029
2020S001601    ,Nou Barris,les Roquetes,Dalt (Besňs),Tuesday,2020-03-03,Laboral,2020,3,March,3,Afternoon,19:00:00,Unknown,Motorcycle,Female,47,Driver,Unknown,Unknown,On a mission,Minor injury: Hospitalization up to 24 hours,431152.87,4588664.63,2.17469319,41.444760659
2020S001601    ,Nou Barris,les Roquetes,Dalt (Besňs),Tuesday,2020-03-03,Laboral,2020,3,March,3,Afternoon,19:00:00,Unknown,Car,Female,23,Driver,Unknown,Unknown,On a mission,Uninjured,431152.87,4588664.63,2.17469319,41.444760659
2020S001601    ,Nou Barris,les Roquetes,Dalt (Besňs),Tuesday,2020-03-03,Laboral,2020,3,March,3,Afternoon,19:00:00,Unknown,Car,Male,23,Driver,Unknown,Unknown,On a mission,Uninjured,431152.87,4588664.63,2.17469319,41.444760659
2020S001602    ,Sants-Montjuďc,la Marina de Port,Zona Franca,Tuesday,2020-03-03,Laboral,2020,3,March,3,Afternoon,15:00:00,Unknown,Veh. mobilitat personal amb motor,Male,17,Passenger,Unknown,Unknown,Unknown,Unknown,428060.3,4579381.91,2.13877917,41.360883582
2020S001602    ,Sants-Montjuďc,la Marina de Port,Zona Franca,Tuesday,2020-03-03,Laboral,2020,3,March,3,Afternoon,15:00:00,Unknown,Car,Female,47,Driver,Unknown,Unknown,Leisure and entertainment,Unknown,428060.3,4579381.91,2.13877917,41.360883582
2020S001603    ,Sants-Montjuďc,la Marina de Port,Corts Catalanes,Tuesday,2020-03-03,Laboral,2020,3,March,3,Afternoon,14:00:00,Desobeir el senyal del semŕfor,Motorcycle,Male,49,Driver,Unknown,Unknown,Unknown,Minor injury: Medical assistance at accident site,428132.8,4580116.76,2.13955875,41.367508608
2020S001603    ,Sants-Montjuďc,la Marina de Port,Corts Catalanes,Tuesday,2020-03-03,Laboral,2020,3,March,3,Afternoon,14:00:00,Desobeir el senyal del semŕfor,Motorcycle,Male,40,Pedestrian,Unknown,Unknown,Unknown,Uninjured,428132.8,4580116.76,2.13955875,41.367508608
2020S001604    ,Sarriŕ-Sant Gervasi,Sant Gervasi - Galvany,Prats de Molló,Tuesday,2020-03-03,Laboral,2020,3,March,3,Afternoon,15:00:00,Unknown,Motorcycle,Male,48,Driver,Unknown,Unknown,In transit (commuting),Minor injury: Hospitalization up to 24 hours,427968.99,4583869.82,2.13715386,41.401296371
2020S001604    ,Sarriŕ-Sant Gervasi,Sant Gervasi - Galvany,Prats de Molló,Tuesday,2020-03-03,Laboral,2020,3,March,3,Afternoon,15:00:00,Unknown,Car,Male,63,Driver,Unknown,Unknown,On a mission,Uninjured,427968.99,4583869.82,2.13715386,41.401296371
2020S001605    ,Eixample,el Fort Pienc,Marina,Tuesday,2020-03-03,Laboral,2020,3,March,3,Morning,12:00:00,Unknown,"Camió rígid > 3,5 tones",Male,44,Driver,Unknown,Unknown,Professional goods transport,Uninjured,431994.25,4583276.1,2.18537079,41.396299646
2020S001606    ,Sant Andreu,Sant Andreu,Fabra i Puig,Tuesday,2020-03-03,Laboral,2020,3,March,3,Afternoon,16:00:00,Unknown,Car,Male,73,Driver,Unknown,Unknown,Unknown,Uninjured,432027.65,4587049.33,2.18534613,41.430286796
2020S001606    ,Sant Andreu,Sant Andreu,Fabra i Puig,Tuesday,2020-03-03,Laboral,2020,3,March,3,Afternoon,16:00:00,Unknown,Car,Female,34,Driver,Unknown,Unknown,Unknown,Minor injury: Hospitalization up to 24 hours,432027.65,4587049.33,2.18534613,41.430286796
2020S001607    ,Ciutat Vella,el Barri Gňtic,Laietana,Tuesday,2020-03-03,Laboral,2020,3,March,3,Afternoon,16:00:00,Unknown,Motorcycle,Female,36,Driver,Unknown,Unknown,Leisure and entertainment,Minor injury: Hospitalization up to 24 hours,431395.97,4581927.16,2.17836756,41.384099284
2020S001607    ,Ciutat Vella,el Barri Gňtic,Laietana,Tuesday,2020-03-03,Laboral,2020,3,March,3,Afternoon,16:00:00,Unknown,Taxi,Male,37,Driver,Unknown,Unknown,Taxi,Uninjured,431395.97,4581927.16,2.17836756,41.384099284
2020S001608    ,Sants-Montjuďc,la Marina del Prat Vermell,Transversal 2,Tuesday,2020-03-03,Laboral,2020,3,March,3,Afternoon,18:00:00,Unknown,Motorcycle,Male,26,Driver,Unknown,Unknown,In transit (commuting),Minor injury: Hospitalization up to 24 hours,426126.94,4576506.05,2.11601709,41.334806607
2020S001608    ,Sants-Montjuďc,la Marina del Prat Vermell,Transversal 2,Tuesday,2020-03-03,Laboral,2020,3,March,3,Afternoon,18:00:00,Unknown,Car,Female,26,Driver,Unknown,Unknown,In transit (commuting),Uninjured,426126.94,4576506.05,2.11601709,41.334806607
2020S001609    ,Nou Barris,la Trinitat Nova,Favčncia,Tuesday,2020-03-03,Laboral,2020,3,March,3,Afternoon,18:00:00,Unknown,Motorcycle,Male,24,Driver,Unknown,Unknown,In transit (commuting),Minor injury: Hospitalization up to 24 hours,431676.17,4588859.06,2.18093509,41.446556551
2020S001609    ,Nou Barris,la Trinitat Nova,Favčncia,Tuesday,2020-03-03,Laboral,2020,3,March,3,Afternoon,18:00:00,Unknown,"Camió rígid > 3,5 tones",Male,27,Driver,Unknown,Unknown,In transit (commuting),Uninjured,431676.17,4588859.06,2.18093509,41.446556551
2020S001610    ,Sarriŕ-Sant Gervasi,Sarriŕ,Dalt (Llobregat),Tuesday,2020-03-03,Laboral,2020,3,March,3,Afternoon,17:00:00,Unknown,Motorcycle,Male,53,Driver,Unknown,Unknown,Unknown,Minor injury: Hospitalization up to 24 hours,425990.82,4583630.98,2.1135205,41.398965496
2020S001610    ,Sarriŕ-Sant Gervasi,Sarriŕ,Dalt (Llobregat),Tuesday,2020-03-03,Laboral,2020,3,March,3,Afternoon,17:00:00,Unknown,Car,Female,35,Driver,Unknown,Unknown,Unknown,Uninjured,425990.82,4583630.98,2.1135205,41.398965496
2020S001611    ,Eixample,la Nova Esquerra de l'Eixample,Corts Catalanes,Tuesday,2020-03-03,Laboral,2020,3,March,3,Afternoon,19:00:00,Unknown,Motorcycle,Female,33,Driver,Unknown,Unknown,Other activities,Minor injury: Medical assistance at accident site,429111.23,4581146.59,2.15113613,41.376870763
2020S001611    ,Eixample,la Nova Esquerra de l'Eixample,Corts Catalanes,Tuesday,2020-03-03,Laboral,2020,3,March,3,Afternoon,19:00:00,Unknown,Car,Male,49,Driver,Unknown,Unknown,In transit (commuting),Uninjured,429111.23,4581146.59,2.15113613,41.376870763
2020S001612    ,Sant Andreu,la Trinitat Vella,Dalt (Besňs),Tuesday,2020-03-03,Laboral,2020,3,March,3,Afternoon,20:00:00,Unknown,Motorcycle,Male,55,Driver,Unknown,Unknown,Leisure and entertainment,Minor injury: Hospitalization up to 24 hours,432517.75,4588903.87,2.1910041,41.447031369
2020S001612    ,Sant Andreu,la Trinitat Vella,Dalt (Besňs),Tuesday,2020-03-03,Laboral,2020,3,March,3,Afternoon,20:00:00,Unknown,Car,Male,20,Driver,Unknown,Unknown,Leisure and entertainment,Uninjured,432517.75,4588903.87,2.1910041,41.447031369
2020S001613    ,Sant Andreu,la Sagrera,Meridiana,Tuesday,2020-03-03,Laboral,2020,3,March,3,Afternoon,18:00:00,Unknown,Autobús,Female,56,Passenger,Unknown,Unknown,Unknown,Minor injury: Medical assistance at accident site,432177.73,4586200.64,2.18723745,41.422655614
2020S001613    ,Sant Andreu,la Sagrera,Meridiana,Tuesday,2020-03-03,Laboral,2020,3,March,3,Afternoon,18:00:00,Unknown,Autobús,Male,49,Driver,Unknown,Unknown,On a mission,Uninjured,432177.73,4586200.64,2.18723745,41.422655614
2020S001614    ,Eixample,l'Antiga Esquerra de l'Eixample,Corts Catalanes,Tuesday,2020-03-03,Laboral,2020,3,March,3,Afternoon,20:00:00,Unknown,Motorcycle,Male,44,Driver,Unknown,Unknown,Leisure and entertainment,Uninjured,429984.72,4582002.04,2.16148199,41.384652052
2020S001614    ,Eixample,l'Antiga Esquerra de l'Eixample,Corts Catalanes,Tuesday,2020-03-03,Laboral,2020,3,March,3,Afternoon,20:00:00,Unknown,Motorcycle,Male,28,Driver,Unknown,Unknown,Leisure and entertainment,Minor injury: Medical assistance at accident site,429984.72,4582002.04,2.16148199,41.384652052
2020S001615    ,Sant Martí,el Parc i la Llacuna del Poblenou,Corts Catalanes,Tuesday,2020-03-03,Laboral,2020,3,March,3,Night,23:00:00,Unknown,Car,Male,65,Driver,Unknown,Unknown,Unknown,Uninjured,432495.02,4584384.63,2.19123689,41.406326088
2020S001615    ,Sant Martí,el Parc i la Llacuna del Poblenou,Corts Catalanes,Tuesday,2020-03-03,Laboral,2020,3,March,3,Night,23:00:00,Unknown,Ciclomotor,Male,37,Driver,Unknown,Unknown,Leisure and entertainment,Minor injury: Refused medical assistance,432495.02,4584384.63,2.19123689,41.406326088
2020S001616    ,Eixample,la Sagrada Família,Rosselló,Wednesday,2020-03-04,Laboral,2020,3,March,4,Night,02:00:00,Unknown,Ciclomotor,Male,23,Driver,Unknown,Unknown,Unknown,Minor injury: Hospitalization up to 24 hours,430913.43,4584188.97,2.17233875,41.404429395
2020S001616    ,Eixample,la Sagrada Família,Rosselló,Wednesday,2020-03-04,Laboral,2020,3,March,4,Night,02:00:00,Unknown,Taxi,Male,32,Driver,Unknown,Unknown,Taxi,Uninjured,430913.43,4584188.97,2.17233875,41.404429395
2020S001617    ,Eixample,Sant Antoni,Sepúlveda,Wednesday,2020-03-04,Laboral,2020,3,March,4,Morning,09:00:00,Unknown,Autobús,Male,45,Driver,Unknown,Unknown,Urban bus,Uninjured,429569.87,4581367.01,2.15659468,41.37889631
2020S001617    ,Eixample,Sant Antoni,Sepúlveda,Wednesday,2020-03-04,Laboral,2020,3,March,4,Morning,09:00:00,Unknown,Autobús,Male,63,Passenger,Unknown,Unknown,Unknown,Minor injury: Hospitalization up to 24 hours,429569.87,4581367.01,2.15659468,41.37889631
2020S001618    ,Sants-Montjuďc,la Marina del Prat Vermell,Litoral (Besňs),Wednesday,2020-03-04,Laboral,2020,3,March,4,Morning,09:00:00,Unknown,Motorcycle,Male,44,Driver,Unknown,Unknown,In transit (commuting),Minor injury: Hospitalization up to 24 hours,426165.4,4577020.6,2.11641408,41.339444506
2020S001619    ,Les Corts,les Corts,Corts,Wednesday,2020-03-04,Laboral,2020,3,March,4,Morning,08:00:00,Unknown,Motorcycle,Male,32,Driver,Unknown,Unknown,Unknown,Uninjured,428119.02,4582509.2,2.1391101,41.389055226