Case_Number,District_Name,Neighborhood_Name,Street_Name,Day_of_Week,Date,Day_Type_Description,Year,Month_of_Year,Month_Name,Day_of_Month,Shift_Description,Hour_of_Day,Pedestrian_Cause_Description,Involved_Vehicle_Type_Description,Gender_Description,Age,Person_Type_Description,Pedestrian_Accident_Location_Description,Pedestrian_Movement_Reason_Description,Driver_Movement_Reason_Description,Victimization_Description,Coordenada_UTM_X,Coordenada_UTM_Y,Longitud,Latitud
2020S001619    ,Les Corts,les Corts,Corts,Wednesday,2020-03-04,Laboral,2020,3,March,4,Morning,08:00:00,Unknown,Motorcycle,Female,57,Driver,Unknown,Unknown,In transit (commuting),Minor injury: Hospitalization up to 24 hours,428119.02,4582509.2,2.1391101,41.389055226
2020S001620    ,Horta-Guinardó,Montbau,Dalt (Besňs),Wednesday,2020-03-04,Laboral,2020,3,March,4,Morning,10:00:00,Unknown,Motorcycle,Female,26,Driver,Unknown,Unknown,Student heading to educational center,Minor injury: Hospitalization up to 24 hours,428610.53,4587028.48,2.14445495,41.429802395
2020S001620    ,Horta-Guinardó,Montbau,Dalt (Besňs),Wednesday,2020-03-04,Laboral,2020,3,March,4,Morning,10:00:00,Unknown,Car,Female,42,Driver,Unknown,Unknown,Leisure and entertainment,Uninjured,428610.53,4587028.48,2.14445495,41.429802395
2020S001621    ,Eixample,el Fort Pienc,Lepant,Wednesday,2020-03-04,Laboral,2020,3,March,4,Morning,10:00:00,Unknown,Motorcycle,Male,22,Driver,Unknown,Unknown,Student heading to educational center,Minor injury: Hospitalization up to 24 hours,431919.99,4583509.53,2.1844563,41.398395797
2020S001621    ,Eixample,el Fort Pienc,Lepant,Wednesday,2020-03-04,Laboral,2020,3,March,4,Morning,10:00:00,Unknown,Motorcycle,Male,59,Driver,Unknown,Unknown,In transit (commuting),Minor injury: Medical assistance at accident site,431919.99,4583509.53,2.1844563,41.398395797
2020S001622    ,Eixample,l'Antiga Esquerra de l'Eixample,Casanova,Wednesday,2020-03-04,Laboral,2020,3,March,4,Morning,11:00:00,Unknown,Car,Female,42,Driver,Unknown,Unknown,In transit (commuting),Uninjured,429815.65,4582045.41,2.15945507,41.385027932
2020S001622    ,Eixample,l'Antiga Esquerra de l'Eixample,Casanova,Wednesday,2020-03-04,Laboral,2020,3,March,4,Morning,11:00:00,Unknown,Motorcycle,Male,30,Driver,Unknown,Unknown,In transit (commuting),Uninjured,429815.65,4582045.41,2.15945507,41.385027932
2020S001623    ,Sarriŕ-Sant Gervasi,les Tres Torres,Mig (Ascendent),Wednesday,2020-03-04,Laboral,2020,3,March,4,Morning,10:00:00,Unknown,Autobús articulat,Male,68,Passenger,Unknown,Unknown,Unknown,Minor injury: Hospitalization up to 24 hours,427712.49,4583219.59,2.13416331,41.395416978
2020S001623    ,Sarriŕ-Sant Gervasi,les Tres Torres,Mig (Ascendent),Wednesday,2020-03-04,Laboral,2020,3,March,4,Morning,10:00:00,Unknown,Autobús articulat,Male,54,Driver,Unknown,Unknown,Urban bus,Uninjured,427712.49,4583219.59,2.13416331,41.395416978
2020S001624    ,Sant Andreu,el Bon Pastor,Litoral (Llobregat),Wednesday,2020-03-04,Laboral,2020,3,March,4,Morning,11:00:00,Unknown,Car,Male,51,Driver,Unknown,Unknown,On a mission,Minor injury: Hospitalization up to 24 hours,433947.25,4587992.72,2.20821562,41.438943888
2020S001624    ,Sant Andreu,el Bon Pastor,Litoral (Llobregat),Wednesday,2020-03-04,Laboral,2020,3,March,4,Morning,11:00:00,Unknown,Car,Male,74,Driver,Unknown,Unknown,In transit (commuting),Uninjured,433947.25,4587992.72,2.20821562,41.438943888
2020S001624    ,Sant Andreu,el Bon Pastor,Litoral (Llobregat),Wednesday,2020-03-04,Laboral,2020,3,March,4,Morning,11:00:00,Unknown,Car,Male,58,Driver,Unknown,Unknown,In transit (commuting),Uninjured,433947.25,4587992.72,2.20821562,41.438943888
2020S001625    ,Eixample,l'Antiga Esquerra de l'Eixample,Muntaner,Wednesday,2020-03-04,Laboral,2020,3,March,4,Morning,11:00:00,Unknown,Furgoneta,Male,49,Driver,In crossing regulated by traffic lights,Unknown,Other activities,Uninjured,429108.44,4582960.01,2.15089047,41.393203371
2020S001625    ,Eixample,l'Antiga Esquerra de l'Eixample,Muntaner,Wednesday,2020-03-04,Laboral,2020,3,March,4,Morning,11:00:00,Unknown,Furgoneta,Male,76,Pedestrian,In crossing regulated by traffic lights,Other activities,Unknown,Minor injury: Hospitalization up to 24 hours,429108.44,4582960.01,2.15089047,41.393203371
2020S001626    ,Les Corts,Pedralbes,Mig (Descendent),Wednesday,2020-03-04,Laboral,2020,3,March,4,Morning,10:00:00,Unknown,Motorcycle,Female,33,Driver,Unknown,Unknown,In transit (commuting),Minor injury: Hospitalization up to 24 hours,427191.8,4582645.72,2.12800447,41.390201367
2020S001626    ,Les Corts,Pedralbes,Mig (Descendent),Wednesday,2020-03-04,Laboral,2020,3,March,4,Morning,10:00:00,Unknown,Car,Female,46,Driver,Unknown,Unknown,In transit (commuting),Uninjured,427191.8,4582645.72,2.12800447,41.390201367
2020S001627    ,Eixample,la Dreta de l'Eixample,Provença,Wednesday,2020-03-04,Laboral,2020,3,March,4,Morning,11:00:00,Unknown,Veh. mobilitat personal amb motor,Female,49,Driver,Unknown,Unknown,Unknown,Minor injury: Hospitalization up to 24 hours,429780.63,4582894.03,2.15893784,41.392668115
2020S001627    ,Eixample,la Dreta de l'Eixample,Provença,Wednesday,2020-03-04,Laboral,2020,3,March,4,Morning,11:00:00,Unknown,"Camió rígid <= 3,5 tones",Male,29,Driver,Unknown,Unknown,On a mission,Uninjured,429780.63,4582894.03,2.15893784,41.392668115
2020S001628    ,Sants-Montjuďc,el Poble-sec,Paralˇlel,Wednesday,2020-03-04,Laboral,2020,3,March,4,Morning,13:00:00,Unknown,"Camió rígid > 3,5 tones",Male,46,Driver,Unknown,Unknown,On a mission,Uninjured,430399.33,4580900.2,2.1665669,41.374764105
2020S001628    ,Sants-Montjuďc,el Poble-sec,Paralˇlel,Wednesday,2020-03-04,Laboral,2020,3,March,4,Morning,13:00:00,Unknown,Car,Male,30,Driver,Unknown,Unknown,In transit (commuting),Minor injury: Medical assistance at accident site,430399.33,4580900.2,2.1665669,41.374764105
2020S001629    ,Eixample,la Dreta de l'Eixample,Valčncia,Wednesday,2020-03-04,Laboral,2020,3,March,4,Morning,13:00:00,Unknown,Motorcycle,Female,24,Driver,Unknown,Unknown,On a mission,Minor injury: Hospitalization up to 24 hours,430136.33,4582898.94,2.16319158,41.392743332
2020S001630    ,Eixample,el Fort Pienc,Corts Catalanes,Wednesday,2020-03-04,Laboral,2020,3,March,4,Afternoon,14:00:00,Unknown,Furgoneta,Male,40,Driver,Unknown,Unknown,Unknown,Uninjured,431926.98,4583911.0,2.18449474,41.402012313
2020S001630    ,Eixample,el Fort Pienc,Corts Catalanes,Wednesday,2020-03-04,Laboral,2020,3,March,4,Afternoon,14:00:00,Unknown,Motorcycle,Male,31,Driver,Unknown,Unknown,In transit (commuting),Minor injury: Refused medical assistance,431926.98,4583911.0,2.18449474,41.402012313
2020S001631    ,Grŕcia,Vallcarca i els Penitents,Dalt (Besňs),Wednesday,2020-03-04,Laboral,2020,3,March,4,Morning,13:00:00,Unknown,Motorcycle,Male,34,Driver,Unknown,Unknown,Unknown,Minor injury: Hospitalization up to 24 hours,428022.17,4585473.76,2.13759912,41.415747166
2020S001631    ,Grŕcia,Vallcarca i els Penitents,Dalt (Besňs),Wednesday,2020-03-04,Laboral,2020,3,March,4,Morning,13:00:00,Unknown,Car,Male,39,Driver,Unknown,Unknown,Unknown,Uninjured,428022.17,4585473.76,2.13759912,41.415747166
2020S001632    ,Sant Martí,Diagonal Mar i el Front Marítim del Poblenou,Selva de Mar,Wednesday,2020-03-04,Laboral,2020,3,March,4,Morning,13:00:00,Unknown,Motorcycle,Male,33,Driver,Unknown,Unknown,Leisure and entertainment,Minor injury: Hospitalization up to 24 hours,434247.44,4584404.34,2.21219901,41.406648947
2020S001632    ,Sant Martí,Diagonal Mar i el Front Marítim del Poblenou,Selva de Mar,Wednesday,2020-03-04,Laboral,2020,3,March,4,Morning,13:00:00,Unknown,Car,Male,35,Driver,Unknown,Unknown,Leisure and entertainment,Uninjured,434247.44,4584404.34,2.21219901,41.406648947
2020S001633    ,Eixample,el Fort Pienc,Aragó,Wednesday,2020-03-04,Laboral,2020,3,March,4,Afternoon,14:00:00,Unknown,Car,Female,44,Driver,Unknown,Unknown,Leisure and entertainment,Minor injury: Refused medical assistance,431078.11,4583641.5,2.17437112,41.399512648
2020S001633    ,Eixample,el Fort Pienc,Aragó,Wednesday,2020-03-04,Laboral,2020,3,March,4,Afternoon,14:00:00,Unknown,Motorcycle,Female,44,Driver,Unknown,Unknown,In transit (commuting),Minor injury: Hospitalization up to 24 hours,431078.11,4583641.5,2.17437112,41.399512648
2020S001634    ,Sants-Montjuďc,Sants - Badal,Blanca,Wednesday,2020-03-04,Laboral,2020,3,March,4,Afternoon,16:00:00,Unknown,Motorcycle,Male,61,Driver,Unknown,Unknown,Unknown,Minor injury: Hospitalization up to 24 hours,427114.75,4580596.87,2.12732952,41.371741195
2020S001634    ,Sants-Montjuďc,Sants - Badal,Blanca,Wednesday,2020-03-04,Laboral,2020,3,March,4,Afternoon,16:00:00,Unknown,Furgoneta,Male,61,Driver,Unknown,Unknown,Unknown,Uninjured,427114.75,4580596.87,2.12732952,41.371741195
2020S001635    ,Sant Andreu,Sant Andreu,Camil Fabra,Wednesday,2020-03-04,Laboral,2020,3,March,4,Morning,12:00:00,Unknown,Furgoneta,Male,24,Driver,Unknown,Unknown,Professional goods transport,Uninjured,432183.96,4586971.28,2.18722551,41.429597046
2020S001636    ,Eixample,l'Antiga Esquerra de l'Eixample,Valčncia,Wednesday,2020-03-04,Laboral,2020,3,March,4,Afternoon,14:00:00,Unknown,Tot terreny,Male,50,Driver,Unknown,Unknown,Unknown,Uninjured,429520.95,4582297.93,2.15590136,41.387276517
2020S001636    ,Eixample,l'Antiga Esquerra de l'Eixample,Valčncia,Wednesday,2020-03-04,Laboral,2020,3,March,4,Afternoon,14:00:00,Unknown,Motorcycle,Male,38,Driver,Unknown,Unknown,Unknown,Minor injury: Hospitalization up to 24 hours,429520.95,4582297.93,2.15590136,41.387276517
2020S001637    ,Sarriŕ-Sant Gervasi,Sant Gervasi - Galvany,Francesc Maciŕ,Wednesday,2020-03-04,Laboral,2020,3,March,4,Afternoon,15:00:00,Unknown,Motorcycle,Male,44,Driver,Unknown,Unknown,Unknown,Minor injury: Hospitalization up to 24 hours,428553.98,4582971.11,2.14425757,41.393254253
2020S001637    ,Sarriŕ-Sant Gervasi,Sant Gervasi - Galvany,Francesc Maciŕ,Wednesday,2020-03-04,Laboral,2020,3,March,4,Afternoon,15:00:00,Unknown,Motorcycle,Male,51,Driver,Unknown,Unknown,Unknown,Uninjured,428553.98,4582971.11,2.14425757,41.393254253
2020S001638    ,Les Corts,les Corts,Madrid,Wednesday,2020-03-04,Laboral,2020,3,March,4,Afternoon,16:00:00,Unknown,Motorcycle,Female,58,Driver,Unknown,Unknown,Unknown,Uninjured,427313.37,4581491.19,2.12959701,41.379813969
2020S001638    ,Les Corts,les Corts,Madrid,Wednesday,2020-03-04,Laboral,2020,3,March,4,Afternoon,16:00:00,Unknown,Motorcycle,Male,27,Driver,Unknown,Unknown,Unknown,Minor injury: Medical assistance at accident site,427313.37,4581491.19,2.12959701,41.379813969
2020S001639    ,Sant Martí,el Clot,Clot,Wednesday,2020-03-04,Laboral,2020,3,March,4,Afternoon,17:00:00,Unknown,Veh. mobilitat personal sense motor,Male,43,Driver,Unknown,Unknown,Unknown,Minor injury: Medical assistance at accident site,432338.94,4584815.02,2.18932156,41.410189356
2020S001639    ,Sant Martí,el Clot,Clot,Wednesday,2020-03-04,Laboral,2020,3,March,4,Afternoon,17:00:00,Unknown,Furgoneta,Male,27,Driver,Unknown,Unknown,Unknown,Uninjured,432338.94,4584815.02,2.18932156,41.410189356
2020S001640    ,Les Corts,Pedralbes,Esplugues,Wednesday,2020-03-04,Laboral,2020,3,March,4,Afternoon,17:00:00,Unknown,Car,Male,68,Driver,Unknown,Unknown,Leisure and entertainment,Uninjured,425460.55,4582568.78,2.10730855,41.389349743
2020S001640    ,Les Corts,Pedralbes,Esplugues,Wednesday,2020-03-04,Laboral,2020,3,March,4,Afternoon,17:00:00,Unknown,Motorcycle,Male,27,Driver,Unknown,Unknown,In transit (commuting),Minor injury: Hospitalization up to 24 hours,425460.55,4582568.78,2.10730855,41.389349743
2020S001641    ,Sant Martí,la Vila Olímpica del Poblenou,Ramon Turró,Wednesday,2020-03-04,Laboral,2020,3,March,4,Afternoon,19:00:00,Unknown,Veh. mobilitat personal amb motor,Male,14,Driver,Unknown,Unknown,Leisure and entertainment,Minor injury: Refused medical assistance,432798.99,4582985.28,2.1950287,41.393747997
2020S001641    ,Sant Martí,la Vila Olímpica del Poblenou,Ramon Turró,Wednesday,2020-03-04,Laboral,2020,3,March,4,Afternoon,19:00:00,Unknown,Motorcycle,Female,51,Driver,Unknown,Unknown,Leisure and entertainment,Minor injury: Hospitalization up to 24 hours,432798.99,4582985.28,2.1950287,41.393747997
2020S001642    ,Sants-Montjuďc,el Poble-sec,Miramar,Wednesday,2020-03-04,Laboral,2020,3,March,4,Afternoon,19:00:00,Unknown,Motorcycle,Female,24,Passenger,Unknown,Unknown,Unknown,Minor injury: Medical assistance at accident site,429853.64,4580183.47,2.16012499,41.368261326
2020S001642    ,Sants-Montjuďc,el Poble-sec,Miramar,Wednesday,2020-03-04,Laboral,2020,3,March,4,Afternoon,19:00:00,Unknown,Taxi,Male,39,Driver,Unknown,Unknown,In transit (commuting),Minor injury: Medical assistance at accident site,429853.64,4580183.47,2.16012499,41.368261326
2020S001642    ,Sants-Montjuďc,el Poble-sec,Miramar,Wednesday,2020-03-04,Laboral,2020,3,March,4,Afternoon,19:00:00,Unknown,Motorcycle,Male,26,Driver,Unknown,Unknown,Leisure and entertainment,Minor injury: Medical assistance at accident site,429853.64,4580183.47,2.16012499,41.368261326
2020S001643    ,Eixample,la Dreta de l'Eixample,Girona,Wednesday,2020-03-04,Laboral,2020,3,March,4,Afternoon,19:00:00,Others,Bicicleta,Male,38,Driver,Unknown,Unknown,Unknown,Minor injury: Hospitalization up to 24 hours,431195.71,4582705.07,2.17588427,41.391088583
2020S001643    ,Eixample,la Dreta de l'Eixample,Girona,Wednesday,2020-03-04,Laboral,2020,3,March,4,Afternoon,19:00:00,Others,Bicicleta,Male,15,Pedestrian,Unknown,Unknown,Unknown,Uninjured,431195.71,4582705.07,2.17588427,41.391088583
2020S001644    ,Les Corts,les Corts,Nicaragua,Wednesday,2020-03-04,Laboral,2020,3,March,4,Afternoon,19:00:00,Desobeir el senyal del semŕfor,Motorcycle,Male,66,Pedestrian,In crossing regulated by traffic lights,Unknown,Unknown,Minor injury: Hospitalization up to 24 hours,428085.27,4582112.27,2.13875361,41.385477207
2020S001644    ,Les Corts,les Corts,Nicaragua,Wednesday,2020-03-04,Laboral,2020,3,March,4,Afternoon,19:00:00,Desobeir el senyal del semŕfor,Motorcycle,Male,30,Driver,In crossing regulated by traffic lights,Unknown,Unknown,Serious injury: Hospitalization over 24 hours,428085.27,4582112.27,2.13875361,41.385477207
2020S001645    ,Sants-Montjuďc,Hostafrancs,Corts Catalanes,Wednesday,2020-03-04,Laboral,2020,3,March,4,Afternoon,20:00:00,Unknown,Car,Male,52,Driver,Unknown,Unknown,Leisure and entertainment,Uninjured,428727.27,4580770.52,2.14658918,41.373449692
2020S001645    ,Sants-Montjuďc,Hostafrancs,Corts Catalanes,Wednesday,2020-03-04,Laboral,2020,3,March,4,Afternoon,20:00:00,Unknown,Ciclomotor,Male,35,Driver,Unknown,Unknown,Leisure and entertainment,Minor injury: Hospitalization up to 24 hours,428727.27,4580770.52,2.14658918,41.373449692
2020S001646    ,Eixample,l'Antiga Esquerra de l'Eixample,Muntaner,Wednesday,2020-03-04,Laboral,2020,3,March,4,Afternoon,20:00:00,Unknown,Car,Female,20,Driver,Unknown,Unknown,Unknown,Uninjured,429145.7,4582890.28,2.15134428,41.392578623
2020S001646    ,Eixample,l'Antiga Esquerra de l'Eixample,Muntaner,Wednesday,2020-03-04,Laboral,2020,3,March,4,Afternoon,20:00:00,Unknown,Motorcycle,Female,28,Driver,Unknown,Unknown,Unknown,Minor injury: Hospitalization up to 24 hours,429145.7,4582890.28,2.15134428,41.392578623
2020S001647    ,Sant Martí,Provençals del Poblenou,Diagonal,Wednesday,2020-03-04,Laboral,2020,3,March,4,Night,22:00:00,Unknown,Car,Male,36,Driver,Unknown,Unknown,Leisure and entertainment,Minor injury: Medical assistance at accident site,432797.28,4584294.03,2.19486289,41.405535419
2020S001647    ,Sant Martí,Provençals del Poblenou,Diagonal,Wednesday,2020-03-04,Laboral,2020,3,March,4,Night,22:00:00,Unknown,Autobús articulat,Male,54,Driver,Unknown,Unknown,Urban bus,Uninjured,432797.28,4584294.03,2.19486289,41.405535419
2020S001648    ,Sant Andreu,la Sagrera,Meridiana,Wednesday,2020-03-04,Laboral,2020,3,March,4,Afternoon,16:00:00,Unknown,Motorcycle,Male,46,Driver,Unknown,Unknown,Unknown,Uninjured,432040.73,4586576.84,2.1855558,41.426032342
2020S001648    ,Sant Andreu,la Sagrera,Meridiana,Wednesday,2020-03-04,Laboral,2020,3,March,4,Afternoon,16:00:00,Unknown,Motorcycle,Male,62,Driver,Unknown,Unknown,Unknown,Minor injury: Hospitalization up to 24 hours,432040.73,4586576.84,2.1855558,41.426032342
2020S001649    ,Eixample,el Fort Pienc,Consell de Cent,Wednesday,2020-03-04,Laboral,2020,3,March,4,Afternoon,19:00:00,Unknown,Motorcycle,Male,26,Driver,Unknown,Unknown,Unknown,Uninjured,431501.74,4583830.19,2.17941709,41.401248344
2020S001649    ,Eixample,el Fort Pienc,Consell de Cent,Wednesday,2020-03-04,Laboral,2020,3,March,4,Afternoon,19:00:00,Unknown,Motorcycle,Male,43,Driver,Unknown,Unknown,Unknown,Minor injury: Hospitalization up to 24 hours,431501.74,4583830.19,2.17941709,41.401248344
2020S001649    ,Eixample,el Fort Pienc,Consell de Cent,Wednesday,2020-03-04,Laboral,2020,3,March,4,Afternoon,19:00:00,Unknown,Motorcycle,Female,28,Passenger,Unknown,Unknown,Unknown,Minor injury: Hospitalization up to 24 hours,431501.74,4583830.19,2.17941709,41.401248344
2020S001650    ,Sarriŕ-Sant Gervasi,"Vallvidrera, el Tibidabo i les Planes",Sarriŕ a Vallvidrera,Wednesday,2020-03-04,Laboral,2020,3,March,4,Afternoon,20:00:00,Unknown,Motorcycle,Male,25,Driver,Unknown,Unknown,Unknown,Minor injury: Hospitalization up to 24 hours,425210.43,4585003.2,2.10401632,41.411252171
2020S001650    ,Sarriŕ-Sant Gervasi,"Vallvidrera, el Tibidabo i les Planes",Sarriŕ a Vallvidrera,Wednesday,2020-03-04,Laboral,2020,3,March,4,Afternoon,20:00:00,Unknown,Motorcycle,Female,25,Passenger,Unknown,Unknown,Unknown,Minor injury: Hospitalization up to 24 hours,425210.43,4585003.2,2.10401632,41.411252171
2020S001651    ,Eixample,l'Antiga Esquerra de l'Eixample,Mallorca,Thursday,2020-03-05,Laboral,2020,3,March,5,Night,00:00:00,Unknown,Motorcycle,Female,19,Passenger,Unknown,Unknown,Unknown,Unknown,429440.67,4582373.74,2.15493243,41.38795227
2020S001651    ,Eixample,l'Antiga Esquerra de l'Eixample,Mallorca,Thursday,2020-03-05,Laboral,2020,3,March,5,Night,00:00:00,Unknown,Motorcycle,Male,22,Driver,Unknown,Unknown,Leisure and entertainment,Unknown,429440.67,4582373.74,2.15493243,41.38795227
2020S001652    ,Sants-Montjuďc,la Marina del Prat Vermell,Litoral (Besňs),Wednesday,2020-03-04,Laboral,2020,3,March,4,Night,23:00:00,Unknown,Motorcycle,Male,24,Driver,Unknown,Unknown,In transit (commuting),Minor injury: Hospitalization up to 24 hours,426658.86,4577101.37,2.12230143,41.340217064
2020S001653    ,Les Corts,les Corts,Corts,Thursday,2020-03-05,Laboral,2020,3,March,5,Morning,06:00:00,Unknown,Car,Male,46,Driver,Unknown,Unknown,On a mission,Uninjured,427764.89,4582268.28,2.13490357,41.38685361
2020S001653    ,Les Corts,les Corts,Corts,Thursday,2020-03-05,Laboral,2020,3,March,5,Morning,06:00:00,Unknown,Car,Male,25,Driver,Unknown,Unknown,Leisure and entertainment,Uninjured,427764.89,4582268.28,2.13490357,41.38685361
2020S001654    ,Horta-Guinardó,el Carmel,Mossčn Eduard Piquer,Wednesday,2020-03-04,Laboral,2020,3,March,4,Afternoon,17:00:00,Unknown,Autobús,Male,43,Driver,Unknown,Unknown,Urban bus,Uninjured,429628.3,4585817.32,2.15677583,41.418983812
2020S001655    ,Sant Andreu,el Bon Pastor,B-10 (Besňs),Thursday,2020-03-05,Laboral,2020,3,March,5,Morning,06:00:00,Unknown,Car,Male,39,Driver,Unknown,Unknown,On a mission,Uninjured,433624.59,4588704.98,2.20427539,41.445332369
2020S001655    ,Sant Andreu,el Bon Pastor,B-10 (Besňs),Thursday,2020-03-05,Laboral,2020,3,March,5,Morning,06:00:00,Unknown,Tractor camió,Male,45,Driver,Unknown,Unknown,On a mission,Uninjured,433624.59,4588704.98,2.20427539,41.445332369
2020S001655    ,Sant Andreu,el Bon Pastor,B-10 (Besňs),Thursday,2020-03-05,Laboral,2020,3,March,5,Morning,06:00:00,Unknown,Car,Male,66,Driver,Unknown,Unknown,Unknown,Uninjured,433624.59,4588704.98,2.20427539,41.445332369
2020S001655    ,Sant Andreu,el Bon Pastor,B-10 (Besňs),Thursday,2020-03-05,Laboral,2020,3,March,5,Morning,06:00:00,Unknown,Tractor camió,Male,34,Driver,Unknown,Unknown,On a mission,Uninjured,433624.59,4588704.98,2.20427539,41.445332369
2020S001655    ,Sant Andreu,el Bon Pastor,B-10 (Besňs),Thursday,2020-03-05,Laboral,2020,3,March,5,Morning,06:00:00,Unknown,Furgoneta,Male,34,Driver,Unknown,Unknown,On a mission,Minor injury: Hospitalization up to 24 hours,433624.59,4588704.98,2.20427539,41.445332369
2020S001656    ,Sarriŕ-Sant Gervasi,Sant Gervasi - la Bonanova,Valeta d'Arquer,Thursday,2020-03-05,Laboral,2020,3,March,5,Morning,08:00:00,Unknown,Car,Male,50,Pedestrian,Outside the crossing,Other activities,Unknown,Minor injury: Hospitalization up to 24 hours,426928.97,4584655.14,2.12461842,41.408275509
2020S001656    ,Sarriŕ-Sant Gervasi,Sant Gervasi - la Bonanova,Valeta d'Arquer,Thursday,2020-03-05,Laboral,2020,3,March,5,Morning,08:00:00,Unknown,Car,Female,52,Driver,Outside the crossing,Unknown,Other activities,Uninjured,426928.97,4584655.14,2.12461842,41.408275509
2020S001657    ,Ciutat Vella,la Barceloneta,Litoral (Llobregat),Thursday,2020-03-05,Laboral,2020,3,March,5,Morning,08:00:00,Unknown,Car,Male,25,Driver,Unknown,Unknown,In transit (commuting),Uninjured,432103.88,4581754.28,2.18685277,41.382602289
2020S001657    ,Ciutat Vella,la Barceloneta,Litoral (Llobregat),Thursday,2020-03-05,Laboral,2020,3,March,5,Morning,08:00:00,Unknown,Motorcycle,Female,45,Driver,Unknown,Unknown,In transit (commuting),Minor injury: Hospitalization up to 24 hours,432103.88,4581754.28,2.18685277,41.382602289
2020S001657    ,Ciutat Vella,la Barceloneta,Litoral (Llobregat),Thursday,2020-03-05,Laboral,2020,3,March,5,Morning,08:00:00,Unknown,"Camió rígid <= 3,5 tones",Male,58,Driver,Unknown,Unknown,On a mission,Uninjured,432103.88,4581754.28,2.18685277,41.382602289
2020S001657    ,Ciutat Vella,la Barceloneta,Litoral (Llobregat),Thursday,2020-03-05,Laboral,2020,3,March,5,Morning,08:00:00,Unknown,Motorcycle,Male,25,Driver,Unknown,Unknown,In transit (commuting),Minor injury: Medical assistance at accident site,432103.88,4581754.28,2.18685277,41.382602289
2020S001658    ,Eixample,Sant Antoni,Comte d'Urgell,Thursday,2020-03-05,Laboral,2020,3,March,5,Morning,10:00:00,Unknown,Veh. mobilitat personal amb motor,Male,41,Driver,Unknown,Unknown,In transit (commuting),Uninjured,429765.7,4581674.79,2.1589007,41.381685514
2020S001658    ,Eixample,Sant Antoni,Comte d'Urgell,Thursday,2020-03-05,Laboral,2020,3,March,5,Morning,10:00:00,Unknown,Motorcycle,Male,56,Driver,Unknown,Unknown,In transit (commuting),Minor injury: Hospitalization up to 24 hours,429765.7,4581674.79,2.1589007,41.381685514
2020S001659    ,Eixample,el Fort Pienc,Corts Catalanes,Thursday,2020-03-05,Laboral,2020,3,March,5,Morning,08:00:00,Unknown,Bicicleta,Female,7,Pedestrian,On the sidewalk,Unknown,Unknown,Minor injury: Medical assistance at accident site,431609.91,4583519.06,2.18074619,41.398455302
2020S001660    ,Les Corts,Pedralbes,Esplugues,Thursday,2020-03-05,Laboral,2020,3,March,5,Morning,09:00:00,Unknown,Car,Male,58,Driver,Unknown,Unknown,Unknown,Minor injury: Medical assistance at accident site,425696.93,4582690.55,2.11012062,41.390468353
2020S001660    ,Les Corts,Pedralbes,Esplugues,Thursday,2020-03-05,Laboral,2020,3,March,5,Morning,09:00:00,Unknown,Car,Male,41,Driver,Unknown,Unknown,Unknown,Uninjured,425696.93,4582690.55,2.11012062,41.390468353
2020S001661    ,Sarriŕ-Sant Gervasi,el Putxet i el Farró,General Mitre,Thursday,2020-03-05,Laboral,2020,3,March,5,Morning,09:00:00,Unknown,Autobús,Male,49,Driver,Unknown,Unknown,Bus de línia discrecional,Uninjured,428273.21,4584231.67,2.14075002,41.404582623
2020S001661    ,Sarriŕ-Sant Gervasi,el Putxet i el Farró,General Mitre,Thursday,2020-03-05,Laboral,2020,3,March,5,Morning,09:00:00,Unknown,Motorcycle,Female,27,Driver,Unknown,Unknown,In transit (commuting),Minor injury: Refused medical assistance,428273.21,4584231.67,2.14075002,41.404582623
2020S001662    ,Sant Martí,el Besňs i el Maresme,Litoral (Llobregat),Thursday,2020-03-05,Laboral,2020,3,March,5,Morning,10:00:00,Unknown,"Camió rígid <= 3,5 tones",Male,25,Driver,Unknown,Unknown,In transit (commuting),Uninjured,435017.2,4584731.2,2.22137263,41.409655535
2020S001662    ,Sant Martí,el Besňs i el Maresme,Litoral (Llobregat),Thursday,2020-03-05,Laboral,2020,3,March,5,Morning,10:00:00,Unknown,Motorcycle,Male,49,Driver,Unknown,Unknown,In transit (commuting),Minor injury: Medical assistance at accident site,435017.2,4584731.2,2.22137263,41.409655535
2020S001663    ,Sant Martí,la Vila Olímpica del Poblenou,Litoral,Thursday,2020-03-05,Laboral,2020,3,March,5,Morning,12:00:00,Unknown,Motorcycle,Male,50,Driver,Unknown,Unknown,In transit (commuting),Minor injury: Medical assistance at accident site,432910.76,4582300.75,2.19644141,41.387591942
2020S001663    ,Sant Martí,la Vila Olímpica del Poblenou,Litoral,Thursday,2020-03-05,Laboral,2020,3,March,5,Morning,12:00:00,Unknown,Furgoneta,Male,41,Driver,Unknown,Unknown,On a mission,Uninjured,432910.76,4582300.75,2.19644141,41.387591942
2020S001664    ,Eixample,Sant Antoni,Comte d'Urgell,Thursday,2020-03-05,Laboral,2020,3,March,5,Morning,13:00:00,Desobeir el senyal del semŕfor,Bicicleta,Male,24,Driver,In crossing regulated by traffic lights,Unknown,In transit (commuting),Uninjured,429756.73,4581684.05,2.15879236,41.381768133
2020S001664    ,Eixample,Sant Antoni,Comte d'Urgell,Thursday,2020-03-05,Laboral,2020,3,March,5,Morning,13:00:00,Desobeir el senyal del semŕfor,Bicicleta,Female,50,Pedestrian,In crossing regulated by traffic lights,In transit (commuting),Unknown,Minor injury: Hospitalization up to 24 hours,429756.73,4581684.05,2.15879236,41.381768133