Case_Number,District_Name,Neighborhood_Name,Street_Name,Day_of_Week,Date,Day_Type_Description,Year,Month_of_Year,Month_Name,Day_of_Month,Shift_Description,Hour_of_Day,Pedestrian_Cause_Description,Involved_Vehicle_Type_Description,Gender_Description,Age,Person_Type_Description,Pedestrian_Accident_Location_Description,Pedestrian_Movement_Reason_Description,Driver_Movement_Reason_Description,Victimization_Description,Coordenada_UTM_X,Coordenada_UTM_Y,Longitud,Latitud
2020S001665    ,Eixample,la Nova Esquerra de l'Eixample,Entença,Thursday,2020-03-05,Laboral,2020,3,March,5,Morning,12:00:00,Unknown,Car,Male,23,Driver,Unknown,Unknown,Other activities,Minor injury: Refused medical assistance,428776.48,4581768.81,2.1470602,41.38244531
2020S001665    ,Eixample,la Nova Esquerra de l'Eixample,Entença,Thursday,2020-03-05,Laboral,2020,3,March,5,Morning,12:00:00,Unknown,Car,Female,20,Passenger,Unknown,Unknown,Unknown,Minor injury: Refused medical assistance,428776.48,4581768.81,2.1470602,41.38244531
2020S001665    ,Eixample,la Nova Esquerra de l'Eixample,Entença,Thursday,2020-03-05,Laboral,2020,3,March,5,Morning,12:00:00,Unknown,Car,Female,40,Passenger,Unknown,Unknown,Unknown,Minor injury: Refused medical assistance,428776.48,4581768.81,2.1470602,41.38244531
2020S001665    ,Eixample,la Nova Esquerra de l'Eixample,Entença,Thursday,2020-03-05,Laboral,2020,3,March,5,Morning,12:00:00,Unknown,Motorcycle,Male,45,Driver,Unknown,Unknown,On a mission,Minor injury: Medical assistance at accident site,428776.48,4581768.81,2.1470602,41.38244531
2020S001666    ,Sant Martí,el Poblenou,Pujades,Thursday,2020-03-05,Laboral,2020,3,March,5,Morning,13:00:00,Unknown,Autobús,Male,49,Driver,Unknown,Unknown,Urban bus,Uninjured,433434.7,4584035.7,2.20251669,41.403261772
2020S001666    ,Sant Martí,el Poblenou,Pujades,Thursday,2020-03-05,Laboral,2020,3,March,5,Morning,13:00:00,Unknown,Autobús,Female,81,Passenger,Unknown,Unknown,Unknown,Minor injury: Hospitalization up to 24 hours,433434.7,4584035.7,2.20251669,41.403261772
2020S001667    ,Sants-Montjuďc,la Marina del Prat Vermell,Litoral (Besňs),Thursday,2020-03-05,Laboral,2020,3,March,5,Afternoon,15:00:00,Unknown,Car,Female,47,Driver,Unknown,Unknown,Unknown,Minor injury: Medical assistance at accident site,431209.99,4580625.8,2.17629124,41.372362399
2020S001667    ,Sants-Montjuďc,la Marina del Prat Vermell,Litoral (Besňs),Thursday,2020-03-05,Laboral,2020,3,March,5,Afternoon,15:00:00,Unknown,Car,Male,42,Driver,Unknown,Unknown,Unknown,Uninjured,431209.99,4580625.8,2.17629124,41.372362399
2020S001667    ,Sants-Montjuďc,la Marina del Prat Vermell,Litoral (Besňs),Thursday,2020-03-05,Laboral,2020,3,March,5,Afternoon,15:00:00,Unknown,Car,Male,39,Driver,Unknown,Unknown,Unknown,Minor injury: Hospitalization up to 24 hours,431209.99,4580625.8,2.17629124,41.372362399
2020S001668    ,Horta-Guinardó,el Baix Guinardó,Guinardó,Thursday,2020-03-05,Laboral,2020,3,March,5,Afternoon,15:00:00,Unknown,Motorcycle,Female,22,Driver,Unknown,Unknown,In transit (commuting),Minor injury: Hospitalization up to 24 hours,430432.72,4585016.26,2.16649307,41.411839035
2020S001668    ,Horta-Guinardó,el Baix Guinardó,Guinardó,Thursday,2020-03-05,Laboral,2020,3,March,5,Afternoon,15:00:00,Unknown,Furgoneta,Male,57,Driver,Unknown,Unknown,Leisure and entertainment,Uninjured,430432.72,4585016.26,2.16649307,41.411839035
2020S001669    ,Les Corts,Pedralbes,Doctor Joaquín Albarrán,Thursday,2020-03-05,Laboral,2020,3,March,5,Afternoon,15:00:00,Unknown,Car,Male,74,Pedestrian,Others,Unknown,Unknown,Minor injury: Hospitalization up to 24 hours,425532.19,4582604.11,2.10816099,41.389674583
2020S001669    ,Les Corts,Pedralbes,Doctor Joaquín Albarrán,Thursday,2020-03-05,Laboral,2020,3,March,5,Afternoon,15:00:00,Unknown,Car,Male,39,Driver,Others,Unknown,Unknown,Uninjured,425532.19,4582604.11,2.10816099,41.389674583
2020S001670    ,Sant Andreu,el Bon Pastor,Sant Adriŕ,Wednesday,2020-01-15,Laboral,2020,1,January,15,Afternoon,15:00:00,Unknown,Autobús articulat,Male,54,Driver,Unknown,Unknown,Regular line bus,Uninjured,433793.37,4587718.38,2.2064039,41.436460308
2020S001670    ,Sant Andreu,el Bon Pastor,Sant Adriŕ,Wednesday,2020-01-15,Laboral,2020,1,January,15,Afternoon,15:00:00,Unknown,Autobús articulat,Female,65,Passenger,Unknown,Unknown,Unknown,Minor injury: Hospitalization up to 24 hours,433793.37,4587718.38,2.2064039,41.436460308
2020S001670    ,Sant Andreu,el Bon Pastor,Sant Adriŕ,Wednesday,2020-01-15,Laboral,2020,1,January,15,Afternoon,15:00:00,Unknown,Car,Male,23,Driver,Unknown,Unknown,Unknown,Uninjured,433793.37,4587718.38,2.2064039,41.436460308
2020S001671    ,Eixample,l'Antiga Esquerra de l'Eixample,Aribau,Thursday,2020-03-05,Laboral,2020,3,March,5,Afternoon,16:00:00,Unknown,Car,Male,48,Driver,Unknown,Unknown,Unknown,Uninjured,430042.07,4582165.03,2.162149,41.386125044
2020S001671    ,Eixample,l'Antiga Esquerra de l'Eixample,Aribau,Thursday,2020-03-05,Laboral,2020,3,March,5,Afternoon,16:00:00,Unknown,Motorcycle,Female,47,Driver,Unknown,Unknown,Unknown,Minor injury: Hospitalization up to 24 hours,430042.07,4582165.03,2.162149,41.386125044
2020S001672    ,Sarriŕ-Sant Gervasi,Sarriŕ,Dolors Monserdŕ,Thursday,2020-03-05,Laboral,2020,3,March,5,Afternoon,17:00:00,Unknown,Ciclomotor,Male,21,Passenger,Unknown,Unknown,Unknown,Minor injury: Hospitalization up to 24 hours,426643.04,4583892.75,2.12129024,41.401382943
2020S001672    ,Sarriŕ-Sant Gervasi,Sarriŕ,Dolors Monserdŕ,Thursday,2020-03-05,Laboral,2020,3,March,5,Afternoon,17:00:00,Unknown,Ciclomotor,Female,22,Driver,Unknown,Unknown,Other activities,Minor injury: Hospitalization up to 24 hours,426643.04,4583892.75,2.12129024,41.401382943
2020S001673    ,Sants-Montjuďc,la Marina del Prat Vermell,B-10 (Besňs),Thursday,2020-03-05,Laboral,2020,3,March,5,Afternoon,16:00:00,Unknown,Taxi,Male,42,Driver,Unknown,Unknown,On a mission,Minor injury: Refused medical assistance,429180.71,4578306.44,2.15229875,41.351296522
2020S001673    ,Sants-Montjuďc,la Marina del Prat Vermell,B-10 (Besňs),Thursday,2020-03-05,Laboral,2020,3,March,5,Afternoon,16:00:00,Unknown,Car,Female,44,Driver,Unknown,Unknown,Unknown,Uninjured,429180.71,4578306.44,2.15229875,41.351296522
2020S001673    ,Sants-Montjuďc,la Marina del Prat Vermell,B-10 (Besňs),Thursday,2020-03-05,Laboral,2020,3,March,5,Afternoon,16:00:00,Unknown,Car,Female,76,Passenger,Unknown,Unknown,Unknown,Uninjured,429180.71,4578306.44,2.15229875,41.351296522
2020S001673    ,Sants-Montjuďc,la Marina del Prat Vermell,B-10 (Besňs),Thursday,2020-03-05,Laboral,2020,3,March,5,Afternoon,16:00:00,Unknown,Car,Male,50,Driver,Unknown,Unknown,Unknown,Uninjured,429180.71,4578306.44,2.15229875,41.351296522
2020S001673    ,Sants-Montjuďc,la Marina del Prat Vermell,B-10 (Besňs),Thursday,2020-03-05,Laboral,2020,3,March,5,Afternoon,16:00:00,Unknown,Car,Female,71,Passenger,Unknown,Unknown,Unknown,Minor injury: Medical assistance at accident site,429180.71,4578306.44,2.15229875,41.351296522
2020S001673    ,Sants-Montjuďc,la Marina del Prat Vermell,B-10 (Besňs),Thursday,2020-03-05,Laboral,2020,3,March,5,Afternoon,16:00:00,Unknown,Tot terreny,Male,42,Driver,Unknown,Unknown,Unknown,Uninjured,429180.71,4578306.44,2.15229875,41.351296522
2020S001674    ,Les Corts,Pedralbes,Abadessa Olzet,Thursday,2020-03-05,Laboral,2020,3,March,5,Afternoon,16:00:00,Unknown,Car,Female,27,Driver,Unknown,Unknown,Leisure and entertainment,Uninjured,425599.87,4583151.54,2.10890314,41.394611304
2020S001674    ,Les Corts,Pedralbes,Abadessa Olzet,Thursday,2020-03-05,Laboral,2020,3,March,5,Afternoon,16:00:00,Unknown,Motorcycle,Female,17,Passenger,Unknown,Unknown,Unknown,Minor injury: Medical assistance at accident site,425599.87,4583151.54,2.10890314,41.394611304
2020S001674    ,Les Corts,Pedralbes,Abadessa Olzet,Thursday,2020-03-05,Laboral,2020,3,March,5,Afternoon,16:00:00,Unknown,Motorcycle,Female,58,Driver,Unknown,Unknown,Leisure and entertainment,Minor injury: Medical assistance at accident site,425599.87,4583151.54,2.10890314,41.394611304
2020S001675    ,Eixample,la Dreta de l'Eixample,Consell de Cent,Thursday,2020-03-05,Laboral,2020,3,March,5,Afternoon,15:00:00,Unknown,Ciclomotor,Female,19,Driver,Unknown,Unknown,Other activities,Minor injury: Hospitalization up to 24 hours,430113.64,4582513.89,2.16296465,41.389273339
2020S001675    ,Eixample,la Dreta de l'Eixample,Consell de Cent,Thursday,2020-03-05,Laboral,2020,3,March,5,Afternoon,15:00:00,Unknown,Furgoneta,Male,42,Driver,Unknown,Unknown,Other activities,Uninjured,430113.64,4582513.89,2.16296465,41.389273339
2020S001676    ,Horta-Guinardó,la Vall d'Hebron,Vall d'Hebron,Thursday,2020-03-05,Laboral,2020,3,March,5,Afternoon,21:00:00,Unknown,Car,Male,22,Driver,Unknown,Unknown,Activitat esportiva particular,Uninjured,428713.27,4587166.68,2.14566815,41.431056233
2020S001676    ,Horta-Guinardó,la Vall d'Hebron,Vall d'Hebron,Thursday,2020-03-05,Laboral,2020,3,March,5,Afternoon,21:00:00,Unknown,Motorcycle,Male,33,Driver,Unknown,Unknown,Leisure and entertainment,Minor injury: Hospitalization up to 24 hours,428713.27,4587166.68,2.14566815,41.431056233
2020S001676    ,Horta-Guinardó,la Vall d'Hebron,Vall d'Hebron,Thursday,2020-03-05,Laboral,2020,3,March,5,Afternoon,21:00:00,Unknown,Car,Male,45,Driver,Unknown,Unknown,Leisure and entertainment,Uninjured,428713.27,4587166.68,2.14566815,41.431056233
2020S001678    ,Ciutat Vella,"Sant Pere, Santa Caterina i la Ribera",Lluís Companys,Thursday,2020-03-05,Laboral,2020,3,March,5,Afternoon,21:00:00,Unknown,Car,Male,53,Driver,Unknown,Unknown,Leisure and entertainment,Uninjured,431721.95,4582619.88,2.1821878,41.390366171
2020S001678    ,Ciutat Vella,"Sant Pere, Santa Caterina i la Ribera",Lluís Companys,Thursday,2020-03-05,Laboral,2020,3,March,5,Afternoon,21:00:00,Unknown,Motorcycle,Female,60,Driver,Unknown,Unknown,Unknown,Minor injury: Hospitalization up to 24 hours,431721.95,4582619.88,2.1821878,41.390366171
2020S001679    ,Eixample,la Nova Esquerra de l'Eixample,Calŕbria,Thursday,2020-03-05,Laboral,2020,3,March,5,Afternoon,20:00:00,Unknown,Ciclomotor,Female,20,Driver,Unknown,Unknown,Other activities,Minor injury: Hospitalization up to 24 hours,428589.4,4582341.39,2.14475549,41.387585742
2020S001680    ,Les Corts,Pedralbes,Dalt (Besňs),Thursday,2020-03-05,Laboral,2020,3,March,5,Afternoon,16:00:00,Unknown,Taxi,Male,26,Passenger,Unknown,Unknown,Unknown,Minor injury: Hospitalization up to 24 hours,425327.79,4582270.67,2.10575756,41.386652481
2020S001680    ,Les Corts,Pedralbes,Dalt (Besňs),Thursday,2020-03-05,Laboral,2020,3,March,5,Afternoon,16:00:00,Unknown,Furgoneta,Male,35,Driver,Unknown,Unknown,Unknown,Uninjured,425327.79,4582270.67,2.10575756,41.386652481
2020S001680    ,Les Corts,Pedralbes,Dalt (Besňs),Thursday,2020-03-05,Laboral,2020,3,March,5,Afternoon,16:00:00,Unknown,Taxi,Male,44,Driver,Unknown,Unknown,Taxi,Uninjured,425327.79,4582270.67,2.10575756,41.386652481
2020S001681    ,Eixample,Sant Antoni,Comte d'Urgell,Friday,2020-03-06,Laboral,2020,3,March,6,Night,01:00:00,Unknown,Ciclomotor,Male,49,Driver,Unknown,Unknown,Unknown,Minor injury: Hospitalization up to 24 hours,430061.44,4581418.15,2.16246691,41.379399813
2020S001681    ,Eixample,Sant Antoni,Comte d'Urgell,Friday,2020-03-06,Laboral,2020,3,March,6,Night,01:00:00,Unknown,Car,Male,25,Driver,Unknown,Unknown,Unknown,Uninjured,430061.44,4581418.15,2.16246691,41.379399813
2020S001682    ,Eixample,l'Antiga Esquerra de l'Eixample,París,Friday,2020-03-06,Laboral,2020,3,March,6,Night,00:00:00,Unknown,Motorcycle,Male,51,Driver,Unknown,Unknown,Unknown,Minor injury: Medical assistance at accident site,428948.79,4582672.05,2.14901478,41.390595722
2020S001682    ,Eixample,l'Antiga Esquerra de l'Eixample,París,Friday,2020-03-06,Laboral,2020,3,March,6,Night,00:00:00,Unknown,Motorcycle,Male,25,Driver,Unknown,Unknown,Unknown,Uninjured,428948.79,4582672.05,2.14901478,41.390595722
2020S001682    ,Eixample,l'Antiga Esquerra de l'Eixample,París,Friday,2020-03-06,Laboral,2020,3,March,6,Night,00:00:00,Unknown,Car,Female,32,Driver,Unknown,Unknown,Unknown,Uninjured,428948.79,4582672.05,2.14901478,41.390595722
2020S001683    ,Sarriŕ-Sant Gervasi,Sant Gervasi - la Bonanova,Dalt (Besňs),Friday,2020-03-06,Laboral,2020,3,March,6,Morning,06:00:00,Unknown,Motorcycle,Female,37,Driver,Unknown,Unknown,Unknown,Minor injury: Hospitalization up to 24 hours,427603.24,4585335.3,2.13260339,41.414462464
2020S001683    ,Sarriŕ-Sant Gervasi,Sant Gervasi - la Bonanova,Dalt (Besňs),Friday,2020-03-06,Laboral,2020,3,March,6,Morning,06:00:00,Unknown,Car,Male,57,Driver,Unknown,Unknown,Unknown,Uninjured,427603.24,4585335.3,2.13260339,41.414462464
2020S001684    ,Ciutat Vella,el Barri Gňtic,Rambla,Friday,2020-03-06,Laboral,2020,3,March,6,Morning,07:00:00,Unknown,"Camió rígid <= 3,5 tones",Male,54,Driver,Unknown,Unknown,On a mission,Uninjured,431122.36,4581391.77,2.17515638,41.379253784
2020S001685    ,Sant Martí,el Camp de l'Arpa del Clot,Maragall,Friday,2020-03-06,Laboral,2020,3,March,6,Morning,08:00:00,Unknown,Car,Male,64,Driver,Unknown,Unknown,Unknown,Uninjured,431607.86,4585359.6,2.18051356,41.415032305
2020S001685    ,Sant Martí,el Camp de l'Arpa del Clot,Maragall,Friday,2020-03-06,Laboral,2020,3,March,6,Morning,08:00:00,Unknown,Motorcycle,Male,33,Driver,Unknown,Unknown,In transit (commuting),Minor injury: Hospitalization up to 24 hours,431607.86,4585359.6,2.18051356,41.415032305
2020S001686    ,Horta-Guinardó,Horta,Botticelli,Friday,2020-03-06,Laboral,2020,3,March,6,Morning,07:00:00,Unknown,Motorcycle,Male,29,Driver,Unknown,Unknown,Unknown,Minor injury: Medical assistance at accident site,429294.11,4587413.65,2.15259039,41.433331962
2020S001686    ,Horta-Guinardó,Horta,Botticelli,Friday,2020-03-06,Laboral,2020,3,March,6,Morning,07:00:00,Unknown,Car,Female,52,Driver,Unknown,Unknown,Unknown,Uninjured,429294.11,4587413.65,2.15259039,41.433331962
2020S001687    ,Sarriŕ-Sant Gervasi,Sant Gervasi - la Bonanova,Sant Gervasi,Friday,2020-03-06,Laboral,2020,3,March,6,Morning,09:00:00,Creuar per fora pas de vianants,Taxi,Male,50,Driver,Outside the crossing,Unknown,On a mission,Uninjured,427748.13,4584573.0,2.13442797,41.407609796
2020S001687    ,Sarriŕ-Sant Gervasi,Sant Gervasi - la Bonanova,Sant Gervasi,Friday,2020-03-06,Laboral,2020,3,March,6,Morning,09:00:00,Creuar per fora pas de vianants,Taxi,Female,13,Pedestrian,Outside the crossing,On a mission,Unknown,Minor injury: Medical assistance at accident site,427748.13,4584573.0,2.13442797,41.407609796
2020S001688    ,Eixample,la Nova Esquerra de l'Eixample,Viladomat,Friday,2020-03-06,Laboral,2020,3,March,6,Morning,08:00:00,Unknown,Motorcycle,Male,44,Driver,Unknown,Unknown,In transit (commuting),Minor injury: Hospitalization up to 24 hours,429185.61,4581892.99,2.15193826,41.383599893
2020S001688    ,Eixample,la Nova Esquerra de l'Eixample,Viladomat,Friday,2020-03-06,Laboral,2020,3,March,6,Morning,08:00:00,Unknown,Taxi,Male,39,Driver,Unknown,Unknown,Taxi,Uninjured,429185.61,4581892.99,2.15193826,41.383599893
2020S001689    ,Sant Andreu,el Bon Pastor,Litoral (Llobregat),Friday,2020-03-06,Laboral,2020,3,March,6,Morning,11:00:00,Unknown,Furgoneta,Male,68,Driver,In crossing regulated by traffic lights,Unknown,On a mission,Uninjured,433753.46,4588457.97,2.20584509,41.443118278
2020S001689    ,Sant Andreu,el Bon Pastor,Litoral (Llobregat),Friday,2020-03-06,Laboral,2020,3,March,6,Morning,11:00:00,Unknown,Furgoneta,Female,39,Pedestrian,In crossing regulated by traffic lights,Unknown,Unknown,Minor injury: Medical assistance at accident site,433753.46,4588457.97,2.20584509,41.443118278
2020S001690    ,Sants-Montjuďc,la Marina de Port,Zona Franca,Friday,2020-03-06,Laboral,2020,3,March,6,Morning,08:00:00,Unknown,Motorcycle,Male,30,Driver,Unknown,Unknown,In transit (commuting),Serious injury: Hospitalization over 24 hours,428142.49,4579139.65,2.13979042,41.358708969
2020S001690    ,Sants-Montjuďc,la Marina de Port,Zona Franca,Friday,2020-03-06,Laboral,2020,3,March,6,Morning,08:00:00,Unknown,Motorcycle,Male,43,Driver,Unknown,Unknown,In transit (commuting),Minor injury: Refused medical assistance,428142.49,4579139.65,2.13979042,41.358708969
2020S001690    ,Sants-Montjuďc,la Marina de Port,Zona Franca,Friday,2020-03-06,Laboral,2020,3,March,6,Morning,08:00:00,Unknown,Car,Female,35,Driver,Unknown,Unknown,In transit (commuting),Uninjured,428142.49,4579139.65,2.13979042,41.358708969
2020S001691    ,Eixample,la Dreta de l'Eixample,Roger de Llúria,Friday,2020-03-06,Laboral,2020,3,March,6,Morning,10:00:00,Unknown,Motorcycle,Male,30,Driver,Unknown,Unknown,Unknown,Minor injury: Hospitalization up to 24 hours,430377.59,4583159.64,2.16604717,41.395112307
2020S001691    ,Eixample,la Dreta de l'Eixample,Roger de Llúria,Friday,2020-03-06,Laboral,2020,3,March,6,Morning,10:00:00,Unknown,Furgoneta,Male,31,Driver,Unknown,Unknown,Unknown,Uninjured,430377.59,4583159.64,2.16604717,41.395112307
2020S001692    ,Eixample,la Sagrada Família,Valčncia,Friday,2020-03-06,Laboral,2020,3,March,6,Morning,10:00:00,Unknown,Car,Female,18,Driver,Unknown,Unknown,Leisure and entertainment,Uninjured,431362.09,4584065.75,2.17771987,41.403358044
2020S001692    ,Eixample,la Sagrada Família,Valčncia,Friday,2020-03-06,Laboral,2020,3,March,6,Morning,10:00:00,Unknown,Motorcycle,Male,34,Driver,Unknown,Unknown,Leisure and entertainment,Minor injury: Medical assistance at accident site,431362.09,4584065.75,2.17771987,41.403358044
2020S001693    ,Sant Martí,Diagonal Mar i el Front Marítim del Poblenou,Jonquera,Friday,2020-03-06,Laboral,2020,3,March,6,Morning,10:00:00,Unknown,Car,Female,46,Driver,Unknown,Unknown,Unknown,Uninjured,433807.27,4583713.97,2.20700875,41.400394807
2020S001693    ,Sant Martí,Diagonal Mar i el Front Marítim del Poblenou,Jonquera,Friday,2020-03-06,Laboral,2020,3,March,6,Morning,10:00:00,Unknown,Motorcycle,Male,63,Driver,Unknown,Unknown,Unknown,Minor injury: Hospitalization up to 24 hours,433807.27,4583713.97,2.20700875,41.400394807
2020S001694    ,Grŕcia,el Camp d'en Grassot i Grŕcia Nova,Camčlies,Friday,2020-03-06,Laboral,2020,3,March,6,Morning,08:00:00,Unknown,Furgoneta,Female,48,Driver,Unknown,Unknown,In transit (commuting),Uninjured,429992.76,4585047.54,2.1612258,41.41208254
2020S001696    ,Nou Barris,Verdun,Favčncia,Friday,2020-03-06,Laboral,2020,3,March,6,Morning,12:00:00,Desobeir el senyal del semŕfor,"Camió rígid > 3,5 tones",Male,86,Pedestrian,In crossing regulated by traffic lights,Other activities,Unknown,Death (within 24 hours of accident),431502.47,4588761.42,2.17886692,41.445662333
2020S001696    ,Nou Barris,Verdun,Favčncia,Friday,2020-03-06,Laboral,2020,3,March,6,Morning,12:00:00,Desobeir el senyal del semŕfor,"Camió rígid > 3,5 tones",Male,42,Driver,In crossing regulated by traffic lights,Unknown,Professional goods transport,Uninjured,431502.47,4588761.42,2.17886692,41.445662333
2020S001697    ,Eixample,la Nova Esquerra de l'Eixample,Calŕbria,Friday,2020-03-06,Laboral,2020,3,March,6,Morning,09:00:00,Unknown,Bicicleta,Female,34,Driver,Unknown,Unknown,Unknown,Uninjured,429321.67,4581562.19,2.15360397,41.380632458
2020S001697    ,Eixample,la Nova Esquerra de l'Eixample,Calŕbria,Friday,2020-03-06,Laboral,2020,3,March,6,Morning,09:00:00,Unknown,Bicicleta,Female,33,Driver,Unknown,Unknown,Unknown,Minor injury: Medical assistance at accident site,429321.67,4581562.19,2.15360397,41.380632458
2020S001698    ,Eixample,la Dreta de l'Eixample,Pau Claris,Friday,2020-03-06,Laboral,2020,3,March,6,Morning,11:00:00,Unknown,Car,Male,64,Driver,Unknown,Unknown,Other activities,Uninjured,430229.84,4583119.55,2.16428457,41.394738417
2020S001698    ,Eixample,la Dreta de l'Eixample,Pau Claris,Friday,2020-03-06,Laboral,2020,3,March,6,Morning,11:00:00,Unknown,Bicicleta,Female,30,Driver,Unknown,Unknown,Other activities,Minor injury: Medical assistance at accident site,430229.84,4583119.55,2.16428457,41.394738417
2020S001699    ,Eixample,la Sagrada Família,Rosselló,Friday,2020-03-06,Laboral,2020,3,March,6,Morning,13:00:00,Unknown,Bicicleta,Male,33,Driver,Unknown,Unknown,Other activities,Uninjured,431060.6,4584368.44,2.17407884,41.406058465
2020S001699    ,Eixample,la Sagrada Família,Rosselló,Friday,2020-03-06,Laboral,2020,3,March,6,Morning,13:00:00,Unknown,Motorcycle,Male,55,Driver,Unknown,Unknown,In transit (commuting),Minor injury: Hospitalization up to 24 hours,431060.6,4584368.44,2.17407884,41.406058465
2020S001700    ,Les Corts,la Maternitat i Sant Ramon,Josep Samitier,Friday,2020-03-06,Laboral,2020,3,March,6,Morning,13:00:00,Unknown,"Camió rígid <= 3,5 tones",Male,42,Driver,Unknown,Unknown,Professional goods transport,Uninjured,426422.41,4581657.67,2.11892276,41.381232364
2020S001701    ,Nou Barris,la Guineueta,Caçador,Friday,2020-03-06,Laboral,2020,3,March,6,Afternoon,14:00:00,Unknown,Car,Female,23,Driver,Unknown,Unknown,Unknown,Uninjured,430485.77,4588271.35,2.16675329,41.441161021
2020S001701    ,Nou Barris,la Guineueta,Caçador,Friday,2020-03-06,Laboral,2020,3,March,6,Afternoon,14:00:00,Unknown,Motorcycle,Male,57,Driver,Unknown,Unknown,Unknown,Minor injury: Hospitalization up to 24 hours,430485.77,4588271.35,2.16675329,41.441161021
2020S001702    ,Eixample,la Sagrada Família,Marina,Friday,2020-03-06,Laboral,2020,3,March,6,Afternoon,15:00:00,Unknown,Motorcycle,Male,27,Driver,Unknown,Unknown,In transit (commuting),Minor injury: Hospitalization up to 24 hours,431368.79,4583937.45,2.17781458,41.402203058
2020S001702    ,Eixample,la Sagrada Família,Marina,Friday,2020-03-06,Laboral,2020,3,March,6,Afternoon,15:00:00,Unknown,Furgoneta,Female,49,Driver,Unknown,Unknown,Unknown,Uninjured,431368.79,4583937.45,2.17781458,41.402203058
2020S001703    ,Les Corts,Pedralbes,Pedro i Pons,Friday,2020-03-06,Laboral,2020,3,March,6,Afternoon,14:00:00,Unknown,Bicicleta,Male,21,Driver,Unknown,Unknown,Unknown,Minor injury: Hospitalization up to 24 hours,426743.9,4582539.72,2.12266049,41.389205978
2020S001703    ,Les Corts,Pedralbes,Pedro i Pons,Friday,2020-03-06,Laboral,2020,3,March,6,Afternoon,14:00:00,Unknown,Tot terreny,Male,53,Driver,Unknown,Unknown,Unknown,Uninjured,426743.9,4582539.72,2.12266049,41.389205978
2020S001704    ,Sants-Montjuďc,la Marina del Prat Vermell,A Zona Franca,Friday,2020-03-06,Laboral,2020,3,March,6,Afternoon,15:00:00,Unknown,Motorcycle,Male,44,Driver,Unknown,Unknown,Unknown,Uninjured,428769.13,4577860.73,2.14743156,41.347245828
2020S001704    ,Sants-Montjuďc,la Marina del Prat Vermell,A Zona Franca,Friday,2020-03-06,Laboral,2020,3,March,6,Afternoon,15:00:00,Unknown,Motorcycle,Female,30,Driver,Unknown,Unknown,Unknown,Minor injury: Hospitalization up to 24 hours,428769.13,4577860.73,2.14743156,41.347245828
2020S001705    ,Sants-Montjuďc,la Bordeta,Constitució,Friday,2020-03-06,Laboral,2020,3,March,6,Afternoon,16:00:00,Unknown,Furgoneta,Male,47,Driver,Unknown,Unknown,Unknown,Uninjured,427905.58,4580385.59,2.13681019,41.369909536
2020S001705    ,Sants-Montjuďc,la Bordeta,Constitució,Friday,2020-03-06,Laboral,2020,3,March,6,Afternoon,16:00:00,Unknown,Motorcycle,Male,25,Driver,Unknown,Unknown,Unknown,Minor injury: Hospitalization up to 24 hours,427905.58,4580385.59,2.13681019,41.369909536
2020S001706    ,Les Corts,les Corts,Caravelˇla La Nińa,Friday,2020-03-06,Laboral,2020,3,March,6,Afternoon,15:00:00,Unknown,Motorcycle,Female,30,Driver,Unknown,Unknown,Leisure and entertainment,Minor injury: Hospitalization up to 24 hours,427578.22,4582805.61,2.13260686,41.391676338
2020S001706    ,Les Corts,les Corts,Caravelˇla La Nińa,Friday,2020-03-06,Laboral,2020,3,March,6,Afternoon,15:00:00,Unknown,Motorcycle,Male,46,Driver,Unknown,Unknown,Professional goods transport,Uninjured,427578.22,4582805.61,2.13260686,41.391676338
2020S001707    ,Sarriŕ-Sant Gervasi,Sant Gervasi - la Bonanova,Ganduxer,Friday,2020-03-06,Laboral,2020,3,March,6,Afternoon,15:00:00,Unknown,Autobús,Female,42,Passenger,Unknown,Unknown,Unknown,Minor injury: Hospitalization up to 24 hours,427702.1,4583696.15,2.1339821,41.399708228
2020S001707    ,Sarriŕ-Sant Gervasi,Sant Gervasi - la Bonanova,Ganduxer,Friday,2020-03-06,Laboral,2020,3,March,6,Afternoon,15:00:00,Unknown,Autobús,Male,54,Driver,Unknown,Unknown,Urban bus,Uninjured,427702.1,4583696.15,2.1339821,41.399708228
2020S001708    ,Sants-Montjuďc,la Marina del Prat Vermell,Litoral (Besňs),Friday,2020-03-06,Laboral,2020,3,March,6,Afternoon,18:00:00,Unknown,Motorcycle,Male,35,Driver,Unknown,Unknown,On a mission,Minor injury: Hospitalization up to 24 hours,431103.58,4580455.45,2.17503829,41.370818994
2020S001708    ,Sants-Montjuďc,la Marina del Prat Vermell,Litoral (Besňs),Friday,2020-03-06,Laboral,2020,3,March,6,Afternoon,18:00:00,Unknown,Car,Male,45,Driver,Unknown,Unknown,On a mission,Uninjured,431103.58,4580455.45,2.17503829,41.370818994
2020S001709    ,Sants-Montjuďc,Sants,Melcior de Palau,Friday,2020-03-06,Laboral,2020,3,March,6,Afternoon,17:00:00,Unknown,Car,Male,41,Driver,Unknown,Unknown,Leisure and entertainment,Uninjured,427497.81,4581370.34,2.131817,41.378742168
2020S001710    ,Sant Andreu,Navas,Sant Antoni Maria Claret,Friday,2020-03-06,Laboral,2020,3,March,6,Afternoon,14:00:00,Unknown,Car,Female,37,Driver,Unknown,Unknown,Unknown,Uninjured,431943.96,4585748.48,2.18449107,41.418563374
2020S001710    ,Sant Andreu,Navas,Sant Antoni Maria Claret,Friday,2020-03-06,Laboral,2020,3,March,6,Afternoon,14:00:00,Unknown,Motorcycle,Male,37,Driver,Unknown,Unknown,Unknown,Minor injury: Hospitalization up to 24 hours,431943.96,4585748.48,2.18449107,41.418563374
2020S001710    ,Sant Andreu,Navas,Sant Antoni Maria Claret,Friday,2020-03-06,Laboral,2020,3,March,6,Afternoon,14:00:00,Unknown,Car,Male,41,Driver,Unknown,Unknown,Unknown,Uninjured,431943.96,4585748.48,2.18449107,41.418563374