Case_Number,District_Name,Neighborhood_Name,Street_Name,Day_of_Week,Date,Day_Type_Description,Year,Month_of_Year,Month_Name,Day_of_Month,Shift_Description,Hour_of_Day,Pedestrian_Cause_Description,Involved_Vehicle_Type_Description,Gender_Description,Age,Person_Type_Description,Pedestrian_Accident_Location_Description,Pedestrian_Movement_Reason_Description,Driver_Movement_Reason_Description,Victimization_Description,Coordenada_UTM_X,Coordenada_UTM_Y,Longitud,Latitud
2020S001711    ,Nou Barris,la Guineueta,Valldaura,Friday,2020-03-06,Laboral,2020,3,March,6,Afternoon,18:00:00,Creuar per fora pas de vianants,Motorcycle,Female,62,Pedestrian,Outside the crossing,Unknown,Unknown,Serious injury: Hospitalization over 24 hours,430171.07,4588072.29,2.16300957,41.439340844
2020S001711    ,Nou Barris,la Guineueta,Valldaura,Friday,2020-03-06,Laboral,2020,3,March,6,Afternoon,18:00:00,Creuar per fora pas de vianants,Motorcycle,Male,55,Driver,Outside the crossing,Unknown,Unknown,Minor injury: Hospitalization up to 24 hours,430171.07,4588072.29,2.16300957,41.439340844
2020S001712    ,Horta-Guinardó,la Vall d'Hebron,Dalt (Llobregat),Friday,2020-03-06,Laboral,2020,3,March,6,Afternoon,16:00:00,Unknown,Motorcycle,Male,22,Driver,Unknown,Unknown,Leisure and entertainment,Minor injury: Hospitalization up to 24 hours,428564.96,4586831.81,2.14393286,41.428027018
2020S001712    ,Horta-Guinardó,la Vall d'Hebron,Dalt (Llobregat),Friday,2020-03-06,Laboral,2020,3,March,6,Afternoon,16:00:00,Unknown,Furgoneta,Female,48,Driver,Unknown,Unknown,Leisure and entertainment,Uninjured,428564.96,4586831.81,2.14393286,41.428027018
2020S001713    ,Eixample,la Nova Esquerra de l'Eixample,Roma,Friday,2020-03-06,Laboral,2020,3,March,6,Afternoon,15:00:00,Unknown,Veh. mobilitat personal amb motor,Male,29,Driver,Unknown,Unknown,Leisure and entertainment,Minor injury: Hospitalization up to 24 hours,429033.03,4581850.37,2.1501186,41.383202577
2020S001713    ,Eixample,la Nova Esquerra de l'Eixample,Roma,Friday,2020-03-06,Laboral,2020,3,March,6,Afternoon,15:00:00,Unknown,Taxi,Male,50,Driver,Unknown,Unknown,Taxi,Uninjured,429033.03,4581850.37,2.1501186,41.383202577
2020S001714    ,Sarriŕ-Sant Gervasi,Sant Gervasi - Galvany,Augusta,Friday,2020-03-06,Laboral,2020,3,March,6,Afternoon,14:00:00,Unknown,Motorcycle,Female,58,Driver,Unknown,Unknown,Unknown,Minor injury: Hospitalization up to 24 hours,427828.24,4583499.61,2.13551438,41.397949409
2020S001714    ,Sarriŕ-Sant Gervasi,Sant Gervasi - Galvany,Augusta,Friday,2020-03-06,Laboral,2020,3,March,6,Afternoon,14:00:00,Unknown,Motorcycle,Male,55,Driver,Unknown,Unknown,Unknown,Minor injury: Hospitalization up to 24 hours,427828.24,4583499.61,2.13551438,41.397949409
2020S001715    ,Eixample,l'Antiga Esquerra de l'Eixample,Gall,Friday,2020-03-06,Laboral,2020,3,March,6,Afternoon,14:00:00,Unknown,Taxi,Female,48,Driver,Unknown,Unknown,Taxi,Uninjured,429571.02,4582151.42,2.15651721,41.385961337
2020S001715    ,Eixample,l'Antiga Esquerra de l'Eixample,Gall,Friday,2020-03-06,Laboral,2020,3,March,6,Afternoon,14:00:00,Unknown,Motorcycle,Male,31,Driver,Unknown,Unknown,Unknown,Minor injury: Hospitalization up to 24 hours,429571.02,4582151.42,2.15651721,41.385961337
2020S001716    ,Sants-Montjuďc,la Marina del Prat Vermell,Transversal 7,Friday,2020-03-06,Laboral,2020,3,March,6,Afternoon,17:00:00,Unknown,Motorcycle,Female,54,Driver,Unknown,Unknown,Unknown,Minor injury: Hospitalization up to 24 hours,426407.05,4575987.44,2.11942717,41.330161301
2020S001717    ,Eixample,l'Antiga Esquerra de l'Eixample,Rosselló,Friday,2020-03-06,Laboral,2020,3,March,6,Afternoon,20:00:00,Unknown,Car,Female,52,Driver,Unknown,Unknown,Leisure and entertainment,Uninjured,429331.41,4582671.38,2.15359099,41.390623415
2020S001717    ,Eixample,l'Antiga Esquerra de l'Eixample,Rosselló,Friday,2020-03-06,Laboral,2020,3,March,6,Afternoon,20:00:00,Unknown,Ciclomotor,Female,36,Driver,Unknown,Unknown,Leisure and entertainment,Minor injury: Hospitalization up to 24 hours,429331.41,4582671.38,2.15359099,41.390623415
2020S001718    ,Eixample,el Fort Pienc,Corts Catalanes,Friday,2020-03-06,Laboral,2020,3,March,6,Night,23:00:00,Desobeir el senyal del semŕfor,Car,Male,29,Driver,In crossing regulated by traffic lights,Unknown,Unknown,Uninjured,431603.56,4583587.97,2.18066245,41.399075414
2020S001718    ,Eixample,el Fort Pienc,Corts Catalanes,Friday,2020-03-06,Laboral,2020,3,March,6,Night,23:00:00,Desobeir el senyal del semŕfor,Car,Female,32,Pedestrian,In crossing regulated by traffic lights,Unknown,Unknown,Minor injury: Hospitalization up to 24 hours,431603.56,4583587.97,2.18066245,41.399075414
2020S001719    ,Eixample,l'Antiga Esquerra de l'Eixample,Casanova,Saturday,2020-03-07,Laboral,2020,3,March,7,Night,02:00:00,Unknown,Car,Female,22,Passenger,Unknown,Unknown,Unknown,Minor injury: Hospitalization up to 24 hours,429052.24,4582826.56,2.15023393,41.391996476
2020S001719    ,Eixample,l'Antiga Esquerra de l'Eixample,Casanova,Saturday,2020-03-07,Laboral,2020,3,March,7,Night,02:00:00,Unknown,Car,Female,22,Driver,Unknown,Unknown,Unknown,Uninjured,429052.24,4582826.56,2.15023393,41.391996476
2020S001720    ,Eixample,la Sagrada Família,Valčncia,Friday,2020-03-06,Laboral,2020,3,March,6,Afternoon,21:00:00,Unknown,Car,Male,60,Driver,Unknown,Unknown,Leisure and entertainment,Uninjured,431622.79,4584356.24,2.18080564,41.405996627
2020S001720    ,Eixample,la Sagrada Família,Valčncia,Friday,2020-03-06,Laboral,2020,3,March,6,Afternoon,21:00:00,Unknown,Ciclomotor,Male,25,Driver,Unknown,Unknown,In transit (commuting),Minor injury: Hospitalization up to 24 hours,431622.79,4584356.24,2.18080564,41.405996627
2020S001721    ,Grŕcia,el Camp d'en Grassot i Grŕcia Nova,Cňrsega,Friday,2020-03-06,Laboral,2020,3,March,6,Afternoon,21:00:00,Unknown,Motorcycle,Male,51,Driver,Unknown,Unknown,Unknown,Uninjured,430447.12,4583914.31,2.16679206,41.401915393
2020S001721    ,Grŕcia,el Camp d'en Grassot i Grŕcia Nova,Cňrsega,Friday,2020-03-06,Laboral,2020,3,March,6,Afternoon,21:00:00,Unknown,Motorcycle,Female,48,Driver,Unknown,Unknown,Unknown,Minor injury: Medical assistance at accident site,430447.12,4583914.31,2.16679206,41.401915393
2020S001721    ,Grŕcia,el Camp d'en Grassot i Grŕcia Nova,Cňrsega,Friday,2020-03-06,Laboral,2020,3,March,6,Afternoon,21:00:00,Unknown,Furgoneta,Female,44,Driver,Unknown,Unknown,Unknown,Uninjured,430447.12,4583914.31,2.16679206,41.401915393
2020S001722    ,Eixample,la Dreta de l'Eixample,Sant Joan,Saturday,2020-03-07,Laboral,2020,3,March,7,Night,04:00:00,Unknown,Car,Female,20,Passenger,Unknown,Unknown,Unknown,Minor injury: Hospitalization up to 24 hours,430838.6,4583430.72,2.17153027,41.397593642
2020S001722    ,Eixample,la Dreta de l'Eixample,Sant Joan,Saturday,2020-03-07,Laboral,2020,3,March,7,Night,04:00:00,Unknown,Taxi,Male,29,Driver,Unknown,Unknown,Taxi,Uninjured,430838.6,4583430.72,2.17153027,41.397593642
2020S001722    ,Eixample,la Dreta de l'Eixample,Sant Joan,Saturday,2020-03-07,Laboral,2020,3,March,7,Night,04:00:00,Unknown,Car,Male,31,Driver,Unknown,Unknown,Unknown,Uninjured,430838.6,4583430.72,2.17153027,41.397593642
2020S001723    ,Sants-Montjuďc,la Marina de Port,Foc,Friday,2020-03-06,Laboral,2020,3,March,6,Afternoon,21:00:00,Desobeir el senyal del semŕfor,Motorcycle,Male,58,Pedestrian,In crossing regulated by traffic lights,Leisure and entertainment,Unknown,Uninjured,428561.35,4579208.1,2.14478946,41.359362767
2020S001723    ,Sants-Montjuďc,la Marina de Port,Foc,Friday,2020-03-06,Laboral,2020,3,March,6,Afternoon,21:00:00,Desobeir el senyal del semŕfor,Motorcycle,Male,29,Driver,In crossing regulated by traffic lights,Unknown,On a mission,Minor injury: Hospitalization up to 24 hours,428561.35,4579208.1,2.14478946,41.359362767
2020S001724    ,Sant Andreu,la Sagrera,Concepción Arenal,Friday,2020-03-06,Laboral,2020,3,March,6,Night,22:00:00,Unknown,Car,Female,37,Driver,Unknown,Unknown,On a mission,Uninjured,431937.22,4586478.05,2.18432827,41.425133805
2020S001724    ,Sant Andreu,la Sagrera,Concepción Arenal,Friday,2020-03-06,Laboral,2020,3,March,6,Night,22:00:00,Unknown,Motorcycle,Male,26,Driver,Unknown,Unknown,Unknown,Minor injury: Hospitalization up to 24 hours,431937.22,4586478.05,2.18432827,41.425133805
2020S001725    ,Les Corts,la Maternitat i Sant Ramon,Mig (Descendent),Friday,2020-03-06,Laboral,2020,3,March,6,Night,22:00:00,Unknown,Motorcycle,Male,28,Driver,Unknown,Unknown,Leisure and entertainment,Minor injury: Hospitalization up to 24 hours,427126.78,4582034.41,2.12730041,41.384689652
2020S001725    ,Les Corts,la Maternitat i Sant Ramon,Mig (Descendent),Friday,2020-03-06,Laboral,2020,3,March,6,Night,22:00:00,Unknown,Car,Female,42,Driver,Unknown,Unknown,Leisure and entertainment,Uninjured,427126.78,4582034.41,2.12730041,41.384689652
2020S001726    ,Eixample,l'Antiga Esquerra de l'Eixample,Balmes,Saturday,2020-03-07,Laboral,2020,3,March,7,Morning,06:00:00,Unknown,Car,Male,20,Driver,Unknown,Unknown,Leisure and entertainment,Uninjured,429902.58,4582690.31,2.16042,41.39084392
2020S001726    ,Eixample,l'Antiga Esquerra de l'Eixample,Balmes,Saturday,2020-03-07,Laboral,2020,3,March,7,Morning,06:00:00,Unknown,Motorcycle,Male,25,Driver,Unknown,Unknown,Leisure and entertainment,Minor injury: Hospitalization up to 24 hours,429902.58,4582690.31,2.16042,41.39084392
2020S001727    ,Eixample,la Dreta de l'Eixample,Provença,Saturday,2020-03-07,Laboral,2020,3,March,7,Morning,09:00:00,Unknown,Car,Male,26,Driver,Unknown,Unknown,Unknown,Uninjured,430192.01,4583338.05,2.16380689,41.39670309
2020S001727    ,Eixample,la Dreta de l'Eixample,Provença,Saturday,2020-03-07,Laboral,2020,3,March,7,Morning,09:00:00,Unknown,Motorcycle,Male,27,Driver,Unknown,Unknown,Unknown,Minor injury: Medical assistance at accident site,430192.01,4583338.05,2.16380689,41.39670309
2020S001728    ,Sants-Montjuďc,la Marina del Prat Vermell,Número 4 Zona Franca,Saturday,2020-03-07,Laboral,2020,3,March,7,Morning,11:00:00,Unknown,Car,Male,57,Driver,Unknown,Unknown,Leisure and entertainment,Uninjured,426957.61,4576210.38,2.1259789,41.332219359
2020S001728    ,Sants-Montjuďc,la Marina del Prat Vermell,Número 4 Zona Franca,Saturday,2020-03-07,Laboral,2020,3,March,7,Morning,11:00:00,Unknown,Motorcycle,Male,44,Driver,Unknown,Unknown,In transit (commuting),Minor injury: Hospitalization up to 24 hours,426957.61,4576210.38,2.1259789,41.332219359
2020S001729    ,Ciutat Vella,la Barceloneta,Litoral (Besňs),Saturday,2020-03-07,Laboral,2020,3,March,7,Morning,08:00:00,Unknown,Autobús articulat,Female,31,Driver,Unknown,Unknown,Urban bus,Unknown,432031.74,4581682.97,2.18599807,41.381953923
2020S001730    ,Sarriŕ-Sant Gervasi,Sant Gervasi - Galvany,Mestre Nicolau,Saturday,2020-03-07,Laboral,2020,3,March,7,Morning,12:00:00,Unknown,Motorcycle,Male,31,Passenger,Unknown,Unknown,Unknown,Minor injury: Hospitalization up to 24 hours,428392.3,4582998.35,2.14232058,41.393485206
2020S001730    ,Sarriŕ-Sant Gervasi,Sant Gervasi - Galvany,Mestre Nicolau,Saturday,2020-03-07,Laboral,2020,3,March,7,Morning,12:00:00,Unknown,Motorcycle,Female,27,Driver,Unknown,Unknown,Leisure and entertainment,Minor injury: Hospitalization up to 24 hours,428392.3,4582998.35,2.14232058,41.393485206
2020S001730    ,Sarriŕ-Sant Gervasi,Sant Gervasi - Galvany,Mestre Nicolau,Saturday,2020-03-07,Laboral,2020,3,March,7,Morning,12:00:00,Unknown,Motorcycle,Male,64,Driver,Unknown,Unknown,Leisure and entertainment,Minor injury: Hospitalization up to 24 hours,428392.3,4582998.35,2.14232058,41.393485206
2020S001731    ,Sarriŕ-Sant Gervasi,Sant Gervasi - Galvany,Tavern,Saturday,2020-03-07,Laboral,2020,3,March,7,Morning,13:00:00,Unknown,Motorcycle,Female,54,Driver,Unknown,Unknown,Unknown,Minor injury: Hospitalization up to 24 hours,428523.25,4583664.82,2.14380809,41.399499506
2020S001731    ,Sarriŕ-Sant Gervasi,Sant Gervasi - Galvany,Tavern,Saturday,2020-03-07,Laboral,2020,3,March,7,Morning,13:00:00,Unknown,Motorcycle,Male,51,Driver,Unknown,Unknown,Unknown,Minor injury: Hospitalization up to 24 hours,428523.25,4583664.82,2.14380809,41.399499506
2020S001731    ,Sarriŕ-Sant Gervasi,Sant Gervasi - Galvany,Tavern,Saturday,2020-03-07,Laboral,2020,3,March,7,Morning,13:00:00,Unknown,Motorcycle,Female,13,Passenger,Unknown,Unknown,Unknown,Minor injury: Hospitalization up to 24 hours,428523.25,4583664.82,2.14380809,41.399499506
2020S001732    ,Ciutat Vella,el Raval,Josep Carner,Saturday,2020-03-07,Laboral,2020,3,March,7,Afternoon,14:00:00,Unknown,Bicicleta,Male,36,Driver,Unknown,Unknown,Unknown,Minor injury: Hospitalization up to 24 hours,431263.73,4580755.66,2.17691906,41.373536608
2020S001733    ,Horta-Guinardó,la Teixonera,Mare de Déu del Coll,Saturday,2020-03-07,Laboral,2020,3,March,7,Afternoon,14:00:00,Unknown,Motorcycle,Male,28,Driver,Unknown,Unknown,Unknown,Minor injury: Hospitalization up to 24 hours,429167.94,4586392.65,2.15120011,41.424125109
2020S001733    ,Horta-Guinardó,la Teixonera,Mare de Déu del Coll,Saturday,2020-03-07,Laboral,2020,3,March,7,Afternoon,14:00:00,Unknown,Motorcycle,Female,27,Passenger,Unknown,Unknown,Unknown,Minor injury: Hospitalization up to 24 hours,429167.94,4586392.65,2.15120011,41.424125109
2020S001733    ,Horta-Guinardó,la Teixonera,Mare de Déu del Coll,Saturday,2020-03-07,Laboral,2020,3,March,7,Afternoon,14:00:00,Unknown,Car,Male,36,Driver,Unknown,Unknown,Unknown,Uninjured,429167.94,4586392.65,2.15120011,41.424125109
2020S001734    ,Sarriŕ-Sant Gervasi,Sant Gervasi - Galvany,Aribau,Saturday,2020-03-07,Laboral,2020,3,March,7,Afternoon,16:00:00,Unknown,Motorcycle,Female,33,Driver,Unknown,Unknown,Unknown,Minor injury: Hospitalization up to 24 hours,428724.98,4583599.0,2.14622886,41.398924607
2020S001734    ,Sarriŕ-Sant Gervasi,Sant Gervasi - Galvany,Aribau,Saturday,2020-03-07,Laboral,2020,3,March,7,Afternoon,16:00:00,Unknown,Car,Female,46,Driver,Unknown,Unknown,Unknown,Uninjured,428724.98,4583599.0,2.14622886,41.398924607
2020S001735    ,Nou Barris,la Prosperitat,Rio de Janeiro,Saturday,2020-03-07,Laboral,2020,3,March,7,Afternoon,16:00:00,Unknown,Ciclomotor,Female,16,Passenger,Unknown,Unknown,Unknown,Minor injury: Hospitalization up to 24 hours,431826.05,4588125.73,2.18281201,41.439964462
2020S001735    ,Nou Barris,la Prosperitat,Rio de Janeiro,Saturday,2020-03-07,Laboral,2020,3,March,7,Afternoon,16:00:00,Unknown,Car,Male,38,Driver,Unknown,Unknown,Leisure and entertainment,Minor injury: Hospitalization up to 24 hours,431826.05,4588125.73,2.18281201,41.439964462
2020S001735    ,Nou Barris,la Prosperitat,Rio de Janeiro,Saturday,2020-03-07,Laboral,2020,3,March,7,Afternoon,16:00:00,Unknown,Ciclomotor,Male,25,Driver,Unknown,Unknown,Leisure and entertainment,Minor injury: Hospitalization up to 24 hours,431826.05,4588125.73,2.18281201,41.439964462
2020S001736    ,Nou Barris,les Roquetes,Dalt (Llobregat),Saturday,2020-03-07,Laboral,2020,3,March,7,Afternoon,16:00:00,Unknown,"Camió rígid <= 3,5 tones",Male,38,Driver,Unknown,Unknown,On a mission,Uninjured,431529.78,4588779.95,2.17919172,41.445831557
2020S001736    ,Nou Barris,les Roquetes,Dalt (Llobregat),Saturday,2020-03-07,Laboral,2020,3,March,7,Afternoon,16:00:00,Unknown,Motorcycle,Male,26,Driver,Unknown,Unknown,On a mission,Minor injury: Hospitalization up to 24 hours,431529.78,4588779.95,2.17919172,41.445831557
2020S001737    ,Sarriŕ-Sant Gervasi,les Tres Torres,General Mitre,Saturday,2020-03-07,Laboral,2020,3,March,7,Afternoon,15:00:00,Unknown,Motorcycle,Female,26,Passenger,Unknown,Unknown,Unknown,Minor injury: Hospitalization up to 24 hours,427667.58,4583135.97,2.13363614,41.394659806
2020S001737    ,Sarriŕ-Sant Gervasi,les Tres Torres,General Mitre,Saturday,2020-03-07,Laboral,2020,3,March,7,Afternoon,15:00:00,Unknown,Motorcycle,Male,24,Driver,Unknown,Unknown,Leisure and entertainment,Minor injury: Hospitalization up to 24 hours,427667.58,4583135.97,2.13363614,41.394659806
2020S001738    ,Sant Martí,Diagonal Mar i el Front Marítim del Poblenou,Garcia Fŕria,Saturday,2020-03-07,Laboral,2020,3,March,7,Afternoon,19:00:00,Unknown,Furgoneta,Male,36,Driver,Unknown,Unknown,Unknown,Minor injury: Hospitalization up to 24 hours,434537.24,4584172.32,2.21569103,41.404582862
2020S001738    ,Sant Martí,Diagonal Mar i el Front Marítim del Poblenou,Garcia Fŕria,Saturday,2020-03-07,Laboral,2020,3,March,7,Afternoon,19:00:00,Unknown,Car,Female,19,Passenger,Unknown,Unknown,Unknown,Minor injury: Medical assistance at accident site,434537.24,4584172.32,2.21569103,41.404582862
2020S001738    ,Sant Martí,Diagonal Mar i el Front Marítim del Poblenou,Garcia Fŕria,Saturday,2020-03-07,Laboral,2020,3,March,7,Afternoon,19:00:00,Unknown,Car,Male,38,Driver,Unknown,Unknown,Unknown,Uninjured,434537.24,4584172.32,2.21569103,41.404582862
2020S001738    ,Sant Martí,Diagonal Mar i el Front Marítim del Poblenou,Garcia Fŕria,Saturday,2020-03-07,Laboral,2020,3,March,7,Afternoon,19:00:00,Unknown,Furgoneta,Male,10,Passenger,Unknown,Unknown,Unknown,Minor injury: Refused medical assistance,434537.24,4584172.32,2.21569103,41.404582862
2020S001738    ,Sant Martí,Diagonal Mar i el Front Marítim del Poblenou,Garcia Fŕria,Saturday,2020-03-07,Laboral,2020,3,March,7,Afternoon,19:00:00,Unknown,Furgoneta,Female,12,Passenger,Unknown,Unknown,Unknown,Minor injury: Refused medical assistance,434537.24,4584172.32,2.21569103,41.404582862
2020S001738    ,Sant Martí,Diagonal Mar i el Front Marítim del Poblenou,Garcia Fŕria,Saturday,2020-03-07,Laboral,2020,3,March,7,Afternoon,19:00:00,Unknown,Car,Female,33,Passenger,Unknown,Unknown,Unknown,Minor injury: Medical assistance at accident site,434537.24,4584172.32,2.21569103,41.404582862
2020S001738    ,Sant Martí,Diagonal Mar i el Front Marítim del Poblenou,Garcia Fŕria,Saturday,2020-03-07,Laboral,2020,3,March,7,Afternoon,19:00:00,Unknown,Furgoneta,Female,32,Passenger,Unknown,Unknown,Unknown,Minor injury: Refused medical assistance,434537.24,4584172.32,2.21569103,41.404582862
2020S001739    ,Horta-Guinardó,Sant Genís dels Agudells,Sant Cugat,Saturday,2020-03-07,Laboral,2020,3,March,7,Afternoon,16:00:00,Unknown,Motorcycle,Male,26,Driver,Unknown,Unknown,Unknown,Serious injury: Hospitalization over 24 hours,427505.17,4587233.59,2.13120236,41.431550668
2020S001740    ,Horta-Guinardó,el Baix Guinardó,Castillejos,Saturday,2020-03-07,Laboral,2020,3,March,7,Afternoon,17:00:00,Unknown,Motorcycle,Female,92,Pedestrian,In crossing regulated by traffic lights,Unknown,Unknown,Minor injury: Hospitalization up to 24 hours,430963.0,4584864.75,2.17285461,41.410520186
2020S001741    ,Sant Andreu,Sant Andreu,Joan Comorera,Saturday,2020-03-07,Laboral,2020,3,March,7,Night,22:00:00,Unknown,Veh. mobilitat personal amb motor,Female,17,Driver,In an unregulated crossing,Unknown,Leisure and entertainment,Minor injury: Hospitalization up to 24 hours,432726.21,4587966.82,2.19360388,41.438609181
2020S001741    ,Sant Andreu,Sant Andreu,Joan Comorera,Saturday,2020-03-07,Laboral,2020,3,March,7,Night,22:00:00,Unknown,Car,Female,16,Pedestrian,In an unregulated crossing,Leisure and entertainment,Unknown,Minor injury: Hospitalization up to 24 hours,432726.21,4587966.82,2.19360388,41.438609181
2020S001742    ,Eixample,l'Antiga Esquerra de l'Eixample,Aragó,Sunday,2020-03-08,Laboral,2020,3,March,8,Night,02:00:00,Unknown,Car,Male,27,Driver,Unknown,Unknown,Unknown,Uninjured,429632.24,4582185.05,2.15724544,41.386269592
2020S001743    ,Eixample,la Dreta de l'Eixample,Casp,Saturday,2020-03-07,Laboral,2020,3,March,7,Afternoon,20:00:00,Unknown,Car,Male,19,Driver,Unknown,Unknown,Unknown,Uninjured,431058.75,4582823.7,2.1742327,41.392145313
2020S001743    ,Eixample,la Dreta de l'Eixample,Casp,Saturday,2020-03-07,Laboral,2020,3,March,7,Afternoon,20:00:00,Unknown,Motorcycle,Male,26,Driver,Unknown,Unknown,Unknown,Minor injury: Medical assistance at accident site,431058.75,4582823.7,2.1742327,41.392145313
2020S001744    ,Nou Barris,Porta,Garrofers,Saturday,2020-03-07,Laboral,2020,3,March,7,Afternoon,18:00:00,Unknown,Ciclomotor,Female,24,Driver,Unknown,Unknown,Leisure and entertainment,Minor injury: Hospitalization up to 24 hours,431424.63,4587868.15,2.17803661,41.437610329
2020S001744    ,Nou Barris,Porta,Garrofers,Saturday,2020-03-07,Laboral,2020,3,March,7,Afternoon,18:00:00,Unknown,Car,Male,59,Driver,Unknown,Unknown,Leisure and entertainment,Uninjured,431424.63,4587868.15,2.17803661,41.437610329
2020S001745    ,Eixample,l'Antiga Esquerra de l'Eixample,Balmes,Saturday,2020-03-07,Laboral,2020,3,March,7,Afternoon,18:00:00,Unknown,Bicicleta,Male,36,Driver,Unknown,Unknown,In transit (commuting),Minor injury: Hospitalization up to 24 hours,429654.49,4582940.84,2.15742371,41.393078687
2020S001745    ,Eixample,l'Antiga Esquerra de l'Eixample,Balmes,Saturday,2020-03-07,Laboral,2020,3,March,7,Afternoon,18:00:00,Unknown,Car,Male,62,Driver,Unknown,Unknown,In transit (commuting),Uninjured,429654.49,4582940.84,2.15742371,41.393078687
2020S001746    ,Sant Martí,la Vila Olímpica del Poblenou,Doctor Trueta,Sunday,2020-03-08,Laboral,2020,3,March,8,Morning,06:00:00,Desobeir altres senyals,Car,Male,35,Driver,Unknown,Unknown,Leisure and entertainment,Uninjured,433074.57,4583068.97,2.19831558,41.394524766
2020S001746    ,Sant Martí,la Vila Olímpica del Poblenou,Doctor Trueta,Sunday,2020-03-08,Laboral,2020,3,March,8,Morning,06:00:00,Desobeir altres senyals,Car,Male,59,Driver,Unknown,Unknown,Taxi,Uninjured,433074.57,4583068.97,2.19831558,41.394524766
2020S001747    ,Sant Martí,el Besňs i el Maresme,Maresme,Saturday,2020-03-07,Laboral,2020,3,March,7,Afternoon,17:00:00,Unknown,Car,Male,13,Passenger,Unknown,Unknown,Unknown,Uninjured,434323.44,4585276.75,2.21301346,41.414512749
2020S001747    ,Sant Martí,el Besňs i el Maresme,Maresme,Saturday,2020-03-07,Laboral,2020,3,March,7,Afternoon,17:00:00,Unknown,Car,Male,16,Driver,Unknown,Unknown,Other activities,Uninjured,434323.44,4585276.75,2.21301346,41.414512749
2020S001748    ,Sant Martí,el Camp de l'Arpa del Clot,Xifré,Saturday,2020-03-07,Laboral,2020,3,March,7,Afternoon,20:00:00,Unknown,Car,Male,20,Driver,Unknown,Unknown,Unknown,Uninjured,431592.73,4584934.91,2.18038058,41.411205969
2020S001748    ,Sant Martí,el Camp de l'Arpa del Clot,Xifré,Saturday,2020-03-07,Laboral,2020,3,March,7,Afternoon,20:00:00,Unknown,Motorcycle,Male,57,Driver,Unknown,Unknown,Unknown,Minor injury: Hospitalization up to 24 hours,431592.73,4584934.91,2.18038058,41.411205969
2020S001749    ,Sant Andreu,la Trinitat Vella,Mare de Déu de Lorda,Saturday,2020-03-07,Laboral,2020,3,March,7,Afternoon,15:00:00,Unknown,"Camió rígid > 3,5 tones",Male,53,Driver,Unknown,Unknown,Cleaning or garbage collection service,Uninjured,432576.09,4589326.15,2.19165528,41.450839603
2020S001750    ,Horta-Guinardó,la Font d'en Fargues,Cičncies,Sunday,2020-03-08,Laboral,2020,3,March,8,Morning,07:00:00,Unknown,Car,Female,42,Driver,Unknown,Unknown,In transit (commuting),Uninjured,429781.38,4586529.46,2.15852473,41.425411185
2020S001750    ,Horta-Guinardó,la Font d'en Fargues,Cičncies,Sunday,2020-03-08,Laboral,2020,3,March,8,Morning,07:00:00,Unknown,Car,Male,36,Driver,Unknown,Unknown,On a mission,Uninjured,429781.38,4586529.46,2.15852473,41.425411185
2020S001750    ,Horta-Guinardó,la Font d'en Fargues,Cičncies,Sunday,2020-03-08,Laboral,2020,3,March,8,Morning,07:00:00,Unknown,Motorcycle,Male,21,Driver,Unknown,Unknown,Leisure and entertainment,Minor injury: Medical assistance at accident site,429781.38,4586529.46,2.15852473,41.425411185
2020S001751    ,Sant Martí,el Clot,Rossend Nobas,Sunday,2020-03-08,Laboral,2020,3,March,8,Morning,11:00:00,Unknown,Tot terreny,Male,35,Driver,Unknown,Unknown,Leisure and entertainment,Uninjured,432378.14,4584686.17,2.18980494,41.409032143
2020S001751    ,Sant Martí,el Clot,Rossend Nobas,Sunday,2020-03-08,Laboral,2020,3,March,8,Morning,11:00:00,Unknown,Tot terreny,Female,26,Passenger,Unknown,Unknown,Unknown,Uninjured,432378.14,4584686.17,2.18980494,41.409032143
2020S001752    ,Ciutat Vella,"Sant Pere, Santa Caterina i la Ribera",Antoni Maura,Sunday,2020-03-08,Laboral,2020,3,March,8,Morning,10:00:00,Unknown,Car,Male,21,Driver,Unknown,Unknown,Leisure and entertainment,Uninjured,431298.12,4582071.81,2.17718097,41.38539375
2020S001752    ,Ciutat Vella,"Sant Pere, Santa Caterina i la Ribera",Antoni Maura,Sunday,2020-03-08,Laboral,2020,3,March,8,Morning,10:00:00,Unknown,Autobús articulat,Male,58,Driver,Unknown,Unknown,Regular line bus,Uninjured,431298.12,4582071.81,2.17718097,41.38539375
2020S001752    ,Ciutat Vella,"Sant Pere, Santa Caterina i la Ribera",Antoni Maura,Sunday,2020-03-08,Laboral,2020,3,March,8,Morning,10:00:00,Unknown,Autobús articulat,Female,34,Passenger,Unknown,Unknown,Unknown,Minor injury: Medical assistance at accident site,431298.12,4582071.81,2.17718097,41.38539375
2020S001753    ,Sant Andreu,el Congrés i els Indians,Pardo,Sunday,2020-03-08,Laboral,2020,3,March,8,Night,05:00:00,Unknown,Car,Female,39,Driver,Unknown,Unknown,Leisure and entertainment,Uninjured,431776.94,4586620.38,2.18239422,41.42640212
2020S001754    ,Eixample,la Dreta de l'Eixample,Diagonal,Saturday,2020-03-07,Laboral,2020,3,March,7,Afternoon,17:00:00,Desobeir el senyal del semŕfor,Motorcycle,Female,21,Pedestrian,In crossing regulated by traffic lights,Leisure and entertainment,Unknown,Minor injury: Medical assistance at accident site,430648.16,4583616.69,2.16923104,41.399252203
2020S001754    ,Eixample,la Dreta de l'Eixample,Diagonal,Saturday,2020-03-07,Laboral,2020,3,March,7,Afternoon,17:00:00,Desobeir el senyal del semŕfor,Motorcycle,Female,49,Driver,In crossing regulated by traffic lights,Unknown,Unknown,Minor injury: Hospitalization up to 24 hours,430648.16,4583616.69,2.16923104,41.399252203