Case_Number,District_Name,Neighborhood_Name,Street_Name,Day_of_Week,Date,Day_Type_Description,Year,Month_of_Year,Month_Name,Day_of_Month,Shift_Description,Hour_of_Day,Pedestrian_Cause_Description,Involved_Vehicle_Type_Description,Gender_Description,Age,Person_Type_Description,Pedestrian_Accident_Location_Description,Pedestrian_Movement_Reason_Description,Driver_Movement_Reason_Description,Victimization_Description,Coordenada_UTM_X,Coordenada_UTM_Y,Longitud,Latitud
2020S001755    ,Horta-Guinardó,la Vall d'Hebron,Estatut de Catalunya,Sunday,2020-03-08,Laboral,2020,3,March,8,Morning,12:00:00,Unknown,Car,Male,54,Driver,Unknown,Unknown,Leisure and entertainment,Uninjured,429342.49,4587322.32,2.15318008,41.43251365
2020S001755    ,Horta-Guinardó,la Vall d'Hebron,Estatut de Catalunya,Sunday,2020-03-08,Laboral,2020,3,March,8,Morning,12:00:00,Unknown,Car,Female,23,Driver,Unknown,Unknown,Leisure and entertainment,Minor injury: Hospitalization up to 24 hours,429342.49,4587322.32,2.15318008,41.43251365
2020S001756    ,Ciutat Vella,la Barceloneta,Joan Borbó Comte Barcelona,Sunday,2020-03-08,Laboral,2020,3,March,8,Morning,12:00:00,Unknown,Autobús articulat,Female,57,Passenger,Unknown,Unknown,Unknown,Minor injury: Hospitalization up to 24 hours,432128.96,4581595.21,2.18717052,41.381171703
2020S001756    ,Ciutat Vella,la Barceloneta,Joan Borbó Comte Barcelona,Sunday,2020-03-08,Laboral,2020,3,March,8,Morning,12:00:00,Unknown,Autobús articulat,Female,63,Passenger,Unknown,Unknown,Unknown,Minor injury: Hospitalization up to 24 hours,432128.96,4581595.21,2.18717052,41.381171703
2020S001756    ,Ciutat Vella,la Barceloneta,Joan Borbó Comte Barcelona,Sunday,2020-03-08,Laboral,2020,3,March,8,Morning,12:00:00,Unknown,Taxi,Male,49,Driver,Unknown,Unknown,Taxi,Minor injury: Hospitalization up to 24 hours,432128.96,4581595.21,2.18717052,41.381171703
2020S001756    ,Ciutat Vella,la Barceloneta,Joan Borbó Comte Barcelona,Sunday,2020-03-08,Laboral,2020,3,March,8,Morning,12:00:00,Unknown,Autobús articulat,Female,61,Passenger,Unknown,Unknown,Unknown,Minor injury: Hospitalization up to 24 hours,432128.96,4581595.21,2.18717052,41.381171703
2020S001756    ,Ciutat Vella,la Barceloneta,Joan Borbó Comte Barcelona,Sunday,2020-03-08,Laboral,2020,3,March,8,Morning,12:00:00,Unknown,Autobús articulat,Female,76,Passenger,Unknown,Unknown,Unknown,Minor injury: Hospitalization up to 24 hours,432128.96,4581595.21,2.18717052,41.381171703
2020S001756    ,Ciutat Vella,la Barceloneta,Joan Borbó Comte Barcelona,Sunday,2020-03-08,Laboral,2020,3,March,8,Morning,12:00:00,Unknown,Autobús articulat,Female,59,Passenger,Unknown,Unknown,Unknown,Minor injury: Hospitalization up to 24 hours,432128.96,4581595.21,2.18717052,41.381171703
2020S001756    ,Ciutat Vella,la Barceloneta,Joan Borbó Comte Barcelona,Sunday,2020-03-08,Laboral,2020,3,March,8,Morning,12:00:00,Unknown,Autobús articulat,Male,43,Driver,Unknown,Unknown,Urban bus,Uninjured,432128.96,4581595.21,2.18717052,41.381171703
2020S001756    ,Ciutat Vella,la Barceloneta,Joan Borbó Comte Barcelona,Sunday,2020-03-08,Laboral,2020,3,March,8,Morning,12:00:00,Unknown,Taxi,Male,50,Driver,Unknown,Unknown,Taxi,Uninjured,432128.96,4581595.21,2.18717052,41.381171703
2020S001756    ,Ciutat Vella,la Barceloneta,Joan Borbó Comte Barcelona,Sunday,2020-03-08,Laboral,2020,3,March,8,Morning,12:00:00,Unknown,Autobús articulat,Female,44,Passenger,Unknown,Unknown,Unknown,Minor injury: Medical assistance at accident site,432128.96,4581595.21,2.18717052,41.381171703
2020S001756    ,Ciutat Vella,la Barceloneta,Joan Borbó Comte Barcelona,Sunday,2020-03-08,Laboral,2020,3,March,8,Morning,12:00:00,Unknown,Autobús articulat,Female,79,Passenger,Unknown,Unknown,Unknown,Minor injury: Hospitalization up to 24 hours,432128.96,4581595.21,2.18717052,41.381171703
2020S001756    ,Ciutat Vella,la Barceloneta,Joan Borbó Comte Barcelona,Sunday,2020-03-08,Laboral,2020,3,March,8,Morning,12:00:00,Unknown,Autobús articulat,Female,60,Passenger,Unknown,Unknown,Unknown,Minor injury: Hospitalization up to 24 hours,432128.96,4581595.21,2.18717052,41.381171703
2020S001757    ,Sant Martí,Provençals del Poblenou,Espronceda,Sunday,2020-03-08,Laboral,2020,3,March,8,Afternoon,14:00:00,Unknown,Car,Male,65,Passenger,Unknown,Unknown,Unknown,Minor injury: Hospitalization up to 24 hours,433092.12,4584771.86,2.19833716,41.409863713
2020S001757    ,Sant Martí,Provençals del Poblenou,Espronceda,Sunday,2020-03-08,Laboral,2020,3,March,8,Afternoon,14:00:00,Unknown,Car,Male,24,Driver,Unknown,Unknown,Unknown,Uninjured,433092.12,4584771.86,2.19833716,41.409863713
2020S001757    ,Sant Martí,Provençals del Poblenou,Espronceda,Sunday,2020-03-08,Laboral,2020,3,March,8,Afternoon,14:00:00,Unknown,Car,Female,63,Passenger,Unknown,Unknown,Unknown,Minor injury: Hospitalization up to 24 hours,433092.12,4584771.86,2.19833716,41.409863713
2020S001757    ,Sant Martí,Provençals del Poblenou,Espronceda,Sunday,2020-03-08,Laboral,2020,3,March,8,Afternoon,14:00:00,Unknown,Car,Female,61,Passenger,Unknown,Unknown,Unknown,Minor injury: Hospitalization up to 24 hours,433092.12,4584771.86,2.19833716,41.409863713
2020S001757    ,Sant Martí,Provençals del Poblenou,Espronceda,Sunday,2020-03-08,Laboral,2020,3,March,8,Afternoon,14:00:00,Unknown,Car,Male,67,Driver,Unknown,Unknown,Leisure and entertainment,Minor injury: Medical assistance at accident site,433092.12,4584771.86,2.19833716,41.409863713
2020S001758    ,Eixample,la Sagrada Família,Sardenya,Sunday,2020-03-08,Laboral,2020,3,March,8,Afternoon,17:00:00,Unknown,Motorcycle,Female,31,Driver,Unknown,Unknown,On a mission,Minor injury: Hospitalization up to 24 hours,431231.9,4583815.84,2.17619089,41.40109605
2020S001758    ,Eixample,la Sagrada Família,Sardenya,Sunday,2020-03-08,Laboral,2020,3,March,8,Afternoon,17:00:00,Unknown,Motorcycle,Male,33,Passenger,Unknown,Unknown,Unknown,Uninjured,431231.9,4583815.84,2.17619089,41.40109605
2020S001758    ,Eixample,la Sagrada Família,Sardenya,Sunday,2020-03-08,Laboral,2020,3,March,8,Afternoon,17:00:00,Unknown,Motorcycle,Male,36,Driver,Unknown,Unknown,On a mission,Uninjured,431231.9,4583815.84,2.17619089,41.40109605
2020S001759    ,Ciutat Vella,el Barri Gňtic,Litoral (Llobregat),Sunday,2020-03-08,Laboral,2020,3,March,8,Afternoon,17:00:00,Unknown,Veh. mobilitat personal amb motor,Male,59,Driver,In pedestrian area,Unknown,Other activities,Minor injury: Hospitalization up to 24 hours,431465.38,4581159.78,2.17928446,41.377193618
2020S001759    ,Ciutat Vella,el Barri Gňtic,Litoral (Llobregat),Sunday,2020-03-08,Laboral,2020,3,March,8,Afternoon,17:00:00,Unknown,Veh. mobilitat personal amb motor,Female,47,Pedestrian,In pedestrian area,Unknown,Unknown,Minor injury: Medical assistance at accident site,431465.38,4581159.78,2.17928446,41.377193618
2020S001760    ,Sant Martí,el Parc i la Llacuna del Poblenou,Marina,Sunday,2020-03-08,Laboral,2020,3,March,8,Afternoon,19:00:00,Unknown,Car,Male,47,Driver,Unknown,Unknown,Other activities,Uninjured,432212.59,4583050.95,2.1880076,41.394290227
2020S001760    ,Sant Martí,el Parc i la Llacuna del Poblenou,Marina,Sunday,2020-03-08,Laboral,2020,3,March,8,Afternoon,19:00:00,Unknown,Car,Female,41,Driver,Unknown,Unknown,Other activities,Minor injury: Hospitalization up to 24 hours,432212.59,4583050.95,2.1880076,41.394290227
2020S001761    ,Sant Andreu,la Trinitat Vella,Meridiana,Sunday,2020-03-08,Laboral,2020,3,March,8,Afternoon,20:00:00,Unknown,Car,Male,22,Driver,Unknown,Unknown,Unknown,Minor injury: Hospitalization up to 24 hours,432381.92,4589336.79,2.18932965,41.450919089
2020S001761    ,Sant Andreu,la Trinitat Vella,Meridiana,Sunday,2020-03-08,Laboral,2020,3,March,8,Afternoon,20:00:00,Unknown,Car,Female,21,Passenger,Unknown,Unknown,Unknown,Minor injury: Hospitalization up to 24 hours,432381.92,4589336.79,2.18932965,41.450919089
2020S001761    ,Sant Andreu,la Trinitat Vella,Meridiana,Sunday,2020-03-08,Laboral,2020,3,March,8,Afternoon,20:00:00,Unknown,Car,Male,23,Driver,Unknown,Unknown,Unknown,Uninjured,432381.92,4589336.79,2.18932965,41.450919089
2020S001761    ,Sant Andreu,la Trinitat Vella,Meridiana,Sunday,2020-03-08,Laboral,2020,3,March,8,Afternoon,20:00:00,Unknown,Car,Male,19,Driver,Unknown,Unknown,Unknown,Minor injury: Hospitalization up to 24 hours,432381.92,4589336.79,2.18932965,41.450919089
2020S001762    ,Horta-Guinardó,Horta,Botticelli,Sunday,2020-03-08,Laboral,2020,3,March,8,Night,22:00:00,Unknown,Motorcycle,Female,19,Passenger,Unknown,Unknown,Unknown,Minor injury: Hospitalization up to 24 hours,429294.11,4587413.65,2.15259039,41.433331962
2020S001762    ,Horta-Guinardó,Horta,Botticelli,Sunday,2020-03-08,Laboral,2020,3,March,8,Night,22:00:00,Unknown,Motorcycle,Male,21,Driver,Unknown,Unknown,Leisure and entertainment,Minor injury: Hospitalization up to 24 hours,429294.11,4587413.65,2.15259039,41.433331962
2020S001763    ,Eixample,Sant Antoni,Corts Catalanes,Monday,2020-03-09,Laboral,2020,3,March,9,Night,00:00:00,Unknown,Veh. mobilitat personal amb motor,Male,23,Driver,Unknown,Unknown,Leisure and entertainment,Uninjured,429268.61,4581221.78,2.15300922,41.377561831
2020S001763    ,Eixample,Sant Antoni,Corts Catalanes,Monday,2020-03-09,Laboral,2020,3,March,9,Night,00:00:00,Unknown,Motorcycle,Female,24,Driver,Unknown,Unknown,Leisure and entertainment,Minor injury: Hospitalization up to 24 hours,429268.61,4581221.78,2.15300922,41.377561831
2020S001764    ,Eixample,l'Antiga Esquerra de l'Eixample,Corts Catalanes,Monday,2020-03-09,Laboral,2020,3,March,9,Morning,06:00:00,Unknown,Autobús,Male,64,Driver,Unknown,Unknown,On a mission,Uninjured,430197.26,4582210.36,2.16399973,41.386546805
2020S001764    ,Eixample,l'Antiga Esquerra de l'Eixample,Corts Catalanes,Monday,2020-03-09,Laboral,2020,3,March,9,Morning,06:00:00,Unknown,Bicicleta,Male,24,Driver,Unknown,Unknown,"Firefighters, police, ambulance",Minor injury: Medical assistance at accident site,430197.26,4582210.36,2.16399973,41.386546805
2020S001765    ,Sant Martí,Diagonal Mar i el Front Marítim del Poblenou,Litoral (Llobregat),Monday,2020-03-09,Laboral,2020,3,March,9,Morning,07:00:00,Unknown,Car,Male,37,Driver,Unknown,Unknown,In transit (commuting),Uninjured,434156.16,4583766.36,2.21117646,41.400895335
2020S001765    ,Sant Martí,Diagonal Mar i el Front Marítim del Poblenou,Litoral (Llobregat),Monday,2020-03-09,Laboral,2020,3,March,9,Morning,07:00:00,Unknown,Motorcycle,Male,59,Driver,Unknown,Unknown,In transit (commuting),Minor injury: Medical assistance at accident site,434156.16,4583766.36,2.21117646,41.400895335
2020S001766    ,Eixample,la Dreta de l'Eixample,Tetuan,Monday,2020-03-09,Laboral,2020,3,March,9,Morning,09:00:00,Transitar a peu per la calçada,Veh. mobilitat personal amb motor,Male,34,Driver,Others,Unknown,In transit (commuting),Minor injury: Hospitalization up to 24 hours,431093.99,4583161.22,2.17461576,41.395188276
2020S001767    ,Nou Barris,les Roquetes,Dalt (Besňs),Monday,2020-03-09,Laboral,2020,3,March,9,Morning,08:00:00,Unknown,Car,Female,56,Driver,Unknown,Unknown,Leisure and entertainment,Uninjured,431523.69,4588815.12,2.17911483,41.4461478
2020S001767    ,Nou Barris,les Roquetes,Dalt (Besňs),Monday,2020-03-09,Laboral,2020,3,March,9,Morning,08:00:00,Unknown,Motorcycle,Female,21,Driver,Unknown,Unknown,In transit (commuting),Minor injury: Hospitalization up to 24 hours,431523.69,4588815.12,2.17911483,41.4461478
2020S001768    ,Eixample,el Fort Pienc,Glňries Catalanes,Monday,2020-03-09,Laboral,2020,3,March,9,Morning,09:00:00,Unknown,Bicicleta,Female,50,Driver,In crossing regulated by traffic lights,Unknown,In transit (commuting),Minor injury: Hospitalization up to 24 hours,432078.79,4583938.99,2.18630757,41.402277258
2020S001768    ,Eixample,el Fort Pienc,Glňries Catalanes,Monday,2020-03-09,Laboral,2020,3,March,9,Morning,09:00:00,Unknown,Veh. mobilitat personal amb motor,Male,43,Driver,In crossing regulated by traffic lights,Unknown,In transit (commuting),Minor injury: Refused medical assistance,432078.79,4583938.99,2.18630757,41.402277258
2020S001769    ,Sants-Montjuďc,la Marina de Port,Energia,Monday,2020-03-09,Laboral,2020,3,March,9,Morning,08:00:00,Unknown,Car,Male,39,Driver,Unknown,Unknown,In transit (commuting),Uninjured,427704.77,4579357.56,2.13453189,41.360632408
2020S001769    ,Sants-Montjuďc,la Marina de Port,Energia,Monday,2020-03-09,Laboral,2020,3,March,9,Morning,08:00:00,Unknown,Veh. mobilitat personal amb motor,Female,29,Driver,Unknown,Unknown,Unknown,Minor injury: Medical assistance at accident site,427704.77,4579357.56,2.13453189,41.360632408
2020S001769    ,Sants-Montjuďc,la Marina de Port,Energia,Monday,2020-03-09,Laboral,2020,3,March,9,Morning,08:00:00,Unknown,Veh. mobilitat personal amb motor,Female,12,Passenger,Unknown,Unknown,Unknown,Minor injury: Medical assistance at accident site,427704.77,4579357.56,2.13453189,41.360632408
2020S001770    ,Sant Andreu,la Sagrera,Meridiana,Monday,2020-03-09,Laboral,2020,3,March,9,Morning,08:00:00,Unknown,Veh. mobilitat personal amb motor,Female,36,Driver,Unknown,Unknown,In transit (commuting),Minor injury: Hospitalization up to 24 hours,432111.79,4586023.47,2.18646831,41.421054328
2020S001770    ,Sant Andreu,la Sagrera,Meridiana,Monday,2020-03-09,Laboral,2020,3,March,9,Morning,08:00:00,Unknown,Furgoneta,Male,41,Driver,Unknown,Unknown,In transit (commuting),Uninjured,432111.79,4586023.47,2.18646831,41.421054328
2020S001771    ,Les Corts,les Corts,Corts,Monday,2020-03-09,Laboral,2020,3,March,9,Morning,09:00:00,Unknown,Motorcycle,Female,35,Driver,Unknown,Unknown,In transit (commuting),Minor injury: Medical assistance at accident site,427339.31,4581934.74,2.12985398,41.383811197
2020S001771    ,Les Corts,les Corts,Corts,Monday,2020-03-09,Laboral,2020,3,March,9,Morning,09:00:00,Unknown,Motorcycle,Male,30,Driver,Unknown,Unknown,In transit (commuting),Minor injury: Hospitalization up to 24 hours,427339.31,4581934.74,2.12985398,41.383811197
2020S001772    ,Eixample,la Nova Esquerra de l'Eixample,Entença,Sunday,2020-03-08,Laboral,2020,3,March,8,Afternoon,18:00:00,Unknown,Motorcycle,Male,39,Driver,Unknown,Unknown,Unknown,Minor injury: Hospitalization up to 24 hours,428464.58,4582055.9,2.14329644,41.38500334
2020S001772    ,Eixample,la Nova Esquerra de l'Eixample,Entença,Sunday,2020-03-08,Laboral,2020,3,March,8,Afternoon,18:00:00,Unknown,Car,Male,45,Driver,Unknown,Unknown,Unknown,Uninjured,428464.58,4582055.9,2.14329644,41.38500334
2020S001773    ,Sant Martí,Sant Martí de Provençals,Provençals,Monday,2020-03-09,Laboral,2020,3,March,9,Morning,10:00:00,Unknown,Car,Male,63,Driver,Unknown,Unknown,Leisure and entertainment,Uninjured,432907.71,4585545.98,2.19604505,41.416820611
2020S001773    ,Sant Martí,Sant Martí de Provençals,Provençals,Monday,2020-03-09,Laboral,2020,3,March,9,Morning,10:00:00,Unknown,Car,Female,36,Driver,Unknown,Unknown,In transit (commuting),Minor injury: Medical assistance at accident site,432907.71,4585545.98,2.19604505,41.416820611
2020S001774    ,Les Corts,les Corts,Equador,Monday,2020-03-09,Laboral,2020,3,March,9,Morning,09:00:00,Unknown,Car,Female,57,Pedestrian,In crossing regulated by traffic lights,Unknown,Unknown,Minor injury: Hospitalization up to 24 hours,428081.56,4582328.45,2.13868356,41.387423928
2020S001774    ,Les Corts,les Corts,Equador,Monday,2020-03-09,Laboral,2020,3,March,9,Morning,09:00:00,Unknown,Car,Male,57,Driver,In crossing regulated by traffic lights,Unknown,Taxi,Uninjured,428081.56,4582328.45,2.13868356,41.387423928
2020S001775    ,Horta-Guinardó,la Teixonera,Coll i Alentorn,Sunday,2020-03-08,Laboral,2020,3,March,8,Afternoon,20:00:00,Unknown,Car,Male,29,Driver,Unknown,Unknown,Leisure and entertainment,Uninjured,428532.37,4586418.56,2.14359174,41.42430215
2020S001775    ,Horta-Guinardó,la Teixonera,Coll i Alentorn,Sunday,2020-03-08,Laboral,2020,3,March,8,Afternoon,20:00:00,Unknown,Car,Male,37,Driver,Unknown,Unknown,Leisure and entertainment,Minor injury: Medical assistance at accident site,428532.37,4586418.56,2.14359174,41.42430215
2020S001775    ,Horta-Guinardó,la Teixonera,Coll i Alentorn,Sunday,2020-03-08,Laboral,2020,3,March,8,Afternoon,20:00:00,Unknown,Car,Female,20,Passenger,Unknown,Unknown,Unknown,Minor injury: Medical assistance at accident site,428532.37,4586418.56,2.14359174,41.42430215
2020S001775    ,Horta-Guinardó,la Teixonera,Coll i Alentorn,Sunday,2020-03-08,Laboral,2020,3,March,8,Afternoon,20:00:00,Unknown,Car,Male,21,Driver,Unknown,Unknown,In transit (commuting),Minor injury: Medical assistance at accident site,428532.37,4586418.56,2.14359174,41.42430215
2020S001775    ,Horta-Guinardó,la Teixonera,Coll i Alentorn,Sunday,2020-03-08,Laboral,2020,3,March,8,Afternoon,20:00:00,Unknown,Car,Female,33,Passenger,Unknown,Unknown,Unknown,Minor injury: Medical assistance at accident site,428532.37,4586418.56,2.14359174,41.42430215
2020S001775    ,Horta-Guinardó,la Teixonera,Coll i Alentorn,Sunday,2020-03-08,Laboral,2020,3,March,8,Afternoon,20:00:00,Unknown,Car,Female,24,Passenger,Unknown,Unknown,Unknown,Minor injury: Medical assistance at accident site,428532.37,4586418.56,2.14359174,41.42430215
2020S001776    ,Sant Andreu,Sant Andreu,Santa Coloma,Monday,2020-03-09,Laboral,2020,3,March,9,Morning,09:00:00,Unknown,Motorcycle,Male,37,Driver,Unknown,Unknown,Unknown,Minor injury: Hospitalization up to 24 hours,432458.56,4588721.41,2.19031598,41.445383034
2020S001776    ,Sant Andreu,Sant Andreu,Santa Coloma,Monday,2020-03-09,Laboral,2020,3,March,9,Morning,09:00:00,Unknown,Furgoneta,Male,28,Driver,Unknown,Unknown,On a mission,Uninjured,432458.56,4588721.41,2.19031598,41.445383034
2020S001777    ,Sants-Montjuďc,la Marina del Prat Vermell,Longitudinal 3,Monday,2020-03-09,Laboral,2020,3,March,9,Morning,10:00:00,Unknown,Altres vehicles amb motor,Male,47,Driver,Outside the crossing,Unknown,In transit (commuting),Uninjured,426315.23,4576148.27,2.11831051,41.33160145
2020S001777    ,Sants-Montjuďc,la Marina del Prat Vermell,Longitudinal 3,Monday,2020-03-09,Laboral,2020,3,March,9,Morning,10:00:00,Unknown,Altres vehicles amb motor,Male,39,Pedestrian,Outside the crossing,Unknown,Unknown,Minor injury: Medical assistance at accident site,426315.23,4576148.27,2.11831051,41.33160145
2020S001778    ,Nou Barris,la Prosperitat,Favčncia,Tuesday,2020-03-03,Laboral,2020,3,March,3,Morning,08:00:00,Unknown,Veh. mobilitat personal amb motor,Female,26,Driver,On the sidewalk,Unknown,In transit (commuting),Minor injury: Hospitalization up to 24 hours,432092.05,4588864.19,2.18591274,41.446638065
2020S001778    ,Nou Barris,la Prosperitat,Favčncia,Tuesday,2020-03-03,Laboral,2020,3,March,3,Morning,08:00:00,Unknown,Motorcycle,Male,35,Driver,On the sidewalk,Unknown,Other activities,Uninjured,432092.05,4588864.19,2.18591274,41.446638065
2020S001779    ,Ciutat Vella,"Sant Pere, Santa Caterina i la Ribera",Sant Agustí Vell,Monday,2020-03-09,Laboral,2020,3,March,9,Morning,08:00:00,Unknown,Veh. mobilitat personal amb motor,Male,31,Driver,Unknown,Unknown,Unknown,Minor injury: Hospitalization up to 24 hours,431571.51,4582326.57,2.18042169,41.387711618
2020S001779    ,Ciutat Vella,"Sant Pere, Santa Caterina i la Ribera",Sant Agustí Vell,Monday,2020-03-09,Laboral,2020,3,March,9,Morning,08:00:00,Unknown,Bicicleta,Male,41,Driver,Unknown,Unknown,Unknown,Minor injury: Refused medical assistance,431571.51,4582326.57,2.18042169,41.387711618
2020S001780    ,Eixample,la Dreta de l'Eixample,Corts Catalanes,Monday,2020-03-09,Laboral,2020,3,March,9,Morning,11:00:00,Unknown,Autobús,Male,52,Driver,Unknown,Unknown,Urban bus,Uninjured,431072.73,4582993.84,2.17438053,41.393678912
2020S001780    ,Eixample,la Dreta de l'Eixample,Corts Catalanes,Monday,2020-03-09,Laboral,2020,3,March,9,Morning,11:00:00,Unknown,Autobús,Male,80,Passenger,Unknown,Unknown,Unknown,Minor injury: Hospitalization up to 24 hours,431072.73,4582993.84,2.17438053,41.393678912
2020S001781    ,Les Corts,les Corts,Montnegre,Monday,2020-03-09,Laboral,2020,3,March,9,Morning,10:00:00,Unknown,"Camió rígid <= 3,5 tones",Male,41,Driver,Unknown,Unknown,On a mission,Uninjured,428013.71,4582215.26,2.13788558,41.386398396
2020S001782    ,Sarriŕ-Sant Gervasi,les Tres Torres,General Mitre,Monday,2020-03-09,Laboral,2020,3,March,9,Morning,11:00:00,Unknown,Furgoneta,Male,22,Driver,Unknown,Unknown,Unknown,Uninjured,427599.64,4583509.26,2.13277888,41.398015761
2020S001782    ,Sarriŕ-Sant Gervasi,les Tres Torres,General Mitre,Monday,2020-03-09,Laboral,2020,3,March,9,Morning,11:00:00,Unknown,Furgoneta,Female,20,Passenger,Unknown,Unknown,Unknown,Minor injury: Hospitalization up to 24 hours,427599.64,4583509.26,2.13277888,41.398015761
2020S001782    ,Sarriŕ-Sant Gervasi,les Tres Torres,General Mitre,Monday,2020-03-09,Laboral,2020,3,March,9,Morning,11:00:00,Unknown,Car,Female,50,Driver,Unknown,Unknown,Unknown,Uninjured,427599.64,4583509.26,2.13277888,41.398015761
2020S001783    ,Sant Martí,la Vila Olímpica del Poblenou,Marina,Monday,2020-03-09,Laboral,2020,3,March,9,Afternoon,14:00:00,Unknown,Car,Male,48,Driver,Unknown,Unknown,Unknown,Uninjured,432987.53,4582269.63,2.197363,41.387318055
2020S001783    ,Sant Martí,la Vila Olímpica del Poblenou,Marina,Monday,2020-03-09,Laboral,2020,3,March,9,Afternoon,14:00:00,Unknown,Veh. mobilitat personal amb motor,Female,25,Driver,Unknown,Unknown,In transit (commuting),Minor injury: Refused medical assistance,432987.53,4582269.63,2.197363,41.387318055
2020S001784    ,Eixample,la Dreta de l'Eixample,Sant Joan,Monday,2020-03-09,Laboral,2020,3,March,9,Afternoon,14:00:00,Unknown,Motorcycle,Male,36,Driver,Unknown,Unknown,On a mission,Minor injury: Hospitalization up to 24 hours,431017.98,4583247.09,2.17369682,41.39595516
2020S001784    ,Eixample,la Dreta de l'Eixample,Sant Joan,Monday,2020-03-09,Laboral,2020,3,March,9,Afternoon,14:00:00,Unknown,Bicicleta,Female,28,Driver,Unknown,Unknown,In transit (commuting),Minor injury: Refused medical assistance,431017.98,4583247.09,2.17369682,41.39595516
2020S001785    ,Horta-Guinardó,Horta,Porrera,Monday,2020-03-09,Laboral,2020,3,March,9,Afternoon,14:00:00,Unknown,Car,Male,39,Driver,In an unregulated crossing,Unknown,Unknown,Uninjured,429885.53,4587920.57,2.15960957,41.437949466
2020S001785    ,Horta-Guinardó,Horta,Porrera,Monday,2020-03-09,Laboral,2020,3,March,9,Afternoon,14:00:00,Unknown,Car,Female,84,Pedestrian,In an unregulated crossing,Unknown,Unknown,Minor injury: Hospitalization up to 24 hours,429885.53,4587920.57,2.15960957,41.437949466
2020S001786    ,Sarriŕ-Sant Gervasi,Sarriŕ,Sarriŕ a Vallvidrera,Monday,2020-03-09,Laboral,2020,3,March,9,Afternoon,15:00:00,Unknown,Car,Male,25,Driver,Unknown,Unknown,Leisure and entertainment,Uninjured,425680.82,4584370.58,2.10972162,41.40559812
2020S001786    ,Sarriŕ-Sant Gervasi,Sarriŕ,Sarriŕ a Vallvidrera,Monday,2020-03-09,Laboral,2020,3,March,9,Afternoon,15:00:00,Unknown,Motorcycle,Male,54,Driver,Unknown,Unknown,Leisure and entertainment,Minor injury: Hospitalization up to 24 hours,425680.82,4584370.58,2.10972162,41.40559812
2020S001787    ,Eixample,la Dreta de l'Eixample,Tetuan,Monday,2020-03-09,Laboral,2020,3,March,9,Afternoon,16:00:00,Unknown,Car,Female,38,Driver,Unknown,Unknown,En prŕctiques d'autoescola,Minor injury: Hospitalization up to 24 hours,431090.51,4583090.09,2.17458223,41.394547331
2020S001787    ,Eixample,la Dreta de l'Eixample,Tetuan,Monday,2020-03-09,Laboral,2020,3,March,9,Afternoon,16:00:00,Unknown,Car,Female,26,Passenger,Unknown,Unknown,Unknown,Minor injury: Hospitalization up to 24 hours,431090.51,4583090.09,2.17458223,41.394547331
2020S001787    ,Eixample,la Dreta de l'Eixample,Tetuan,Monday,2020-03-09,Laboral,2020,3,March,9,Afternoon,16:00:00,Unknown,Car,Male,55,Driver,Unknown,Unknown,On a mission,Uninjured,431090.51,4583090.09,2.17458223,41.394547331
2020S001788    ,Sants-Montjuďc,la Marina de Port,Zona Franca,Monday,2020-03-09,Laboral,2020,3,March,9,Afternoon,17:00:00,Unknown,Car,Female,13,Passenger,Unknown,Unknown,Unknown,Minor injury: Refused medical assistance,428129.13,4579164.89,2.13962772,41.358935105
2020S001788    ,Sants-Montjuďc,la Marina de Port,Zona Franca,Monday,2020-03-09,Laboral,2020,3,March,9,Afternoon,17:00:00,Unknown,Car,Female,56,Passenger,Unknown,Unknown,Unknown,Uninjured,428129.13,4579164.89,2.13962772,41.358935105
2020S001788    ,Sants-Montjuďc,la Marina de Port,Zona Franca,Monday,2020-03-09,Laboral,2020,3,March,9,Afternoon,17:00:00,Unknown,Car,Female,41,Driver,Unknown,Unknown,Leisure and entertainment,Uninjured,428129.13,4579164.89,2.13962772,41.358935105
2020S001788    ,Sants-Montjuďc,la Marina de Port,Zona Franca,Monday,2020-03-09,Laboral,2020,3,March,9,Afternoon,17:00:00,Unknown,Furgoneta,Male,56,Driver,Unknown,Unknown,On a mission,Minor injury: Hospitalization up to 24 hours,428129.13,4579164.89,2.13962772,41.358935105
2020S001789    ,Horta-Guinardó,la Font d'en Fargues,Montserrat de Casanovas,Monday,2020-03-09,Laboral,2020,3,March,9,Afternoon,17:00:00,Unknown,Ciclomotor,Female,36,Driver,Unknown,Unknown,Unknown,Minor injury: Hospitalization up to 24 hours,430700.42,4586273.11,2.16955174,41.423182184
2020S001789    ,Horta-Guinardó,la Font d'en Fargues,Montserrat de Casanovas,Monday,2020-03-09,Laboral,2020,3,March,9,Afternoon,17:00:00,Unknown,Car,Male,49,Driver,Unknown,Unknown,Unknown,Uninjured,430700.42,4586273.11,2.16955174,41.423182184
2020S001790    ,Sant Andreu,Sant Andreu,Meridiana,Monday,2020-03-09,Laboral,2020,3,March,9,Afternoon,14:00:00,Unknown,Car,Male,41,Driver,Unknown,Unknown,Unknown,Minor injury: Medical assistance at accident site,431930.41,4587485.64,2.18413325,41.434208253