Case_Number,District_Name,Neighborhood_Name,Street_Name,Day_of_Week,Date,Day_Type_Description,Year,Month_of_Year,Month_Name,Day_of_Month,Shift_Description,Hour_of_Day,Pedestrian_Cause_Description,Involved_Vehicle_Type_Description,Gender_Description,Age,Person_Type_Description,Pedestrian_Accident_Location_Description,Pedestrian_Movement_Reason_Description,Driver_Movement_Reason_Description,Victimization_Description,Coordenada_UTM_X,Coordenada_UTM_Y,Longitud,Latitud
2020S001790    ,Sant Andreu,Sant Andreu,Meridiana,Monday,2020-03-09,Laboral,2020,3,March,9,Afternoon,14:00:00,Unknown,Autobús,Male,43,Driver,Unknown,Unknown,On a mission,Uninjured,431930.41,4587485.64,2.18413325,41.434208253
2020S001790    ,Sant Andreu,Sant Andreu,Meridiana,Monday,2020-03-09,Laboral,2020,3,March,9,Afternoon,14:00:00,Unknown,Autobús,Female,55,Driver,Unknown,Unknown,Unknown,Uninjured,431930.41,4587485.64,2.18413325,41.434208253
2020S001791    ,Sant Andreu,Navas,Las Navas de Tolosa,Monday,2020-03-09,Laboral,2020,3,March,9,Afternoon,16:00:00,Transitar a peu per la calçada,Veh. mobilitat personal amb motor,Male,42,Driver,Outside the crossing,Unknown,In transit (commuting),Uninjured,432087.72,4585453.1,2.18624438,41.415915149
2020S001791    ,Sant Andreu,Navas,Las Navas de Tolosa,Monday,2020-03-09,Laboral,2020,3,March,9,Afternoon,16:00:00,Transitar a peu per la calçada,Veh. mobilitat personal amb motor,Male,67,Pedestrian,Outside the crossing,Unknown,Unknown,Minor injury: Hospitalization up to 24 hours,432087.72,4585453.1,2.18624438,41.415915149
2020S001792    ,Eixample,la Dreta de l'Eixample,Alí Bei,Monday,2020-03-09,Laboral,2020,3,March,9,Afternoon,18:00:00,Unknown,Motorcycle,Male,32,Driver,Unknown,Unknown,Leisure and entertainment,Minor injury: Hospitalization up to 24 hours,431396.06,4582749.44,2.17827546,41.391505334
2020S001792    ,Eixample,la Dreta de l'Eixample,Alí Bei,Monday,2020-03-09,Laboral,2020,3,March,9,Afternoon,18:00:00,Unknown,Car,Male,53,Driver,Unknown,Unknown,Leisure and entertainment,Uninjured,431396.06,4582749.44,2.17827546,41.391505334
2020S001793    ,Eixample,la Sagrada Família,Gaudí,Monday,2020-03-09,Laboral,2020,3,March,9,Afternoon,19:00:00,Unknown,Motorcycle,Male,39,Driver,Unknown,Unknown,Leisure and entertainment,Minor injury: Hospitalization up to 24 hours,431079.2,4584773.02,2.17425524,41.409703982
2020S001793    ,Eixample,la Sagrada Família,Gaudí,Monday,2020-03-09,Laboral,2020,3,March,9,Afternoon,19:00:00,Unknown,Car,Male,82,Driver,Unknown,Unknown,Leisure and entertainment,Uninjured,431079.2,4584773.02,2.17425524,41.409703982
2020S001794    ,Eixample,l'Antiga Esquerra de l'Eixample,Provença,Monday,2020-03-09,Laboral,2020,3,March,9,Afternoon,20:00:00,Unknown,Bicicleta,Male,30,Driver,Unknown,Unknown,Unknown,Serious injury: Hospitalization over 24 hours,429656.64,4582803.09,2.15746544,41.391838208
2020S001794    ,Eixample,l'Antiga Esquerra de l'Eixample,Provença,Monday,2020-03-09,Laboral,2020,3,March,9,Afternoon,20:00:00,Unknown,Bicicleta,Male,32,Driver,Unknown,Unknown,Leisure and entertainment,Uninjured,429656.64,4582803.09,2.15746544,41.391838208
2020S001795    ,Sant Martí,el Clot,Corts Catalanes,Monday,2020-03-09,Laboral,2020,3,March,9,Afternoon,20:00:00,Unknown,Car,Male,51,Driver,Unknown,Unknown,Leisure and entertainment,Uninjured,432229.0,4584196.97,2.18807552,41.404613493
2020S001795    ,Sant Martí,el Clot,Corts Catalanes,Monday,2020-03-09,Laboral,2020,3,March,9,Afternoon,20:00:00,Unknown,Motorcycle,Male,29,Driver,Unknown,Unknown,Leisure and entertainment,Minor injury: Hospitalization up to 24 hours,432229.0,4584196.97,2.18807552,41.404613493
2020S001796    ,Ciutat Vella,"Sant Pere, Santa Caterina i la Ribera",Almogŕvers,Monday,2020-03-09,Laboral,2020,3,March,9,Night,22:00:00,Unknown,Car,Male,65,Driver,Unknown,Unknown,Leisure and entertainment,Uninjured,431717.46,4582700.07,2.18212505,41.391088039
2020S001796    ,Ciutat Vella,"Sant Pere, Santa Caterina i la Ribera",Almogŕvers,Monday,2020-03-09,Laboral,2020,3,March,9,Night,22:00:00,Unknown,Motorcycle,Male,25,Driver,Unknown,Unknown,In transit (commuting),Minor injury: Medical assistance at accident site,431717.46,4582700.07,2.18212505,41.391088039
2020S001797    ,Grŕcia,el Coll,Sant Eudald,Monday,2020-03-09,Laboral,2020,3,March,9,Night,22:00:00,Unknown,Car,Male,47,Driver,Unknown,Unknown,Leisure and entertainment,Uninjured,428851.34,4585397.66,2.14752874,41.415135643
2020S001797    ,Grŕcia,el Coll,Sant Eudald,Monday,2020-03-09,Laboral,2020,3,March,9,Night,22:00:00,Unknown,Motorcycle,Male,40,Driver,Unknown,Unknown,Leisure and entertainment,Minor injury: Medical assistance at accident site,428851.34,4585397.66,2.14752874,41.415135643
2020S001798    ,Eixample,l'Antiga Esquerra de l'Eixample,Balmes,Monday,2020-03-09,Laboral,2020,3,March,9,Night,22:00:00,Unknown,Motorcycle,Male,25,Driver,Unknown,Unknown,Unknown,Minor injury: Hospitalization up to 24 hours,430276.04,4582308.74,2.16493055,41.387439719
2020S001799    ,Eixample,la Dreta de l'Eixample,Corts Catalanes,Tuesday,2020-03-10,Laboral,2020,3,March,10,Night,02:00:00,Unknown,"Camió rígid <= 3,5 tones",Male,22,Driver,Unknown,Unknown,Cleaning or garbage collection service,Uninjured,430615.98,4582547.21,2.16896872,41.389616956
2020S001800    ,Eixample,la Dreta de l'Eixample,Aragó,Tuesday,2020-03-10,Laboral,2020,3,March,10,Morning,06:00:00,Unknown,Motorcycle,Male,58,Driver,Unknown,Unknown,In transit (commuting),Minor injury: Hospitalization up to 24 hours,430435.12,4582966.26,2.1667575,41.393375576
2020S001800    ,Eixample,la Dreta de l'Eixample,Aragó,Tuesday,2020-03-10,Laboral,2020,3,March,10,Morning,06:00:00,Unknown,Furgoneta,Male,68,Driver,Unknown,Unknown,In transit (commuting),Uninjured,430435.12,4582966.26,2.1667575,41.393375576
2020S001801    ,Eixample,la Nova Esquerra de l'Eixample,Consell de Cent,Tuesday,2020-03-10,Laboral,2020,3,March,10,Morning,08:00:00,Unknown,Car,Female,45,Driver,In crossing regulated by traffic lights,Unknown,Other activities,Uninjured,429361.53,4581765.08,2.15405696,41.382463324
2020S001801    ,Eixample,la Nova Esquerra de l'Eixample,Consell de Cent,Tuesday,2020-03-10,Laboral,2020,3,March,10,Morning,08:00:00,Unknown,Car,Female,17,Pedestrian,In crossing regulated by traffic lights,Unknown,Unknown,Minor injury: Medical assistance at accident site,429361.53,4581765.08,2.15405696,41.382463324
2020S001802    ,Eixample,l'Antiga Esquerra de l'Eixample,Diputació,Tuesday,2020-03-10,Laboral,2020,3,March,10,Morning,09:00:00,Unknown,"Camió rígid <= 3,5 tones",Male,44,Driver,Unknown,Unknown,On a mission,Uninjured,430195.44,4582364.19,2.16396023,41.387932146
2020S001802    ,Eixample,l'Antiga Esquerra de l'Eixample,Diputació,Tuesday,2020-03-10,Laboral,2020,3,March,10,Morning,09:00:00,Unknown,Bicicleta,Male,24,Driver,Unknown,Unknown,On a mission,Minor injury: Hospitalization up to 24 hours,430195.44,4582364.19,2.16396023,41.387932146
2020S001803    ,Les Corts,la Maternitat i Sant Ramon,Diagonal,Tuesday,2020-03-10,Laboral,2020,3,March,10,Morning,08:00:00,Unknown,Motorcycle,Male,43,Driver,Unknown,Unknown,Unknown,Minor injury: Medical assistance at accident site,425238.83,4581781.81,2.10475403,41.382241273
2020S001803    ,Les Corts,la Maternitat i Sant Ramon,Diagonal,Tuesday,2020-03-10,Laboral,2020,3,March,10,Morning,08:00:00,Unknown,Car,Male,69,Driver,Unknown,Unknown,Unknown,Uninjured,425238.83,4581781.81,2.10475403,41.382241273
2020S001804    ,Eixample,la Dreta de l'Eixample,Bailčn,Tuesday,2020-03-10,Laboral,2020,3,March,10,Morning,08:00:00,Unknown,Motorcycle,Male,47,Driver,Unknown,Unknown,In transit (commuting),Minor injury: Hospitalization up to 24 hours,430580.32,4583526.08,2.16842996,41.39843025
2020S001804    ,Eixample,la Dreta de l'Eixample,Bailčn,Tuesday,2020-03-10,Laboral,2020,3,March,10,Morning,08:00:00,Unknown,Tot terreny,Male,42,Driver,Unknown,Unknown,Transport de menors a l'escola,Uninjured,430580.32,4583526.08,2.16842996,41.39843025
2020S001805    ,Les Corts,les Corts,Sarriŕ,Tuesday,2020-03-10,Laboral,2020,3,March,10,Morning,09:00:00,Unknown,Motorcycle,Female,22,Driver,Unknown,Unknown,Unknown,Minor injury: Medical assistance at accident site,428400.47,4582672.71,2.14245681,41.390553016
2020S001805    ,Les Corts,les Corts,Sarriŕ,Tuesday,2020-03-10,Laboral,2020,3,March,10,Morning,09:00:00,Unknown,Car,Male,72,Driver,Unknown,Unknown,On a mission,Uninjured,428400.47,4582672.71,2.14245681,41.390553016
2020S001806    ,Sants-Montjuďc,la Marina de Port,Foc,Tuesday,2020-03-10,Laboral,2020,3,March,10,Morning,09:00:00,Unknown,Motorcycle,Female,55,Driver,Unknown,Unknown,Unknown,Minor injury: Hospitalization up to 24 hours,428815.19,4579271.99,2.14781643,41.359960698
2020S001806    ,Sants-Montjuďc,la Marina de Port,Foc,Tuesday,2020-03-10,Laboral,2020,3,March,10,Morning,09:00:00,Unknown,Car,Female,28,Driver,Unknown,Unknown,Unknown,Uninjured,428815.19,4579271.99,2.14781643,41.359960698
2020S001807    ,Sant Andreu,Sant Andreu,Dalt (Besňs),Tuesday,2020-03-10,Laboral,2020,3,March,10,Morning,07:00:00,Unknown,Furgoneta,Male,48,Driver,Unknown,Unknown,Professional goods transport,Uninjured,432483.81,4588874.37,2.19060112,41.446762817
2020S001807    ,Sant Andreu,Sant Andreu,Dalt (Besňs),Tuesday,2020-03-10,Laboral,2020,3,March,10,Morning,07:00:00,Unknown,Motorcycle,Male,53,Driver,Unknown,Unknown,In transit (commuting),Minor injury: Hospitalization up to 24 hours,432483.81,4588874.37,2.19060112,41.446762817
2020S001808    ,Sant Andreu,Sant Andreu,Meridiana,Tuesday,2020-03-10,Laboral,2020,3,March,10,Morning,09:00:00,Unknown,Motorcycle,Male,30,Driver,Unknown,Unknown,Unknown,Minor injury: Hospitalization up to 24 hours,431994.09,4587752.17,2.18486537,41.436614195
2020S001808    ,Sant Andreu,Sant Andreu,Meridiana,Tuesday,2020-03-10,Laboral,2020,3,March,10,Morning,09:00:00,Unknown,Car,Male,43,Driver,Unknown,Unknown,Unknown,Uninjured,431994.09,4587752.17,2.18486537,41.436614195
2020S001809    ,Eixample,l'Antiga Esquerra de l'Eixample,Diagonal,Tuesday,2020-03-10,Laboral,2020,3,March,10,Morning,08:00:00,Unknown,Motorcycle,Female,45,Driver,Unknown,Unknown,Unknown,Minor injury: Hospitalization up to 24 hours,428672.65,4582918.34,2.14568313,41.392789512
2020S001809    ,Eixample,l'Antiga Esquerra de l'Eixample,Diagonal,Tuesday,2020-03-10,Laboral,2020,3,March,10,Morning,08:00:00,Unknown,Furgoneta,Male,47,Driver,Unknown,Unknown,Unknown,Uninjured,428672.65,4582918.34,2.14568313,41.392789512
2020S001810    ,Grŕcia,el Camp d'en Grassot i Grŕcia Nova,Ca l'Alegre de Dalt,Tuesday,2020-03-10,Laboral,2020,3,March,10,Morning,09:00:00,Unknown,Car,Male,37,Driver,Unknown,Unknown,Unknown,Uninjured,430135.01,4584489.95,2.16299209,41.407072908
2020S001810    ,Grŕcia,el Camp d'en Grassot i Grŕcia Nova,Ca l'Alegre de Dalt,Tuesday,2020-03-10,Laboral,2020,3,March,10,Morning,09:00:00,Unknown,Motorcycle,Female,25,Driver,Unknown,Unknown,Other activities,Minor injury: Hospitalization up to 24 hours,430135.01,4584489.95,2.16299209,41.407072908
2020S001811    ,Ciutat Vella,el Barri Gňtic,Antonio López,Tuesday,2020-03-10,Laboral,2020,3,March,10,Morning,08:00:00,Unknown,Motorcycle,Male,36,Driver,Unknown,Unknown,Unknown,Minor injury: Hospitalization up to 24 hours,431666.41,4581603.15,2.18163828,41.381204042
2020S001811    ,Ciutat Vella,el Barri Gňtic,Antonio López,Tuesday,2020-03-10,Laboral,2020,3,March,10,Morning,08:00:00,Unknown,Motorcycle,Female,44,Driver,Unknown,Unknown,Unknown,Uninjured,431666.41,4581603.15,2.18163828,41.381204042
2020S001812    ,Eixample,la Dreta de l'Eixample,Diagonal,Tuesday,2020-03-10,Laboral,2020,3,March,10,Morning,10:00:00,Unknown,Taxi,Male,58,Driver,Unknown,Unknown,Taxi,Uninjured,430563.1,4583583.7,2.16821737,41.398947727
2020S001812    ,Eixample,la Dreta de l'Eixample,Diagonal,Tuesday,2020-03-10,Laboral,2020,3,March,10,Morning,10:00:00,Unknown,Ciclomotor,Male,43,Driver,Unknown,Unknown,In transit (commuting),Minor injury: Hospitalization up to 24 hours,430563.1,4583583.7,2.16821737,41.398947727
2020S001813    ,Sarriŕ-Sant Gervasi,Sant Gervasi - la Bonanova,Dalt (Besňs),Tuesday,2020-03-10,Laboral,2020,3,March,10,Morning,12:00:00,Unknown,Car,Male,44,Driver,Unknown,Unknown,Unknown,Uninjured,427429.54,4585230.89,2.13053772,41.413506414
2020S001813    ,Sarriŕ-Sant Gervasi,Sant Gervasi - la Bonanova,Dalt (Besňs),Tuesday,2020-03-10,Laboral,2020,3,March,10,Morning,12:00:00,Unknown,Motorcycle,Female,19,Driver,Unknown,Unknown,Unknown,Minor injury: Hospitalization up to 24 hours,427429.54,4585230.89,2.13053772,41.413506414
2020S001814    ,Sant Martí,el Parc i la Llacuna del Poblenou,Meridiana,Tuesday,2020-03-10,Laboral,2020,3,March,10,Morning,11:00:00,Unknown,Motorcycle,Male,57,Driver,Unknown,Unknown,Unknown,Minor injury: Hospitalization up to 24 hours,432154.75,4583482.09,2.18726746,41.398168506
2020S001814    ,Sant Martí,el Parc i la Llacuna del Poblenou,Meridiana,Tuesday,2020-03-10,Laboral,2020,3,March,10,Morning,11:00:00,Unknown,Taxi,Male,60,Driver,Unknown,Unknown,Taxi,Uninjured,432154.75,4583482.09,2.18726746,41.398168506
2020S001815    ,Eixample,la Dreta de l'Eixample,Diagonal,Tuesday,2020-03-10,Laboral,2020,3,March,10,Morning,11:00:00,Unknown,Motorcycle,Male,29,Driver,Unknown,Unknown,Unknown,Minor injury: Medical assistance at accident site,430093.8,4583433.95,2.16262111,41.397558293
2020S001815    ,Eixample,la Dreta de l'Eixample,Diagonal,Tuesday,2020-03-10,Laboral,2020,3,March,10,Morning,11:00:00,Unknown,Motorcycle,Male,51,Driver,Unknown,Unknown,Unknown,Minor injury: Medical assistance at accident site,430093.8,4583433.95,2.16262111,41.397558293
2020S001816    ,Sant Martí,Diagonal Mar i el Front Marítim del Poblenou,Litoral (Besňs),Tuesday,2020-03-10,Laboral,2020,3,March,10,Morning,13:00:00,Unknown,Car,Female,40,Driver,Unknown,Unknown,Unknown,Uninjured,434814.7,4584391.21,2.21898663,41.406576915
2020S001816    ,Sant Martí,Diagonal Mar i el Front Marítim del Poblenou,Litoral (Besňs),Tuesday,2020-03-10,Laboral,2020,3,March,10,Morning,13:00:00,Unknown,Motorcycle,Female,25,Passenger,Unknown,Unknown,Unknown,Minor injury: Hospitalization up to 24 hours,434814.7,4584391.21,2.21898663,41.406576915
2020S001816    ,Sant Martí,Diagonal Mar i el Front Marítim del Poblenou,Litoral (Besňs),Tuesday,2020-03-10,Laboral,2020,3,March,10,Morning,13:00:00,Unknown,Motorcycle,Female,18,Driver,Unknown,Unknown,Unknown,Minor injury: Hospitalization up to 24 hours,434814.7,4584391.21,2.21898663,41.406576915
2020S001817    ,Sant Andreu,el Bon Pastor,Sant Adriŕ,Tuesday,2020-03-10,Laboral,2020,3,March,10,Morning,12:00:00,Unknown,Motorcycle,Male,47,Driver,Unknown,Unknown,Unknown,Minor injury: Hospitalization up to 24 hours,432919.22,4587607.08,2.19595396,41.435385275
2020S001817    ,Sant Andreu,el Bon Pastor,Sant Adriŕ,Tuesday,2020-03-10,Laboral,2020,3,March,10,Morning,12:00:00,Unknown,Car,Female,27,Driver,Unknown,Unknown,Unknown,Uninjured,432919.22,4587607.08,2.19595396,41.435385275
2020S001818    ,Nou Barris,Porta,Arnau d'Oms,Tuesday,2020-03-10,Laboral,2020,3,March,10,Afternoon,14:00:00,Unknown,Veh. mobilitat personal amb motor,Male,16,Driver,Unknown,Unknown,Student heading to educational center,Uninjured,431375.77,4587174.4,2.17753064,41.431357795
2020S001818    ,Nou Barris,Porta,Arnau d'Oms,Tuesday,2020-03-10,Laboral,2020,3,March,10,Afternoon,14:00:00,Unknown,Motorcycle,Male,52,Driver,Unknown,Unknown,Unknown,Minor injury: Hospitalization up to 24 hours,431375.77,4587174.4,2.17753064,41.431357795
2020S001819    ,Eixample,la Nova Esquerra de l'Eixample,Comte Borrell,Tuesday,2020-03-10,Laboral,2020,3,March,10,Morning,08:00:00,Unknown,Motorcycle,Male,51,Driver,Unknown,Unknown,In transit (commuting),Minor injury: Medical assistance at accident site,429165.82,4582094.88,2.15167798,41.385416504
2020S001820    ,Sant Martí,la Vila Olímpica del Poblenou,Litoral (Llobregat),Tuesday,2020-03-10,Laboral,2020,3,March,10,Morning,13:00:00,Unknown,Veh. mobilitat personal amb motor,Male,36,Driver,Unknown,Unknown,Unknown,Uninjured,432972.61,4582415.18,2.19716844,41.388627745
2020S001820    ,Sant Martí,la Vila Olímpica del Poblenou,Litoral (Llobregat),Tuesday,2020-03-10,Laboral,2020,3,March,10,Morning,13:00:00,Unknown,Bicicleta,Female,66,Driver,Unknown,Unknown,Leisure and entertainment,Minor injury: Hospitalization up to 24 hours,432972.61,4582415.18,2.19716844,41.388627745
2020S001821    ,Sant Martí,Sant Martí de Provençals,Guipúscoa,Tuesday,2020-03-10,Laboral,2020,3,March,10,Afternoon,16:00:00,Unknown,Car,Male,65,Driver,Unknown,Unknown,Unknown,Uninjured,432848.12,4585320.41,2.19535711,41.414783987
2020S001821    ,Sant Martí,Sant Martí de Provençals,Guipúscoa,Tuesday,2020-03-10,Laboral,2020,3,March,10,Afternoon,16:00:00,Unknown,Motorcycle,Female,58,Driver,Unknown,Unknown,Unknown,Minor injury: Medical assistance at accident site,432848.12,4585320.41,2.19535711,41.414783987
2020S001822    ,Sant Martí,el Clot,Espronceda,Tuesday,2020-03-10,Laboral,2020,3,March,10,Afternoon,16:00:00,Unknown,Motorcycle,Male,39,Driver,Unknown,Unknown,In transit (commuting),Minor injury: Hospitalization up to 24 hours,432612.96,4585269.06,2.19254925,41.414301797
2020S001822    ,Sant Martí,el Clot,Espronceda,Tuesday,2020-03-10,Laboral,2020,3,March,10,Afternoon,16:00:00,Unknown,Furgoneta,Male,28,Driver,Unknown,Unknown,"Firefighters, police, ambulance",Uninjured,432612.96,4585269.06,2.19254925,41.414301797
2020S001823    ,Eixample,la Dreta de l'Eixample,Diagonal,Tuesday,2020-03-10,Laboral,2020,3,March,10,Afternoon,17:00:00,Unknown,Motorcycle,Female,18,Driver,Unknown,Unknown,Leisure and entertainment,Minor injury: Medical assistance at accident site,430156.14,4583451.75,2.16336472,41.397724032
2020S001824    ,Sants-Montjuďc,la Marina del Prat Vermell,A Zona Franca,Tuesday,2020-03-10,Laboral,2020,3,March,10,Afternoon,17:00:00,Unknown,Car,Male,49,Passenger,Unknown,Unknown,Unknown,Uninjured,428769.13,4577860.73,2.14743156,41.347245828
2020S001824    ,Sants-Montjuďc,la Marina del Prat Vermell,A Zona Franca,Tuesday,2020-03-10,Laboral,2020,3,March,10,Afternoon,17:00:00,Unknown,Car,Male,48,Driver,Unknown,Unknown,In transit (commuting),Uninjured,428769.13,4577860.73,2.14743156,41.347245828
2020S001824    ,Sants-Montjuďc,la Marina del Prat Vermell,A Zona Franca,Tuesday,2020-03-10,Laboral,2020,3,March,10,Afternoon,17:00:00,Unknown,Car,Male,54,Driver,Unknown,Unknown,Other activities,Minor injury: Medical assistance at accident site,428769.13,4577860.73,2.14743156,41.347245828
2020S001824    ,Sants-Montjuďc,la Marina del Prat Vermell,A Zona Franca,Tuesday,2020-03-10,Laboral,2020,3,March,10,Afternoon,17:00:00,Unknown,Tractor camió,Female,53,Driver,Unknown,Unknown,On a mission,Uninjured,428769.13,4577860.73,2.14743156,41.347245828
2020S001824    ,Sants-Montjuďc,la Marina del Prat Vermell,A Zona Franca,Tuesday,2020-03-10,Laboral,2020,3,March,10,Afternoon,17:00:00,Unknown,Car,Male,46,Passenger,Unknown,Unknown,Unknown,Minor injury: Medical assistance at accident site,428769.13,4577860.73,2.14743156,41.347245828
2020S001825    ,Sarriŕ-Sant Gervasi,Sant Gervasi - Galvany,General Mitre,Tuesday,2020-03-10,Laboral,2020,3,March,10,Afternoon,17:00:00,Unknown,Ciclomotor,Male,34,Driver,Unknown,Unknown,Unknown,Minor injury: Hospitalization up to 24 hours,427939.05,4583891.21,2.13679318,41.401486338
2020S001826    ,Sant Martí,el Besňs i el Maresme,Bernat Metge,Tuesday,2020-03-10,Laboral,2020,3,March,10,Afternoon,18:00:00,Unknown,Motorcycle,Male,50,Driver,Unknown,Unknown,Unknown,Minor injury: Hospitalization up to 24 hours,434227.16,4585902.39,2.21179344,41.42013985
2020S001826    ,Sant Martí,el Besňs i el Maresme,Bernat Metge,Tuesday,2020-03-10,Laboral,2020,3,March,10,Afternoon,18:00:00,Unknown,Car,Female,25,Driver,Unknown,Unknown,Unknown,Uninjured,434227.16,4585902.39,2.21179344,41.42013985
2020S001827    ,Horta-Guinardó,el Carmel,Sacedón,Tuesday,2020-03-10,Laboral,2020,3,March,10,Afternoon,14:00:00,Unknown,"Camió rígid > 3,5 tones",Female,31,Driver,Unknown,Unknown,Professional goods transport,Unknown,429508.56,4586555.82,2.15525698,41.425624693
2020S001828    ,Grŕcia,Vallcarca i els Penitents,Dalt (Besňs),Tuesday,2020-03-10,Laboral,2020,3,March,10,Afternoon,19:00:00,Unknown,Motorcycle,Male,44,Driver,Unknown,Unknown,Unknown,Minor injury: Hospitalization up to 24 hours,428022.17,4585473.76,2.13759912,41.415747166
2020S001828    ,Grŕcia,Vallcarca i els Penitents,Dalt (Besňs),Tuesday,2020-03-10,Laboral,2020,3,March,10,Afternoon,19:00:00,Unknown,Motorcycle,Male,41,Passenger,Unknown,Unknown,Unknown,Minor injury: Hospitalization up to 24 hours,428022.17,4585473.76,2.13759912,41.415747166
2020S001829    ,Sarriŕ-Sant Gervasi,Sant Gervasi - Galvany,Augusta,Tuesday,2020-03-10,Laboral,2020,3,March,10,Afternoon,19:00:00,Desobeir el senyal del semŕfor,Motorcycle,Male,30,Driver,In crossing regulated by traffic lights,Unknown,Leisure and entertainment,Uninjured,428437.45,4583592.26,2.14279037,41.39883835
2020S001829    ,Sarriŕ-Sant Gervasi,Sant Gervasi - Galvany,Augusta,Tuesday,2020-03-10,Laboral,2020,3,March,10,Afternoon,19:00:00,Desobeir el senyal del semŕfor,Motorcycle,Female,60,Pedestrian,In crossing regulated by traffic lights,Unknown,Unknown,Minor injury: Hospitalization up to 24 hours,428437.45,4583592.26,2.14279037,41.39883835
2020S001830    ,Sant Martí,el Camp de l'Arpa del Clot,Rogent,Tuesday,2020-03-10,Laboral,2020,3,March,10,Afternoon,20:00:00,Unknown,Bicicleta,Female,41,Pedestrian,In pedestrian area,Unknown,Unknown,Minor injury: Refused medical assistance,432015.3,4584673.66,2.18546552,41.408888844
2020S001830    ,Sant Martí,el Camp de l'Arpa del Clot,Rogent,Tuesday,2020-03-10,Laboral,2020,3,March,10,Afternoon,20:00:00,Unknown,Bicicleta,Male,29,Driver,In pedestrian area,Unknown,Unknown,Uninjured,432015.3,4584673.66,2.18546552,41.408888844
2020S001831    ,Sant Martí,Diagonal Mar i el Front Marítim del Poblenou,Litoral,Tuesday,2020-03-10,Laboral,2020,3,March,10,Afternoon,21:00:00,Unknown,Motorcycle,Male,62,Driver,Unknown,Unknown,Leisure and entertainment,Minor injury: Hospitalization up to 24 hours,434273.15,4583794.77,2.21257281,41.401160796
2020S001831    ,Sant Martí,Diagonal Mar i el Front Marítim del Poblenou,Litoral,Tuesday,2020-03-10,Laboral,2020,3,March,10,Afternoon,21:00:00,Unknown,Car,Male,32,Driver,Unknown,Unknown,Leisure and entertainment,Uninjured,434273.15,4583794.77,2.21257281,41.401160796
2020S001832    ,Horta-Guinardó,el Guinardó,Panorama,Tuesday,2020-03-10,Laboral,2020,3,March,10,Afternoon,21:00:00,Unknown,Autobús,Male,38,Driver,Unknown,Unknown,Regular line bus,Unknown,430353.39,4585941.4,2.1654374,41.420164567
2020S001833    ,Eixample,la Dreta de l'Eixample,Girona,Wednesday,2020-03-11,Laboral,2020,3,March,11,Morning,08:00:00,Unknown,Car,Female,54,Driver,Unknown,Unknown,In transit (commuting),Uninjured,430584.6,4583361.19,2.16850007,41.396945509
2020S001833    ,Eixample,la Dreta de l'Eixample,Girona,Wednesday,2020-03-11,Laboral,2020,3,March,11,Morning,08:00:00,Unknown,Motorcycle,Male,35,Driver,Unknown,Unknown,In transit (commuting),Minor injury: Hospitalization up to 24 hours,430584.6,4583361.19,2.16850007,41.396945509
2020S001834    ,Sarriŕ-Sant Gervasi,Sant Gervasi - la Bonanova,Balsareny,Wednesday,2020-03-11,Laboral,2020,3,March,11,Morning,07:00:00,Unknown,Car,Male,20,Driver,Unknown,Unknown,Student heading to educational center,Minor injury: Hospitalization up to 24 hours,427260.98,4585013.9,2.12854715,41.411536834
2020S001834    ,Sarriŕ-Sant Gervasi,Sant Gervasi - la Bonanova,Balsareny,Wednesday,2020-03-11,Laboral,2020,3,March,11,Morning,07:00:00,Unknown,Car,Male,59,Driver,Unknown,Unknown,Leisure and entertainment,Minor injury: Refused medical assistance,427260.98,4585013.9,2.12854715,41.411536834
2020S001835    ,Sant Martí,el Camp de l'Arpa del Clot,Meridiana,Wednesday,2020-03-11,Laboral,2020,3,March,11,Morning,08:00:00,Unknown,Motorcycle,Female,46,Passenger,Unknown,Unknown,Unknown,Minor injury: Hospitalization up to 24 hours,432101.88,4584634.03,2.18650577,41.408539231
2020S001835    ,Sant Martí,el Camp de l'Arpa del Clot,Meridiana,Wednesday,2020-03-11,Laboral,2020,3,March,11,Morning,08:00:00,Unknown,Car,Male,45,Driver,Unknown,Unknown,In transit (commuting),Uninjured,432101.88,4584634.03,2.18650577,41.408539231
2020S001835    ,Sant Martí,el Camp de l'Arpa del Clot,Meridiana,Wednesday,2020-03-11,Laboral,2020,3,March,11,Morning,08:00:00,Unknown,Motorcycle,Male,51,Driver,Unknown,Unknown,In transit (commuting),Minor injury: Hospitalization up to 24 hours,432101.88,4584634.03,2.18650577,41.408539231
2020S001836    ,Grŕcia,la Vila de Grŕcia,Lesseps,Wednesday,2020-03-11,Laboral,2020,3,March,11,Morning,08:00:00,Unknown,Furgoneta,Female,49,Driver,Unknown,Unknown,Cleaning or garbage collection service,Minor injury: Hospitalization up to 24 hours,429024.35,4584481.54,2.14970624,41.406899811
2020S001836    ,Grŕcia,la Vila de Grŕcia,Lesseps,Wednesday,2020-03-11,Laboral,2020,3,March,11,Morning,08:00:00,Unknown,Furgoneta,Male,32,Driver,Unknown,Unknown,Professional goods transport,Uninjured,429024.35,4584481.54,2.14970624,41.406899811
2020S001836    ,Grŕcia,la Vila de Grŕcia,Lesseps,Wednesday,2020-03-11,Laboral,2020,3,March,11,Morning,08:00:00,Unknown,Furgoneta,Female,38,Passenger,Unknown,Unknown,Unknown,Minor injury: Medical assistance at accident site,429024.35,4584481.54,2.14970624,41.406899811
2020S001837    ,Nou Barris,el Turó de la Peira,Doctor Pi i Molist,Wednesday,2020-03-11,Laboral,2020,3,March,11,Morning,09:00:00,Unknown,Motorcycle,Female,31,Driver,Unknown,Unknown,Unknown,Minor injury: Hospitalization up to 24 hours,431074.99,4587218.6,2.173926,41.431730118
2020S001837    ,Nou Barris,el Turó de la Peira,Doctor Pi i Molist,Wednesday,2020-03-11,Laboral,2020,3,March,11,Morning,09:00:00,Unknown,Car,Male,61,Driver,Unknown,Unknown,Unknown,Uninjured,431074.99,4587218.6,2.173926,41.431730118