Case_Number,District_Name,Neighborhood_Name,Street_Name,Day_of_Week,Date,Day_Type_Description,Year,Month_of_Year,Month_Name,Day_of_Month,Shift_Description,Hour_of_Day,Pedestrian_Cause_Description,Involved_Vehicle_Type_Description,Gender_Description,Age,Person_Type_Description,Pedestrian_Accident_Location_Description,Pedestrian_Movement_Reason_Description,Driver_Movement_Reason_Description,Victimization_Description,Coordenada_UTM_X,Coordenada_UTM_Y,Longitud,Latitud
2020S001838    ,Ciutat Vella,el Barri Gňtic,Portal de la Pau,Monday,2020-03-09,Laboral,2020,3,March,9,Afternoon,17:00:00,Unknown,Veh. mobilitat personal amb motor,Male,16,Driver,In crossing regulated by traffic lights,Unknown,Unknown,Minor injury: Hospitalization up to 24 hours,431339.95,4581092.29,2.17779227,41.376575055
2020S001839    ,Sants-Montjuďc,el Poble-sec,Paralˇlel,Wednesday,2020-03-11,Laboral,2020,3,March,11,Morning,08:00:00,Unknown,Motorcycle,Male,28,Driver,Unknown,Unknown,In transit (commuting),Minor injury: Hospitalization up to 24 hours,430972.84,4580872.88,2.17342755,41.374567465
2020S001839    ,Sants-Montjuďc,el Poble-sec,Paralˇlel,Wednesday,2020-03-11,Laboral,2020,3,March,11,Morning,08:00:00,Unknown,Car,Male,72,Driver,Unknown,Unknown,In transit (commuting),Uninjured,430972.84,4580872.88,2.17342755,41.374567465
2020S001840    ,Sant Martí,el Parc i la Llacuna del Poblenou,Bolívia,Wednesday,2020-03-11,Laboral,2020,3,March,11,Morning,10:00:00,Unknown,Furgoneta,Male,43,Driver,Unknown,Unknown,On a mission,Uninjured,432154.88,4583703.68,2.18724417,41.400164316
2020S001840    ,Sant Martí,el Parc i la Llacuna del Poblenou,Bolívia,Wednesday,2020-03-11,Laboral,2020,3,March,11,Morning,10:00:00,Unknown,Motorcycle,Female,25,Driver,Unknown,Unknown,Leisure and entertainment,Minor injury: Hospitalization up to 24 hours,432154.88,4583703.68,2.18724417,41.400164316
2020S001841    ,Horta-Guinardó,Horta,Horta a Cerdanyola,Wednesday,2020-03-11,Laboral,2020,3,March,11,Morning,12:00:00,Unknown,Motorcycle,Male,37,Driver,Unknown,Unknown,Other activities,Minor injury: Hospitalization up to 24 hours,428695.16,4588751.72,2.14526427,41.445330386
2020S001841    ,Horta-Guinardó,Horta,Horta a Cerdanyola,Wednesday,2020-03-11,Laboral,2020,3,March,11,Morning,12:00:00,Unknown,Car,Male,51,Driver,Unknown,Unknown,Other activities,Uninjured,428695.16,4588751.72,2.14526427,41.445330386
2020S001842    ,Sant Andreu,la Sagrera,Clara Zetkin,Wednesday,2020-03-11,Laboral,2020,3,March,11,Morning,12:00:00,Unknown,Car,Male,60,Driver,Unknown,Unknown,Unknown,Uninjured,432580.06,4586349.61,2.1920351,41.424031224
2020S001842    ,Sant Andreu,la Sagrera,Clara Zetkin,Wednesday,2020-03-11,Laboral,2020,3,March,11,Morning,12:00:00,Unknown,Motorcycle,Male,35,Driver,Unknown,Unknown,Unknown,Minor injury: Hospitalization up to 24 hours,432580.06,4586349.61,2.1920351,41.424031224
2020S001843    ,Sants-Montjuďc,la Marina del Prat Vermell,Litoral (Llobregat),Wednesday,2020-03-11,Laboral,2020,3,March,11,Morning,13:00:00,Unknown,Tractor camió,Male,59,Driver,Unknown,Unknown,Unknown,Uninjured,428898.69,4578205.14,2.1489397,41.350359282
2020S001843    ,Sants-Montjuďc,la Marina del Prat Vermell,Litoral (Llobregat),Wednesday,2020-03-11,Laboral,2020,3,March,11,Morning,13:00:00,Unknown,Motorcycle,Male,29,Driver,Unknown,Unknown,Unknown,Minor injury: Hospitalization up to 24 hours,428898.69,4578205.14,2.1489397,41.350359282
2020S001843    ,Sants-Montjuďc,la Marina del Prat Vermell,Litoral (Llobregat),Wednesday,2020-03-11,Laboral,2020,3,March,11,Morning,13:00:00,Unknown,Furgoneta,Female,53,Driver,Unknown,Unknown,Unknown,Uninjured,428898.69,4578205.14,2.1489397,41.350359282
2020S001844    ,Ciutat Vella,el Barri Gňtic,Ferran,Wednesday,2020-03-11,Laboral,2020,3,March,11,Morning,13:00:00,Unknown,Bicicleta,Male,51,Pedestrian,In pedestrian area,Unknown,Unknown,Minor injury: Hospitalization up to 24 hours,431171.99,4581655.36,2.1757199,41.381632115
2020S001844    ,Ciutat Vella,el Barri Gňtic,Ferran,Wednesday,2020-03-11,Laboral,2020,3,March,11,Morning,13:00:00,Unknown,Bicicleta,Male,36,Driver,In pedestrian area,Unknown,Unknown,Uninjured,431171.99,4581655.36,2.1757199,41.381632115
2020S001845    ,Sant Martí,la Vila Olímpica del Poblenou,Marina,Wednesday,2020-03-11,Laboral,2020,3,March,11,Afternoon,14:00:00,Unknown,Motorcycle,Male,21,Driver,Unknown,Unknown,Unknown,Minor injury: Hospitalization up to 24 hours,432538.9,4582710.01,2.19194853,41.391246924
2020S001845    ,Sant Martí,la Vila Olímpica del Poblenou,Marina,Wednesday,2020-03-11,Laboral,2020,3,March,11,Afternoon,14:00:00,Unknown,Motorcycle,Female,55,Driver,Unknown,Unknown,Unknown,Uninjured,432538.9,4582710.01,2.19194853,41.391246924
2020S001846    ,Sarriŕ-Sant Gervasi,Sant Gervasi - Galvany,Ganduxer,Wednesday,2020-03-11,Laboral,2020,3,March,11,Afternoon,15:00:00,Unknown,Motorcycle,Female,46,Driver,Unknown,Unknown,In transit (commuting),Minor injury: Medical assistance at accident site,427816.88,4583459.44,2.13538329,41.397586594
2020S001846    ,Sarriŕ-Sant Gervasi,Sant Gervasi - Galvany,Ganduxer,Wednesday,2020-03-11,Laboral,2020,3,March,11,Afternoon,15:00:00,Unknown,Car,Female,22,Driver,Unknown,Unknown,Leisure and entertainment,Uninjured,427816.88,4583459.44,2.13538329,41.397586594
2020S001847    ,Eixample,l'Antiga Esquerra de l'Eixample,Corts Catalanes,Wednesday,2020-03-11,Laboral,2020,3,March,11,Afternoon,14:00:00,Unknown,Motorcycle,Female,35,Driver,Unknown,Unknown,On a mission,Minor injury: Medical assistance at accident site,430197.26,4582210.36,2.16399973,41.386546805
2020S001847    ,Eixample,l'Antiga Esquerra de l'Eixample,Corts Catalanes,Wednesday,2020-03-11,Laboral,2020,3,March,11,Afternoon,14:00:00,Unknown,Car,Male,32,Driver,Unknown,Unknown,On a mission,Uninjured,430197.26,4582210.36,2.16399973,41.386546805
2020S001848    ,Eixample,l'Antiga Esquerra de l'Eixample,Aragó,Wednesday,2020-03-11,Laboral,2020,3,March,11,Afternoon,14:00:00,Unknown,Motorcycle,Male,55,Driver,Unknown,Unknown,Unknown,Minor injury: Hospitalization up to 24 hours,429862.12,4582405.47,2.15996909,41.388274931
2020S001848    ,Eixample,l'Antiga Esquerra de l'Eixample,Aragó,Wednesday,2020-03-11,Laboral,2020,3,March,11,Afternoon,14:00:00,Unknown,Tot terreny,Female,41,Driver,Unknown,Unknown,Unknown,Uninjured,429862.12,4582405.47,2.15996909,41.388274931
2020S001849    ,Sant Martí,Diagonal Mar i el Front Marítim del Poblenou,Bac de Roda,Wednesday,2020-03-11,Laboral,2020,3,March,11,Afternoon,15:00:00,Unknown,Motorcycle,Male,28,Driver,Unknown,Unknown,Unknown,Minor injury: Hospitalization up to 24 hours,434184.79,4583891.8,2.21150528,41.40202749
2020S001849    ,Sant Martí,Diagonal Mar i el Front Marítim del Poblenou,Bac de Roda,Wednesday,2020-03-11,Laboral,2020,3,March,11,Afternoon,15:00:00,Unknown,Car,Male,38,Driver,Unknown,Unknown,In transit (commuting),Uninjured,434184.79,4583891.8,2.21150528,41.40202749
2020S001850    ,Ciutat Vella,la Barceloneta,Litoral (Llobregat),Wednesday,2020-03-11,Laboral,2020,3,March,11,Afternoon,16:00:00,Unknown,Car,Male,41,Driver,Unknown,Unknown,Unknown,Uninjured,431935.15,4581644.36,2.18484734,41.381598002
2020S001850    ,Ciutat Vella,la Barceloneta,Litoral (Llobregat),Wednesday,2020-03-11,Laboral,2020,3,March,11,Afternoon,16:00:00,Unknown,Motorcycle,Male,23,Driver,Unknown,Unknown,On a mission,Minor injury: Hospitalization up to 24 hours,431935.15,4581644.36,2.18484734,41.381598002
2020S001851    ,Nou Barris,Vilapicina i la Torre Llobeta,Quinze,Wednesday,2020-03-11,Laboral,2020,3,March,11,Afternoon,17:00:00,Unknown,Taxi,Male,53,Driver,Unknown,Unknown,Taxi,Uninjured,431231.4,4586610.87,2.17586703,41.426269923
2020S001851    ,Nou Barris,Vilapicina i la Torre Llobeta,Quinze,Wednesday,2020-03-11,Laboral,2020,3,March,11,Afternoon,17:00:00,Unknown,Motorcycle,Female,49,Driver,Unknown,Unknown,Unknown,Minor injury: Hospitalization up to 24 hours,431231.4,4586610.87,2.17586703,41.426269923
2020S001852    ,Sarriŕ-Sant Gervasi,"Vallvidrera, el Tibidabo i les Planes",Sarriŕ a Vallvidrera,Wednesday,2020-03-11,Laboral,2020,3,March,11,Afternoon,14:00:00,Unknown,Car,Male,44,Driver,Unknown,Unknown,In transit (commuting),Minor injury: Refused medical assistance,425251.31,4585098.12,2.10449366,41.412110873
2020S001853    ,Sants-Montjuďc,la Bordeta,Ildefons Cerdŕ,Wednesday,2020-03-11,Laboral,2020,3,March,11,Afternoon,16:00:00,Unknown,Motorcycle,Male,19,Driver,Unknown,Unknown,Leisure and entertainment,Minor injury: Hospitalization up to 24 hours,427711.39,4579792.2,2.1345592,41.364547655
2020S001853    ,Sants-Montjuďc,la Bordeta,Ildefons Cerdŕ,Wednesday,2020-03-11,Laboral,2020,3,March,11,Afternoon,16:00:00,Unknown,Motorcycle,Male,58,Driver,Unknown,Unknown,Leisure and entertainment,Uninjured,427711.39,4579792.2,2.1345592,41.364547655
2020S001854    ,Eixample,la Dreta de l'Eixample,Sant Joan,Wednesday,2020-03-11,Laboral,2020,3,March,11,Afternoon,17:00:00,Unknown,Bicicleta,Female,53,Driver,Unknown,Unknown,Leisure and entertainment,Minor injury: Hospitalization up to 24 hours,430999.4,4583265.99,2.17347243,41.396123792
2020S001854    ,Eixample,la Dreta de l'Eixample,Sant Joan,Wednesday,2020-03-11,Laboral,2020,3,March,11,Afternoon,17:00:00,Unknown,Bicicleta,Female,24,Driver,Unknown,Unknown,Leisure and entertainment,Uninjured,430999.4,4583265.99,2.17347243,41.396123792
2020S001855    ,Sarriŕ-Sant Gervasi,Sarriŕ,Augusta,Wednesday,2020-03-11,Laboral,2020,3,March,11,Afternoon,17:00:00,Unknown,Car,Female,45,Driver,Unknown,Unknown,Unknown,Minor injury: Hospitalization up to 24 hours,427126.64,4583473.59,2.12712549,41.397651747
2020S001855    ,Sarriŕ-Sant Gervasi,Sarriŕ,Augusta,Wednesday,2020-03-11,Laboral,2020,3,March,11,Afternoon,17:00:00,Unknown,Car,Male,11,Passenger,Unknown,Unknown,Unknown,Minor injury: Hospitalization up to 24 hours,427126.64,4583473.59,2.12712549,41.397651747
2020S001855    ,Sarriŕ-Sant Gervasi,Sarriŕ,Augusta,Wednesday,2020-03-11,Laboral,2020,3,March,11,Afternoon,17:00:00,Unknown,Car,Male,40,Driver,Unknown,Unknown,Unknown,Minor injury: Hospitalization up to 24 hours,427126.64,4583473.59,2.12712549,41.397651747
2020S001856    ,Sant Martí,el Parc i la Llacuna del Poblenou,Pujades,Wednesday,2020-03-11,Laboral,2020,3,March,11,Afternoon,18:00:00,Unknown,Motorcycle,Female,23,Driver,Unknown,Unknown,Unknown,Minor injury: Hospitalization up to 24 hours,432328.38,4582962.13,2.18940247,41.393500007
2020S001856    ,Sant Martí,el Parc i la Llacuna del Poblenou,Pujades,Wednesday,2020-03-11,Laboral,2020,3,March,11,Afternoon,18:00:00,Unknown,"Camió rígid > 3,5 tones",Male,30,Driver,Unknown,Unknown,Unknown,Uninjured,432328.38,4582962.13,2.18940247,41.393500007
2020S001857    ,Eixample,la Sagrada Família,Provença,Wednesday,2020-03-11,Laboral,2020,3,March,11,Afternoon,18:00:00,Unknown,Bicicleta,Female,36,Pedestrian,In crossing regulated by traffic lights,Leisure and entertainment,Unknown,Minor injury: Hospitalization up to 24 hours,431246.65,4584359.7,2.17630553,41.40599569
2020S001858    ,Les Corts,Pedralbes,Esplugues,Wednesday,2020-03-11,Laboral,2020,3,March,11,Afternoon,18:00:00,Unknown,Motorcycle,Male,22,Driver,Unknown,Unknown,Leisure and entertainment,Minor injury: Hospitalization up to 24 hours,425918.72,4583161.36,2.11271557,41.394729198
2020S001858    ,Les Corts,Pedralbes,Esplugues,Wednesday,2020-03-11,Laboral,2020,3,March,11,Afternoon,18:00:00,Unknown,Car,Female,80,Driver,Unknown,Unknown,Leisure and entertainment,Uninjured,425918.72,4583161.36,2.11271557,41.394729198
2020S001859    ,Eixample,el Fort Pienc,Diputació,Wednesday,2020-03-11,Laboral,2020,3,March,11,Afternoon,18:00:00,Unknown,Motorcycle,Female,46,Driver,Unknown,Unknown,In transit (commuting),Minor injury: Hospitalization up to 24 hours,431485.37,4583624.82,2.17924453,41.399397243
2020S001860    ,Eixample,el Fort Pienc,Diputació,Wednesday,2020-03-11,Laboral,2020,3,March,11,Afternoon,18:00:00,Unknown,Veh. mobilitat personal amb motor,Male,32,Driver,Unknown,Unknown,Unknown,Minor injury: Medical assistance at accident site,431511.08,4583683.03,2.17954548,41.399923714
2020S001860    ,Eixample,el Fort Pienc,Diputació,Wednesday,2020-03-11,Laboral,2020,3,March,11,Afternoon,18:00:00,Unknown,Car,Male,37,Driver,Unknown,Unknown,Unknown,Uninjured,431511.08,4583683.03,2.17954548,41.399923714
2020S001861    ,Nou Barris,Vilapicina i la Torre Llobeta,Cartellŕ,Wednesday,2020-03-11,Laboral,2020,3,March,11,Afternoon,14:00:00,Unknown,Car,Male,34,Driver,Unknown,Unknown,On a mission,Uninjured,430980.47,4586759.88,2.17284723,41.427590471
2020S001861    ,Nou Barris,Vilapicina i la Torre Llobeta,Cartellŕ,Wednesday,2020-03-11,Laboral,2020,3,March,11,Afternoon,14:00:00,Unknown,Motorcycle,Male,52,Driver,Unknown,Unknown,In transit (commuting),Minor injury: Medical assistance at accident site,430980.47,4586759.88,2.17284723,41.427590471
2020S001862    ,Sarriŕ-Sant Gervasi,Sarriŕ,J. V. Foix,Wednesday,2020-03-11,Laboral,2020,3,March,11,Afternoon,16:00:00,Unknown,Motorcycle,Male,37,Driver,On the sidewalk,Unknown,In transit (commuting),Minor injury: Medical assistance at accident site,426532.95,4583444.13,2.12002783,41.397332362
2020S001862    ,Sarriŕ-Sant Gervasi,Sarriŕ,J. V. Foix,Wednesday,2020-03-11,Laboral,2020,3,March,11,Afternoon,16:00:00,Unknown,Car,Male,39,Driver,On the sidewalk,Unknown,Taxi,Uninjured,426532.95,4583444.13,2.12002783,41.397332362
2020S001862    ,Sarriŕ-Sant Gervasi,Sarriŕ,J. V. Foix,Wednesday,2020-03-11,Laboral,2020,3,March,11,Afternoon,16:00:00,Unknown,Motorcycle,Female,75,Pedestrian,On the sidewalk,Unknown,Unknown,Minor injury: Medical assistance at accident site,426532.95,4583444.13,2.12002783,41.397332362
2020S001863    ,Eixample,la Dreta de l'Eixample,Cinc d'Oros,Tuesday,2020-03-10,Laboral,2020,3,March,10,Afternoon,20:00:00,Unknown,Car,Male,63,Driver,Unknown,Unknown,Leisure and entertainment,Uninjured,429830.21,4583317.69,2.15948172,41.396488207
2020S001863    ,Eixample,la Dreta de l'Eixample,Cinc d'Oros,Tuesday,2020-03-10,Laboral,2020,3,March,10,Afternoon,20:00:00,Unknown,Car,Female,41,Driver,Unknown,Unknown,In transit (commuting),Minor injury: Hospitalization up to 24 hours,429830.21,4583317.69,2.15948172,41.396488207
2020S001863    ,Eixample,la Dreta de l'Eixample,Cinc d'Oros,Tuesday,2020-03-10,Laboral,2020,3,March,10,Afternoon,20:00:00,Unknown,Car,Male,45,Driver,Unknown,Unknown,Unknown,Uninjured,429830.21,4583317.69,2.15948172,41.396488207
2020S001864    ,Sants-Montjuďc,el Poble-sec,Sardana,Wednesday,2020-03-11,Laboral,2020,3,March,11,Afternoon,19:00:00,Unknown,Furgoneta,Male,21,Driver,Unknown,Unknown,In transit (commuting),Uninjured,430549.65,4580149.79,2.1684503,41.368018366
2020S001865    ,Sant Martí,la Vila Olímpica del Poblenou,Doctor Trueta,Wednesday,2020-03-11,Laboral,2020,3,March,11,Afternoon,21:00:00,Unknown,Motorcycle,Female,24,Driver,Unknown,Unknown,Leisure and entertainment,Minor injury: Medical assistance at accident site,433074.57,4583068.97,2.19831558,41.394524766
2020S001865    ,Sant Martí,la Vila Olímpica del Poblenou,Doctor Trueta,Wednesday,2020-03-11,Laboral,2020,3,March,11,Afternoon,21:00:00,Unknown,Car,Male,51,Driver,Unknown,Unknown,Taxi,Uninjured,433074.57,4583068.97,2.19831558,41.394524766
2020S001866    ,Nou Barris,Ciutat Meridiana,Rasos de Peguera,Wednesday,2020-03-11,Laboral,2020,3,March,11,Afternoon,18:00:00,Transitar a peu per la calçada,Autobús,Male,57,Passenger,Unknown,Unknown,Unknown,Minor injury: Hospitalization up to 24 hours,431021.79,4590376.05,2.17292854,41.460163482
2020S001866    ,Nou Barris,Ciutat Meridiana,Rasos de Peguera,Wednesday,2020-03-11,Laboral,2020,3,March,11,Afternoon,18:00:00,Transitar a peu per la calçada,Autobús,Female,58,Passenger,Unknown,Unknown,Unknown,Minor injury: Medical assistance at accident site,431021.79,4590376.05,2.17292854,41.460163482
2020S001866    ,Nou Barris,Ciutat Meridiana,Rasos de Peguera,Wednesday,2020-03-11,Laboral,2020,3,March,11,Afternoon,18:00:00,Transitar a peu per la calçada,Autobús,Male,36,Driver,Unknown,Unknown,Urban bus,Uninjured,431021.79,4590376.05,2.17292854,41.460163482
2020S001867    ,Eixample,l'Antiga Esquerra de l'Eixample,Villarroel,Wednesday,2020-03-11,Laboral,2020,3,March,11,Night,22:00:00,Unknown,Car,Female,32,Driver,Unknown,Unknown,Leisure and entertainment,Uninjured,429546.49,4582097.17,2.15623017,41.385470576
2020S001867    ,Eixample,l'Antiga Esquerra de l'Eixample,Villarroel,Wednesday,2020-03-11,Laboral,2020,3,March,11,Night,22:00:00,Unknown,Car,Male,50,Passenger,Unknown,Unknown,Unknown,Minor injury: Medical assistance at accident site,429546.49,4582097.17,2.15623017,41.385470576
2020S001867    ,Eixample,l'Antiga Esquerra de l'Eixample,Villarroel,Wednesday,2020-03-11,Laboral,2020,3,March,11,Night,22:00:00,Unknown,Car,Male,38,Driver,Unknown,Unknown,Leisure and entertainment,Minor injury: Medical assistance at accident site,429546.49,4582097.17,2.15623017,41.385470576
2020S001868    ,Eixample,la Dreta de l'Eixample,Diagonal,Wednesday,2020-03-11,Laboral,2020,3,March,11,Afternoon,15:00:00,Unknown,Furgoneta,Male,33,Pedestrian,In crossing regulated by traffic lights,Leisure and entertainment,Unknown,Minor injury: Hospitalization up to 24 hours,430314.99,4583453.89,2.16526454,41.397757095
2020S001868    ,Eixample,la Dreta de l'Eixample,Diagonal,Wednesday,2020-03-11,Laboral,2020,3,March,11,Afternoon,15:00:00,Unknown,Furgoneta,Male,37,Driver,In crossing regulated by traffic lights,Unknown,On a mission,Uninjured,430314.99,4583453.89,2.16526454,41.397757095
2020S001869    ,Sants-Montjuďc,la Bordeta,Corts Catalanes,Wednesday,2020-03-11,Laboral,2020,3,March,11,Night,23:00:00,Unknown,Motorcycle,Male,47,Driver,Unknown,Unknown,On a mission,Uninjured,428225.71,4580279.72,2.14065026,41.368984627
2020S001869    ,Sants-Montjuďc,la Bordeta,Corts Catalanes,Wednesday,2020-03-11,Laboral,2020,3,March,11,Night,23:00:00,Unknown,Bicicleta,Male,20,Driver,Unknown,Unknown,Leisure and entertainment,Minor injury: Hospitalization up to 24 hours,428225.71,4580279.72,2.14065026,41.368984627
2020S001870    ,Eixample,la Dreta de l'Eixample,Grŕcia,Thursday,2020-03-12,Laboral,2020,3,March,12,Night,01:00:00,Unknown,Car,Male,41,Driver,Unknown,Unknown,"Firefighters, police, ambulance",Uninjured,430712.23,4582406.88,2.17013592,41.388361348
2020S001870    ,Eixample,la Dreta de l'Eixample,Grŕcia,Thursday,2020-03-12,Laboral,2020,3,March,12,Night,01:00:00,Unknown,Bicicleta,Male,26,Driver,Unknown,Unknown,Other activities,Minor injury: Hospitalization up to 24 hours,430712.23,4582406.88,2.17013592,41.388361348
2020S001871    ,Sarriŕ-Sant Gervasi,Sant Gervasi - la Bonanova,Dalt (Besňs),Thursday,2020-03-12,Laboral,2020,3,March,12,Night,02:00:00,Unknown,Car,Male,24,Driver,Unknown,Unknown,Other activities,Minor injury: Medical assistance at accident site,427840.18,4585370.46,2.13543402,41.414800457
2020S001872    ,Sant Martí,el Poblenou,Litoral (Llobregat),Thursday,2020-03-12,Laboral,2020,3,March,12,Morning,08:00:00,Unknown,Car,Male,45,Driver,Unknown,Unknown,In transit (commuting),Uninjured,433689.13,4583118.93,2.20566077,41.395025683
2020S001872    ,Sant Martí,el Poblenou,Litoral (Llobregat),Thursday,2020-03-12,Laboral,2020,3,March,12,Morning,08:00:00,Unknown,Motorcycle,Male,29,Driver,Unknown,Unknown,In transit (commuting),Minor injury: Hospitalization up to 24 hours,433689.13,4583118.93,2.20566077,41.395025683
2020S001873    ,Les Corts,les Corts,Diagonal,Thursday,2020-03-12,Laboral,2020,3,March,12,Morning,07:00:00,Unknown,Veh. mobilitat personal amb motor,Female,16,Driver,In crossing regulated by traffic lights,Unknown,Unknown,Minor injury: Hospitalization up to 24 hours,427253.12,4582427.17,2.12876411,41.388238526
2020S001873    ,Les Corts,les Corts,Diagonal,Thursday,2020-03-12,Laboral,2020,3,March,12,Morning,07:00:00,Unknown,Furgoneta,Male,49,Driver,In crossing regulated by traffic lights,Unknown,Unknown,Uninjured,427253.12,4582427.17,2.12876411,41.388238526
2020S001874    ,Eixample,l'Antiga Esquerra de l'Eixample,Aragó,Thursday,2020-03-12,Laboral,2020,3,March,12,Morning,08:00:00,Unknown,Autobús,Female,38,Driver,Unknown,Unknown,On a mission,Uninjured,429705.96,4582297.12,2.15811406,41.387285419
2020S001874    ,Eixample,l'Antiga Esquerra de l'Eixample,Aragó,Thursday,2020-03-12,Laboral,2020,3,March,12,Morning,08:00:00,Unknown,Motorcycle,Male,25,Driver,Unknown,Unknown,In transit (commuting),Minor injury: Medical assistance at accident site,429705.96,4582297.12,2.15811406,41.387285419
2020S001875    ,Sant Martí,el Poblenou,Antic de Valčncia,Thursday,2020-03-12,Laboral,2020,3,March,12,Morning,08:00:00,Unknown,Car,Male,17,Pedestrian,In pedestrian area,Student heading to educational center,Unknown,Minor injury: Hospitalization up to 24 hours,433278.27,4584159.85,2.20063171,41.404366984
2020S001875    ,Sant Martí,el Poblenou,Antic de Valčncia,Thursday,2020-03-12,Laboral,2020,3,March,12,Morning,08:00:00,Unknown,Car,Male,47,Driver,In pedestrian area,Unknown,In transit (commuting),Uninjured,433278.27,4584159.85,2.20063171,41.404366984
2020S001876    ,Sants-Montjuďc,Hostafrancs,Corts Catalanes,Thursday,2020-03-12,Laboral,2020,3,March,12,Morning,10:00:00,Unknown,Motorcycle,Male,40,Driver,Unknown,Unknown,Leisure and entertainment,Minor injury: Medical assistance at accident site,428674.61,4580719.53,2.14596554,41.372985775
2020S001876    ,Sants-Montjuďc,Hostafrancs,Corts Catalanes,Thursday,2020-03-12,Laboral,2020,3,March,12,Morning,10:00:00,Unknown,Veh. mobilitat personal amb motor,Male,30,Driver,Unknown,Unknown,In transit (commuting),Uninjured,428674.61,4580719.53,2.14596554,41.372985775
2020S001877    ,Sant Andreu,Sant Andreu,Dalt (Llobregat),Thursday,2020-03-12,Laboral,2020,3,March,12,Morning,07:00:00,Unknown,Motorcycle,Male,53,Driver,Unknown,Unknown,Unknown,Minor injury: Hospitalization up to 24 hours,432874.92,4588954.69,2.19527394,41.447519052
2020S001877    ,Sant Andreu,Sant Andreu,Dalt (Llobregat),Thursday,2020-03-12,Laboral,2020,3,March,12,Morning,07:00:00,Unknown,Motorcycle,Female,46,Driver,Unknown,Unknown,Unknown,Uninjured,432874.92,4588954.69,2.19527394,41.447519052
2020S001878    ,Eixample,el Fort Pienc,Aragó,Thursday,2020-03-12,Laboral,2020,3,March,12,Morning,11:00:00,Transitar a peu per la calçada,Motorcycle,Male,36,Driver,In crossing regulated by traffic lights,Unknown,In transit (commuting),Minor injury: Hospitalization up to 24 hours,431105.59,4583623.33,2.1747019,41.399351353
2020S001878    ,Eixample,el Fort Pienc,Aragó,Thursday,2020-03-12,Laboral,2020,3,March,12,Morning,11:00:00,Transitar a peu per la calçada,Motorcycle,Male,40,Pedestrian,In crossing regulated by traffic lights,Unknown,Unknown,Minor injury: Hospitalization up to 24 hours,431105.59,4583623.33,2.1747019,41.399351353
2020S001879    ,Eixample,l'Antiga Esquerra de l'Eixample,Corts Catalanes,Thursday,2020-03-12,Laboral,2020,3,March,12,Morning,11:00:00,Unknown,Motorcycle,Male,52,Driver,Unknown,Unknown,Unknown,Minor injury: Hospitalization up to 24 hours,429790.86,4581812.21,2.15918564,41.38292541
2020S001879    ,Eixample,l'Antiga Esquerra de l'Eixample,Corts Catalanes,Thursday,2020-03-12,Laboral,2020,3,March,12,Morning,11:00:00,Unknown,Car,Male,38,Driver,Unknown,Unknown,On a mission,Uninjured,429790.86,4581812.21,2.15918564,41.38292541
2020S001880    ,Ciutat Vella,el Barri Gňtic,Laietana,Thursday,2020-03-12,Laboral,2020,3,March,12,Morning,09:00:00,Unknown,Furgoneta,Male,56,Driver,Unknown,Unknown,Unknown,Uninjured,431061.98,4582258.7,2.17433567,41.387056802
2020S001880    ,Ciutat Vella,el Barri Gňtic,Laietana,Thursday,2020-03-12,Laboral,2020,3,March,12,Morning,09:00:00,Unknown,Autobús articulat,Male,92,Passenger,Unknown,Unknown,Unknown,Minor injury: Hospitalization up to 24 hours,431061.98,4582258.7,2.17433567,41.387056802
2020S001880    ,Ciutat Vella,el Barri Gňtic,Laietana,Thursday,2020-03-12,Laboral,2020,3,March,12,Morning,09:00:00,Unknown,Autobús articulat,Male,40,Driver,Unknown,Unknown,Urban bus,Uninjured,431061.98,4582258.7,2.17433567,41.387056802
2020S001881    ,Eixample,el Fort Pienc,Aragó,Thursday,2020-03-12,Laboral,2020,3,March,12,Morning,11:00:00,Unknown,Motorcycle,Male,53,Driver,Unknown,Unknown,Other activities,Minor injury: Hospitalization up to 24 hours,431099.52,4583607.69,2.17463107,41.399209968
2020S001881    ,Eixample,el Fort Pienc,Aragó,Thursday,2020-03-12,Laboral,2020,3,March,12,Morning,11:00:00,Unknown,Car,Female,42,Driver,Unknown,Unknown,On a mission,Uninjured,431099.52,4583607.69,2.17463107,41.399209968
2020S001882    ,Horta-Guinardó,Horta,Botticelli,Thursday,2020-03-12,Laboral,2020,3,March,12,Morning,07:00:00,Unknown,Ciclomotor,Male,21,Driver,Unknown,Unknown,In transit (commuting),Minor injury: Hospitalization up to 24 hours,429294.11,4587413.65,2.15259039,41.433331962
2020S001883    ,Eixample,l'Antiga Esquerra de l'Eixample,Balmes,Thursday,2020-03-12,Laboral,2020,3,March,12,Afternoon,14:00:00,Unknown,Car,Male,38,Driver,Unknown,Unknown,Unknown,Uninjured,429716.56,4582879.83,2.15817318,41.392534621
2020S001883    ,Eixample,l'Antiga Esquerra de l'Eixample,Balmes,Thursday,2020-03-12,Laboral,2020,3,March,12,Afternoon,14:00:00,Unknown,Motorcycle,Female,43,Driver,Unknown,Unknown,Unknown,Minor injury: Hospitalization up to 24 hours,429716.56,4582879.83,2.15817318,41.392534621
2020S001884    ,Eixample,la Dreta de l'Eixample,Diagonal,Thursday,2020-03-12,Laboral,2020,3,March,12,Afternoon,14:00:00,Unknown,Autobús,Female,39,Passenger,Unknown,Unknown,Unknown,Minor injury: Refused medical assistance,429984.43,4583345.01,2.16132319,41.396747719