Case_Number,District_Name,Neighborhood_Name,Street_Name,Day_of_Week,Date,Day_Type_Description,Year,Month_of_Year,Month_Name,Day_of_Month,Shift_Description,Hour_of_Day,Pedestrian_Cause_Description,Involved_Vehicle_Type_Description,Gender_Description,Age,Person_Type_Description,Pedestrian_Accident_Location_Description,Pedestrian_Movement_Reason_Description,Driver_Movement_Reason_Description,Victimization_Description,Coordenada_UTM_X,Coordenada_UTM_Y,Longitud,Latitud
2020S001884    ,Eixample,la Dreta de l'Eixample,Diagonal,Thursday,2020-03-12,Laboral,2020,3,March,12,Afternoon,14:00:00,Unknown,Autobús,Female,65,Passenger,Unknown,Unknown,Unknown,Minor injury: Refused medical assistance,429984.43,4583345.01,2.16132319,41.396747719
2020S001884    ,Eixample,la Dreta de l'Eixample,Diagonal,Thursday,2020-03-12,Laboral,2020,3,March,12,Afternoon,14:00:00,Unknown,Autobús,Female,54,Passenger,Unknown,Unknown,Unknown,Minor injury: Refused medical assistance,429984.43,4583345.01,2.16132319,41.396747719
2020S001884    ,Eixample,la Dreta de l'Eixample,Diagonal,Thursday,2020-03-12,Laboral,2020,3,March,12,Afternoon,14:00:00,Unknown,Car,Female,56,Passenger,Unknown,Unknown,Unknown,Minor injury: Hospitalization up to 24 hours,429984.43,4583345.01,2.16132319,41.396747719
2020S001884    ,Eixample,la Dreta de l'Eixample,Diagonal,Thursday,2020-03-12,Laboral,2020,3,March,12,Afternoon,14:00:00,Unknown,Car,Male,66,Driver,Unknown,Unknown,Leisure and entertainment,Uninjured,429984.43,4583345.01,2.16132319,41.396747719
2020S001884    ,Eixample,la Dreta de l'Eixample,Diagonal,Thursday,2020-03-12,Laboral,2020,3,March,12,Afternoon,14:00:00,Unknown,Autobús,Female,26,Passenger,Unknown,Unknown,Unknown,Minor injury: Hospitalization up to 24 hours,429984.43,4583345.01,2.16132319,41.396747719
2020S001884    ,Eixample,la Dreta de l'Eixample,Diagonal,Thursday,2020-03-12,Laboral,2020,3,March,12,Afternoon,14:00:00,Unknown,Autobús,Male,53,Driver,Unknown,Unknown,Urban bus,Uninjured,429984.43,4583345.01,2.16132319,41.396747719
2020S001885    ,Sants-Montjuďc,la Marina de Port,Corts Catalanes,Tuesday,2020-02-18,Laboral,2020,2,February,18,Morning,13:00:00,Unknown,Motorcycle,Male,34,Driver,Unknown,Unknown,"Firefighters, police, ambulance",Minor injury: Refused medical assistance,428098.17,4580082.76,2.13914876,41.367199287
2020S001886    ,Horta-Guinardó,la Vall d'Hebron,Clota,Thursday,2020-03-12,Laboral,2020,3,March,12,Afternoon,15:00:00,Unknown,Motorcycle,Male,31,Pedestrian,In crossing regulated by traffic lights,Unknown,Unknown,Minor injury: Hospitalization up to 24 hours,429022.46,4586612.7,2.14943343,41.426094162
2020S001886    ,Horta-Guinardó,la Vall d'Hebron,Clota,Thursday,2020-03-12,Laboral,2020,3,March,12,Afternoon,15:00:00,Unknown,Motorcycle,Female,45,Pedestrian,In crossing regulated by traffic lights,Unknown,Unknown,Minor injury: Hospitalization up to 24 hours,429022.46,4586612.7,2.14943343,41.426094162
2020S001886    ,Horta-Guinardó,la Vall d'Hebron,Clota,Thursday,2020-03-12,Laboral,2020,3,March,12,Afternoon,15:00:00,Unknown,Motorcycle,Male,61,Driver,In crossing regulated by traffic lights,Unknown,Unknown,Minor injury: Hospitalization up to 24 hours,429022.46,4586612.7,2.14943343,41.426094162
2020S001887    ,Sarriŕ-Sant Gervasi,Sant Gervasi - Galvany,Balmes,Thursday,2020-03-12,Laboral,2020,3,March,12,Afternoon,15:00:00,Unknown,Autobús,Male,35,Driver,Unknown,Unknown,On a mission,Uninjured,428924.46,4583756.01,2.1485965,41.400356405
2020S001887    ,Sarriŕ-Sant Gervasi,Sant Gervasi - Galvany,Balmes,Thursday,2020-03-12,Laboral,2020,3,March,12,Afternoon,15:00:00,Unknown,Autobús,Female,82,Passenger,Unknown,Unknown,Unknown,Minor injury: Hospitalization up to 24 hours,428924.46,4583756.01,2.1485965,41.400356405
2020S001888    ,Eixample,la Nova Esquerra de l'Eixample,Diputació,Thursday,2020-03-12,Laboral,2020,3,March,12,Afternoon,16:00:00,Unknown,Car,Female,65,Pedestrian,Outside the crossing,Unknown,Unknown,Minor injury: Hospitalization up to 24 hours,429224.56,4581444.55,2.15245646,41.379564372
2020S001888    ,Eixample,la Nova Esquerra de l'Eixample,Diputació,Thursday,2020-03-12,Laboral,2020,3,March,12,Afternoon,16:00:00,Unknown,Car,Male,82,Driver,Outside the crossing,Unknown,Leisure and entertainment,Uninjured,429224.56,4581444.55,2.15245646,41.379564372
2020S001889    ,Sant Martí,la Vila Olímpica del Poblenou,Icŕria,Thursday,2020-03-12,Laboral,2020,3,March,12,Afternoon,17:00:00,Unknown,Furgoneta,Male,59,Driver,Unknown,Unknown,Unknown,Uninjured,433045.73,4582828.26,2.19799725,41.392354349
2020S001889    ,Sant Martí,la Vila Olímpica del Poblenou,Icŕria,Thursday,2020-03-12,Laboral,2020,3,March,12,Afternoon,17:00:00,Unknown,Motorcycle,Male,46,Driver,Unknown,Unknown,Unknown,Minor injury: Hospitalization up to 24 hours,433045.73,4582828.26,2.19799725,41.392354349
2020S001890    ,Sants-Montjuďc,Sants,Tirso de Molina,Thursday,2020-03-12,Laboral,2020,3,March,12,Afternoon,15:00:00,Unknown,Car,Male,44,Driver,Unknown,Unknown,Unknown,Uninjured,427451.66,4581082.26,2.13129965,41.376143378
2020S001890    ,Sants-Montjuďc,Sants,Tirso de Molina,Thursday,2020-03-12,Laboral,2020,3,March,12,Afternoon,15:00:00,Unknown,Motorcycle,Male,41,Driver,Unknown,Unknown,Unknown,Minor injury: Hospitalization up to 24 hours,427451.66,4581082.26,2.13129965,41.376143378
2020S001891    ,Sant Martí,el Poblenou,Bilbao,Thursday,2020-03-12,Laboral,2020,3,March,12,Afternoon,16:00:00,Unknown,Bicicleta,Male,26,Driver,In crossing regulated by traffic lights,Unknown,Unknown,Minor injury: Medical assistance at accident site,433664.73,4583823.97,2.20529163,41.401373796
2020S001891    ,Sant Martí,el Poblenou,Bilbao,Thursday,2020-03-12,Laboral,2020,3,March,12,Afternoon,16:00:00,Unknown,Bicicleta,Male,23,Pedestrian,In crossing regulated by traffic lights,Unknown,Unknown,Minor injury: Medical assistance at accident site,433664.73,4583823.97,2.20529163,41.401373796
2020S001892    ,Sant Martí,el Poblenou,Joncar,Thursday,2020-03-12,Laboral,2020,3,March,12,Afternoon,16:00:00,Unknown,Taxi,Male,56,Driver,Unknown,Unknown,Taxi,Uninjured,433580.26,4583801.54,2.20428366,41.401164796
2020S001892    ,Sant Martí,el Poblenou,Joncar,Thursday,2020-03-12,Laboral,2020,3,March,12,Afternoon,16:00:00,Unknown,Veh. mobilitat personal amb motor,Female,39,Driver,Unknown,Unknown,Unknown,Minor injury: Medical assistance at accident site,433580.26,4583801.54,2.20428366,41.401164796
2020S001893    ,Eixample,la Sagrada Família,Cňrsega,Thursday,2020-03-12,Laboral,2020,3,March,12,Afternoon,17:00:00,Unknown,Motorcycle,Female,25,Driver,Unknown,Unknown,Leisure and entertainment,Minor injury: Hospitalization up to 24 hours,431234.89,4584724.63,2.17612335,41.409281491
2020S001893    ,Eixample,la Sagrada Família,Cňrsega,Thursday,2020-03-12,Laboral,2020,3,March,12,Afternoon,17:00:00,Unknown,Motorcycle,Male,52,Driver,Unknown,Unknown,On a mission,Minor injury: Hospitalization up to 24 hours,431234.89,4584724.63,2.17612335,41.409281491
2020S001894    ,Sants-Montjuďc,la Font de la Guatlla,Corts Catalanes,Thursday,2020-03-12,Laboral,2020,3,March,12,Afternoon,18:00:00,Unknown,Motorcycle,Male,49,Driver,Unknown,Unknown,Unknown,Minor injury: Hospitalization up to 24 hours,428766.3,4580736.49,2.14705986,41.373146653
2020S001894    ,Sants-Montjuďc,la Font de la Guatlla,Corts Catalanes,Thursday,2020-03-12,Laboral,2020,3,March,12,Afternoon,18:00:00,Unknown,Furgoneta,Female,21,Driver,Unknown,Unknown,Unknown,Uninjured,428766.3,4580736.49,2.14705986,41.373146653
2020S001895    ,Grŕcia,la Vila de Grŕcia,Escorial,Thursday,2020-03-12,Laboral,2020,3,March,12,Afternoon,20:00:00,Unknown,Motorcycle,Female,49,Pedestrian,In an unregulated crossing,Unknown,Unknown,Minor injury: Hospitalization up to 24 hours,430034.75,4584441.25,2.16179831,41.40662556
2020S001895    ,Grŕcia,la Vila de Grŕcia,Escorial,Thursday,2020-03-12,Laboral,2020,3,March,12,Afternoon,20:00:00,Unknown,Motorcycle,Male,52,Pedestrian,In an unregulated crossing,Unknown,Unknown,Minor injury: Hospitalization up to 24 hours,430034.75,4584441.25,2.16179831,41.40662556
2020S001895    ,Grŕcia,la Vila de Grŕcia,Escorial,Thursday,2020-03-12,Laboral,2020,3,March,12,Afternoon,20:00:00,Unknown,Motorcycle,Male,27,Driver,In an unregulated crossing,Unknown,Unknown,Minor injury: Hospitalization up to 24 hours,430034.75,4584441.25,2.16179831,41.40662556
2020S001896    ,Sant Andreu,la Sagrera,Gran de la Sagrera,Thursday,2020-03-12,Laboral,2020,3,March,12,Afternoon,20:00:00,Desobeir el senyal del semŕfor,Bicicleta,Female,68,Pedestrian,In crossing regulated by traffic lights,Unknown,Unknown,Minor injury: Hospitalization up to 24 hours,432531.77,4585623.99,2.19153825,41.41749173
2020S001896    ,Sant Andreu,la Sagrera,Gran de la Sagrera,Thursday,2020-03-12,Laboral,2020,3,March,12,Afternoon,20:00:00,Desobeir el senyal del semŕfor,Bicicleta,Male,37,Driver,In crossing regulated by traffic lights,Unknown,In transit (commuting),Uninjured,432531.77,4585623.99,2.19153825,41.41749173
2020S001897    ,Nou Barris,la Guineueta,Valldaura,Thursday,2020-03-12,Laboral,2020,3,March,12,Afternoon,21:00:00,Unknown,Furgoneta,Male,48,Driver,Unknown,Unknown,Leisure and entertainment,Uninjured,430813.4,4588035.68,2.1707018,41.439066747
2020S001898    ,Horta-Guinardó,el Baix Guinardó,Guinardó,Friday,2020-03-13,Laboral,2020,3,March,13,Morning,10:00:00,Unknown,Car,Male,71,Driver,Unknown,Unknown,Unknown,Uninjured,430195.03,4585060.94,2.16364421,41.412220832
2020S001898    ,Horta-Guinardó,el Baix Guinardó,Guinardó,Friday,2020-03-13,Laboral,2020,3,March,13,Morning,10:00:00,Unknown,Motorcycle,Female,34,Driver,Unknown,Unknown,Unknown,Minor injury: Hospitalization up to 24 hours,430195.03,4585060.94,2.16364421,41.412220832
2020S001899    ,Sant Andreu,el Bon Pastor,Litoral (Besňs),Friday,2020-03-13,Laboral,2020,3,March,13,Morning,10:00:00,Unknown,Car,Male,38,Driver,Unknown,Unknown,Unknown,Minor injury: Hospitalization up to 24 hours,433863.66,4588355.65,2.20717537,41.442205804
2020S001899    ,Sant Andreu,el Bon Pastor,Litoral (Besňs),Friday,2020-03-13,Laboral,2020,3,March,13,Morning,10:00:00,Unknown,Car,Male,64,Driver,Unknown,Unknown,In transit (commuting),Uninjured,433863.66,4588355.65,2.20717537,41.442205804
2020S001899    ,Sant Andreu,el Bon Pastor,Litoral (Besňs),Friday,2020-03-13,Laboral,2020,3,March,13,Morning,10:00:00,Unknown,Car,Female,34,Driver,Unknown,Unknown,Unknown,Minor injury: Hospitalization up to 24 hours,433863.66,4588355.65,2.20717537,41.442205804
2020S001900    ,Horta-Guinardó,la Font d'en Fargues,Pedrell,Friday,2020-03-13,Laboral,2020,3,March,13,Morning,12:00:00,Unknown,Motorcycle,Male,53,Driver,Unknown,Unknown,Unknown,Minor injury: Hospitalization up to 24 hours,429793.72,4586271.04,2.15870241,41.423084775
2020S001900    ,Horta-Guinardó,la Font d'en Fargues,Pedrell,Friday,2020-03-13,Laboral,2020,3,March,13,Morning,12:00:00,Unknown,Car,Female,67,Driver,Unknown,Unknown,Unknown,Uninjured,429793.72,4586271.04,2.15870241,41.423084775
2020S001901    ,Eixample,la Sagrada Família,Diagonal,Friday,2020-03-13,Laboral,2020,3,March,13,Morning,11:00:00,Unknown,Motorcycle,Male,44,Driver,Unknown,Unknown,In transit (commuting),Minor injury: Hospitalization up to 24 hours,431209.33,4583793.07,2.1759235,41.400889036
2020S001902    ,Sant Andreu,el Congrés i els Indians,Jordi de Sant Jordi,Friday,2020-03-13,Laboral,2020,3,March,13,Morning,11:00:00,Unknown,Ciclomotor,Female,34,Pedestrian,In crossing regulated by traffic lights,Unknown,Unknown,Minor injury: Hospitalization up to 24 hours,431841.8,4586297.87,2.18320676,41.423502888
2020S001903    ,Horta-Guinardó,la Font d'en Fargues,Cičncies,Friday,2020-03-13,Laboral,2020,3,March,13,Morning,13:00:00,Unknown,Car,Female,65,Driver,Unknown,Unknown,Unknown,Uninjured,429781.38,4586529.46,2.15852473,41.425411185
2020S001903    ,Horta-Guinardó,la Font d'en Fargues,Cičncies,Friday,2020-03-13,Laboral,2020,3,March,13,Morning,13:00:00,Unknown,Motorcycle,Male,50,Driver,Unknown,Unknown,Unknown,Minor injury: Hospitalization up to 24 hours,429781.38,4586529.46,2.15852473,41.425411185
2020S001904    ,Nou Barris,la Guineueta,Borgonya,Friday,2020-03-13,Laboral,2020,3,March,13,Morning,11:00:00,Unknown,Furgoneta,Female,41,Driver,Unknown,Unknown,On a mission,Uninjured,430682.68,4587694.34,2.1691764,41.435981147
2020S001905    ,Sant Andreu,el Bon Pastor,Litoral (Llobregat),Friday,2020-03-13,Laboral,2020,3,March,13,Morning,13:00:00,Unknown,Furgoneta,Male,66,Driver,Unknown,Unknown,Unknown,Uninjured,433830.69,4588371.55,2.20677899,41.442346292
2020S001905    ,Sant Andreu,el Bon Pastor,Litoral (Llobregat),Friday,2020-03-13,Laboral,2020,3,March,13,Morning,13:00:00,Unknown,Car,Female,22,Driver,Unknown,Unknown,Unknown,Minor injury: Hospitalization up to 24 hours,433830.69,4588371.55,2.20677899,41.442346292
2020S001906    ,Eixample,la Sagrada Família,Sardenya,Friday,2020-03-13,Laboral,2020,3,March,13,Afternoon,14:00:00,Unknown,Veh. mobilitat personal sense motor,Male,39,Driver,Unknown,Unknown,Unknown,Uninjured,430970.46,4584114.22,2.17302951,41.403761048
2020S001906    ,Eixample,la Sagrada Família,Sardenya,Friday,2020-03-13,Laboral,2020,3,March,13,Afternoon,14:00:00,Unknown,Veh. mobilitat personal amb motor,Female,58,Driver,Unknown,Unknown,Unknown,Minor injury: Hospitalization up to 24 hours,430970.46,4584114.22,2.17302951,41.403761048
2020S001907    ,Sant Martí,el Poblenou,Espronceda,Friday,2020-03-13,Laboral,2020,3,March,13,Afternoon,15:00:00,Unknown,Furgoneta,Male,53,Driver,Unknown,Unknown,Professional goods transport,Uninjured,433736.49,4584153.24,2.20611397,41.404345371
2020S001907    ,Sant Martí,el Poblenou,Espronceda,Friday,2020-03-13,Laboral,2020,3,March,13,Afternoon,15:00:00,Unknown,Motorcycle,Female,53,Driver,Unknown,Unknown,Leisure and entertainment,Minor injury: Hospitalization up to 24 hours,433736.49,4584153.24,2.20611397,41.404345371
2020S001908    ,Eixample,la Dreta de l'Eixample,Bruc,Friday,2020-03-13,Laboral,2020,3,March,13,Afternoon,14:00:00,Unknown,Furgoneta,Male,20,Driver,Unknown,Unknown,On a mission,Uninjured,430475.31,4583250.12,2.16720559,41.39593569
2020S001908    ,Eixample,la Dreta de l'Eixample,Bruc,Friday,2020-03-13,Laboral,2020,3,March,13,Afternoon,14:00:00,Unknown,Motorcycle,Male,22,Driver,Unknown,Unknown,Unknown,Minor injury: Hospitalization up to 24 hours,430475.31,4583250.12,2.16720559,41.39593569
2020S001909    ,Ciutat Vella,el Raval,Universitat,Friday,2020-03-13,Laboral,2020,3,March,13,Morning,07:00:00,Unknown,Autobús,Female,64,Passenger,Unknown,Unknown,Unknown,Minor injury: Hospitalization up to 24 hours,430238.81,4582097.33,2.16450966,41.385532386
2020S001909    ,Ciutat Vella,el Raval,Universitat,Friday,2020-03-13,Laboral,2020,3,March,13,Morning,07:00:00,Unknown,Autobús,Male,53,Driver,Unknown,Unknown,Urban bus,Uninjured,430238.81,4582097.33,2.16450966,41.385532386
2020S001910    ,Nou Barris,Vilapicina i la Torre Llobeta,Santa Fe,Friday,2020-03-13,Laboral,2020,3,March,13,Afternoon,14:00:00,Unknown,Car,Male,64,Driver,Unknown,Unknown,Unknown,Uninjured,431034.22,4586622.93,2.17350608,41.42636163
2020S001910    ,Nou Barris,Vilapicina i la Torre Llobeta,Santa Fe,Friday,2020-03-13,Laboral,2020,3,March,13,Afternoon,14:00:00,Unknown,Car,Male,68,Driver,Unknown,Unknown,Unknown,Minor injury: Medical assistance at accident site,431034.22,4586622.93,2.17350608,41.42636163
2020S001910    ,Nou Barris,Vilapicina i la Torre Llobeta,Santa Fe,Friday,2020-03-13,Laboral,2020,3,March,13,Afternoon,14:00:00,Unknown,Motorcycle,Male,45,Driver,Unknown,Unknown,Unknown,Minor injury: Hospitalization up to 24 hours,431034.22,4586622.93,2.17350608,41.42636163
2020S001911    ,Sarriŕ-Sant Gervasi,Sant Gervasi - Galvany,Diagonal,Friday,2020-03-13,Laboral,2020,3,March,13,Afternoon,15:00:00,Unknown,Bicicleta,Male,21,Pedestrian,In pedestrian area,Unknown,Unknown,Unknown,428148.61,4582820.84,2.139427,41.391864695
2020S001912    ,Sant Martí,la Verneda i la Pau,Andrade,Friday,2020-03-13,Laboral,2020,3,March,13,Morning,13:00:00,Unknown,Car,Male,48,Pedestrian,Outside the crossing,Other activities,Unknown,Minor injury: Hospitalization up to 24 hours,433592.43,4585687.51,2.20422214,41.418152244
2020S001912    ,Sant Martí,la Verneda i la Pau,Andrade,Friday,2020-03-13,Laboral,2020,3,March,13,Morning,13:00:00,Unknown,Car,Male,39,Driver,Outside the crossing,Unknown,Other activities,Uninjured,433592.43,4585687.51,2.20422214,41.418152244
2020S001913    ,Eixample,la Nova Esquerra de l'Eixample,Diputació,Friday,2020-03-13,Laboral,2020,3,March,13,Afternoon,17:00:00,Unknown,Motorcycle,Female,31,Driver,Unknown,Unknown,In transit (commuting),Minor injury: Hospitalization up to 24 hours,429279.84,4581498.62,2.15311118,41.380056226
2020S001913    ,Eixample,la Nova Esquerra de l'Eixample,Diputació,Friday,2020-03-13,Laboral,2020,3,March,13,Afternoon,17:00:00,Unknown,Car,Male,56,Driver,Unknown,Unknown,Leisure and entertainment,Uninjured,429279.84,4581498.62,2.15311118,41.380056226
2020S001914    ,Sarriŕ-Sant Gervasi,el Putxet i el Farró,General Mitre,Friday,2020-03-13,Laboral,2020,3,March,13,Afternoon,18:00:00,Unknown,Motorcycle,Female,33,Driver,Unknown,Unknown,In transit (commuting),Minor injury: Hospitalization up to 24 hours,428976.28,4584385.99,2.1491424,41.406034981
2020S001914    ,Sarriŕ-Sant Gervasi,el Putxet i el Farró,General Mitre,Friday,2020-03-13,Laboral,2020,3,March,13,Afternoon,18:00:00,Unknown,Car,Male,53,Driver,Unknown,Unknown,Unknown,Uninjured,428976.28,4584385.99,2.1491424,41.406034981
2020S001915    ,Eixample,la Sagrada Família,Padilla,Friday,2020-03-13,Laboral,2020,3,March,13,Afternoon,20:00:00,Unknown,Car,Male,23,Driver,Unknown,Unknown,Unknown,Uninjured,431022.69,4584646.74,2.17359358,41.408561769
2020S001915    ,Eixample,la Sagrada Família,Padilla,Friday,2020-03-13,Laboral,2020,3,March,13,Afternoon,20:00:00,Unknown,Motorcycle,Male,29,Driver,Unknown,Unknown,In transit (commuting),Minor injury: Hospitalization up to 24 hours,431022.69,4584646.74,2.17359358,41.408561769
2020S001916    ,Horta-Guinardó,el Baix Guinardó,Rovira,Friday,2020-03-13,Laboral,2020,3,March,13,Afternoon,21:00:00,Unknown,Motorcycle,Male,42,Driver,Unknown,Unknown,On a mission,Minor injury: Hospitalization up to 24 hours,430371.85,4585311.43,2.16573084,41.414492254
2020S001916    ,Horta-Guinardó,el Baix Guinardó,Rovira,Friday,2020-03-13,Laboral,2020,3,March,13,Afternoon,21:00:00,Unknown,Car,Female,28,Driver,Unknown,Unknown,Leisure and entertainment,Uninjured,430371.85,4585311.43,2.16573084,41.414492254
2020S001917    ,Sant Martí,Provençals del Poblenou,Bolívia,Friday,2020-03-13,Laboral,2020,3,March,13,Afternoon,20:00:00,Unknown,Car,Female,63,Driver,Unknown,Unknown,Other activities,Uninjured,433845.39,4585341.11,2.20728676,41.415053189
2020S001917    ,Sant Martí,Provençals del Poblenou,Bolívia,Friday,2020-03-13,Laboral,2020,3,March,13,Afternoon,20:00:00,Unknown,Taxi,Male,49,Driver,Unknown,Unknown,Taxi,Minor injury: Hospitalization up to 24 hours,433845.39,4585341.11,2.20728676,41.415053189
2020S001918    ,Eixample,Sant Antoni,Corts Catalanes,Friday,2020-03-13,Laboral,2020,3,March,13,Night,23:00:00,Unknown,Veh. mobilitat personal amb motor,Male,38,Driver,Unknown,Unknown,Leisure and entertainment,Serious injury: Hospitalization over 24 hours,429877.3,4581824.18,2.16021796,41.383040763
2020S001919    ,Sant Martí,la Verneda i la Pau,Santander,Saturday,2020-03-14,Laboral,2020,3,March,14,Night,01:00:00,Unknown,Car,Male,22,Driver,Unknown,Unknown,Leisure and entertainment,Uninjured,433510.22,4586904.39,2.2031046,41.429105535
2020S001920    ,Sarriŕ-Sant Gervasi,Sant Gervasi - Galvany,Augusta,Saturday,2020-03-14,Laboral,2020,3,March,14,Night,04:00:00,Unknown,Autobús,Male,28,Driver,Unknown,Unknown,Urban bus,Uninjured,427952.88,4583466.24,2.13700921,41.397660042
2020S001920    ,Sarriŕ-Sant Gervasi,Sant Gervasi - Galvany,Augusta,Saturday,2020-03-14,Laboral,2020,3,March,14,Night,04:00:00,Unknown,Car,Female,49,Driver,Unknown,Unknown,Taxi,Minor injury: Hospitalization up to 24 hours,427952.88,4583466.24,2.13700921,41.397660042
2020S001920    ,Sarriŕ-Sant Gervasi,Sant Gervasi - Galvany,Augusta,Saturday,2020-03-14,Laboral,2020,3,March,14,Night,04:00:00,Unknown,Autobús,Female,49,Passenger,Unknown,Unknown,Unknown,Minor injury: Medical assistance at accident site,427952.88,4583466.24,2.13700921,41.397660042
2020S001920    ,Sarriŕ-Sant Gervasi,Sant Gervasi - Galvany,Augusta,Saturday,2020-03-14,Laboral,2020,3,March,14,Night,04:00:00,Unknown,Autobús,Male,42,Passenger,Unknown,Unknown,Unknown,Minor injury: Medical assistance at accident site,427952.88,4583466.24,2.13700921,41.397660042
2020S001921    ,Sant Martí,Provençals del Poblenou,C-31,Saturday,2020-03-14,Laboral,2020,3,March,14,Afternoon,14:00:00,Unknown,Car,Male,67,Driver,Unknown,Unknown,Unknown,Uninjured,432865.19,4584761.31,2.19562342,41.409749759
2020S001921    ,Sant Martí,Provençals del Poblenou,C-31,Saturday,2020-03-14,Laboral,2020,3,March,14,Afternoon,14:00:00,Unknown,Car,Male,35,Driver,Unknown,Unknown,Unknown,Minor injury: Hospitalization up to 24 hours,432865.19,4584761.31,2.19562342,41.409749759
2020S001921    ,Sant Martí,Provençals del Poblenou,C-31,Saturday,2020-03-14,Laboral,2020,3,March,14,Afternoon,14:00:00,Unknown,Car,Female,56,Passenger,Unknown,Unknown,Unknown,Minor injury: Hospitalization up to 24 hours,432865.19,4584761.31,2.19562342,41.409749759
2020S001922    ,Horta-Guinardó,Montbau,Dalt (Besňs),Saturday,2020-03-14,Laboral,2020,3,March,14,Afternoon,21:00:00,Unknown,Car,Male,53,Driver,Unknown,Unknown,Unknown,Minor injury: Hospitalization up to 24 hours,428610.53,4587028.48,2.14445495,41.429802395
2020S001922    ,Horta-Guinardó,Montbau,Dalt (Besňs),Saturday,2020-03-14,Laboral,2020,3,March,14,Afternoon,21:00:00,Unknown,Car,Male,25,Driver,Unknown,Unknown,Leisure and entertainment,Uninjured,428610.53,4587028.48,2.14445495,41.429802395
2020S001923    ,Les Corts,la Maternitat i Sant Ramon,Carles III,Sunday,2020-03-15,Laboral,2020,3,March,15,Night,00:00:00,Unknown,Car,Female,29,Driver,Unknown,Unknown,Leisure and entertainment,Uninjured,427176.29,4581730.49,2.12792904,41.381956849
2020S001923    ,Les Corts,la Maternitat i Sant Ramon,Carles III,Sunday,2020-03-15,Laboral,2020,3,March,15,Night,00:00:00,Unknown,Car,Female,32,Passenger,Unknown,Unknown,Unknown,Minor injury: Hospitalization up to 24 hours,427176.29,4581730.49,2.12792904,41.381956849
2020S001924    ,Nou Barris,la Prosperitat,Júlia,Sunday,2020-03-15,Laboral,2020,3,March,15,Morning,11:00:00,Unknown,Car,Male,40,Driver,Unknown,Unknown,Leisure and entertainment,Uninjured,431528.77,4588629.83,2.17919666,41.444479395
2020S001924    ,Nou Barris,la Prosperitat,Júlia,Sunday,2020-03-15,Laboral,2020,3,March,15,Morning,11:00:00,Unknown,Motorcycle,Male,43,Driver,Unknown,Unknown,Leisure and entertainment,Minor injury: Medical assistance at accident site,431528.77,4588629.83,2.17919666,41.444479395
2020S001925    ,Eixample,l'Antiga Esquerra de l'Eixample,Aribau,Sunday,2020-03-15,Laboral,2020,3,March,15,Afternoon,17:00:00,Unknown,Car,Male,29,Driver,Unknown,Unknown,Taxi,Uninjured,430028.51,4582178.88,2.16198524,41.386248606
2020S001925    ,Eixample,l'Antiga Esquerra de l'Eixample,Aribau,Sunday,2020-03-15,Laboral,2020,3,March,15,Afternoon,17:00:00,Unknown,Ciclomotor,Male,45,Driver,Unknown,Unknown,Leisure and entertainment,Minor injury: Hospitalization up to 24 hours,430028.51,4582178.88,2.16198524,41.386248606
2020S001926    ,Nou Barris,Ciutat Meridiana,Agudes,Monday,2020-03-16,Laboral,2020,3,March,16,Afternoon,16:00:00,Unknown,Car,Female,25,Driver,Unknown,Unknown,On a mission,Uninjured,431116.39,4590500.24,2.17404699,41.461290142
2020S001927    ,Eixample,la Nova Esquerra de l'Eixample,Calŕbria,Monday,2020-03-16,Laboral,2020,3,March,16,Afternoon,16:00:00,Unknown,Tot terreny,Male,29,Driver,Unknown,Unknown,In transit (commuting),Uninjured,429288.58,4581596.35,2.15320428,41.380937217
2020S001927    ,Eixample,la Nova Esquerra de l'Eixample,Calŕbria,Monday,2020-03-16,Laboral,2020,3,March,16,Afternoon,16:00:00,Unknown,Motorcycle,Male,44,Driver,Unknown,Unknown,On a mission,Minor injury: Hospitalization up to 24 hours,429288.58,4581596.35,2.15320428,41.380937217
2020S001928    ,Sarriŕ-Sant Gervasi,Sant Gervasi - Galvany,Laforja,Monday,2020-03-16,Laboral,2020,3,March,16,Afternoon,17:00:00,Unknown,Motorcycle,Male,41,Driver,Unknown,Unknown,On a mission,Minor injury: Hospitalization up to 24 hours,428614.73,4583292.08,2.14494631,41.396150508
2020S001928    ,Sarriŕ-Sant Gervasi,Sant Gervasi - Galvany,Laforja,Monday,2020-03-16,Laboral,2020,3,March,16,Afternoon,17:00:00,Unknown,"Camió rígid <= 3,5 tones",Male,30,Driver,Unknown,Unknown,On a mission,Uninjured,428614.73,4583292.08,2.14494631,41.396150508
2020S001929    ,Sant Martí,el Poblenou,Poblenou,Monday,2020-03-16,Laboral,2020,3,March,16,Afternoon,18:00:00,Unknown,Motorcycle,Male,0,Driver,Unknown,Unknown,"Firefighters, police, ambulance",Minor injury: Medical assistance at accident site,433258.67,4583880.2,2.2004281,41.40184662
2020S001930    ,Sarriŕ-Sant Gervasi,Sant Gervasi - Galvany,Augusta,Monday,2020-03-16,Laboral,2020,3,March,16,Afternoon,19:00:00,Unknown,Furgoneta,Male,36,Driver,Unknown,Unknown,Unknown,Uninjured,428651.92,4583762.8,2.14533564,41.400393409
2020S001930    ,Sarriŕ-Sant Gervasi,Sant Gervasi - Galvany,Augusta,Monday,2020-03-16,Laboral,2020,3,March,16,Afternoon,19:00:00,Unknown,Motorcycle,Male,60,Driver,Unknown,Unknown,Unknown,Minor injury: Medical assistance at accident site,428651.92,4583762.8,2.14533564,41.400393409
2020S001931    ,Grŕcia,la Vila de Grŕcia,Gran de Grŕcia,Monday,2020-03-16,Laboral,2020,3,March,16,Afternoon,21:00:00,Unknown,Tractor camió,Male,64,Driver,Unknown,Unknown,Professional goods transport,Uninjured,429360.56,4583865.0,2.1538003,41.401376492