Case_Number,District_Name,Neighborhood_Name,Street_Name,Day_of_Week,Date,Day_Type_Description,Year,Month_of_Year,Month_Name,Day_of_Month,Shift_Description,Hour_of_Day,Pedestrian_Cause_Description,Involved_Vehicle_Type_Description,Gender_Description,Age,Person_Type_Description,Pedestrian_Accident_Location_Description,Pedestrian_Movement_Reason_Description,Driver_Movement_Reason_Description,Victimization_Description,Coordenada_UTM_X,Coordenada_UTM_Y,Longitud,Latitud
2020S001985    ,Sant Martí,el Parc i la Llacuna del Poblenou,C-31,Tuesday,2020-03-31,Laboral,2020,3,March,31,Afternoon,14:00:00,Unknown,Furgoneta,Male,58,Driver,Unknown,Unknown,Leisure and entertainment,Uninjured,432505.8,4584412.61,2.19136273,41.406579002
2020S001986    ,Les Corts,la Maternitat i Sant Ramon,Arístides Maillol,Tuesday,2020-03-31,Laboral,2020,3,March,31,Afternoon,17:00:00,Unknown,Autobús articulat,Male,55,Driver,Unknown,Unknown,Urban bus,Unknown,426627.26,4581326.15,2.12141255,41.378265214
2020S001986    ,Les Corts,la Maternitat i Sant Ramon,Arístides Maillol,Tuesday,2020-03-31,Laboral,2020,3,March,31,Afternoon,17:00:00,Unknown,Furgoneta,Male,41,Driver,Unknown,Unknown,Unknown,Unknown,426627.26,4581326.15,2.12141255,41.378265214
2020S001987    ,Sarriŕ-Sant Gervasi,Sant Gervasi - la Bonanova,Collserola,Tuesday,2020-03-31,Laboral,2020,3,March,31,Afternoon,20:00:00,Unknown,Car,Male,63,Driver,Unknown,Unknown,Unknown,Uninjured,427885.82,4585515.65,2.13596276,41.416112221
2020S001987    ,Sarriŕ-Sant Gervasi,Sant Gervasi - la Bonanova,Collserola,Tuesday,2020-03-31,Laboral,2020,3,March,31,Afternoon,20:00:00,Unknown,Motorcycle,Female,45,Driver,Unknown,Unknown,Unknown,Minor injury: Medical assistance at accident site,427885.82,4585515.65,2.13596276,41.416112221
2020S001988    ,Sant Martí,la Verneda i la Pau,Prim,Tuesday,2020-03-31,Laboral,2020,3,March,31,Afternoon,20:00:00,Unknown,Car,Male,60,Driver,Unknown,Unknown,Unknown,Uninjured,433765.98,4585977.9,2.20626688,41.420782041
2020S001988    ,Sant Martí,la Verneda i la Pau,Prim,Tuesday,2020-03-31,Laboral,2020,3,March,31,Afternoon,20:00:00,Unknown,Motorcycle,Male,53,Driver,Unknown,Unknown,Unknown,Minor injury: Hospitalization up to 24 hours,433765.98,4585977.9,2.20626688,41.420782041
2020S001989    ,Sant Martí,la Verneda i la Pau,Prim,Wednesday,2020-04-01,Laboral,2020,4,April,1,Afternoon,16:00:00,Unknown,Furgoneta,Female,29,Driver,Unknown,Unknown,On a mission,Minor injury: Hospitalization up to 24 hours,433807.34,4585935.46,2.20676643,41.420403206
2020S001989    ,Sant Martí,la Verneda i la Pau,Prim,Wednesday,2020-04-01,Laboral,2020,4,April,1,Afternoon,16:00:00,Unknown,Car,Male,31,Driver,Unknown,Unknown,In transit (commuting),Minor injury: Medical assistance at accident site,433807.34,4585935.46,2.20676643,41.420403206
2020S001990    ,Horta-Guinardó,el Carmel,Llobregós,Wednesday,2020-04-01,Laboral,2020,4,April,1,Afternoon,15:00:00,Unknown,Motorcycle,Female,48,Driver,Unknown,Unknown,In transit (commuting),Minor injury: Medical assistance at accident site,429370.82,4586271.02,2.15364201,41.423047507
2020S001990    ,Horta-Guinardó,el Carmel,Llobregós,Wednesday,2020-04-01,Laboral,2020,4,April,1,Afternoon,15:00:00,Unknown,Car,Male,31,Driver,Unknown,Unknown,Taxi,Uninjured,429370.82,4586271.02,2.15364201,41.423047507
2020S001991    ,Horta-Guinardó,la Vall d'Hebron,Dalt (Llobregat),Thursday,2020-04-02,Laboral,2020,4,April,2,Night,00:00:00,Unknown,Car,Male,39,Driver,Unknown,Unknown,Leisure and entertainment,Uninjured,428786.86,4587440.81,2.14651652,41.433531737
2020S001992    ,Eixample,l'Antiga Esquerra de l'Eixample,Mallorca,Thursday,2020-04-02,Laboral,2020,4,April,2,Morning,08:00:00,Unknown,"Camió rígid <= 3,5 tones",Male,32,Driver,Unknown,Unknown,Professional goods transport,Uninjured,429382.72,4582317.2,2.15424597,41.387437945
2020S001993    ,Grŕcia,el Camp d'en Grassot i Grŕcia Nova,Grŕcia,Thursday,2020-04-02,Laboral,2020,4,April,2,Morning,12:00:00,Unknown,Car,Male,21,Driver,Unknown,Unknown,In transit (commuting),Uninjured,430234.25,4584311.22,2.16419992,41.405471773
2020S001993    ,Grŕcia,el Camp d'en Grassot i Grŕcia Nova,Grŕcia,Thursday,2020-04-02,Laboral,2020,4,April,2,Morning,12:00:00,Unknown,Motorcycle,Male,52,Driver,Unknown,Unknown,In transit (commuting),Minor injury: Medical assistance at accident site,430234.25,4584311.22,2.16419992,41.405471773
2020S001994    ,Eixample,Sant Antoni,Corts Catalanes,Thursday,2020-04-02,Laboral,2020,4,April,2,Night,22:00:00,Unknown,Car,Male,35,Driver,Unknown,Unknown,"Firefighters, police, ambulance",Uninjured,430124.72,4582066.01,2.16314886,41.385240389
2020S001995    ,Sant Martí,el Clot,Consell de Cent,Friday,2020-04-03,Laboral,2020,4,April,3,Afternoon,16:00:00,Unknown,Car,Female,66,Driver,Unknown,Unknown,In transit (commuting),Uninjured,432024.49,4584333.98,2.18561364,41.405830225
2020S001995    ,Sant Martí,el Clot,Consell de Cent,Friday,2020-04-03,Laboral,2020,4,April,3,Afternoon,16:00:00,Unknown,Car,Male,36,Passenger,Unknown,Unknown,Unknown,Minor injury: Hospitalization up to 24 hours,432024.49,4584333.98,2.18561364,41.405830225
2020S001995    ,Sant Martí,el Clot,Consell de Cent,Friday,2020-04-03,Laboral,2020,4,April,3,Afternoon,16:00:00,Unknown,Car,Male,25,Driver,Unknown,Unknown,"Firefighters, police, ambulance",Minor injury: Hospitalization up to 24 hours,432024.49,4584333.98,2.18561364,41.405830225
2020S001996    ,Eixample,la Dreta de l'Eixample,Rosselló,Friday,2020-04-03,Laboral,2020,4,April,3,Afternoon,17:00:00,Unknown,Motorcycle,Male,41,Driver,Unknown,Unknown,In transit (commuting),Minor injury: Refused medical assistance,430289.45,4583616.74,2.16494028,41.399221617
2020S001996    ,Eixample,la Dreta de l'Eixample,Rosselló,Friday,2020-04-03,Laboral,2020,4,April,3,Afternoon,17:00:00,Unknown,Ciclomotor,Male,37,Driver,Unknown,Unknown,On a mission,Uninjured,430289.45,4583616.74,2.16494028,41.399221617
2020S001997    ,Sant Martí,el Clot,Bilbao,Friday,2020-04-03,Laboral,2020,4,April,3,Afternoon,17:00:00,Unknown,Car,Male,34,Driver,Unknown,Unknown,Leisure and entertainment,Uninjured,432528.3,4584971.31,2.19156957,41.411612942
2020S001997    ,Sant Martí,el Clot,Bilbao,Friday,2020-04-03,Laboral,2020,4,April,3,Afternoon,17:00:00,Unknown,Motorcycle,Female,53,Driver,Unknown,Unknown,Other activities,Minor injury: Hospitalization up to 24 hours,432528.3,4584971.31,2.19156957,41.411612942
2020S001998    ,Eixample,la Sagrada Família,Rosselló,Friday,2020-04-03,Laboral,2020,4,April,3,Afternoon,20:00:00,Unknown,Motorcycle,Female,42,Driver,Unknown,Unknown,In transit (commuting),Minor injury: Medical assistance at accident site,431155.43,4584469.99,2.17520172,41.406981225
2020S001998    ,Eixample,la Sagrada Família,Rosselló,Friday,2020-04-03,Laboral,2020,4,April,3,Afternoon,20:00:00,Unknown,Furgoneta,Male,27,Driver,Unknown,Unknown,"Firefighters, police, ambulance",Uninjured,431155.43,4584469.99,2.17520172,41.406981225
2020S001999    ,Sants-Montjuďc,la Marina del Prat Vermell,D Zona Franca,Friday,2020-04-03,Laboral,2020,4,April,3,Night,22:00:00,Unknown,Car,Male,55,Driver,Unknown,Unknown,In transit (commuting),Uninjured,426972.71,4575529.34,2.12624124,41.326086813
2020S001999    ,Sants-Montjuďc,la Marina del Prat Vermell,D Zona Franca,Friday,2020-04-03,Laboral,2020,4,April,3,Night,22:00:00,Unknown,Furgoneta,Male,22,Passenger,Unknown,Unknown,Unknown,Minor injury: Hospitalization up to 24 hours,426972.71,4575529.34,2.12624124,41.326086813
2020S001999    ,Sants-Montjuďc,la Marina del Prat Vermell,D Zona Franca,Friday,2020-04-03,Laboral,2020,4,April,3,Night,22:00:00,Unknown,Furgoneta,Male,25,Driver,Unknown,Unknown,Professional goods transport,Minor injury: Hospitalization up to 24 hours,426972.71,4575529.34,2.12624124,41.326086813
2020S002000    ,Sarriŕ-Sant Gervasi,Sarriŕ,Fontcoberta,Saturday,2020-04-04,Laboral,2020,4,April,4,Night,02:00:00,Unknown,Car,Female,40,Driver,Unknown,Unknown,Unknown,Uninjured,426838.63,4583233.18,2.12370961,41.395460309
2020S002001    ,Nou Barris,la Trinitat Nova,Dalt (Besňs),Saturday,2020-04-04,Laboral,2020,4,April,4,Morning,12:00:00,Unknown,Car,Male,55,Driver,Unknown,Unknown,Other activities,Uninjured,431738.7,4588851.8,2.18168441,41.446496486
2020S002002    ,Sants-Montjuďc,la Bordeta,Corts Catalanes,Saturday,2020-04-04,Laboral,2020,4,April,4,Morning,13:00:00,Unknown,Motorcycle,Male,56,Driver,Unknown,Unknown,In transit (commuting),Minor injury: Medical assistance at accident site,428225.71,4580279.72,2.14065026,41.368984627
2020S002002    ,Sants-Montjuďc,la Bordeta,Corts Catalanes,Saturday,2020-04-04,Laboral,2020,4,April,4,Morning,13:00:00,Unknown,Car,Male,63,Driver,Unknown,Unknown,In transit (commuting),Uninjured,428225.71,4580279.72,2.14065026,41.368984627
2020S002003    ,Nou Barris,les Roquetes,Pedregar,Sunday,2020-04-05,Laboral,2020,4,April,5,Morning,09:00:00,Unknown,"Camió rígid > 3,5 tones",Male,47,Driver,Unknown,Unknown,Cleaning or garbage collection service,Uninjured,431169.78,4589176.12,2.17483728,41.449368904
2020S002004    ,Sants-Montjuďc,Sants - Badal,Roger,Sunday,2020-04-05,Laboral,2020,4,April,5,Morning,12:00:00,Unknown,"Camió rígid > 3,5 tones",Male,49,Driver,Unknown,Unknown,In transit (commuting),Uninjured,427130.52,4581196.32,2.12744597,41.377141642
2020S002005    ,Horta-Guinardó,el Carmel,Sigüenza,Monday,2020-04-06,Laboral,2020,4,April,6,Afternoon,14:00:00,Unknown,Motorcycle,Male,49,Driver,Unknown,Unknown,Unknown,Minor injury: Hospitalization up to 24 hours,429327.83,4586341.72,2.15311933,41.423680491
2020S002005    ,Horta-Guinardó,el Carmel,Sigüenza,Monday,2020-04-06,Laboral,2020,4,April,6,Afternoon,14:00:00,Unknown,Furgoneta,Male,55,Driver,Unknown,Unknown,In transit (commuting),Uninjured,429327.83,4586341.72,2.15311933,41.423680491
2020S002006    ,Eixample,el Fort Pienc,Lepant,Monday,2020-04-06,Laboral,2020,4,April,6,Afternoon,16:00:00,Unknown,Furgoneta,Male,28,Driver,Unknown,Unknown,In transit (commuting),Minor injury: Hospitalization up to 24 hours,431737.46,4583730.04,2.18224808,41.400366382
2020S002006    ,Eixample,el Fort Pienc,Lepant,Monday,2020-04-06,Laboral,2020,4,April,6,Afternoon,16:00:00,Unknown,Car,Male,25,Driver,Unknown,Unknown,Taxi,Minor injury: Hospitalization up to 24 hours,431737.46,4583730.04,2.18224808,41.400366382
2020S002007    ,Eixample,el Fort Pienc,Tetuan,Monday,2020-04-06,Laboral,2020,4,April,6,Afternoon,14:00:00,Unknown,Car,Female,57,Driver,Unknown,Unknown,Other activities,Uninjured,431246.5,4583153.05,2.17644085,41.395127752
2020S002007    ,Eixample,el Fort Pienc,Tetuan,Monday,2020-04-06,Laboral,2020,4,April,6,Afternoon,14:00:00,Unknown,Motorcycle,Male,60,Driver,Unknown,Unknown,In transit (commuting),Serious injury: Hospitalization over 24 hours,431246.5,4583153.05,2.17644085,41.395127752
2020S002008    ,Sarriŕ-Sant Gervasi,Sarriŕ,Roserar,Monday,2020-04-06,Laboral,2020,4,April,6,Night,23:00:00,Unknown,Motorcycle,Male,59,Driver,Unknown,Unknown,Unknown,Minor injury: Hospitalization up to 24 hours,426660.5,4582863.38,2.12162384,41.392113444
2020S002009    ,Sants-Montjuďc,la Marina del Prat Vermell,Tallers Ferroviaris,Tuesday,2020-04-07,Laboral,2020,4,April,7,Morning,08:00:00,Unknown,"Camió rígid > 3,5 tones",Male,35,Driver,Unknown,Unknown,Cleaning or garbage collection service,Uninjured,426453.21,4577134.17,2.1198398,41.340493727
2020S002010    ,Sarriŕ-Sant Gervasi,Sarriŕ,Pons i Serra,Thursday,2020-03-26,Laboral,2020,3,March,26,Night,22:00:00,Unknown,"Camió rígid > 3,5 tones",Male,38,Driver,Unknown,Unknown,Cleaning or garbage collection service,Uninjured,426073.39,4583465.86,2.11452833,41.397485934
2020S002011    ,Eixample,Sant Antoni,Corts Catalanes,Tuesday,2020-04-07,Laboral,2020,4,April,7,Morning,11:00:00,Unknown,Motorcycle,Male,28,Driver,Unknown,Unknown,"Firefighters, police, ambulance",Minor injury: Hospitalization up to 24 hours,429062.24,4581026.1,2.15056444,41.375781229
2020S002012    ,Grŕcia,el Coll,Mare de Déu del Coll,Wednesday,2020-04-22,Laboral,2020,4,April,22,Afternoon,15:00:00,Unknown,Car,Female,33,Pedestrian,In an unregulated crossing,In transit (commuting),Unknown,Minor injury: Medical assistance at accident site,428622.4,4585276.11,2.14480395,41.414020579
2020S002013    ,Grŕcia,el Camp d'en Grassot i Grŕcia Nova,Grŕcia,Tuesday,2020-04-07,Laboral,2020,4,April,7,Afternoon,21:00:00,Unknown,Car,Male,52,Driver,Unknown,Unknown,Unknown,Uninjured,430510.73,4584538.4,2.16748128,41.407541866
2020S002013    ,Grŕcia,el Camp d'en Grassot i Grŕcia Nova,Grŕcia,Tuesday,2020-04-07,Laboral,2020,4,April,7,Afternoon,21:00:00,Unknown,Motorcycle,Male,28,Driver,Unknown,Unknown,Unknown,Minor injury: Hospitalization up to 24 hours,430510.73,4584538.4,2.16748128,41.407541866
2020S002014    ,Ciutat Vella,"Sant Pere, Santa Caterina i la Ribera",Laietana,Tuesday,2020-04-07,Laboral,2020,4,April,7,Afternoon,21:00:00,Unknown,Motorcycle,Male,37,Driver,Unknown,Unknown,In transit (commuting),Minor injury: Hospitalization up to 24 hours,431158.58,4582201.58,2.17549745,41.386550616
2020S002015    ,Horta-Guinardó,el Guinardó,Guinardó,Wednesday,2020-04-08,Laboral,2020,4,April,8,Afternoon,14:00:00,Unknown,Car,Male,54,Pedestrian,In crossing regulated by traffic lights,Unknown,Unknown,Minor injury: Medical assistance at accident site,431282.77,4585783.79,2.17657579,41.418825095
2020S002015    ,Horta-Guinardó,el Guinardó,Guinardó,Wednesday,2020-04-08,Laboral,2020,4,April,8,Afternoon,14:00:00,Unknown,Car,Female,47,Driver,In crossing regulated by traffic lights,Unknown,In transit (commuting),Uninjured,431282.77,4585783.79,2.17657579,41.418825095
2020S002016    ,Grŕcia,Vallcarca i els Penitents,República Argentina,Wednesday,2020-04-08,Laboral,2020,4,April,8,Afternoon,16:00:00,Unknown,Motorcycle,Male,46,Driver,Unknown,Unknown,In transit (commuting),Minor injury: Medical assistance at accident site,428132.54,4585206.47,2.13895142,41.41334968
2020S002016    ,Grŕcia,Vallcarca i els Penitents,República Argentina,Wednesday,2020-04-08,Laboral,2020,4,April,8,Afternoon,16:00:00,Unknown,Motorcycle,Male,36,Driver,Unknown,Unknown,In transit (commuting),Uninjured,428132.54,4585206.47,2.13895142,41.41334968
2020S002017    ,Eixample,la Dreta de l'Eixample,Girona,Thursday,2020-04-09,Laboral,2020,4,April,9,Morning,09:00:00,Unknown,Motorcycle,Female,50,Driver,Unknown,Unknown,In transit (commuting),Minor injury: Hospitalization up to 24 hours,430568.96,4583346.01,2.16831474,41.396807436
2020S002017    ,Eixample,la Dreta de l'Eixample,Girona,Thursday,2020-04-09,Laboral,2020,4,April,9,Morning,09:00:00,Unknown,Car,Male,60,Driver,Unknown,Unknown,In transit (commuting),Uninjured,430568.96,4583346.01,2.16831474,41.396807436
2020S002018    ,Les Corts,Pedralbes,Dalt (Besňs),Thursday,2020-04-09,Laboral,2020,4,April,9,Morning,12:00:00,Unknown,Car,Female,43,Driver,Unknown,Unknown,In transit (commuting),Minor injury: Medical assistance at accident site,425538.86,4582732.91,2.10822492,41.390835245
2020S002018    ,Les Corts,Pedralbes,Dalt (Besňs),Thursday,2020-04-09,Laboral,2020,4,April,9,Morning,12:00:00,Unknown,"Camió rígid <= 3,5 tones",Male,31,Driver,Unknown,Unknown,On a mission,Minor injury: Medical assistance at accident site,425538.86,4582732.91,2.10822492,41.390835245
2020S002019    ,Les Corts,les Corts,Diagonal,Thursday,2020-04-09,Laboral,2020,4,April,9,Morning,13:00:00,Unknown,Motorcycle,Male,59,Driver,Unknown,Unknown,In transit (commuting),Minor injury: Medical assistance at accident site,427557.22,4582526.09,2.13238915,41.389156919
2020S002019    ,Les Corts,les Corts,Diagonal,Thursday,2020-04-09,Laboral,2020,4,April,9,Morning,13:00:00,Unknown,Motorcycle,Male,39,Driver,Unknown,Unknown,On a mission,Minor injury: Hospitalization up to 24 hours,427557.22,4582526.09,2.13238915,41.389156919
2020S002020    ,Eixample,la Dreta de l'Eixample,Diagonal,Thursday,2020-04-09,Laboral,2020,4,April,9,Afternoon,14:00:00,Unknown,Motorcycle,Male,64,Driver,Unknown,Unknown,Leisure and entertainment,Uninjured,430649.21,4583556.97,2.16925044,41.398714415
2020S002020    ,Eixample,la Dreta de l'Eixample,Diagonal,Thursday,2020-04-09,Laboral,2020,4,April,9,Afternoon,14:00:00,Unknown,Motorcycle,Male,35,Driver,Unknown,Unknown,On a mission,Minor injury: Medical assistance at accident site,430649.21,4583556.97,2.16925044,41.398714415
2020S002021    ,Sarriŕ-Sant Gervasi,Sarriŕ,Sarriŕ,Friday,2020-04-10,Laboral,2020,4,April,10,Night,00:00:00,Unknown,"Camió rígid > 3,5 tones",Male,47,Driver,Unknown,Unknown,Cleaning or garbage collection service,Uninjured,426644.64,4583740.37,2.12132786,41.400010669
2020S002022    ,Sant Martí,Provençals del Poblenou,C-31,Friday,2020-04-10,Laboral,2020,4,April,10,Night,23:00:00,Unknown,Furgoneta,Male,27,Driver,Unknown,Unknown,"Firefighters, police, ambulance",Uninjured,433366.47,4585249.15,2.2015668,41.414185339
2020S002022    ,Sant Martí,Provençals del Poblenou,C-31,Friday,2020-04-10,Laboral,2020,4,April,10,Night,23:00:00,Unknown,Furgoneta,Female,83,Passenger,Unknown,Unknown,Unknown,Minor injury: Hospitalization up to 24 hours,433366.47,4585249.15,2.2015668,41.414185339
2020S002022    ,Sant Martí,Provençals del Poblenou,C-31,Friday,2020-04-10,Laboral,2020,4,April,10,Night,23:00:00,Unknown,Ciclomotor,Male,40,Driver,Unknown,Unknown,In transit (commuting),Minor injury: Hospitalization up to 24 hours,433366.47,4585249.15,2.2015668,41.414185339
2020S002023    ,Ciutat Vella,la Barceloneta,La Maquinista,Saturday,2020-04-11,Laboral,2020,4,April,11,Night,02:00:00,Unknown,"Camió rígid <= 3,5 tones",Male,42,Driver,Unknown,Unknown,Cleaning or garbage collection service,Uninjured,432389.58,4581580.12,2.19028879,41.381057746
2020S002024    ,Eixample,la Nova Esquerra de l'Eixample,Diputació,Saturday,2020-04-11,Laboral,2020,4,April,11,Morning,11:00:00,Unknown,Motorcycle,Male,47,Driver,Unknown,Unknown,In transit (commuting),Minor injury: Hospitalization up to 24 hours,429312.25,4581530.42,2.15349503,41.380345488
2020S002025    ,Grŕcia,la Vila de Grŕcia,Rabassa,Sunday,2020-04-12,Laboral,2020,4,April,12,Afternoon,18:00:00,Unknown,Furgoneta,Female,50,Driver,Unknown,Unknown,Unknown,Uninjured,429676.01,4584609.34,2.15748718,41.408108165
2020S002025    ,Grŕcia,la Vila de Grŕcia,Rabassa,Sunday,2020-04-12,Laboral,2020,4,April,12,Afternoon,18:00:00,Unknown,Motorcycle,Male,33,Driver,Unknown,Unknown,"Firefighters, police, ambulance",Minor injury: Hospitalization up to 24 hours,429676.01,4584609.34,2.15748718,41.408108165
2020S002026    ,Sant Martí,Provençals del Poblenou,C-31,Sunday,2020-04-12,Laboral,2020,4,April,12,Night,22:00:00,Unknown,Motorcycle,Male,39,Driver,Unknown,Unknown,Other activities,Serious injury: Hospitalization over 24 hours,433010.8,4584901.86,2.19734988,41.41102781
2020S002026    ,Sant Martí,Provençals del Poblenou,C-31,Sunday,2020-04-12,Laboral,2020,4,April,12,Night,22:00:00,Unknown,Car,Male,44,Driver,Unknown,Unknown,Other activities,Uninjured,433010.8,4584901.86,2.19734988,41.41102781
2020S002027    ,Eixample,la Dreta de l'Eixample,Casp,Monday,2020-04-13,Laboral,2020,4,April,13,Morning,09:00:00,Unknown,Autobús,Male,42,Driver,Unknown,Unknown,Urban bus,Uninjured,430675.95,4582457.44,2.16969623,41.388813599
2020S002028    ,Sant Andreu,la Trinitat Vella,B-10 (Llobregat),Tuesday,2020-04-14,Laboral,2020,4,April,14,Night,05:00:00,Unknown,Car,Female,37,Driver,Unknown,Unknown,In transit (commuting),Uninjured,433172.78,4589158.4,2.19881694,41.449378667
2020S002028    ,Sant Andreu,la Trinitat Vella,B-10 (Llobregat),Tuesday,2020-04-14,Laboral,2020,4,April,14,Night,05:00:00,Unknown,Motorcycle,Male,52,Driver,Unknown,Unknown,Unknown,Serious injury: Hospitalization over 24 hours,433172.78,4589158.4,2.19881694,41.449378667
2020S002029    ,Eixample,la Dreta de l'Eixample,Bailčn,Tuesday,2020-04-14,Laboral,2020,4,April,14,Morning,09:00:00,Unknown,Car,Male,51,Driver,Unknown,Unknown,In transit (commuting),Uninjured,430543.8,4583594.49,2.16798527,41.399043242
2020S002029    ,Eixample,la Dreta de l'Eixample,Bailčn,Tuesday,2020-04-14,Laboral,2020,4,April,14,Morning,09:00:00,Unknown,Motorcycle,Male,52,Driver,Unknown,Unknown,Other activities,Minor injury: Hospitalization up to 24 hours,430543.8,4583594.49,2.16798527,41.399043242
2020S002030    ,Eixample,l'Antiga Esquerra de l'Eixample,Valčncia,Tuesday,2020-04-14,Laboral,2020,4,April,14,Morning,13:00:00,Desobeir el senyal del semŕfor,Furgoneta,Male,56,Pedestrian,In crossing regulated by traffic lights,Other activities,Unknown,Serious injury: Hospitalization over 24 hours,429420.42,4582198.67,2.15471066,41.386373696
2020S002030    ,Eixample,l'Antiga Esquerra de l'Eixample,Valčncia,Tuesday,2020-04-14,Laboral,2020,4,April,14,Morning,13:00:00,Desobeir el senyal del semŕfor,Furgoneta,Male,53,Driver,In crossing regulated by traffic lights,Unknown,On a mission,Uninjured,429420.42,4582198.67,2.15471066,41.386373696
2020S002031    ,Sant Martí,el Poblenou,Litoral (Llobregat),Tuesday,2020-03-10,Laboral,2020,3,March,10,Morning,06:00:00,Unknown,Car,Male,45,Driver,Unknown,Unknown,Unknown,Uninjured,433970.87,4583525.55,2.20898629,41.398711212
2020S002031    ,Sant Martí,el Poblenou,Litoral (Llobregat),Tuesday,2020-03-10,Laboral,2020,3,March,10,Morning,06:00:00,Unknown,Car,Male,37,Driver,Unknown,Unknown,In transit (commuting),Minor injury: Refused medical assistance,433970.87,4583525.55,2.20898629,41.398711212
2020S002031    ,Sant Martí,el Poblenou,Litoral (Llobregat),Tuesday,2020-03-10,Laboral,2020,3,March,10,Morning,06:00:00,Unknown,Car,Female,38,Driver,Unknown,Unknown,In transit (commuting),Minor injury: Refused medical assistance,433970.87,4583525.55,2.20898629,41.398711212
2020S002031    ,Sant Martí,el Poblenou,Litoral (Llobregat),Tuesday,2020-03-10,Laboral,2020,3,March,10,Morning,06:00:00,Unknown,Furgoneta,Male,37,Driver,Unknown,Unknown,On a mission,Uninjured,433970.87,4583525.55,2.20898629,41.398711212
2020S002032    ,Sants-Montjuďc,la Marina del Prat Vermell,Longitudinal 5,Wednesday,2020-04-15,Laboral,2020,4,April,15,Morning,10:00:00,Unknown,Altres vehicles amb motor,Male,50,Driver,Unknown,Unknown,In transit (commuting),Minor injury: Hospitalization up to 24 hours,426383.45,4576025.05,2.11914062,41.330497886
2020S002032    ,Sants-Montjuďc,la Marina del Prat Vermell,Longitudinal 5,Wednesday,2020-04-15,Laboral,2020,4,April,15,Morning,10:00:00,Unknown,Tractor camió,Male,50,Driver,Unknown,Unknown,In transit (commuting),Uninjured,426383.45,4576025.05,2.11914062,41.330497886
2020S002033    ,Eixample,la Dreta de l'Eixample,Girona,Thursday,2020-04-16,Laboral,2020,4,April,16,Morning,12:00:00,Unknown,Furgoneta,Male,45,Driver,Unknown,Unknown,In transit (commuting),Uninjured,430919.37,4582987.88,2.17254693,41.393612066
2020S002033    ,Eixample,la Dreta de l'Eixample,Girona,Thursday,2020-04-16,Laboral,2020,4,April,16,Morning,12:00:00,Unknown,Motorcycle,Male,44,Driver,Unknown,Unknown,In transit (commuting),Minor injury: Hospitalization up to 24 hours,430919.37,4582987.88,2.17254693,41.393612066
2020S002034    ,Sarriŕ-Sant Gervasi,les Tres Torres,General Mitre,Thursday,2020-04-16,Laboral,2020,4,April,16,Morning,12:00:00,Unknown,"Camió rígid > 3,5 tones",Male,46,Driver,Unknown,Unknown,On a mission,Uninjured,427678.99,4583241.88,2.13375996,41.395614721
2020S002034    ,Sarriŕ-Sant Gervasi,les Tres Torres,General Mitre,Thursday,2020-04-16,Laboral,2020,4,April,16,Morning,12:00:00,Unknown,Motorcycle,Male,63,Driver,Unknown,Unknown,In transit (commuting),Minor injury: Hospitalization up to 24 hours,427678.99,4583241.88,2.13375996,41.395614721
2020S002035    ,Sants-Montjuďc,la Marina de Port,Zona Franca,Thursday,2020-04-16,Laboral,2020,4,April,16,Afternoon,14:00:00,Unknown,Veh. mobilitat personal amb motor,Male,57,Driver,Unknown,Unknown,In transit (commuting),Minor injury: Hospitalization up to 24 hours,427884.5,4579622.63,2.13664893,41.36303593
2020S002035    ,Sants-Montjuďc,la Marina de Port,Zona Franca,Thursday,2020-04-16,Laboral,2020,4,April,16,Afternoon,14:00:00,Unknown,Motorcycle,Male,25,Driver,Unknown,Unknown,In transit (commuting),Uninjured,427884.5,4579622.63,2.13664893,41.36303593
2020S002036    ,Sant Martí,el Clot,Guipúscoa,Thursday,2020-04-16,Laboral,2020,4,April,16,Morning,13:00:00,Unknown,Motorcycle,Male,25,Driver,Unknown,Unknown,Unknown,Minor injury: Hospitalization up to 24 hours,432592.73,4585139.15,2.1923217,41.413130038
2020S002036    ,Sant Martí,el Clot,Guipúscoa,Thursday,2020-04-16,Laboral,2020,4,April,16,Morning,13:00:00,Unknown,Car,Male,55,Driver,Unknown,Unknown,Taxi,Uninjured,432592.73,4585139.15,2.1923217,41.413130038
2020S002037    ,Sant Andreu,Sant Andreu,Torras i Bages,Thursday,2020-04-16,Laboral,2020,4,April,16,Afternoon,16:00:00,Unknown,Car,Male,34,Driver,Unknown,Unknown,In transit (commuting),Uninjured,432498.87,4587958.41,2.1908838,41.438514345
2020S002037    ,Sant Andreu,Sant Andreu,Torras i Bages,Thursday,2020-04-16,Laboral,2020,4,April,16,Afternoon,16:00:00,Unknown,Motorcycle,Male,40,Driver,Unknown,Unknown,Unknown,Serious injury: Hospitalization over 24 hours,432498.87,4587958.41,2.1908838,41.438514345
2020S002038    ,Eixample,l'Antiga Esquerra de l'Eixample,Muntaner,Thursday,2020-04-16,Laboral,2020,4,April,16,Morning,11:00:00,Unknown,"Camió rígid > 3,5 tones",Male,64,Driver,Unknown,Unknown,Cleaning or garbage collection service,Unknown,429189.47,4582845.83,2.15187298,41.392182135
2020S002039    ,Sarriŕ-Sant Gervasi,Sant Gervasi - la Bonanova,General Mitre,Friday,2020-04-17,Laboral,2020,4,April,17,Morning,07:00:00,Unknown,Motorcycle,Male,39,Driver,Unknown,Unknown,Unknown,Minor injury: Hospitalization up to 24 hours,428205.75,4584193.88,2.13994751,41.404236239