Case_Number,District_Name,Neighborhood_Name,Street_Name,Day_of_Week,Date,Day_Type_Description,Year,Month_of_Year,Month_Name,Day_of_Month,Shift_Description,Hour_of_Day,Pedestrian_Cause_Description,Involved_Vehicle_Type_Description,Gender_Description,Age,Person_Type_Description,Pedestrian_Accident_Location_Description,Pedestrian_Movement_Reason_Description,Driver_Movement_Reason_Description,Victimization_Description,Coordenada_UTM_X,Coordenada_UTM_Y,Longitud,Latitud
2020S002095    ,Sant Andreu,Baró de Viver,B-10 (Llobregat),Friday,2020-05-01,Laboral,2020,5,May,1,Night,01:00:00,Unknown,Car,Male,33,Driver,Unknown,Unknown,Leisure and entertainment,Uninjured,433346.77,4589084.0,2.20090798,41.448723046
2020S002097    ,Sant Andreu,el Bon Pastor,Fra Juníper Serra,Friday,2020-05-01,Laboral,2020,5,May,1,Morning,08:00:00,Unknown,Motorcycle,Male,44,Driver,Unknown,Unknown,In transit (commuting),Minor injury: Hospitalization up to 24 hours,433176.59,4587581.39,2.19903709,41.435175364
2020S002098    ,Sarriŕ-Sant Gervasi,Sant Gervasi - Galvany,Bori i Fontestŕ,Friday,2020-05-01,Laboral,2020,5,May,1,Morning,13:00:00,Unknown,Car,Female,26,Driver,Unknown,Unknown,Unknown,Minor injury: Medical assistance at accident site,428102.16,4582969.26,2.13885382,41.393197304
2020S002098    ,Sarriŕ-Sant Gervasi,Sant Gervasi - Galvany,Bori i Fontestŕ,Friday,2020-05-01,Laboral,2020,5,May,1,Morning,13:00:00,Unknown,Furgoneta,Male,40,Driver,Unknown,Unknown,"Firefighters, police, ambulance",Uninjured,428102.16,4582969.26,2.13885382,41.393197304
2020S002099    ,Nou Barris,Ciutat Meridiana,Costabona,Friday,2020-05-01,Laboral,2020,5,May,1,Afternoon,19:00:00,Unknown,Quadricicle < 75 cc,Male,28,Pedestrian,In an unregulated crossing,Unknown,Unknown,Minor injury: Medical assistance at accident site,431454.57,4590573.16,2.17808774,41.461975883
2020S002099    ,Nou Barris,Ciutat Meridiana,Costabona,Friday,2020-05-01,Laboral,2020,5,May,1,Afternoon,19:00:00,Unknown,Quadricicle < 75 cc,Male,74,Driver,In an unregulated crossing,Unknown,On a mission,Uninjured,431454.57,4590573.16,2.17808774,41.461975883
2020S002100    ,Ciutat Vella,la Barceloneta,Doctor Giné i Partagŕs,Saturday,2020-05-02,Laboral,2020,5,May,2,Morning,09:00:00,Unknown,Car,Male,43,Driver,On the sidewalk,Unknown,Leisure and entertainment,Uninjured,432426.37,4581510.7,2.19073649,41.38043559
2020S002100    ,Ciutat Vella,la Barceloneta,Doctor Giné i Partagŕs,Saturday,2020-05-02,Laboral,2020,5,May,2,Morning,09:00:00,Unknown,Car,Female,77,Pedestrian,On the sidewalk,Unknown,Unknown,Minor injury: Medical assistance at accident site,432426.37,4581510.7,2.19073649,41.38043559
2020S002101    ,Sarriŕ-Sant Gervasi,"Vallvidrera, el Tibidabo i les Planes",Santa Creu Olorda a Sarriŕ,Saturday,2020-05-02,Laboral,2020,5,May,2,Morning,08:00:00,Transitar a peu per la calçada,Bicicleta,Female,25,Pedestrian,Outside the crossing,Unknown,Unknown,Minor injury: Hospitalization up to 24 hours,423382.52,4584794.81,2.08217438,41.409203059
2020S002101    ,Sarriŕ-Sant Gervasi,"Vallvidrera, el Tibidabo i les Planes",Santa Creu Olorda a Sarriŕ,Saturday,2020-05-02,Laboral,2020,5,May,2,Morning,08:00:00,Transitar a peu per la calçada,Bicicleta,Male,36,Driver,Outside the crossing,Unknown,Leisure and entertainment,Minor injury: Medical assistance at accident site,423382.52,4584794.81,2.08217438,41.409203059
2020S002102    ,Eixample,el Fort Pienc,Ribes,Saturday,2020-05-02,Laboral,2020,5,May,2,Morning,08:00:00,Unknown,"Camió rígid > 3,5 tones",Male,43,Driver,Unknown,Unknown,On a mission,Uninjured,431851.15,4583562.37,2.18362691,41.398865876
2020S002103    ,Eixample,la Dreta de l'Eixample,Aragó,Saturday,2020-05-02,Laboral,2020,5,May,2,Morning,11:00:00,Unknown,Car,Male,22,Driver,Unknown,Unknown,Leisure and entertainment,Uninjured,430628.28,4583156.15,2.16904604,41.39510255
2020S002103    ,Eixample,la Dreta de l'Eixample,Aragó,Saturday,2020-05-02,Laboral,2020,5,May,2,Morning,11:00:00,Unknown,Ciclomotor,Female,52,Driver,Unknown,Unknown,In transit (commuting),Minor injury: Medical assistance at accident site,430628.28,4583156.15,2.16904604,41.39510255
2020S002104    ,Sarriŕ-Sant Gervasi,Sant Gervasi - la Bonanova,Vendrell,Saturday,2020-05-02,Laboral,2020,5,May,2,Morning,11:00:00,Unknown,Motorcycle,Male,40,Driver,Unknown,Unknown,In transit (commuting),Minor injury: Medical assistance at accident site,427621.38,4584824.88,2.13288152,41.409866964
2020S002104    ,Sarriŕ-Sant Gervasi,Sant Gervasi - la Bonanova,Vendrell,Saturday,2020-05-02,Laboral,2020,5,May,2,Morning,11:00:00,Unknown,Furgoneta,Male,52,Driver,Unknown,Unknown,In transit (commuting),Uninjured,427621.38,4584824.88,2.13288152,41.409866964
2020S002105    ,Sarriŕ-Sant Gervasi,les Tres Torres,Alacant,Saturday,2020-05-02,Laboral,2020,5,May,2,Night,22:00:00,Unknown,Motorcycle,Male,52,Driver,Unknown,Unknown,On a mission,Uninjured,427625.17,4583767.87,2.13305332,41.400347256
2020S002105    ,Sarriŕ-Sant Gervasi,les Tres Torres,Alacant,Saturday,2020-05-02,Laboral,2020,5,May,2,Night,22:00:00,Unknown,Motorcycle,Male,21,Driver,Unknown,Unknown,In transit (commuting),Minor injury: Medical assistance at accident site,427625.17,4583767.87,2.13305332,41.400347256
2020S002106    ,Ciutat Vella,el Barri Gňtic,Litoral (Besňs),Sunday,2020-05-03,Laboral,2020,5,May,3,Afternoon,16:00:00,Unknown,Car,Male,26,Driver,Unknown,Unknown,Unknown,Uninjured,431424.77,4581066.89,2.17880938,41.376353521
2020S002107    ,Les Corts,Pedralbes,Diagonal,Sunday,2020-05-03,Laboral,2020,5,May,3,Afternoon,19:00:00,Unknown,Motorcycle,Male,29,Driver,Unknown,Unknown,Unknown,Serious injury: Hospitalization over 24 hours,425404.65,4581888.6,2.1067238,41.383218483
2020S002107    ,Les Corts,Pedralbes,Diagonal,Sunday,2020-05-03,Laboral,2020,5,May,3,Afternoon,19:00:00,Unknown,Car,Male,42,Driver,Unknown,Unknown,Unknown,Uninjured,425404.65,4581888.6,2.1067238,41.383218483
2020S002108    ,Sant Martí,el Camp de l'Arpa del Clot,Xifré,Monday,2020-05-04,Laboral,2020,5,May,4,Morning,13:00:00,Unknown,Car,Male,49,Driver,In crossing regulated by traffic lights,Unknown,On a mission,Uninjured,431574.89,4584973.11,2.18016283,41.411548504
2020S002108    ,Sant Martí,el Camp de l'Arpa del Clot,Xifré,Monday,2020-05-04,Laboral,2020,5,May,4,Morning,13:00:00,Unknown,Car,Female,81,Pedestrian,In crossing regulated by traffic lights,Unknown,Unknown,Minor injury: Hospitalization up to 24 hours,431574.89,4584973.11,2.18016283,41.411548504
2020S002109    ,Sarriŕ-Sant Gervasi,Sant Gervasi - la Bonanova,Folgueroles,Monday,2020-05-04,Laboral,2020,5,May,4,Morning,12:00:00,Unknown,"Camió rígid <= 3,5 tones",Male,29,Driver,Unknown,Unknown,Professional goods transport,Uninjured,428020.62,4584526.32,2.13769334,41.407213828
2020S002110    ,Eixample,la Dreta de l'Eixample,Valčncia,Monday,2020-05-04,Laboral,2020,5,May,4,Afternoon,18:00:00,Unknown,Furgoneta,Male,38,Driver,Unknown,Unknown,In transit (commuting),Uninjured,430696.94,4583452.75,2.1698333,41.397779856
2020S002110    ,Eixample,la Dreta de l'Eixample,Valčncia,Monday,2020-05-04,Laboral,2020,5,May,4,Afternoon,18:00:00,Unknown,Motorcycle,Male,39,Driver,Unknown,Unknown,In transit (commuting),Minor injury: Medical assistance at accident site,430696.94,4583452.75,2.1698333,41.397779856
2020S002111    ,Sant Martí,el Besňs i el Maresme,Corts Catalanes,Monday,2020-05-04,Laboral,2020,5,May,4,Afternoon,18:00:00,Unknown,"Camió rígid <= 3,5 tones",Male,23,Driver,Unknown,Unknown,Professional goods transport,Unknown,434102.65,4585921.28,2.21030155,41.420299779
2020S002112    ,Sarriŕ-Sant Gervasi,Sant Gervasi - Galvany,Ganduxer,Monday,2020-05-04,Laboral,2020,5,May,4,Afternoon,19:00:00,Unknown,Car,Male,49,Driver,Unknown,Unknown,Leisure and entertainment,Uninjured,427816.88,4583459.44,2.13538329,41.397586594
2020S002112    ,Sarriŕ-Sant Gervasi,Sant Gervasi - Galvany,Ganduxer,Monday,2020-05-04,Laboral,2020,5,May,4,Afternoon,19:00:00,Unknown,Motorcycle,Male,50,Driver,Unknown,Unknown,Leisure and entertainment,Minor injury: Hospitalization up to 24 hours,427816.88,4583459.44,2.13538329,41.397586594
2020S002113    ,Eixample,l'Antiga Esquerra de l'Eixample,Mallorca,Monday,2020-05-04,Laboral,2020,5,May,4,Afternoon,16:00:00,Unknown,Motorcycle,Male,33,Driver,Unknown,Unknown,Unknown,Minor injury: Hospitalization up to 24 hours,429284.24,4582250.1,2.15307604,41.386824942
2020S002113    ,Eixample,l'Antiga Esquerra de l'Eixample,Mallorca,Monday,2020-05-04,Laboral,2020,5,May,4,Afternoon,16:00:00,Unknown,Car,Female,56,Driver,Unknown,Unknown,Unknown,Uninjured,429284.24,4582250.1,2.15307604,41.386824942
2020S002114    ,Eixample,l'Antiga Esquerra de l'Eixample,Diputació,Monday,2020-05-04,Laboral,2020,5,May,4,Afternoon,21:00:00,Unknown,Bicicleta,Male,36,Driver,Unknown,Unknown,In transit (commuting),Minor injury: Hospitalization up to 24 hours,429872.81,4582079.33,2.16013472,41.385338426
2020S002114    ,Eixample,l'Antiga Esquerra de l'Eixample,Diputació,Monday,2020-05-04,Laboral,2020,5,May,4,Afternoon,21:00:00,Unknown,Furgoneta,Male,41,Driver,Unknown,Unknown,On a mission,Uninjured,429872.81,4582079.33,2.16013472,41.385338426
2020S002115    ,Sant Martí,Provençals del Poblenou,Bilbao,Tuesday,2020-05-05,Laboral,2020,5,May,5,Morning,08:00:00,Unknown,Furgoneta,Male,35,Driver,Unknown,Unknown,On a mission,Uninjured,433014.82,4584479.47,2.19744476,41.407223794
2020S002115    ,Sant Martí,Provençals del Poblenou,Bilbao,Tuesday,2020-05-05,Laboral,2020,5,May,5,Morning,08:00:00,Unknown,Bicicleta,Male,23,Driver,Unknown,Unknown,Activitat esportiva particular,Minor injury: Hospitalization up to 24 hours,433014.82,4584479.47,2.19744476,41.407223794
2020S002116    ,Sarriŕ-Sant Gervasi,Sarriŕ,Sarriŕ a Vallvidrera,Tuesday,2020-05-05,Laboral,2020,5,May,5,Morning,08:00:00,Unknown,Bicicleta,Male,21,Driver,Unknown,Unknown,Leisure and entertainment,Minor injury: Medical assistance at accident site,425680.82,4584370.58,2.10972162,41.40559812
2020S002116    ,Sarriŕ-Sant Gervasi,Sarriŕ,Sarriŕ a Vallvidrera,Tuesday,2020-05-05,Laboral,2020,5,May,5,Morning,08:00:00,Unknown,Bicicleta,Male,50,Driver,Unknown,Unknown,Leisure and entertainment,Minor injury: Hospitalization up to 24 hours,425680.82,4584370.58,2.10972162,41.40559812
2020S002117    ,Sarriŕ-Sant Gervasi,Sant Gervasi - la Bonanova,Dalt (Llobregat),Tuesday,2020-05-05,Laboral,2020,5,May,5,Morning,11:00:00,Unknown,Motorcycle,Male,31,Driver,Unknown,Unknown,Unknown,Minor injury: Hospitalization up to 24 hours,427143.16,4584946.47,2.12714571,41.410918844
2020S002117    ,Sarriŕ-Sant Gervasi,Sant Gervasi - la Bonanova,Dalt (Llobregat),Tuesday,2020-05-05,Laboral,2020,5,May,5,Morning,11:00:00,Unknown,Car,Male,67,Driver,Unknown,Unknown,Unknown,Uninjured,427143.16,4584946.47,2.12714571,41.410918844
2020S002118    ,Sants-Montjuďc,Sants,Antoni de Capmany,Tuesday,2020-05-05,Laboral,2020,5,May,5,Afternoon,16:00:00,Unknown,Car,Male,43,Driver,Unknown,Unknown,On a mission,Uninjured,427810.99,4580980.03,2.13560844,41.375254962
2020S002118    ,Sants-Montjuďc,Sants,Antoni de Capmany,Tuesday,2020-05-05,Laboral,2020,5,May,5,Afternoon,16:00:00,Unknown,Car,Female,35,Driver,Unknown,Unknown,On a mission,Minor injury: Medical assistance at accident site,427810.99,4580980.03,2.13560844,41.375254962
2020S002119    ,Sant Martí,el Clot,Meridiana,Tuesday,2020-05-05,Laboral,2020,5,May,5,Afternoon,16:00:00,Unknown,Motorcycle,Male,45,Driver,Unknown,Unknown,In transit (commuting),Minor injury: Hospitalization up to 24 hours,432161.14,4584843.22,2.18719125,41.410428349
2020S002119    ,Sant Martí,el Clot,Meridiana,Tuesday,2020-05-05,Laboral,2020,5,May,5,Afternoon,16:00:00,Unknown,Car,Male,28,Driver,Unknown,Unknown,Unknown,Uninjured,432161.14,4584843.22,2.18719125,41.410428349
2020S002120    ,Grŕcia,Vallcarca i els Penitents,Lesseps,Tuesday,2020-05-05,Laboral,2020,5,May,5,Afternoon,17:00:00,Unknown,Veh. mobilitat personal amb motor,Male,25,Driver,Unknown,Unknown,Unknown,Minor injury: Hospitalization up to 24 hours,429081.55,4584590.76,2.15037771,41.407888565
2020S002120    ,Grŕcia,Vallcarca i els Penitents,Lesseps,Tuesday,2020-05-05,Laboral,2020,5,May,5,Afternoon,17:00:00,Unknown,Furgoneta,Male,23,Driver,Unknown,Unknown,On a mission,Uninjured,429081.55,4584590.76,2.15037771,41.407888565
2020S002121    ,Sants-Montjuďc,la Marina del Prat Vermell,A Zona Franca,Tuesday,2020-05-05,Laboral,2020,5,May,5,Night,22:00:00,Unknown,Car,Male,62,Driver,Unknown,Unknown,Leisure and entertainment,Minor injury: Medical assistance at accident site,428024.73,4576184.08,2.13873331,41.332078538
2020S002122    ,Sants-Montjuďc,el Poble-sec,Paralˇlel,Tuesday,2020-05-05,Laboral,2020,5,May,5,Afternoon,21:00:00,Unknown,Bicicleta,Male,56,Driver,Unknown,Unknown,Leisure and entertainment,Uninjured,430050.5,4580907.94,2.162395,41.374803555
2020S002122    ,Sants-Montjuďc,el Poble-sec,Paralˇlel,Tuesday,2020-05-05,Laboral,2020,5,May,5,Afternoon,21:00:00,Unknown,Bicicleta,Male,33,Driver,Unknown,Unknown,Leisure and entertainment,Minor injury: Medical assistance at accident site,430050.5,4580907.94,2.162395,41.374803555
2020S002123    ,Sarriŕ-Sant Gervasi,Sant Gervasi - Galvany,Pau Casals,Tuesday,2020-05-05,Laboral,2020,5,May,5,Afternoon,21:00:00,Unknown,Veh. mobilitat personal sense motor,Male,18,Driver,Unknown,Unknown,Leisure and entertainment,Minor injury: Hospitalization up to 24 hours,428536.68,4582972.75,2.14405046,41.393267486
2020S002124    ,Grŕcia,el Camp d'en Grassot i Grŕcia Nova,Rosselló,Wednesday,2020-05-06,Laboral,2020,5,May,6,Morning,09:00:00,Desobeir el senyal del semŕfor,Motorcycle,Male,60,Driver,Unknown,Unknown,On a mission,Minor injury: Medical assistance at accident site,430529.01,4583846.98,2.16777937,41.401316058
2020S002124    ,Grŕcia,el Camp d'en Grassot i Grŕcia Nova,Rosselló,Wednesday,2020-05-06,Laboral,2020,5,May,6,Morning,09:00:00,Desobeir el senyal del semŕfor,Motorcycle,Male,37,Pedestrian,Unknown,On a mission,Unknown,Uninjured,430529.01,4583846.98,2.16777937,41.401316058
2020S002125    ,Eixample,la Dreta de l'Eixample,Diagonal,Wednesday,2020-05-06,Laboral,2020,5,May,6,Morning,11:00:00,Unknown,Motorcycle,Male,59,Driver,Unknown,Unknown,Other activities,Minor injury: Medical assistance at accident site,429996.52,4583348.95,2.16146735,41.396784259
2020S002125    ,Eixample,la Dreta de l'Eixample,Diagonal,Wednesday,2020-05-06,Laboral,2020,5,May,6,Morning,11:00:00,Unknown,Car,Male,60,Driver,Unknown,Unknown,Other activities,Uninjured,429996.52,4583348.95,2.16146735,41.396784259
2020S002126    ,Eixample,la Nova Esquerra de l'Eixample,Calŕbria,Wednesday,2020-05-06,Laboral,2020,5,May,6,Afternoon,14:00:00,Unknown,Motorcycle,Male,65,Driver,Unknown,Unknown,Unknown,Minor injury: Hospitalization up to 24 hours,429279.86,4581605.35,2.15309896,41.38101751
2020S002126    ,Eixample,la Nova Esquerra de l'Eixample,Calŕbria,Wednesday,2020-05-06,Laboral,2020,5,May,6,Afternoon,14:00:00,Unknown,Furgoneta,Male,50,Driver,Unknown,Unknown,Unknown,Uninjured,429279.86,4581605.35,2.15309896,41.38101751
2020S002127    ,Eixample,la Sagrada Família,Provença,Wednesday,2020-05-06,Laboral,2020,5,May,6,Night,22:00:00,Unknown,Motorcycle,Male,29,Driver,Unknown,Unknown,In transit (commuting),Uninjured,431157.97,4584276.72,2.1752541,41.405240721
2020S002127    ,Eixample,la Sagrada Família,Provença,Wednesday,2020-05-06,Laboral,2020,5,May,6,Night,22:00:00,Unknown,Veh. mobilitat personal amb motor,Male,20,Driver,Unknown,Unknown,In transit (commuting),Minor injury: Medical assistance at accident site,431157.97,4584276.72,2.1752541,41.405240721
2020S002128    ,Sant Andreu,la Sagrera,Gran de la Sagrera,Thursday,2020-05-07,Laboral,2020,5,May,7,Morning,08:00:00,Unknown,Tractor camió,Male,52,Driver,Unknown,Unknown,On a mission,Uninjured,432485.4,4586544.83,2.19088057,41.425781555
2020S002129    ,Sarriŕ-Sant Gervasi,Sant Gervasi - la Bonanova,Benedetti,Thursday,2020-05-07,Laboral,2020,5,May,7,Morning,07:00:00,Unknown,Motorcycle,Male,65,Driver,In an unregulated crossing,Unknown,Other activities,Minor injury: Medical assistance at accident site,426985.28,4584781.94,2.12527675,41.40942266
2020S002129    ,Sarriŕ-Sant Gervasi,Sant Gervasi - la Bonanova,Benedetti,Thursday,2020-05-07,Laboral,2020,5,May,7,Morning,07:00:00,Unknown,Motorcycle,Male,73,Pedestrian,In an unregulated crossing,Unknown,Unknown,Minor injury: Hospitalization up to 24 hours,426985.28,4584781.94,2.12527675,41.40942266
2020S002130    ,Sants-Montjuďc,la Marina del Prat Vermell,Cal Cisó,Thursday,2020-05-07,Laboral,2020,5,May,7,Morning,09:00:00,Unknown,Altres vehicles amb motor,Male,66,Driver,Unknown,Unknown,On a mission,Unknown,428470.12,4578358.26,2.14379911,41.35170042
2020S002131    ,Sants-Montjuďc,Hostafrancs,Sant Nicolau,Thursday,2020-05-07,Laboral,2020,5,May,7,Morning,13:00:00,Unknown,Autobús articulat,Male,48,Passenger,Unknown,Unknown,Unknown,Minor injury: Medical assistance at accident site,428652.78,4581264.26,2.14564037,41.377890037
2020S002131    ,Sants-Montjuďc,Hostafrancs,Sant Nicolau,Thursday,2020-05-07,Laboral,2020,5,May,7,Morning,13:00:00,Unknown,Autobús articulat,Male,44,Driver,Unknown,Unknown,Urban bus,Uninjured,428652.78,4581264.26,2.14564037,41.377890037
2020S002132    ,Eixample,l'Antiga Esquerra de l'Eixample,París,Thursday,2020-05-07,Laboral,2020,5,May,7,Morning,12:00:00,Unknown,Car,Male,73,Driver,Unknown,Unknown,Other activities,Minor injury: Medical assistance at accident site,429448.12,4583131.17,2.15493325,41.394774837
2020S002132    ,Eixample,l'Antiga Esquerra de l'Eixample,París,Thursday,2020-05-07,Laboral,2020,5,May,7,Morning,12:00:00,Unknown,"Camió rígid > 3,5 tones",Male,44,Driver,Unknown,Unknown,Professional goods transport,Uninjured,429448.12,4583131.17,2.15493325,41.394774837
2020S002133    ,Eixample,la Dreta de l'Eixample,Diputació,Thursday,2020-05-07,Laboral,2020,5,May,7,Morning,13:00:00,Unknown,Veh. mobilitat personal amb motor,Male,25,Driver,Unknown,Unknown,Unknown,Minor injury: Hospitalization up to 24 hours,430755.94,4582947.94,2.17059678,41.393238276
2020S002133    ,Eixample,la Dreta de l'Eixample,Diputació,Thursday,2020-05-07,Laboral,2020,5,May,7,Morning,13:00:00,Unknown,Car,Male,45,Driver,Unknown,Unknown,Unknown,Uninjured,430755.94,4582947.94,2.17059678,41.393238276
2020S002134    ,Sants-Montjuďc,Sants,Galileu,Thursday,2020-05-07,Laboral,2020,5,May,7,Afternoon,19:00:00,Desobeir el senyal del semŕfor,Furgoneta,Female,3,Pedestrian,In crossing regulated by traffic lights,Unknown,Unknown,Minor injury: Hospitalization up to 24 hours,427828.79,4581083.29,2.13580898,41.376186585
2020S002134    ,Sants-Montjuďc,Sants,Galileu,Thursday,2020-05-07,Laboral,2020,5,May,7,Afternoon,19:00:00,Desobeir el senyal del semŕfor,Furgoneta,Male,56,Driver,In crossing regulated by traffic lights,Unknown,"Firefighters, police, ambulance",Uninjured,427828.79,4581083.29,2.13580898,41.376186585
2020S002135    ,Grŕcia,la Salut,Torrent de les Flors,Friday,2020-05-08,Laboral,2020,5,May,8,Morning,09:00:00,Unknown,Tot terreny,Male,44,Driver,Others,Unknown,On a mission,Uninjured,429597.72,4584802.99,2.15652804,41.409845442
2020S002135    ,Grŕcia,la Salut,Torrent de les Flors,Friday,2020-05-08,Laboral,2020,5,May,8,Morning,09:00:00,Unknown,Tot terreny,Male,67,Pedestrian,Others,On a mission,Unknown,Minor injury: Hospitalization up to 24 hours,429597.72,4584802.99,2.15652804,41.409845442
2020S002136    ,Ciutat Vella,"Sant Pere, Santa Caterina i la Ribera",Amadeu Vives,Friday,2020-05-08,Laboral,2020,5,May,8,Morning,12:00:00,Unknown,Car,Female,48,Driver,Unknown,Unknown,Unknown,Uninjured,431120.06,4582362.08,2.17501851,41.387992894
2020S002137    ,Nou Barris,la Guineueta,Esquirol Volador,Friday,2020-05-08,Laboral,2020,5,May,8,Afternoon,15:00:00,Unknown,Furgoneta,Female,59,Driver,Unknown,Unknown,In transit (commuting),Uninjured,430949.73,4588009.1,2.17233657,41.438839093
2020S002137    ,Nou Barris,la Guineueta,Esquirol Volador,Friday,2020-05-08,Laboral,2020,5,May,8,Afternoon,15:00:00,Unknown,Motorcycle,Female,34,Driver,Unknown,Unknown,In transit (commuting),Minor injury: Hospitalization up to 24 hours,430949.73,4588009.1,2.17233657,41.438839093
2020S002138    ,Horta-Guinardó,el Baix Guinardó,Llorens i Barba,Friday,2020-05-08,Laboral,2020,5,May,8,Afternoon,14:00:00,Unknown,Car,Male,33,Driver,Unknown,Unknown,In transit (commuting),Uninjured,430618.79,4584902.7,2.16873223,41.410832333
2020S002138    ,Horta-Guinardó,el Baix Guinardó,Llorens i Barba,Friday,2020-05-08,Laboral,2020,5,May,8,Afternoon,14:00:00,Unknown,Motorcycle,Female,28,Driver,Unknown,Unknown,Unknown,Minor injury: Hospitalization up to 24 hours,430618.79,4584902.7,2.16873223,41.410832333
2020S002139    ,Sarriŕ-Sant Gervasi,Sant Gervasi - Galvany,Laforja,Friday,2020-05-08,Laboral,2020,5,May,8,Afternoon,17:00:00,Unknown,Motorcycle,Male,27,Driver,Unknown,Unknown,In transit (commuting),Minor injury: Hospitalization up to 24 hours,428605.82,4583302.45,2.14483851,41.396243115
2020S002139    ,Sarriŕ-Sant Gervasi,Sant Gervasi - Galvany,Laforja,Friday,2020-05-08,Laboral,2020,5,May,8,Afternoon,17:00:00,Unknown,Car,Male,88,Driver,Unknown,Unknown,Leisure and entertainment,Uninjured,428605.82,4583302.45,2.14483851,41.396243115
2020S002140    ,Sant Martí,el Besňs i el Maresme,Bernat Metge,Friday,2020-05-08,Laboral,2020,5,May,8,Afternoon,18:00:00,Unknown,Veh. mobilitat personal amb motor,Male,37,Driver,Unknown,Unknown,In transit (commuting),Minor injury: Medical assistance at accident site,434091.99,4585746.16,2.21019309,41.418721644
2020S002140    ,Sant Martí,el Besňs i el Maresme,Bernat Metge,Friday,2020-05-08,Laboral,2020,5,May,8,Afternoon,18:00:00,Unknown,Car,Male,47,Driver,Unknown,Unknown,On a mission,Uninjured,434091.99,4585746.16,2.21019309,41.418721644
2020S002141    ,Ciutat Vella,la Barceloneta,Litoral (Besňs),Friday,2020-05-08,Laboral,2020,5,May,8,Afternoon,18:00:00,Unknown,Car,Male,62,Driver,Unknown,Unknown,In transit (commuting),Uninjured,432696.19,4582125.65,2.19389471,41.385996925
2020S002141    ,Ciutat Vella,la Barceloneta,Litoral (Besňs),Friday,2020-05-08,Laboral,2020,5,May,8,Afternoon,18:00:00,Unknown,Car,Female,33,Driver,Unknown,Unknown,In transit (commuting),Uninjured,432696.19,4582125.65,2.19389471,41.385996925
2020S002142    ,Grŕcia,el Camp d'en Grassot i Grŕcia Nova,Sardenya,Friday,2020-05-08,Laboral,2020,5,May,8,Afternoon,20:00:00,Unknown,Car,Female,71,Passenger,Unknown,Unknown,Unknown,Minor injury: Hospitalization up to 24 hours,430857.57,4584198.49,2.17166944,41.404510334
2020S002142    ,Grŕcia,el Camp d'en Grassot i Grŕcia Nova,Sardenya,Friday,2020-05-08,Laboral,2020,5,May,8,Afternoon,20:00:00,Unknown,Furgoneta,Male,34,Driver,Unknown,Unknown,On a mission,Uninjured,430857.57,4584198.49,2.17166944,41.404510334
2020S002142    ,Grŕcia,el Camp d'en Grassot i Grŕcia Nova,Sardenya,Friday,2020-05-08,Laboral,2020,5,May,8,Afternoon,20:00:00,Unknown,Car,Male,78,Driver,Unknown,Unknown,Other activities,Minor injury: Refused medical assistance,430857.57,4584198.49,2.17166944,41.404510334
2020S002143    ,Horta-Guinardó,el Baix Guinardó,Sardenya,Friday,2020-05-08,Laboral,2020,5,May,8,Night,22:00:00,Unknown,Bicicleta,Male,17,Driver,Unknown,Unknown,Unknown,Minor injury: Hospitalization up to 24 hours,430056.6,4585136.68,2.16197927,41.412890953
2020S002143    ,Horta-Guinardó,el Baix Guinardó,Sardenya,Friday,2020-05-08,Laboral,2020,5,May,8,Night,22:00:00,Unknown,Autobús,Male,44,Driver,Unknown,Unknown,Regular line bus,Uninjured,430056.6,4585136.68,2.16197927,41.412890953
2020S002144    ,Sant Martí,el Camp de l'Arpa del Clot,Dos de Maig,Saturday,2020-05-09,Laboral,2020,5,May,9,Morning,10:00:00,Others,Car,Male,61,Driver,In pedestrian area,Unknown,Other activities,Uninjured,431261.05,4585006.72,2.17640425,41.411824423
2020S002144    ,Sant Martí,el Camp de l'Arpa del Clot,Dos de Maig,Saturday,2020-05-09,Laboral,2020,5,May,9,Morning,10:00:00,Others,Car,Female,75,Pedestrian,In pedestrian area,Other activities,Unknown,Minor injury: Hospitalization up to 24 hours,431261.05,4585006.72,2.17640425,41.411824423
2020S002145    ,Sant Andreu,Sant Andreu,Ribes,Saturday,2020-05-09,Laboral,2020,5,May,9,Night,23:00:00,Unknown,Car,Male,71,Driver,Unknown,Unknown,Leisure and entertainment,Uninjured,432394.97,4588860.72,2.1895392,41.446632395
2020S002145    ,Sant Andreu,Sant Andreu,Ribes,Saturday,2020-05-09,Laboral,2020,5,May,9,Night,23:00:00,Unknown,Motorcycle,Male,39,Driver,Unknown,Unknown,Other activities,Minor injury: Hospitalization up to 24 hours,432394.97,4588860.72,2.1895392,41.446632395
2020S002146    ,Sant Andreu,Baró de Viver,Litoral (Llobregat),Sunday,2020-05-10,Laboral,2020,5,May,10,Afternoon,14:00:00,Unknown,Car,Female,33,Driver,Unknown,Unknown,Unknown,Minor injury: Hospitalization up to 24 hours,433346.83,4589083.78,2.20090872,41.44872107
2020S002147    ,Nou Barris,Vilapicina i la Torre Llobeta,Fabra i Puig,Sunday,2020-05-10,Laboral,2020,5,May,10,Afternoon,14:00:00,Unknown,Motorcycle,Male,47,Driver,Unknown,Unknown,Other activities,Minor injury: Hospitalization up to 24 hours,431371.64,4587040.12,2.17749647,41.430148029
2020S002147    ,Nou Barris,Vilapicina i la Torre Llobeta,Fabra i Puig,Sunday,2020-05-10,Laboral,2020,5,May,10,Afternoon,14:00:00,Unknown,Car,Male,47,Driver,Unknown,Unknown,Other activities,Uninjured,431371.64,4587040.12,2.17749647,41.430148029
2020S002148    ,Les Corts,les Corts,Diagonal,Monday,2020-05-11,Laboral,2020,5,May,11,Morning,07:00:00,Unknown,Motorcycle,Male,62,Driver,Unknown,Unknown,Unknown,Minor injury: Hospitalization up to 24 hours,427253.12,4582427.17,2.12876411,41.388238526
2020S002148    ,Les Corts,les Corts,Diagonal,Monday,2020-05-11,Laboral,2020,5,May,11,Morning,07:00:00,Unknown,Car,Male,50,Driver,Unknown,Unknown,Unknown,Uninjured,427253.12,4582427.17,2.12876411,41.388238526