Case_Number,District_Name,Neighborhood_Name,Street_Name,Day_of_Week,Date,Day_Type_Description,Year,Month_of_Year,Month_Name,Day_of_Month,Shift_Description,Hour_of_Day,Pedestrian_Cause_Description,Involved_Vehicle_Type_Description,Gender_Description,Age,Person_Type_Description,Pedestrian_Accident_Location_Description,Pedestrian_Movement_Reason_Description,Driver_Movement_Reason_Description,Victimization_Description,Coordenada_UTM_X,Coordenada_UTM_Y,Longitud,Latitud
2020S002149    ,Horta-Guinardó,la Vall d'Hebron,Dalt (Llobregat),Monday,2020-05-11,Laboral,2020,5,May,11,Morning,07:00:00,Unknown,Motorcycle,Male,49,Driver,Unknown,Unknown,In transit (commuting),Minor injury: Medical assistance at accident site,428496.71,4586642.23,2.14313856,41.426313476
2020S002149    ,Horta-Guinardó,la Vall d'Hebron,Dalt (Llobregat),Monday,2020-05-11,Laboral,2020,5,May,11,Morning,07:00:00,Unknown,Car,Female,60,Driver,Unknown,Unknown,In transit (commuting),Uninjured,428496.71,4586642.23,2.14313856,41.426313476
2020S002150    ,Horta-Guinardó,el Baix Guinardó,Grŕcia,Monday,2020-05-11,Laboral,2020,5,May,11,Morning,08:00:00,Unknown,Car,Male,49,Driver,Unknown,Unknown,In transit (commuting),Minor injury: Refused medical assistance,430876.28,4584812.25,2.17182311,41.410039878
2020S002150    ,Horta-Guinardó,el Baix Guinardó,Grŕcia,Monday,2020-05-11,Laboral,2020,5,May,11,Morning,08:00:00,Unknown,Car,Male,40,Driver,Unknown,Unknown,On a mission,Uninjured,430876.28,4584812.25,2.17182311,41.410039878
2020S002151    ,Sants-Montjuďc,la Marina del Prat Vermell,Motors,Monday,2020-05-11,Laboral,2020,5,May,11,Morning,07:00:00,Unknown,Autobús,Male,41,Driver,Unknown,Unknown,Unknown,Minor injury: Hospitalization up to 24 hours,427115.02,4577604.5,2.12769243,41.344790005
2020S002152    ,Eixample,la Sagrada Família,Lepant,Monday,2020-05-11,Laboral,2020,5,May,11,Morning,11:00:00,Unknown,Furgoneta,Male,54,Driver,Unknown,Unknown,Unknown,Uninjured,431553.09,4583925.51,2.18002056,41.402111238
2020S002152    ,Eixample,la Sagrada Família,Lepant,Monday,2020-05-11,Laboral,2020,5,May,11,Morning,11:00:00,Unknown,Veh. mobilitat personal amb motor,Male,29,Driver,Unknown,Unknown,Unknown,Minor injury: Refused medical assistance,431553.09,4583925.51,2.18002056,41.402111238
2020S002153    ,Sants-Montjuďc,el Poble-sec,Paralˇlel,Monday,2020-05-11,Laboral,2020,5,May,11,Morning,11:00:00,Unknown,Autobús,Male,38,Driver,Unknown,Unknown,On a mission,Uninjured,429230.33,4580913.82,2.15258746,41.374784768
2020S002154    ,Les Corts,les Corts,Corts,Monday,2020-05-11,Laboral,2020,5,May,11,Morning,11:00:00,Unknown,Furgoneta,Male,34,Driver,Unknown,Unknown,On a mission,Uninjured,427989.45,4582407.84,2.13757254,41.388130719
2020S002155    ,Eixample,l'Antiga Esquerra de l'Eixample,Aragó,Monday,2020-05-11,Laboral,2020,5,May,11,Afternoon,18:00:00,Unknown,Furgoneta,Male,24,Driver,Unknown,Unknown,On a mission,Uninjured,429624.41,4582179.77,2.15715242,41.386221352
2020S002155    ,Eixample,l'Antiga Esquerra de l'Eixample,Aragó,Monday,2020-05-11,Laboral,2020,5,May,11,Afternoon,18:00:00,Unknown,Motorcycle,Male,54,Driver,Unknown,Unknown,Unknown,Minor injury: Hospitalization up to 24 hours,429624.41,4582179.77,2.15715242,41.386221352
2020S002156    ,Sarriŕ-Sant Gervasi,el Putxet i el Farró,Balmes,Monday,2020-05-11,Laboral,2020,5,May,11,Afternoon,14:00:00,Unknown,Autobús articulat,Male,85,Passenger,Unknown,Unknown,Unknown,Minor injury: Hospitalization up to 24 hours,428082.46,4584558.7,2.13842929,41.407510999
2020S002156    ,Sarriŕ-Sant Gervasi,el Putxet i el Farró,Balmes,Monday,2020-05-11,Laboral,2020,5,May,11,Afternoon,14:00:00,Unknown,Autobús articulat,Male,45,Driver,Unknown,Unknown,Urban bus,Uninjured,428082.46,4584558.7,2.13842929,41.407510999
2020S002157    ,Sarriŕ-Sant Gervasi,Sant Gervasi - la Bonanova,Dalt (Besňs),Monday,2020-05-11,Laboral,2020,5,May,11,Afternoon,19:00:00,Unknown,Motorcycle,Male,31,Driver,Unknown,Unknown,In transit (commuting),Minor injury: Medical assistance at accident site,427504.46,4585298.73,2.13142594,41.414124185
2020S002158    ,Sant Martí,la Vila Olímpica del Poblenou,Icŕria,Monday,2020-05-11,Laboral,2020,5,May,11,Afternoon,21:00:00,Unknown,Bicicleta,Female,35,Driver,Unknown,Unknown,Leisure and entertainment,Minor injury: Hospitalization up to 24 hours,432827.63,4582583.12,2.19541588,41.390128237
2020S002158    ,Sant Martí,la Vila Olímpica del Poblenou,Icŕria,Monday,2020-05-11,Laboral,2020,5,May,11,Afternoon,21:00:00,Unknown,Car,Male,50,Driver,Unknown,Unknown,Unknown,Uninjured,432827.63,4582583.12,2.19541588,41.390128237
2020S002159    ,Eixample,la Sagrada Família,Consell de Cent,Monday,2020-05-11,Laboral,2020,5,May,11,Afternoon,21:00:00,Unknown,Motorcycle,Male,22,Driver,Unknown,Unknown,Unknown,Minor injury: Medical assistance at accident site,431700.51,4584024.11,2.1817729,41.403011843
2020S002159    ,Eixample,la Sagrada Família,Consell de Cent,Monday,2020-05-11,Laboral,2020,5,May,11,Afternoon,21:00:00,Unknown,Motorcycle,Male,41,Driver,Unknown,Unknown,In transit (commuting),Minor injury: Medical assistance at accident site,431700.51,4584024.11,2.1817729,41.403011843
2020S002160    ,Sant Martí,la Vila Olímpica del Poblenou,Litoral (Llobregat),Tuesday,2020-05-12,Laboral,2020,5,May,12,Morning,08:00:00,Unknown,"Camió rígid > 3,5 tones",Male,52,Driver,Unknown,Unknown,Other activities,Uninjured,433257.43,4582696.33,2.20054383,41.391183693
2020S002161    ,Eixample,la Nova Esquerra de l'Eixample,Mallorca,Tuesday,2020-05-12,Laboral,2020,5,May,12,Morning,11:00:00,Unknown,Motorcycle,Male,29,Driver,Unknown,Unknown,In transit (commuting),Minor injury: Medical assistance at accident site,429137.36,4582106.59,2.15133626,41.385519464
2020S002161    ,Eixample,la Nova Esquerra de l'Eixample,Mallorca,Tuesday,2020-05-12,Laboral,2020,5,May,12,Morning,11:00:00,Unknown,Taxi,Male,37,Driver,Unknown,Unknown,Taxi,Uninjured,429137.36,4582106.59,2.15133626,41.385519464
2020S002162    ,Grŕcia,el Camp d'en Grassot i Grŕcia Nova,Sant Antoni Maria Claret,Tuesday,2020-05-12,Laboral,2020,5,May,12,Morning,10:00:00,Unknown,Ciclomotor,Male,52,Driver,Unknown,Unknown,In transit (commuting),Minor injury: Hospitalization up to 24 hours,430335.42,4584216.08,2.16542115,41.404623658
2020S002162    ,Grŕcia,el Camp d'en Grassot i Grŕcia Nova,Sant Antoni Maria Claret,Tuesday,2020-05-12,Laboral,2020,5,May,12,Morning,10:00:00,Unknown,Motorcycle,Male,34,Driver,Unknown,Unknown,In transit (commuting),Uninjured,430335.42,4584216.08,2.16542115,41.404623658
2020S002163    ,Eixample,la Nova Esquerra de l'Eixample,Aragó,Tuesday,2020-05-12,Laboral,2020,5,May,12,Morning,11:00:00,Unknown,Motorcycle,Male,61,Driver,Unknown,Unknown,On a mission,Minor injury: Medical assistance at accident site,428980.5,4581579.33,2.14952219,41.380756774
2020S002163    ,Eixample,la Nova Esquerra de l'Eixample,Aragó,Tuesday,2020-05-12,Laboral,2020,5,May,12,Morning,11:00:00,Unknown,Motorcycle,Female,56,Driver,Unknown,Unknown,Other activities,Minor injury: Hospitalization up to 24 hours,428980.5,4581579.33,2.14952219,41.380756774
2020S002163    ,Eixample,la Nova Esquerra de l'Eixample,Aragó,Tuesday,2020-05-12,Laboral,2020,5,May,12,Morning,11:00:00,Unknown,Furgoneta,Male,42,Driver,Unknown,Unknown,On a mission,Uninjured,428980.5,4581579.33,2.14952219,41.380756774
2020S002163    ,Eixample,la Nova Esquerra de l'Eixample,Aragó,Tuesday,2020-05-12,Laboral,2020,5,May,12,Morning,11:00:00,Unknown,Car,Male,34,Driver,Unknown,Unknown,Other activities,Uninjured,428980.5,4581579.33,2.14952219,41.380756774
2020S002164    ,Grŕcia,Vallcarca i els Penitents,Dalt (Besňs),Tuesday,2020-05-12,Laboral,2020,5,May,12,Morning,11:00:00,Unknown,Tractor camió,Male,47,Driver,Unknown,Unknown,On a mission,Uninjured,428022.17,4585473.76,2.13759912,41.415747166
2020S002165    ,Ciutat Vella,el Raval,Peu de la Creu,Tuesday,2020-05-12,Laboral,2020,5,May,12,Morning,12:00:00,Unknown,"Camió rígid <= 3,5 tones",Female,25,Pedestrian,In pedestrian area,Unknown,Unknown,Minor injury: Hospitalization up to 24 hours,430443.13,4581618.41,2.16700815,41.3812366
2020S002165    ,Ciutat Vella,el Raval,Peu de la Creu,Tuesday,2020-05-12,Laboral,2020,5,May,12,Morning,12:00:00,Unknown,"Camió rígid <= 3,5 tones",Male,49,Driver,In pedestrian area,Unknown,Professional goods transport,Uninjured,430443.13,4581618.41,2.16700815,41.3812366
2020S002166    ,Eixample,la Dreta de l'Eixample,Grŕcia,Tuesday,2020-05-12,Laboral,2020,5,May,12,Afternoon,14:00:00,Unknown,Motorcycle,Male,35,Driver,Unknown,Unknown,In transit (commuting),Minor injury: Hospitalization up to 24 hours,429912.0,4583187.76,2.16047506,41.395325109
2020S002166    ,Eixample,la Dreta de l'Eixample,Grŕcia,Tuesday,2020-05-12,Laboral,2020,5,May,12,Afternoon,14:00:00,Unknown,Car,Male,30,Driver,Unknown,Unknown,Taxi,Uninjured,429912.0,4583187.76,2.16047506,41.395325109
2020S002167    ,Nou Barris,la Trinitat Nova,Dalt (Besňs),Tuesday,2020-05-12,Laboral,2020,5,May,12,Morning,13:00:00,Unknown,Car,Male,39,Driver,Unknown,Unknown,Unknown,Minor injury: Hospitalization up to 24 hours,431738.7,4588851.8,2.18168441,41.446496486
2020S002167    ,Nou Barris,la Trinitat Nova,Dalt (Besňs),Tuesday,2020-05-12,Laboral,2020,5,May,12,Morning,13:00:00,Unknown,Furgoneta,Male,20,Driver,Unknown,Unknown,On a mission,Uninjured,431738.7,4588851.8,2.18168441,41.446496486
2020S002168    ,Sant Martí,Sant Martí de Provençals,Bac de Roda,Tuesday,2020-05-12,Laboral,2020,5,May,12,Afternoon,15:00:00,Unknown,Ciclomotor,Male,29,Passenger,Unknown,Unknown,Unknown,Minor injury: Hospitalization up to 24 hours,432773.3,4585335.16,2.19446029,41.414910577
2020S002168    ,Sant Martí,Sant Martí de Provençals,Bac de Roda,Tuesday,2020-05-12,Laboral,2020,5,May,12,Afternoon,15:00:00,Unknown,Ciclomotor,Male,30,Driver,Unknown,Unknown,Unknown,Minor injury: Hospitalization up to 24 hours,432773.3,4585335.16,2.19446029,41.414910577
2020S002168    ,Sant Martí,Sant Martí de Provençals,Bac de Roda,Tuesday,2020-05-12,Laboral,2020,5,May,12,Afternoon,15:00:00,Unknown,Furgoneta,Male,56,Driver,Unknown,Unknown,On a mission,Uninjured,432773.3,4585335.16,2.19446029,41.414910577
2020S002169    ,Sant Andreu,el Congrés i els Indians,Manigua,Tuesday,2020-05-12,Laboral,2020,5,May,12,Afternoon,16:00:00,Unknown,Furgoneta,Male,63,Driver,Unknown,Unknown,Professional goods transport,Uninjured,431503.82,4586199.76,2.17917357,41.422590483
2020S002169    ,Sant Andreu,el Congrés i els Indians,Manigua,Tuesday,2020-05-12,Laboral,2020,5,May,12,Afternoon,16:00:00,Unknown,Motorcycle,Male,27,Driver,Unknown,Unknown,Leisure and entertainment,Minor injury: Hospitalization up to 24 hours,431503.82,4586199.76,2.17917357,41.422590483
2020S002170    ,Eixample,Sant Antoni,Sepúlveda,Tuesday,2020-05-12,Laboral,2020,5,May,12,Afternoon,16:00:00,Unknown,Motorcycle,Male,51,Driver,Unknown,Unknown,In transit (commuting),Minor injury: Hospitalization up to 24 hours,430040.36,4581831.65,2.16216707,41.383122246
2020S002170    ,Eixample,Sant Antoni,Sepúlveda,Tuesday,2020-05-12,Laboral,2020,5,May,12,Afternoon,16:00:00,Unknown,Car,Male,27,Driver,Unknown,Unknown,Other activities,Uninjured,430040.36,4581831.65,2.16216707,41.383122246
2020S002171    ,Grŕcia,el Camp d'en Grassot i Grŕcia Nova,Camčlies,Tuesday,2020-05-12,Laboral,2020,5,May,12,Afternoon,18:00:00,Unknown,Furgoneta,Male,52,Driver,Unknown,Unknown,"Firefighters, police, ambulance",Unknown,429815.06,4584923.89,2.15911416,41.410953363
2020S002172    ,Eixample,la Dreta de l'Eixample,Aragó,Tuesday,2020-05-12,Laboral,2020,5,May,12,Night,22:00:00,Unknown,Ciclomotor,Male,45,Driver,Unknown,Unknown,In transit (commuting),Minor injury: Medical assistance at accident site,430818.26,4583342.25,2.17129709,41.39679507
2020S002172    ,Eixample,la Dreta de l'Eixample,Aragó,Tuesday,2020-05-12,Laboral,2020,5,May,12,Night,22:00:00,Unknown,Motorcycle,Male,42,Driver,Unknown,Unknown,Leisure and entertainment,Uninjured,430818.26,4583342.25,2.17129709,41.39679507
2020S002173    ,Sarriŕ-Sant Gervasi,Sant Gervasi - Galvany,Muntaner,Wednesday,2020-05-13,Laboral,2020,5,May,13,Morning,11:00:00,Unknown,Motorcycle,Male,60,Driver,Unknown,Unknown,Unknown,Minor injury: Medical assistance at accident site,428857.02,4583186.39,2.14785676,41.39522008
2020S002173    ,Sarriŕ-Sant Gervasi,Sant Gervasi - Galvany,Muntaner,Wednesday,2020-05-13,Laboral,2020,5,May,13,Morning,11:00:00,Unknown,Autobús,Male,43,Driver,Unknown,Unknown,Urban bus,Uninjured,428857.02,4583186.39,2.14785676,41.39522008
2020S002174    ,Nou Barris,Verdun,Favčncia,Wednesday,2020-05-13,Laboral,2020,5,May,13,Afternoon,14:00:00,Unknown,Autobús,Male,33,Driver,Unknown,Unknown,Urban bus,Unknown,431102.48,4588592.41,2.17409826,41.444105875
2020S002174    ,Nou Barris,Verdun,Favčncia,Wednesday,2020-05-13,Laboral,2020,5,May,13,Afternoon,14:00:00,Unknown,Car,Male,42,Driver,Unknown,Unknown,Unknown,Unknown,431102.48,4588592.41,2.17409826,41.444105875
2020S002175    ,Sant Andreu,el Bon Pastor,Sant Adriŕ,Wednesday,2020-05-13,Laboral,2020,5,May,13,Afternoon,15:00:00,Unknown,Car,Female,31,Driver,Unknown,Unknown,In transit (commuting),Uninjured,432816.16,4587585.22,2.19472293,41.435179769
2020S002175    ,Sant Andreu,el Bon Pastor,Sant Adriŕ,Wednesday,2020-05-13,Laboral,2020,5,May,13,Afternoon,15:00:00,Unknown,Bicicleta,Male,53,Driver,Unknown,Unknown,In transit (commuting),Minor injury: Hospitalization up to 24 hours,432816.16,4587585.22,2.19472293,41.435179769
2020S002176    ,Eixample,la Sagrada Família,Indústria,Wednesday,2020-05-13,Laboral,2020,5,May,13,Afternoon,15:00:00,Unknown,Car,Male,42,Driver,Unknown,Unknown,Other activities,Uninjured,430916.5,4584599.68,2.17232857,41.40812879
2020S002176    ,Eixample,la Sagrada Família,Indústria,Wednesday,2020-05-13,Laboral,2020,5,May,13,Afternoon,15:00:00,Unknown,Car,Male,43,Driver,Unknown,Unknown,Other activities,Unknown,430916.5,4584599.68,2.17232857,41.40812879
2020S002177    ,Sant Martí,la Vila Olímpica del Poblenou,Jaume Vicens i Vives,Wednesday,2020-05-13,Laboral,2020,5,May,13,Afternoon,17:00:00,Unknown,Car,Male,30,Passenger,Unknown,Unknown,Unknown,Minor injury: Medical assistance at accident site,433495.78,4582835.92,2.20337922,41.392460703
2020S002177    ,Sant Martí,la Vila Olímpica del Poblenou,Jaume Vicens i Vives,Wednesday,2020-05-13,Laboral,2020,5,May,13,Afternoon,17:00:00,Unknown,Car,Male,26,Driver,Unknown,Unknown,Other activities,Minor injury: Medical assistance at accident site,433495.78,4582835.92,2.20337922,41.392460703
2020S002177    ,Sant Martí,la Vila Olímpica del Poblenou,Jaume Vicens i Vives,Wednesday,2020-05-13,Laboral,2020,5,May,13,Afternoon,17:00:00,Unknown,Car,Male,26,Driver,Unknown,Unknown,On a mission,Minor injury: Medical assistance at accident site,433495.78,4582835.92,2.20337922,41.392460703
2020S002178    ,Eixample,la Dreta de l'Eixample,Provença,Wednesday,2020-05-13,Laboral,2020,5,May,13,Afternoon,17:00:00,Unknown,Car,Female,22,Driver,Unknown,Unknown,Unknown,Uninjured,429907.09,4583049.29,2.16043237,41.394077527
2020S002178    ,Eixample,la Dreta de l'Eixample,Provença,Wednesday,2020-05-13,Laboral,2020,5,May,13,Afternoon,17:00:00,Unknown,Motorcycle,Female,30,Driver,Unknown,Unknown,Unknown,Minor injury: Hospitalization up to 24 hours,429907.09,4583049.29,2.16043237,41.394077527
2020S002179    ,Eixample,la Dreta de l'Eixample,Aragó,Wednesday,2020-05-13,Laboral,2020,5,May,13,Afternoon,17:00:00,Unknown,Motorcycle,Female,24,Driver,Unknown,Unknown,Unknown,Minor injury: Hospitalization up to 24 hours,430023.71,4582612.51,2.16187771,41.390153755
2020S002179    ,Eixample,la Dreta de l'Eixample,Aragó,Wednesday,2020-05-13,Laboral,2020,5,May,13,Afternoon,17:00:00,Unknown,Tot terreny,Male,76,Driver,Unknown,Unknown,Unknown,Uninjured,430023.71,4582612.51,2.16187771,41.390153755
2020S002180    ,Ciutat Vella,el Barri Gňtic,Colom,Wednesday,2020-05-13,Laboral,2020,5,May,13,Afternoon,18:00:00,Unknown,Motorcycle,Female,38,Driver,Unknown,Unknown,Unknown,Minor injury: Medical assistance at accident site,431548.04,4581400.91,2.18024563,41.379372452
2020S002180    ,Ciutat Vella,el Barri Gňtic,Colom,Wednesday,2020-05-13,Laboral,2020,5,May,13,Afternoon,18:00:00,Unknown,Motorcycle,Male,64,Driver,Unknown,Unknown,Unknown,Uninjured,431548.04,4581400.91,2.18024563,41.379372452
2020S002181    ,Horta-Guinardó,la Vall d'Hebron,Dalt (Llobregat),Wednesday,2020-05-13,Laboral,2020,5,May,13,Morning,13:00:00,Unknown,Furgoneta,Female,73,Driver,Unknown,Unknown,Taxi,Unknown,428564.96,4586831.81,2.14393286,41.428027018
2020S002181    ,Horta-Guinardó,la Vall d'Hebron,Dalt (Llobregat),Wednesday,2020-05-13,Laboral,2020,5,May,13,Morning,13:00:00,Unknown,Car,Male,36,Driver,Unknown,Unknown,Unknown,Unknown,428564.96,4586831.81,2.14393286,41.428027018
2020S002182    ,Ciutat Vella,"Sant Pere, Santa Caterina i la Ribera",Sota Muralla,Wednesday,2020-05-13,Laboral,2020,5,May,13,Afternoon,20:00:00,Unknown,Bicicleta,Male,33,Driver,Unknown,Unknown,Professional goods transport,Minor injury: Hospitalization up to 24 hours,431874.84,4581679.74,2.18412215,41.381911553
2020S002182    ,Ciutat Vella,"Sant Pere, Santa Caterina i la Ribera",Sota Muralla,Wednesday,2020-05-13,Laboral,2020,5,May,13,Afternoon,20:00:00,Unknown,Car,Female,29,Driver,Unknown,Unknown,Other activities,Uninjured,431874.84,4581679.74,2.18412215,41.381911553
2020S002183    ,Sant Martí,la Vila Olímpica del Poblenou,Salvador Espriu,Wednesday,2020-05-13,Laboral,2020,5,May,13,Afternoon,20:00:00,Unknown,Car,Male,24,Driver,In crossing regulated by traffic lights,Unknown,In transit (commuting),Uninjured,432731.79,4582228.94,2.19430899,41.386930212
2020S002183    ,Sant Martí,la Vila Olímpica del Poblenou,Salvador Espriu,Wednesday,2020-05-13,Laboral,2020,5,May,13,Afternoon,20:00:00,Unknown,Car,Female,34,Pedestrian,In crossing regulated by traffic lights,Leisure and entertainment,Unknown,Minor injury: Hospitalization up to 24 hours,432731.79,4582228.94,2.19430899,41.386930212
2020S002184    ,Eixample,el Fort Pienc,Corts Catalanes,Thursday,2020-05-14,Laboral,2020,5,May,14,Morning,07:00:00,Unknown,Motorcycle,Female,44,Driver,Unknown,Unknown,Unknown,Minor injury: Hospitalization up to 24 hours,431756.23,4583735.03,2.18247205,41.400412919
2020S002184    ,Eixample,el Fort Pienc,Corts Catalanes,Thursday,2020-05-14,Laboral,2020,5,May,14,Morning,07:00:00,Unknown,Car,Male,41,Driver,Unknown,Unknown,Unknown,Uninjured,431756.23,4583735.03,2.18247205,41.400412919
2020S002185    ,Eixample,la Sagrada Família,Cartagena,Friday,2020-05-08,Laboral,2020,5,May,8,Afternoon,21:00:00,Unknown,Motorcycle,Male,21,Driver,Unknown,Unknown,Leisure and entertainment,Minor injury: Medical assistance at accident site,431168.31,4584868.65,2.17531043,41.41057293
2020S002186    ,Eixample,la Dreta de l'Eixample,Corts Catalanes,Thursday,2020-05-14,Laboral,2020,5,May,14,Morning,10:00:00,Unknown,Motorcycle,Female,68,Passenger,Unknown,Unknown,Unknown,Minor injury: Hospitalization up to 24 hours,430448.38,4582425.76,2.1669782,41.38850861
2020S002186    ,Eixample,la Dreta de l'Eixample,Corts Catalanes,Thursday,2020-05-14,Laboral,2020,5,May,14,Morning,10:00:00,Unknown,Motorcycle,Female,46,Driver,Unknown,Unknown,Other activities,Uninjured,430448.38,4582425.76,2.1669782,41.38850861
2020S002187    ,Eixample,l'Antiga Esquerra de l'Eixample,Diagonal,Thursday,2020-05-14,Laboral,2020,5,May,14,Morning,13:00:00,Unknown,Motorcycle,Male,46,Driver,Unknown,Unknown,In transit (commuting),Minor injury: Medical assistance at accident site,428980.03,4583017.63,2.14934786,41.393710999
2020S002188    ,Sant Andreu,Sant Andreu,Orfila,Thursday,2020-05-14,Laboral,2020,5,May,14,Morning,13:00:00,Unknown,Motorcycle,Female,47,Driver,Unknown,Unknown,In transit (commuting),Minor injury: Medical assistance at accident site,432526.24,4587663.84,2.1912443,41.435863552
2020S002188    ,Sant Andreu,Sant Andreu,Orfila,Thursday,2020-05-14,Laboral,2020,5,May,14,Morning,13:00:00,Unknown,Car,Male,51,Driver,Unknown,Unknown,Unknown,Uninjured,432526.24,4587663.84,2.1912443,41.435863552
2020S002189    ,Horta-Guinardó,el Guinardó,Guinardó,Thursday,2020-05-14,Laboral,2020,5,May,14,Afternoon,14:00:00,Unknown,Autobús articulat,Female,40,Passenger,Unknown,Unknown,Unknown,Minor injury: Refused medical assistance,430947.36,4585415.88,2.17260456,41.415482684
2020S002189    ,Horta-Guinardó,el Guinardó,Guinardó,Thursday,2020-05-14,Laboral,2020,5,May,14,Afternoon,14:00:00,Unknown,Car,Male,32,Driver,Unknown,Unknown,In transit (commuting),Uninjured,430947.36,4585415.88,2.17260456,41.415482684
2020S002189    ,Horta-Guinardó,el Guinardó,Guinardó,Thursday,2020-05-14,Laboral,2020,5,May,14,Afternoon,14:00:00,Unknown,Autobús articulat,Male,48,Driver,Unknown,Unknown,Urban bus,Uninjured,430947.36,4585415.88,2.17260456,41.415482684
2020S002190    ,Eixample,la Sagrada Família,Aragó,Thursday,2020-05-14,Laboral,2020,5,May,14,Afternoon,17:00:00,Unknown,Car,Male,33,Driver,Unknown,Unknown,Unknown,Uninjured,431581.4,4584096.25,2.1803399,41.403651453
2020S002190    ,Eixample,la Sagrada Família,Aragó,Thursday,2020-05-14,Laboral,2020,5,May,14,Afternoon,17:00:00,Unknown,Ciclomotor,Female,22,Driver,Unknown,Unknown,Unknown,Minor injury: Medical assistance at accident site,431581.4,4584096.25,2.1803399,41.403651453
2020S002191    ,Eixample,la Nova Esquerra de l'Eixample,Roma,Thursday,2020-05-14,Laboral,2020,5,May,14,Afternoon,16:00:00,Unknown,Taxi,Female,58,Driver,Unknown,Unknown,Taxi,Uninjured,428616.03,4581673.99,2.14515264,41.381577072
2020S002191    ,Eixample,la Nova Esquerra de l'Eixample,Roma,Thursday,2020-05-14,Laboral,2020,5,May,14,Afternoon,16:00:00,Unknown,Motorcycle,Male,30,Driver,Unknown,Unknown,Unknown,Minor injury: Medical assistance at accident site,428616.03,4581673.99,2.14515264,41.381577072
2020S002192    ,Sarriŕ-Sant Gervasi,Sant Gervasi - Galvany,Modolell,Thursday,2020-05-14,Laboral,2020,5,May,14,Afternoon,14:00:00,Unknown,Motorcycle,Female,25,Driver,Unknown,Unknown,Unknown,Minor injury: Hospitalization up to 24 hours,427980.97,4583890.54,2.1372947,41.401484061
2020S002192    ,Sarriŕ-Sant Gervasi,Sant Gervasi - Galvany,Modolell,Thursday,2020-05-14,Laboral,2020,5,May,14,Afternoon,14:00:00,Unknown,Car,Male,41,Driver,Unknown,Unknown,In transit (commuting),Uninjured,427980.97,4583890.54,2.1372947,41.401484061
2020S002193    ,Sant Andreu,Navas,Concepción Arenal,Thursday,2020-05-14,Laboral,2020,5,May,14,Afternoon,16:00:00,Unknown,Motorcycle,Female,31,Driver,Unknown,Unknown,In transit (commuting),Minor injury: Medical assistance at accident site,431905.76,4585866.51,2.18402071,41.419623195
2020S002193    ,Sant Andreu,Navas,Concepción Arenal,Thursday,2020-05-14,Laboral,2020,5,May,14,Afternoon,16:00:00,Unknown,Car,Male,41,Driver,Unknown,Unknown,Other activities,Uninjured,431905.76,4585866.51,2.18402071,41.419623195
2020S002194    ,Grŕcia,la Salut,Dalt,Thursday,2020-05-14,Laboral,2020,5,May,14,Afternoon,17:00:00,Unknown,Autobús,Female,42,Passenger,Unknown,Unknown,Unknown,Minor injury: Hospitalization up to 24 hours,429841.66,4585102.86,2.15941163,41.412567604
2020S002194    ,Grŕcia,la Salut,Dalt,Thursday,2020-05-14,Laboral,2020,5,May,14,Afternoon,17:00:00,Unknown,Autobús,Male,55,Driver,Unknown,Unknown,Urban bus,Uninjured,429841.66,4585102.86,2.15941163,41.412567604
2020S002196    ,Sarriŕ-Sant Gervasi,les Tres Torres,Escoles Pies,Thursday,2020-05-14,Laboral,2020,5,May,14,Afternoon,17:00:00,Unknown,Veh. mobilitat personal amb motor,Female,23,Driver,Unknown,Unknown,Other activities,Minor injury: Hospitalization up to 24 hours,427450.44,4583771.13,2.13096286,41.400360862
2020S002196    ,Sarriŕ-Sant Gervasi,les Tres Torres,Escoles Pies,Thursday,2020-05-14,Laboral,2020,5,May,14,Afternoon,17:00:00,Unknown,Car,Female,43,Driver,Unknown,Unknown,Other activities,Uninjured,427450.44,4583771.13,2.13096286,41.400360862
2020S002197    ,Eixample,la Nova Esquerra de l'Eixample,Aragó,Thursday,2020-05-14,Laboral,2020,5,May,14,Afternoon,18:00:00,Unknown,Motorcycle,Male,27,Driver,Unknown,Unknown,On a mission,Minor injury: Hospitalization up to 24 hours,429378.09,4581935.46,2.15423512,41.383999334
2020S002197    ,Eixample,la Nova Esquerra de l'Eixample,Aragó,Thursday,2020-05-14,Laboral,2020,5,May,14,Afternoon,18:00:00,Unknown,Car,Male,49,Driver,Unknown,Unknown,Unknown,Uninjured,429378.09,4581935.46,2.15423512,41.383999334
2020S002198    ,Eixample,Sant Antoni,Corts Catalanes,Thursday,2020-05-14,Laboral,2020,5,May,14,Afternoon,17:00:00,Unknown,Motorcycle,Male,34,Driver,Unknown,Unknown,Leisure and entertainment,Minor injury: Medical assistance at accident site,430124.72,4582066.01,2.16314886,41.385240389
2020S002199    ,Sants-Montjuďc,el Poble-sec,Neptú,Friday,2020-05-15,Laboral,2020,5,May,15,Morning,08:00:00,Unknown,Bicicleta,Male,64,Driver,Unknown,Unknown,Leisure and entertainment,Minor injury: Hospitalization up to 24 hours,429809.81,4580157.15,2.15960401,41.368020447
2020S002200    ,Les Corts,la Maternitat i Sant Ramon,Sabino Arana,Friday,2020-05-15,Laboral,2020,5,May,15,Morning,09:00:00,Unknown,Car,Female,20,Driver,Unknown,Unknown,Other activities,Uninjured,426914.54,4582118.53,2.12475212,41.385428023
2020S002200    ,Les Corts,la Maternitat i Sant Ramon,Sabino Arana,Friday,2020-05-15,Laboral,2020,5,May,15,Morning,09:00:00,Unknown,Bicicleta,Male,33,Driver,Unknown,Unknown,Leisure and entertainment,Minor injury: Medical assistance at accident site,426914.54,4582118.53,2.12475212,41.385428023
2020S002201    ,Les Corts,Pedralbes,Dalt (Besňs),Friday,2020-05-15,Laboral,2020,5,May,15,Morning,08:00:00,Unknown,Tot terreny,Female,41,Driver,Unknown,Unknown,Unknown,Uninjured,425425.23,4582447.68,2.10690105,41.388255774