Case_Number,District_Name,Neighborhood_Name,Street_Name,Day_of_Week,Date,Day_Type_Description,Year,Month_of_Year,Month_Name,Day_of_Month,Shift_Description,Hour_of_Day,Pedestrian_Cause_Description,Involved_Vehicle_Type_Description,Gender_Description,Age,Person_Type_Description,Pedestrian_Accident_Location_Description,Pedestrian_Movement_Reason_Description,Driver_Movement_Reason_Description,Victimization_Description,Coordenada_UTM_X,Coordenada_UTM_Y,Longitud,Latitud
2020S002201    ,Les Corts,Pedralbes,Dalt (Besňs),Friday,2020-05-15,Laboral,2020,5,May,15,Morning,08:00:00,Unknown,Bicicleta,Male,33,Driver,Unknown,Unknown,Unknown,Minor injury: Hospitalization up to 24 hours,425425.23,4582447.68,2.10690105,41.388255774
2020S002202    ,Eixample,Sant Antoni,Comte Borrell,Friday,2020-05-15,Laboral,2020,5,May,15,Morning,09:00:00,Unknown,Tot terreny,Female,58,Driver,Unknown,Unknown,On a mission,Uninjured,429908.23,4581339.94,2.16064388,41.378682061
2020S002203    ,Eixample,l'Antiga Esquerra de l'Eixample,Diputació,Friday,2020-05-15,Laboral,2020,5,May,15,Morning,11:00:00,Unknown,Tot terreny,Male,70,Driver,Unknown,Unknown,Leisure and entertainment,Uninjured,429702.41,4581912.32,2.15811628,41.38381934
2020S002203    ,Eixample,l'Antiga Esquerra de l'Eixample,Diputació,Friday,2020-05-15,Laboral,2020,5,May,15,Morning,11:00:00,Unknown,Ciclomotor,Male,38,Driver,Unknown,Unknown,On a mission,Minor injury: Medical assistance at accident site,429702.41,4581912.32,2.15811628,41.38381934
2020S002204    ,Les Corts,Pedralbes,Diagonal,Friday,2020-05-15,Laboral,2020,5,May,15,Morning,12:00:00,Unknown,Car,Female,77,Passenger,Unknown,Unknown,Unknown,Minor injury: Hospitalization up to 24 hours,425404.65,4581888.6,2.1067238,41.383218483
2020S002204    ,Les Corts,Pedralbes,Diagonal,Friday,2020-05-15,Laboral,2020,5,May,15,Morning,12:00:00,Unknown,Taxi,Male,58,Driver,Unknown,Unknown,Taxi,Uninjured,425404.65,4581888.6,2.1067238,41.383218483
2020S002204    ,Les Corts,Pedralbes,Diagonal,Friday,2020-05-15,Laboral,2020,5,May,15,Morning,12:00:00,Unknown,Car,Male,77,Driver,Unknown,Unknown,Other activities,Minor injury: Hospitalization up to 24 hours,425404.65,4581888.6,2.1067238,41.383218483
2020S002204    ,Les Corts,Pedralbes,Diagonal,Friday,2020-05-15,Laboral,2020,5,May,15,Morning,12:00:00,Unknown,Taxi,Male,68,Passenger,Unknown,Unknown,Unknown,Minor injury: Medical assistance at accident site,425404.65,4581888.6,2.1067238,41.383218483
2020S002205    ,Les Corts,les Corts,Mig (Ascendent),Sunday,2020-05-17,Laboral,2020,5,May,17,Morning,13:00:00,Unknown,Car,Male,50,Driver,Unknown,Unknown,Leisure and entertainment,Uninjured,427200.0,4581767.74,2.1282081,41.382294493
2020S002205    ,Les Corts,les Corts,Mig (Ascendent),Sunday,2020-05-17,Laboral,2020,5,May,17,Morning,13:00:00,Unknown,Motorcycle,Male,42,Driver,Unknown,Unknown,On a mission,Minor injury: Medical assistance at accident site,427200.0,4581767.74,2.1282081,41.382294493
2020S002206    ,Sarriŕ-Sant Gervasi,"Vallvidrera, el Tibidabo i les Planes",Via Lŕctia,Friday,2020-05-15,Laboral,2020,5,May,15,Morning,13:00:00,Unknown,Car,Male,36,Driver,Unknown,Unknown,Unknown,Uninjured,424924.33,4587061.34,2.10033791,41.429762084
2020S002207    ,Horta-Guinardó,Horta,Cal Notari,Friday,2020-05-15,Laboral,2020,5,May,15,Afternoon,15:00:00,Unknown,Car,Male,21,Driver,Unknown,Unknown,In transit (commuting),Minor injury: Hospitalization up to 24 hours,429111.88,4588191.15,2.15031824,41.440318502
2020S002207    ,Horta-Guinardó,Horta,Cal Notari,Friday,2020-05-15,Laboral,2020,5,May,15,Afternoon,15:00:00,Unknown,Car,Male,68,Driver,Unknown,Unknown,In transit (commuting),Uninjured,429111.88,4588191.15,2.15031824,41.440318502
2020S002208    ,Sants-Montjuďc,la Marina del Prat Vermell,E Zona Franca,Friday,2020-05-15,Laboral,2020,5,May,15,Afternoon,15:00:00,Unknown,Tractor camió,Male,55,Driver,Unknown,Unknown,Professional goods transport,Uninjured,426899.68,4575911.02,2.12532272,41.329517863
2020S002208    ,Sants-Montjuďc,la Marina del Prat Vermell,E Zona Franca,Friday,2020-05-15,Laboral,2020,5,May,15,Afternoon,15:00:00,Unknown,Ciclomotor,Male,43,Driver,Unknown,Unknown,In transit (commuting),Minor injury: Medical assistance at accident site,426899.68,4575911.02,2.12532272,41.329517863
2020S002209    ,Horta-Guinardó,el Guinardó,Maragall,Friday,2020-05-15,Laboral,2020,5,May,15,Afternoon,15:00:00,Unknown,"Camió rígid <= 3,5 tones",Male,22,Driver,Unknown,Unknown,In transit (commuting),Uninjured,431526.91,4586089.03,2.17946241,41.421595144
2020S002209    ,Horta-Guinardó,el Guinardó,Maragall,Friday,2020-05-15,Laboral,2020,5,May,15,Afternoon,15:00:00,Unknown,Motorcycle,Male,34,Driver,Unknown,Unknown,Unknown,Minor injury: Hospitalization up to 24 hours,431526.91,4586089.03,2.17946241,41.421595144
2020S002210    ,Sant Martí,el Clot,Aragó,Friday,2020-05-15,Laboral,2020,5,May,15,Afternoon,19:00:00,Unknown,Motorcycle,Female,14,Passenger,Unknown,Unknown,Unknown,Minor injury: Medical assistance at accident site,432200.44,4584683.17,2.18767937,41.408990145
2020S002210    ,Sant Martí,el Clot,Aragó,Friday,2020-05-15,Laboral,2020,5,May,15,Afternoon,19:00:00,Unknown,Motorcycle,Female,44,Driver,Unknown,Unknown,Unknown,Minor injury: Hospitalization up to 24 hours,432200.44,4584683.17,2.18767937,41.408990145
2020S002210    ,Sant Martí,el Clot,Aragó,Friday,2020-05-15,Laboral,2020,5,May,15,Afternoon,19:00:00,Unknown,Furgoneta,Male,43,Driver,Unknown,Unknown,On a mission,Uninjured,432200.44,4584683.17,2.18767937,41.408990145
2020S002211    ,Eixample,la Dreta de l'Eixample,Diputació,Friday,2020-05-15,Laboral,2020,5,May,15,Night,22:00:00,Unknown,Furgoneta,Male,45,Driver,Unknown,Unknown,Unknown,Uninjured,430902.33,4583056.98,2.17233524,41.394232964
2020S002211    ,Eixample,la Dreta de l'Eixample,Diputació,Friday,2020-05-15,Laboral,2020,5,May,15,Night,22:00:00,Unknown,Ciclomotor,Female,33,Driver,Unknown,Unknown,Unknown,Minor injury: Hospitalization up to 24 hours,430902.33,4583056.98,2.17233524,41.394232964
2020S002212    ,Eixample,la Nova Esquerra de l'Eixample,Corts Catalanes,Friday,2020-05-15,Laboral,2020,5,May,15,Night,23:00:00,Unknown,"Camió rígid > 3,5 tones",Male,45,Driver,Unknown,Unknown,Cleaning or garbage collection service,Uninjured,429167.08,4581201.32,2.15179755,41.377368619
2020S002212    ,Eixample,la Nova Esquerra de l'Eixample,Corts Catalanes,Friday,2020-05-15,Laboral,2020,5,May,15,Night,23:00:00,Unknown,Bicicleta,Male,27,Driver,Unknown,Unknown,Leisure and entertainment,Minor injury: Hospitalization up to 24 hours,429167.08,4581201.32,2.15179755,41.377368619
2020S002213    ,Nou Barris,Verdun,Ponce de León,Saturday,2020-05-16,Laboral,2020,5,May,16,Night,02:00:00,Unknown,Motorcycle,Male,28,Driver,Unknown,Unknown,Leisure and entertainment,Minor injury: Hospitalization up to 24 hours,431054.82,4588300.34,2.17356113,41.441471218
2020S002214    ,Eixample,Sant Antoni,Sepúlveda,Saturday,2020-05-16,Laboral,2020,5,May,16,Night,04:00:00,Unknown,Furgoneta,Male,48,Passenger,Unknown,Unknown,Unknown,Minor injury: Medical assistance at accident site,430156.8,4581941.56,2.16354686,41.384122294
2020S002214    ,Eixample,Sant Antoni,Sepúlveda,Saturday,2020-05-16,Laboral,2020,5,May,16,Night,04:00:00,Unknown,Furgoneta,Male,34,Passenger,Unknown,Unknown,Unknown,Minor injury: Medical assistance at accident site,430156.8,4581941.56,2.16354686,41.384122294
2020S002214    ,Eixample,Sant Antoni,Sepúlveda,Saturday,2020-05-16,Laboral,2020,5,May,16,Night,04:00:00,Unknown,Furgoneta,Male,35,Passenger,Unknown,Unknown,Unknown,Minor injury: Medical assistance at accident site,430156.8,4581941.56,2.16354686,41.384122294
2020S002214    ,Eixample,Sant Antoni,Sepúlveda,Saturday,2020-05-16,Laboral,2020,5,May,16,Night,04:00:00,Unknown,Furgoneta,Male,55,Passenger,Unknown,Unknown,Unknown,Minor injury: Hospitalization up to 24 hours,430156.8,4581941.56,2.16354686,41.384122294
2020S002214    ,Eixample,Sant Antoni,Sepúlveda,Saturday,2020-05-16,Laboral,2020,5,May,16,Night,04:00:00,Unknown,Furgoneta,Male,33,Driver,Unknown,Unknown,"Firefighters, police, ambulance",Minor injury: Medical assistance at accident site,430156.8,4581941.56,2.16354686,41.384122294
2020S002214    ,Eixample,Sant Antoni,Sepúlveda,Saturday,2020-05-16,Laboral,2020,5,May,16,Night,04:00:00,Unknown,Furgoneta,Male,46,Driver,Unknown,Unknown,Other activities,Minor injury: Hospitalization up to 24 hours,430156.8,4581941.56,2.16354686,41.384122294
2020S002215    ,Sant Andreu,la Sagrera,Meridiana,Saturday,2020-05-16,Laboral,2020,5,May,16,Morning,12:00:00,Unknown,Car,Male,38,Driver,Unknown,Unknown,Leisure and entertainment,Uninjured,432054.54,4586548.71,2.18572423,41.425780153
2020S002215    ,Sant Andreu,la Sagrera,Meridiana,Saturday,2020-05-16,Laboral,2020,5,May,16,Morning,12:00:00,Unknown,Motorcycle,Male,51,Driver,Unknown,Unknown,On a mission,Minor injury: Medical assistance at accident site,432054.54,4586548.71,2.18572423,41.425780153
2020S002216    ,Les Corts,les Corts,Mig (Ascendent),Saturday,2020-05-16,Laboral,2020,5,May,16,Afternoon,19:00:00,Unknown,Car,Male,43,Driver,Unknown,Unknown,Unknown,Uninjured,427200.0,4581767.74,2.1282081,41.382294493
2020S002216    ,Les Corts,les Corts,Mig (Ascendent),Saturday,2020-05-16,Laboral,2020,5,May,16,Afternoon,19:00:00,Unknown,Motorcycle,Male,42,Driver,Unknown,Unknown,Unknown,Minor injury: Hospitalization up to 24 hours,427200.0,4581767.74,2.1282081,41.382294493
2020S002217    ,Eixample,la Dreta de l'Eixample,Corts Catalanes,Saturday,2020-05-16,Laboral,2020,5,May,16,Afternoon,21:00:00,Unknown,Car,Male,21,Driver,Unknown,Unknown,In transit (commuting),Uninjured,431327.45,4583318.14,2.17739035,41.396621589
2020S002217    ,Eixample,la Dreta de l'Eixample,Corts Catalanes,Saturday,2020-05-16,Laboral,2020,5,May,16,Afternoon,21:00:00,Unknown,Ciclomotor,Male,54,Driver,Unknown,Unknown,On a mission,Minor injury: Hospitalization up to 24 hours,431327.45,4583318.14,2.17739035,41.396621589
2020S002218    ,Horta-Guinardó,el Baix Guinardó,Marina,Saturday,2020-05-16,Laboral,2020,5,May,16,Night,23:00:00,Others,Motorcycle,Male,29,Driver,Outside the crossing,Unknown,Leisure and entertainment,Minor injury: Hospitalization up to 24 hours,430587.29,4584697.28,2.16837895,41.408979463
2020S002218    ,Horta-Guinardó,el Baix Guinardó,Marina,Saturday,2020-05-16,Laboral,2020,5,May,16,Night,23:00:00,Others,Motorcycle,Male,61,Pedestrian,Outside the crossing,Leisure and entertainment,Unknown,Uninjured,430587.29,4584697.28,2.16837895,41.408979463
2020S002219    ,Sants-Montjuďc,Sants - Badal,Badal,Sunday,2020-05-17,Laboral,2020,5,May,17,Afternoon,21:00:00,Unknown,Car,Male,69,Driver,Unknown,Unknown,Unknown,Uninjured,427362.71,4580978.92,2.13024844,41.375204606
2020S002219    ,Sants-Montjuďc,Sants - Badal,Badal,Sunday,2020-05-17,Laboral,2020,5,May,17,Afternoon,21:00:00,Unknown,Bicicleta,Female,32,Driver,Unknown,Unknown,Unknown,Minor injury: Hospitalization up to 24 hours,427362.71,4580978.92,2.13024844,41.375204606
2020S002220    ,Nou Barris,la Prosperitat,Tissó,Sunday,2020-05-17,Laboral,2020,5,May,17,Night,22:00:00,Unknown,Car,Male,42,Driver,Unknown,Unknown,Leisure and entertainment,Uninjured,431685.47,4588607.89,2.18107483,41.444295147
2020S002221    ,Eixample,l'Antiga Esquerra de l'Eixample,Consell de Cent,Monday,2020-05-18,Laboral,2020,5,May,18,Night,00:00:00,Unknown,Car,Male,42,Driver,Unknown,Unknown,Leisure and entertainment,Uninjured,429854.87,4582249.65,2.15990044,41.386870878
2020S002222    ,Sant Andreu,la Trinitat Vella,Ribes,Monday,2020-05-18,Laboral,2020,5,May,18,Morning,07:00:00,Unknown,Motorcycle,Male,57,Driver,Unknown,Unknown,In transit (commuting),Minor injury: Hospitalization up to 24 hours,432403.54,4589251.32,2.18959804,41.450151114
2020S002223    ,Les Corts,les Corts,Diagonal,Monday,2020-05-18,Laboral,2020,5,May,18,Morning,08:00:00,Unknown,Motorcycle,Male,37,Driver,Unknown,Unknown,In transit (commuting),Minor injury: Hospitalization up to 24 hours,427950.94,4582654.58,2.13708262,41.390349562
2020S002223    ,Les Corts,les Corts,Diagonal,Monday,2020-05-18,Laboral,2020,5,May,18,Morning,08:00:00,Unknown,Motorcycle,Male,59,Driver,Unknown,Unknown,In transit (commuting),Uninjured,427950.94,4582654.58,2.13708262,41.390349562
2020S002224    ,Eixample,la Nova Esquerra de l'Eixample,Nicaragua,Monday,2020-05-18,Laboral,2020,5,May,18,Morning,11:00:00,Unknown,Motorcycle,Female,58,Driver,Unknown,Unknown,Other activities,Minor injury: Hospitalization up to 24 hours,428531.71,4581637.03,2.14414868,41.381236697
2020S002224    ,Eixample,la Nova Esquerra de l'Eixample,Nicaragua,Monday,2020-05-18,Laboral,2020,5,May,18,Morning,11:00:00,Unknown,Car,Female,52,Driver,Unknown,Unknown,Other activities,Uninjured,428531.71,4581637.03,2.14414868,41.381236697
2020S002225    ,Eixample,la Dreta de l'Eixample,Valčncia,Monday,2020-05-18,Laboral,2020,5,May,18,Morning,11:00:00,Unknown,Autobús articulat,Male,51,Driver,Unknown,Unknown,Urban bus,Uninjured,430432.49,4583159.07,2.16670388,41.395111927
2020S002225    ,Eixample,la Dreta de l'Eixample,Valčncia,Monday,2020-05-18,Laboral,2020,5,May,18,Morning,11:00:00,Unknown,Autobús articulat,Female,77,Passenger,Unknown,Unknown,Unknown,Minor injury: Hospitalization up to 24 hours,430432.49,4583159.07,2.16670388,41.395111927
2020S002225    ,Eixample,la Dreta de l'Eixample,Valčncia,Monday,2020-05-18,Laboral,2020,5,May,18,Morning,11:00:00,Unknown,Autobús articulat,Male,66,Passenger,Unknown,Unknown,Unknown,Minor injury: Hospitalization up to 24 hours,430432.49,4583159.07,2.16670388,41.395111927
2020S002226    ,Eixample,el Fort Pienc,Padilla,Monday,2020-05-18,Laboral,2020,5,May,18,Afternoon,15:00:00,Unknown,Motorcycle,Male,34,Driver,Unknown,Unknown,Unknown,Minor injury: Hospitalization up to 24 hours,431899.45,4583719.89,2.18418693,41.400288708
2020S002226    ,Eixample,el Fort Pienc,Padilla,Monday,2020-05-18,Laboral,2020,5,May,18,Afternoon,15:00:00,Unknown,Motorcycle,Male,42,Driver,Unknown,Unknown,Unknown,Minor injury: Hospitalization up to 24 hours,431899.45,4583719.89,2.18418693,41.400288708
2020S002226    ,Eixample,el Fort Pienc,Padilla,Monday,2020-05-18,Laboral,2020,5,May,18,Afternoon,15:00:00,Unknown,Car,Female,28,Driver,Unknown,Unknown,Unknown,Uninjured,431899.45,4583719.89,2.18418693,41.400288708
2020S002227    ,Les Corts,les Corts,Mig (Descendent),Monday,2020-05-18,Laboral,2020,5,May,18,Afternoon,16:00:00,Unknown,Motorcycle,Male,32,Driver,Unknown,Unknown,On a mission,Minor injury: Hospitalization up to 24 hours,427347.13,4582899.16,2.12983177,41.392498052
2020S002227    ,Les Corts,les Corts,Mig (Descendent),Monday,2020-05-18,Laboral,2020,5,May,18,Afternoon,16:00:00,Unknown,Car,Female,46,Driver,Unknown,Unknown,Other activities,Uninjured,427347.13,4582899.16,2.12983177,41.392498052
2020S002228    ,Eixample,la Dreta de l'Eixample,Sant Joan,Monday,2020-05-18,Laboral,2020,5,May,18,Afternoon,15:00:00,Unknown,Motorcycle,Male,42,Driver,Unknown,Unknown,On a mission,Minor injury: Medical assistance at accident site,430540.89,4583823.4,2.16792419,41.401104708
2020S002228    ,Eixample,la Dreta de l'Eixample,Sant Joan,Monday,2020-05-18,Laboral,2020,5,May,18,Afternoon,15:00:00,Unknown,Motorcycle,Male,40,Driver,Unknown,Unknown,In transit (commuting),Minor injury: Medical assistance at accident site,430540.89,4583823.4,2.16792419,41.401104708
2020S002228    ,Eixample,la Dreta de l'Eixample,Sant Joan,Monday,2020-05-18,Laboral,2020,5,May,18,Afternoon,15:00:00,Unknown,Car,Male,40,Driver,Unknown,Unknown,In transit (commuting),Uninjured,430540.89,4583823.4,2.16792419,41.401104708
2020S002229    ,Sant Martí,el Camp de l'Arpa del Clot,Trinxant,Tuesday,2020-05-19,Laboral,2020,5,May,19,Afternoon,16:00:00,Unknown,Furgoneta,Male,46,Driver,Unknown,Unknown,Unknown,Uninjured,431835.89,4585522.33,2.18322349,41.416517347
2020S002229    ,Sant Martí,el Camp de l'Arpa del Clot,Trinxant,Tuesday,2020-05-19,Laboral,2020,5,May,19,Afternoon,16:00:00,Unknown,Veh. mobilitat personal amb motor,Female,27,Driver,Unknown,Unknown,Unknown,Minor injury: Hospitalization up to 24 hours,431835.89,4585522.33,2.18322349,41.416517347
2020S002230    ,Ciutat Vella,el Raval,Sant Pau,Tuesday,2020-05-19,Laboral,2020,5,May,19,Afternoon,17:00:00,Unknown,Car,Male,25,Driver,Unknown,Unknown,On a mission,Minor injury: Medical assistance at accident site,430565.49,4581035.61,2.16853818,41.375998065
2020S002231    ,Eixample,la Sagrada Família,Castillejos,Tuesday,2020-05-19,Laboral,2020,5,May,19,Afternoon,15:00:00,Unknown,Motorcycle,Male,30,Driver,Unknown,Unknown,Professional goods transport,Uninjured,431715.82,4584086.5,2.181949,41.403575072
2020S002231    ,Eixample,la Sagrada Família,Castillejos,Tuesday,2020-05-19,Laboral,2020,5,May,19,Afternoon,15:00:00,Unknown,Veh. mobilitat personal sense motor,Male,29,Driver,Unknown,Unknown,Unknown,Minor injury: Hospitalization up to 24 hours,431715.82,4584086.5,2.181949,41.403575072
2020S002232    ,Les Corts,les Corts,Reina Maria Cristina,Tuesday,2020-05-19,Laboral,2020,5,May,19,Afternoon,19:00:00,Unknown,Furgoneta,Male,43,Driver,Unknown,Unknown,On a mission,Uninjured,427177.61,4582432.32,2.12786043,41.388278074
2020S002232    ,Les Corts,les Corts,Reina Maria Cristina,Tuesday,2020-05-19,Laboral,2020,5,May,19,Afternoon,19:00:00,Unknown,Car,Male,27,Driver,Unknown,Unknown,Unknown,Minor injury: Hospitalization up to 24 hours,427177.61,4582432.32,2.12786043,41.388278074
2020S002233    ,Sant Andreu,la Sagrera,Gran de la Sagrera,Tuesday,2020-05-19,Laboral,2020,5,May,19,Afternoon,21:00:00,Unknown,Veh. mobilitat personal amb motor,Male,15,Driver,Unknown,Unknown,Leisure and entertainment,Uninjured,432483.01,4586635.95,2.19084179,41.426602044
2020S002233    ,Sant Andreu,la Sagrera,Gran de la Sagrera,Tuesday,2020-05-19,Laboral,2020,5,May,19,Afternoon,21:00:00,Unknown,Motorcycle,Male,44,Driver,Unknown,Unknown,In transit (commuting),Minor injury: Hospitalization up to 24 hours,432483.01,4586635.95,2.19084179,41.426602044
2020S002234    ,Sant Martí,Sant Martí de Provençals,Espronceda,Tuesday,2020-05-19,Laboral,2020,5,May,19,Afternoon,20:00:00,Unknown,Autobús articulat,Male,42,Driver,Unknown,Unknown,Urban bus,Uninjured,432912.52,4584995.54,2.19616368,41.411863357
2020S002234    ,Sant Martí,Sant Martí de Provençals,Espronceda,Tuesday,2020-05-19,Laboral,2020,5,May,19,Afternoon,20:00:00,Unknown,Autobús articulat,Female,43,Passenger,Unknown,Unknown,Unknown,Minor injury: Hospitalization up to 24 hours,432912.52,4584995.54,2.19616368,41.411863357
2020S002234    ,Sant Martí,Sant Martí de Provençals,Espronceda,Tuesday,2020-05-19,Laboral,2020,5,May,19,Afternoon,20:00:00,Unknown,Car,Male,33,Driver,Unknown,Unknown,Leisure and entertainment,Uninjured,432912.52,4584995.54,2.19616368,41.411863357
2020S002234    ,Sant Martí,Sant Martí de Provençals,Espronceda,Tuesday,2020-05-19,Laboral,2020,5,May,19,Afternoon,20:00:00,Unknown,Car,Male,22,Pedestrian,Unknown,Unknown,Unknown,Uninjured,432912.52,4584995.54,2.19616368,41.411863357
2020S002234    ,Sant Martí,Sant Martí de Provençals,Espronceda,Tuesday,2020-05-19,Laboral,2020,5,May,19,Afternoon,20:00:00,Unknown,Autobús articulat,Female,58,Passenger,Unknown,Unknown,Unknown,Minor injury: Hospitalization up to 24 hours,432912.52,4584995.54,2.19616368,41.411863357
2020S002235    ,Horta-Guinardó,la Vall d'Hebron,Granja Vella,Tuesday,2020-05-19,Laboral,2020,5,May,19,Morning,07:00:00,Unknown,Car,Male,41,Driver,Unknown,Unknown,In transit (commuting),Uninjured,428797.26,4586705.79,2.14672761,41.426912645
2020S002235    ,Horta-Guinardó,la Vall d'Hebron,Granja Vella,Tuesday,2020-05-19,Laboral,2020,5,May,19,Morning,07:00:00,Unknown,Ciclomotor,Female,48,Driver,Unknown,Unknown,In transit (commuting),Minor injury: Hospitalization up to 24 hours,428797.26,4586705.79,2.14672761,41.426912645
2020S002236    ,Les Corts,les Corts,Mig (Descendent),Tuesday,2020-05-19,Laboral,2020,5,May,19,Morning,08:00:00,Unknown,Car,Male,20,Driver,Unknown,Unknown,Unknown,Unknown,427347.13,4582899.16,2.12983177,41.392498052
2020S002236    ,Les Corts,les Corts,Mig (Descendent),Tuesday,2020-05-19,Laboral,2020,5,May,19,Morning,08:00:00,Unknown,Motorcycle,Male,49,Driver,Unknown,Unknown,Unknown,Unknown,427347.13,4582899.16,2.12983177,41.392498052
2020S002237    ,Sants-Montjuďc,Sants,Robrenyo,Wednesday,2020-05-20,Laboral,2020,5,May,20,Morning,08:00:00,Unknown,Bicicleta,Female,33,Driver,Unknown,Unknown,In transit (commuting),Minor injury: Hospitalization up to 24 hours,428084.31,4581718.85,2.13878885,41.381933732
2020S002237    ,Sants-Montjuďc,Sants,Robrenyo,Wednesday,2020-05-20,Laboral,2020,5,May,20,Morning,08:00:00,Unknown,Furgoneta,Male,59,Driver,Unknown,Unknown,On a mission,Uninjured,428084.31,4581718.85,2.13878885,41.381933732
2020S002238    ,Eixample,Sant Antoni,Viladomat,Wednesday,2020-05-20,Laboral,2020,5,May,20,Morning,09:00:00,Unknown,Ciclomotor,Female,46,Driver,Unknown,Unknown,Other activities,Minor injury: Medical assistance at accident site,429676.55,4581424.5,2.15786367,41.37942344
2020S002238    ,Eixample,Sant Antoni,Viladomat,Wednesday,2020-05-20,Laboral,2020,5,May,20,Morning,09:00:00,Unknown,Car,Male,51,Driver,Unknown,Unknown,On a mission,Uninjured,429676.55,4581424.5,2.15786367,41.37942344
2020S002239    ,Sant Martí,el Poblenou,Espronceda,Wednesday,2020-05-20,Laboral,2020,5,May,20,Morning,10:00:00,Unknown,Motorcycle,Male,49,Driver,Unknown,Unknown,"Firefighters, police, ambulance",Minor injury: Hospitalization up to 24 hours,433512.68,4584350.39,2.20341494,41.406102561
2020S002239    ,Sant Martí,el Poblenou,Espronceda,Wednesday,2020-05-20,Laboral,2020,5,May,20,Morning,10:00:00,Unknown,Car,Male,48,Driver,Unknown,Unknown,On a mission,Uninjured,433512.68,4584350.39,2.20341494,41.406102561
2020S002240    ,Sant Martí,Sant Martí de Provençals,Fluviŕ,Tuesday,2020-05-19,Laboral,2020,5,May,19,Morning,08:00:00,Unknown,Car,Male,29,Driver,Unknown,Unknown,Unknown,Uninjured,432810.54,4585453.91,2.19489265,41.41598324
2020S002241    ,Sants-Montjuďc,Hostafrancs,Creu Coberta,Wednesday,2020-05-20,Laboral,2020,5,May,20,Morning,09:00:00,Unknown,Bicicleta,Male,60,Driver,Unknown,Unknown,Unknown,Minor injury: Hospitalization up to 24 hours,428775.51,4580973.63,2.1471421,41.375283309
2020S002241    ,Sants-Montjuďc,Hostafrancs,Creu Coberta,Wednesday,2020-05-20,Laboral,2020,5,May,20,Morning,09:00:00,Unknown,Furgoneta,Male,62,Driver,Unknown,Unknown,Professional goods transport,Uninjured,428775.51,4580973.63,2.1471421,41.375283309
2020S002242    ,Sants-Montjuďc,la Bordeta,Constitució,Wednesday,2020-05-20,Laboral,2020,5,May,20,Morning,10:00:00,Unknown,Ciclomotor,Female,35,Driver,Unknown,Unknown,In transit (commuting),Uninjured,427470.11,4580220.02,2.13162347,41.368379163
2020S002242    ,Sants-Montjuďc,la Bordeta,Constitució,Wednesday,2020-05-20,Laboral,2020,5,May,20,Morning,10:00:00,Unknown,Motorcycle,Male,28,Driver,Unknown,Unknown,In transit (commuting),Minor injury: Hospitalization up to 24 hours,427470.11,4580220.02,2.13162347,41.368379163
2020S002243    ,Grŕcia,la Salut,Dalt,Wednesday,2020-05-20,Laboral,2020,5,May,20,Morning,12:00:00,Unknown,Motorcycle,Male,52,Driver,Unknown,Unknown,In transit (commuting),Minor injury: Hospitalization up to 24 hours,429553.08,4584817.35,2.15599231,41.409970864
2020S002243    ,Grŕcia,la Salut,Dalt,Wednesday,2020-05-20,Laboral,2020,5,May,20,Morning,12:00:00,Unknown,Car,Female,43,Driver,Unknown,Unknown,In transit (commuting),Uninjured,429553.08,4584817.35,2.15599231,41.409970864
2020S002244    ,Eixample,Sant Antoni,Paralˇlel,Wednesday,2020-05-20,Laboral,2020,5,May,20,Morning,11:00:00,Unknown,Motorcycle,Male,52,Driver,Unknown,Unknown,Other activities,Minor injury: Hospitalization up to 24 hours,429142.45,4580974.44,2.15152958,41.375323015
2020S002244    ,Eixample,Sant Antoni,Paralˇlel,Wednesday,2020-05-20,Laboral,2020,5,May,20,Morning,11:00:00,Unknown,Car,Male,63,Driver,Unknown,Unknown,On a mission,Uninjured,429142.45,4580974.44,2.15152958,41.375323015
2020S002245    ,Sants-Montjuďc,la Marina de Port,Mare de Déu de Port,Wednesday,2020-05-20,Laboral,2020,5,May,20,Afternoon,14:00:00,Unknown,Car,Male,58,Driver,Unknown,Unknown,Taxi,Uninjured,428133.73,4579582.68,2.13963319,41.362698412
2020S002245    ,Sants-Montjuďc,la Marina de Port,Mare de Déu de Port,Wednesday,2020-05-20,Laboral,2020,5,May,20,Afternoon,14:00:00,Unknown,Ciclomotor,Male,27,Driver,Unknown,Unknown,In transit (commuting),Minor injury: Medical assistance at accident site,428133.73,4579582.68,2.13963319,41.362698412
2020S002246    ,Sant Martí,el Clot,Independčncia,Wednesday,2020-05-20,Laboral,2020,5,May,20,Afternoon,14:00:00,Unknown,Motorcycle,Male,40,Driver,Unknown,Unknown,Unknown,Minor injury: Hospitalization up to 24 hours,431935.11,4584429.96,2.1845336,41.406687121
2020S002246    ,Sant Martí,el Clot,Independčncia,Wednesday,2020-05-20,Laboral,2020,5,May,20,Afternoon,14:00:00,Unknown,Furgoneta,Male,37,Driver,Unknown,Unknown,On a mission,Uninjured,431935.11,4584429.96,2.1845336,41.406687121
2020S002247    ,Eixample,la Dreta de l'Eixample,Roger de Flor,Wednesday,2020-05-20,Laboral,2020,5,May,20,Morning,13:00:00,Unknown,Car,Male,36,Driver,Unknown,Unknown,Unknown,Uninjured,430912.42,4583600.06,2.17239392,41.399125184
2020S002247    ,Eixample,la Dreta de l'Eixample,Roger de Flor,Wednesday,2020-05-20,Laboral,2020,5,May,20,Morning,13:00:00,Unknown,Motorcycle,Male,66,Driver,Unknown,Unknown,Unknown,Minor injury: Medical assistance at accident site,430912.42,4583600.06,2.17239392,41.399125184
2020S002248    ,Les Corts,Pedralbes,Pedralbes,Wednesday,2020-05-20,Laboral,2020,5,May,20,Afternoon,16:00:00,Unknown,Car,Male,34,Driver,Unknown,Unknown,In transit (commuting),Uninjured,426413.4,4582682.39,2.11869049,41.390460762