Case_Number,District_Name,Neighborhood_Name,Street_Name,Day_of_Week,Date,Day_Type_Description,Year,Month_of_Year,Month_Name,Day_of_Month,Shift_Description,Hour_of_Day,Pedestrian_Cause_Description,Involved_Vehicle_Type_Description,Gender_Description,Age,Person_Type_Description,Pedestrian_Accident_Location_Description,Pedestrian_Movement_Reason_Description,Driver_Movement_Reason_Description,Victimization_Description,Coordenada_UTM_X,Coordenada_UTM_Y,Longitud,Latitud
2020S002248    ,Les Corts,Pedralbes,Pedralbes,Wednesday,2020-05-20,Laboral,2020,5,May,20,Afternoon,16:00:00,Unknown,Motorcycle,Male,24,Driver,Unknown,Unknown,In transit (commuting),Minor injury: Hospitalization up to 24 hours,426413.4,4582682.39,2.11869049,41.390460762
2020S002249    ,Nou Barris,la Guineueta,Marne,Wednesday,2020-05-20,Laboral,2020,5,May,20,Morning,13:00:00,Unknown,Bicicleta,Female,23,Driver,Unknown,Unknown,Leisure and entertainment,Minor injury: Hospitalization up to 24 hours,430606.44,4588001.9,2.16822859,41.438744634
2020S002249    ,Nou Barris,la Guineueta,Marne,Wednesday,2020-05-20,Laboral,2020,5,May,20,Morning,13:00:00,Unknown,Car,Male,47,Driver,Unknown,Unknown,Leisure and entertainment,Uninjured,430606.44,4588001.9,2.16822859,41.438744634
2020S002250    ,Eixample,la Nova Esquerra de l'Eixample,Roma,Thursday,2020-05-21,Laboral,2020,5,May,21,Morning,06:00:00,Unknown,Car,Male,35,Driver,Unknown,Unknown,On a mission,Uninjured,429033.03,4581850.37,2.1501186,41.383202577
2020S002250    ,Eixample,la Nova Esquerra de l'Eixample,Roma,Thursday,2020-05-21,Laboral,2020,5,May,21,Morning,06:00:00,Unknown,Motorcycle,Male,43,Driver,Unknown,Unknown,In transit (commuting),Serious injury: Hospitalization over 24 hours,429033.03,4581850.37,2.1501186,41.383202577
2020S002251    ,Eixample,la Sagrada Família,Aragó,Thursday,2020-05-21,Laboral,2020,5,May,21,Morning,09:00:00,Unknown,Motorcycle,Male,46,Driver,Unknown,Unknown,In transit (commuting),Minor injury: Hospitalization up to 24 hours,431290.27,4583841.68,2.17688618,41.401333776
2020S002251    ,Eixample,la Sagrada Família,Aragó,Thursday,2020-05-21,Laboral,2020,5,May,21,Morning,09:00:00,Unknown,"Camió rígid > 3,5 tones",Male,42,Driver,Unknown,Unknown,On a mission,Uninjured,431290.27,4583841.68,2.17688618,41.401333776
2020S002252    ,Sarriŕ-Sant Gervasi,el Putxet i el Farró,Guillem Tell,Thursday,2020-05-21,Laboral,2020,5,May,21,Morning,08:00:00,Unknown,"Camió rígid > 3,5 tones",Male,61,Driver,Unknown,Unknown,Other activities,Uninjured,429019.66,4584086.5,2.14969648,41.40334142
2020S002253    ,Horta-Guinardó,la Font d'en Fargues,Pedrell,Thursday,2020-05-21,Laboral,2020,5,May,21,Morning,11:00:00,Others,Autobús,Male,85,Passenger,Unknown,Unknown,Unknown,Minor injury: Hospitalization up to 24 hours,430282.95,4586405.36,2.16454103,41.424337172
2020S002253    ,Horta-Guinardó,la Font d'en Fargues,Pedrell,Thursday,2020-05-21,Laboral,2020,5,May,21,Morning,11:00:00,Others,Autobús,Male,45,Driver,Unknown,Unknown,Urban bus,Uninjured,430282.95,4586405.36,2.16454103,41.424337172
2020S002254    ,Sant Martí,Provençals del Poblenou,C-31,Thursday,2020-05-21,Laboral,2020,5,May,21,Afternoon,15:00:00,Unknown,Furgoneta,Female,44,Pedestrian,In crossing regulated by traffic lights,Unknown,Unknown,Minor injury: Hospitalization up to 24 hours,433010.8,4584901.86,2.19734988,41.41102781
2020S002254    ,Sant Martí,Provençals del Poblenou,C-31,Thursday,2020-05-21,Laboral,2020,5,May,21,Afternoon,15:00:00,Unknown,Furgoneta,Male,55,Driver,In crossing regulated by traffic lights,Unknown,In transit (commuting),Uninjured,433010.8,4584901.86,2.19734988,41.41102781
2020S002255    ,Eixample,la Dreta de l'Eixample,Diagonal,Thursday,2020-05-21,Laboral,2020,5,May,21,Afternoon,14:00:00,Unknown,Motorcycle,Female,54,Passenger,Unknown,Unknown,Unknown,Minor injury: Hospitalization up to 24 hours,430097.06,4583381.39,2.16266618,41.397085186
2020S002255    ,Eixample,la Dreta de l'Eixample,Diagonal,Thursday,2020-05-21,Laboral,2020,5,May,21,Afternoon,14:00:00,Unknown,Tot terreny,Female,54,Driver,Unknown,Unknown,Other activities,Uninjured,430097.06,4583381.39,2.16266618,41.397085186
2020S002255    ,Eixample,la Dreta de l'Eixample,Diagonal,Thursday,2020-05-21,Laboral,2020,5,May,21,Afternoon,14:00:00,Unknown,Motorcycle,Male,51,Driver,Unknown,Unknown,Unknown,Minor injury: Hospitalization up to 24 hours,430097.06,4583381.39,2.16266618,41.397085186
2020S002256    ,Sants-Montjuďc,la Marina del Prat Vermell,Longitudinal 11,Thursday,2020-05-21,Laboral,2020,5,May,21,Morning,07:00:00,Unknown,Car,Male,48,Driver,At an unmarked crossing,Unknown,In transit (commuting),Uninjured,426628.54,4575895.57,2.12208482,41.329354061
2020S002256    ,Sants-Montjuďc,la Marina del Prat Vermell,Longitudinal 11,Thursday,2020-05-21,Laboral,2020,5,May,21,Morning,07:00:00,Unknown,Car,Female,36,Pedestrian,At an unmarked crossing,In transit (commuting),Unknown,Minor injury: Hospitalization up to 24 hours,426628.54,4575895.57,2.12208482,41.329354061
2020S002257    ,Les Corts,les Corts,Breda,Thursday,2020-05-21,Laboral,2020,5,May,21,Afternoon,18:00:00,Unknown,Car,Male,73,Driver,Unknown,Unknown,Unknown,Uninjured,428314.12,4582209.89,2.14147887,41.386376871
2020S002257    ,Les Corts,les Corts,Breda,Thursday,2020-05-21,Laboral,2020,5,May,21,Afternoon,18:00:00,Unknown,Motorcycle,Male,58,Driver,Unknown,Unknown,Unknown,Minor injury: Hospitalization up to 24 hours,428314.12,4582209.89,2.14147887,41.386376871
2020S002258    ,Sarriŕ-Sant Gervasi,el Putxet i el Farró,Espinoi,Thursday,2020-05-21,Laboral,2020,5,May,21,Afternoon,18:00:00,Others,Motorcycle,Male,50,Driver,Outside the crossing,Unknown,Leisure and entertainment,Minor injury: Medical assistance at accident site,428272.39,4584877.92,2.14066357,41.410403065
2020S002259    ,Sant Andreu,el Bon Pastor,Ciutat d'Asunción,Friday,2020-05-22,Laboral,2020,5,May,22,Night,04:00:00,Unknown,"Camió rígid <= 3,5 tones",Male,49,Driver,In crossing regulated by traffic lights,Unknown,On a mission,Uninjured,433229.59,4588392.75,2.1995817,41.442487438
2020S002259    ,Sant Andreu,el Bon Pastor,Ciutat d'Asunción,Friday,2020-05-22,Laboral,2020,5,May,22,Night,04:00:00,Unknown,"Camió rígid <= 3,5 tones",Female,61,Pedestrian,In crossing regulated by traffic lights,In transit (commuting),Unknown,Minor injury: Hospitalization up to 24 hours,433229.59,4588392.75,2.1995817,41.442487438
2020S002260    ,Sarriŕ-Sant Gervasi,Sarriŕ,Vallvidrera,Friday,2020-05-22,Laboral,2020,5,May,22,Morning,08:00:00,Unknown,Bicicleta,Female,48,Driver,Unknown,Unknown,Leisure and entertainment,Minor injury: Refused medical assistance,426271.81,4584245.14,2.1168067,41.404522787
2020S002260    ,Sarriŕ-Sant Gervasi,Sarriŕ,Vallvidrera,Friday,2020-05-22,Laboral,2020,5,May,22,Morning,08:00:00,Unknown,Bicicleta,Male,36,Driver,Unknown,Unknown,Leisure and entertainment,Minor injury: Hospitalization up to 24 hours,426271.81,4584245.14,2.1168067,41.404522787
2020S002261    ,Sants-Montjuďc,el Poble-sec,Paralˇlel,Friday,2020-05-22,Laboral,2020,5,May,22,Morning,10:00:00,Desobeir el senyal del semŕfor,Motorcycle,Male,27,Driver,Unknown,Unknown,Other activities,Minor injury: Medical assistance at accident site,431120.09,4580858.51,2.17518987,41.374450662
2020S002261    ,Sants-Montjuďc,el Poble-sec,Paralˇlel,Friday,2020-05-22,Laboral,2020,5,May,22,Morning,10:00:00,Desobeir el senyal del semŕfor,Furgoneta,Male,66,Driver,Unknown,Unknown,Professional goods transport,Uninjured,431120.09,4580858.51,2.17518987,41.374450662
2020S002261    ,Sants-Montjuďc,el Poble-sec,Paralˇlel,Friday,2020-05-22,Laboral,2020,5,May,22,Morning,10:00:00,Desobeir el senyal del semŕfor,Motorcycle,Male,26,Pedestrian,Unknown,Other activities,Unknown,Uninjured,431120.09,4580858.51,2.17518987,41.374450662
2020S002262    ,Horta-Guinardó,el Carmel,Agudells,Friday,2020-05-22,Laboral,2020,5,May,22,Morning,10:00:00,Unknown,"Camió rígid <= 3,5 tones",Male,46,Driver,Unknown,Unknown,On a mission,Uninjured,429769.48,4586337.55,2.15840463,41.423681685
2020S002262    ,Horta-Guinardó,el Carmel,Agudells,Friday,2020-05-22,Laboral,2020,5,May,22,Morning,10:00:00,Unknown,Motorcycle,Male,17,Passenger,Unknown,Unknown,Unknown,Minor injury: Hospitalization up to 24 hours,429769.48,4586337.55,2.15840463,41.423681685
2020S002262    ,Horta-Guinardó,el Carmel,Agudells,Friday,2020-05-22,Laboral,2020,5,May,22,Morning,10:00:00,Unknown,Motorcycle,Male,49,Driver,Unknown,Unknown,Other activities,Uninjured,429769.48,4586337.55,2.15840463,41.423681685
2020S002263    ,Sants-Montjuďc,el Poble-sec,Paralˇlel,Friday,2020-05-22,Laboral,2020,5,May,22,Morning,11:00:00,Unknown,Autobús articulat,Male,89,Passenger,Unknown,Unknown,Unknown,Minor injury: Hospitalization up to 24 hours,430989.68,4580871.3,2.17362909,41.37455468
2020S002263    ,Sants-Montjuďc,el Poble-sec,Paralˇlel,Friday,2020-05-22,Laboral,2020,5,May,22,Morning,11:00:00,Unknown,Autobús articulat,Male,46,Driver,Unknown,Unknown,Urban bus,Uninjured,430989.68,4580871.3,2.17362909,41.37455468
2020S002264    ,Horta-Guinardó,Horta,Dalt (Llobregat),Friday,2020-05-22,Laboral,2020,5,May,22,Morning,12:00:00,Unknown,Car,Male,52,Driver,Unknown,Unknown,On a mission,Minor injury: Hospitalization up to 24 hours,429885.48,4588089.59,2.15958935,41.439471757
2020S002264    ,Horta-Guinardó,Horta,Dalt (Llobregat),Friday,2020-05-22,Laboral,2020,5,May,22,Morning,12:00:00,Unknown,"Camió rígid <= 3,5 tones",Male,37,Driver,Unknown,Unknown,On a mission,Uninjured,429885.48,4588089.59,2.15958935,41.439471757
2020S002265    ,Sants-Montjuďc,la Marina del Prat Vermell,Litoral (Besňs),Friday,2020-05-22,Laboral,2020,5,May,22,Afternoon,14:00:00,Unknown,Furgoneta,Male,35,Driver,Unknown,Unknown,In transit (commuting),Uninjured,431103.58,4580455.45,2.17503829,41.370818994
2020S002265    ,Sants-Montjuďc,la Marina del Prat Vermell,Litoral (Besňs),Friday,2020-05-22,Laboral,2020,5,May,22,Afternoon,14:00:00,Unknown,Motorcycle,Male,30,Driver,Unknown,Unknown,In transit (commuting),Minor injury: Medical assistance at accident site,431103.58,4580455.45,2.17503829,41.370818994
2020S002265    ,Sants-Montjuďc,la Marina del Prat Vermell,Litoral (Besňs),Friday,2020-05-22,Laboral,2020,5,May,22,Afternoon,14:00:00,Unknown,Car,Male,49,Driver,Unknown,Unknown,In transit (commuting),Uninjured,431103.58,4580455.45,2.17503829,41.370818994
2020S002266    ,Sarriŕ-Sant Gervasi,Sant Gervasi - Galvany,Diagonal,Friday,2020-05-22,Laboral,2020,5,May,22,Afternoon,14:00:00,Others,"Camió rígid <= 3,5 tones",Male,54,Driver,Outside the crossing,Unknown,In transit (commuting),Uninjured,428700.7,4582981.86,2.14601114,41.393364102
2020S002266    ,Sarriŕ-Sant Gervasi,Sant Gervasi - Galvany,Diagonal,Friday,2020-05-22,Laboral,2020,5,May,22,Afternoon,14:00:00,Others,"Camió rígid <= 3,5 tones",Male,37,Pedestrian,Outside the crossing,In transit (commuting),Unknown,Minor injury: Hospitalization up to 24 hours,428700.7,4582981.86,2.14601114,41.393364102
2020S002267    ,Horta-Guinardó,la Font d'en Fargues,Maragall,Friday,2020-05-22,Laboral,2020,5,May,22,Morning,12:00:00,Unknown,"Camió rígid > 3,5 tones",Male,46,Driver,Unknown,Unknown,Professional goods transport,Uninjured,430815.7,4586673.51,2.17088534,41.426798385
2020S002268    ,Horta-Guinardó,el Baix Guinardó,Thous,Friday,2020-05-22,Laboral,2020,5,May,22,Afternoon,15:00:00,Unknown,Motorcycle,Male,18,Driver,Unknown,Unknown,In transit (commuting),Minor injury: Medical assistance at accident site,430515.49,4585153.3,2.16746758,41.413080471
2020S002268    ,Horta-Guinardó,el Baix Guinardó,Thous,Friday,2020-05-22,Laboral,2020,5,May,22,Afternoon,15:00:00,Unknown,Motorcycle,Female,50,Passenger,Unknown,Unknown,Unknown,Minor injury: Medical assistance at accident site,430515.49,4585153.3,2.16746758,41.413080471
2020S002268    ,Horta-Guinardó,el Baix Guinardó,Thous,Friday,2020-05-22,Laboral,2020,5,May,22,Afternoon,15:00:00,Unknown,Car,Female,45,Driver,Unknown,Unknown,In transit (commuting),Uninjured,430515.49,4585153.3,2.16746758,41.413080471
2020S002269    ,Nou Barris,Verdun,Almagro,Friday,2020-05-22,Laboral,2020,5,May,22,Afternoon,14:00:00,Unknown,Tot terreny,Male,58,Pedestrian,In an unregulated crossing,Unknown,Unknown,Minor injury: Hospitalization up to 24 hours,431043.25,4588423.11,2.17340862,41.442575966
2020S002269    ,Nou Barris,Verdun,Almagro,Friday,2020-05-22,Laboral,2020,5,May,22,Afternoon,14:00:00,Unknown,Tot terreny,Female,36,Driver,In an unregulated crossing,Unknown,Unknown,Uninjured,431043.25,4588423.11,2.17340862,41.442575966
2020S002270    ,Eixample,la Nova Esquerra de l'Eixample,Diputació,Friday,2020-05-22,Laboral,2020,5,May,22,Afternoon,15:00:00,Unknown,Car,Female,52,Driver,Unknown,Unknown,Leisure and entertainment,Minor injury: Hospitalization up to 24 hours,429059.23,4581244.86,2.15050283,41.377751263
2020S002270    ,Eixample,la Nova Esquerra de l'Eixample,Diputació,Friday,2020-05-22,Laboral,2020,5,May,22,Afternoon,15:00:00,Unknown,Car,Male,81,Driver,Unknown,Unknown,Leisure and entertainment,Uninjured,429059.23,4581244.86,2.15050283,41.377751263
2020S002271    ,Sants-Montjuďc,la Bordeta,Ildefons Cerdŕ,Friday,2020-05-22,Laboral,2020,5,May,22,Afternoon,17:00:00,Unknown,Furgoneta,Female,26,Driver,Unknown,Unknown,In transit (commuting),Uninjured,427810.45,4579885.77,2.13573234,41.365399302
2020S002271    ,Sants-Montjuďc,la Bordeta,Ildefons Cerdŕ,Friday,2020-05-22,Laboral,2020,5,May,22,Afternoon,17:00:00,Unknown,Motorcycle,Male,60,Driver,Unknown,Unknown,In transit (commuting),Minor injury: Hospitalization up to 24 hours,427810.45,4579885.77,2.13573234,41.365399302
2020S002272    ,Sant Martí,Provençals del Poblenou,Diagonal,Friday,2020-05-22,Laboral,2020,5,May,22,Afternoon,16:00:00,Unknown,Veh. mobilitat personal amb motor,Male,52,Driver,Unknown,Unknown,Unknown,Serious injury: Hospitalization over 24 hours,432717.83,4584268.27,2.19391531,41.405296756
2020S002272    ,Sant Martí,Provençals del Poblenou,Diagonal,Friday,2020-05-22,Laboral,2020,5,May,22,Afternoon,16:00:00,Unknown,Car,Male,40,Driver,Unknown,Unknown,Other activities,Uninjured,432717.83,4584268.27,2.19391531,41.405296756
2020S002273    ,Les Corts,les Corts,Breda,Friday,2020-05-22,Laboral,2020,5,May,22,Afternoon,17:00:00,Unknown,Car,Female,65,Driver,Unknown,Unknown,Unknown,Uninjured,428314.12,4582209.89,2.14147887,41.386376871
2020S002273    ,Les Corts,les Corts,Breda,Friday,2020-05-22,Laboral,2020,5,May,22,Afternoon,17:00:00,Unknown,Motorcycle,Male,39,Driver,Unknown,Unknown,Unknown,Minor injury: Hospitalization up to 24 hours,428314.12,4582209.89,2.14147887,41.386376871
2020S002274    ,Eixample,la Dreta de l'Eixample,Corts Catalanes,Friday,2020-05-22,Laboral,2020,5,May,22,Afternoon,16:00:00,Unknown,Autobús articulat,Female,52,Passenger,Unknown,Unknown,Unknown,Minor injury: Hospitalization up to 24 hours,430491.76,4582425.23,2.16749707,41.388507589
2020S002274    ,Eixample,la Dreta de l'Eixample,Corts Catalanes,Friday,2020-05-22,Laboral,2020,5,May,22,Afternoon,16:00:00,Unknown,Autobús articulat,Male,49,Driver,Unknown,Unknown,Urban bus,Uninjured,430491.76,4582425.23,2.16749707,41.388507589
2020S002275    ,Grŕcia,Vallcarca i els Penitents,Lesseps,Friday,2020-05-22,Laboral,2020,5,May,22,Night,22:00:00,Unknown,Motorcycle,Male,57,Driver,Unknown,Unknown,In transit (commuting),Serious injury: Hospitalization over 24 hours,429003.38,4584523.97,2.14945039,41.407280109
2020S002275    ,Grŕcia,Vallcarca i els Penitents,Lesseps,Friday,2020-05-22,Laboral,2020,5,May,22,Night,22:00:00,Unknown,Car,Male,57,Driver,Unknown,Unknown,Taxi,Uninjured,429003.38,4584523.97,2.14945039,41.407280109
2020S002276    ,Sarriŕ-Sant Gervasi,les Tres Torres,Milanesat,Friday,2020-05-22,Laboral,2020,5,May,22,Night,22:00:00,Unknown,Ciclomotor,Male,16,Driver,Unknown,Unknown,Leisure and entertainment,Minor injury: Medical assistance at accident site,427145.19,4583301.19,2.12736813,41.396100693
2020S002277    ,Eixample,la Nova Esquerra de l'Eixample,Aragó,Saturday,2020-05-23,Laboral,2020,5,May,23,Night,01:00:00,Creuar per fora pas de vianants,"Camió rígid > 3,5 tones",Female,25,Driver,Outside the crossing,Unknown,Cleaning or garbage collection service,Uninjured,429285.82,4581847.79,2.15314192,41.38320161
2020S002277    ,Eixample,la Nova Esquerra de l'Eixample,Aragó,Saturday,2020-05-23,Laboral,2020,5,May,23,Night,01:00:00,Creuar per fora pas de vianants,"Camió rígid > 3,5 tones",Male,24,Pedestrian,Outside the crossing,Other activities,Unknown,Minor injury: Medical assistance at accident site,429285.82,4581847.79,2.15314192,41.38320161
2020S002278    ,Grŕcia,Vallcarca i els Penitents,Trullols,Saturday,2020-05-23,Laboral,2020,5,May,23,Night,05:00:00,Unknown,Car,Male,24,Driver,Unknown,Unknown,Leisure and entertainment,Minor injury: Refused medical assistance,427994.09,4586010.36,2.13719924,41.420577577
2020S002278    ,Grŕcia,Vallcarca i els Penitents,Trullols,Saturday,2020-05-23,Laboral,2020,5,May,23,Night,05:00:00,Unknown,Car,Male,24,Passenger,Unknown,Unknown,Unknown,Minor injury: Hospitalization up to 24 hours,427994.09,4586010.36,2.13719924,41.420577577
2020S002279    ,Les Corts,les Corts,Dolors Masferrer i Bosch,Saturday,2020-05-23,Laboral,2020,5,May,23,Morning,10:00:00,Unknown,Car,Male,75,Driver,Unknown,Unknown,Leisure and entertainment,Unknown,427179.23,4582072.96,2.12792302,41.385041608
2020S002280    ,Eixample,la Dreta de l'Eixample,Aragó,Saturday,2020-05-23,Laboral,2020,5,May,23,Afternoon,14:00:00,Unknown,Furgoneta,Male,69,Driver,Unknown,Unknown,On a mission,Uninjured,430991.25,4583556.03,2.17334188,41.398735393
2020S002280    ,Eixample,la Dreta de l'Eixample,Aragó,Saturday,2020-05-23,Laboral,2020,5,May,23,Afternoon,14:00:00,Unknown,Bicicleta,Male,59,Driver,Unknown,Unknown,Other activities,Minor injury: Hospitalization up to 24 hours,430991.25,4583556.03,2.17334188,41.398735393
2020S002281    ,Sants-Montjuďc,la Marina del Prat Vermell,Número 3 Zona Franca,Saturday,2020-05-23,Laboral,2020,5,May,23,Afternoon,18:00:00,Unknown,Car,Male,34,Driver,Unknown,Unknown,On a mission,Uninjured,427587.85,4576461.35,2.13347986,41.334536671
2020S002282    ,Eixample,Sant Antoni,Sant Antoni,Saturday,2020-05-23,Laboral,2020,5,May,23,Afternoon,19:00:00,Unknown,Veh. mobilitat personal amb motor,Female,24,Driver,On the sidewalk,Unknown,Leisure and entertainment,Uninjured,430111.12,4581466.82,2.16305536,41.379842488
2020S002282    ,Eixample,Sant Antoni,Sant Antoni,Saturday,2020-05-23,Laboral,2020,5,May,23,Afternoon,19:00:00,Unknown,Veh. mobilitat personal amb motor,Male,51,Pedestrian,On the sidewalk,Leisure and entertainment,Unknown,Uninjured,430111.12,4581466.82,2.16305536,41.379842488
2020S002282    ,Eixample,Sant Antoni,Sant Antoni,Saturday,2020-05-23,Laboral,2020,5,May,23,Afternoon,19:00:00,Unknown,Veh. mobilitat personal amb motor,Female,8,Pedestrian,On the sidewalk,Leisure and entertainment,Unknown,Minor injury: Medical assistance at accident site,430111.12,4581466.82,2.16305536,41.379842488
2020S002283    ,Sant Andreu,la Trinitat Vella,Trinitat,Sunday,2020-05-24,Laboral,2020,5,May,24,Night,01:00:00,Unknown,Car,Male,29,Driver,Unknown,Unknown,Unknown,Minor injury: Hospitalization up to 24 hours,432917.7,4588973.99,2.1957839,41.447696458
2020S002284    ,Sant Martí,el Besňs i el Maresme,Bernat Metge,Sunday,2020-05-24,Laboral,2020,5,May,24,Morning,12:00:00,Unknown,Car,Male,58,Driver,Unknown,Unknown,Leisure and entertainment,Uninjured,434110.77,4585822.2,2.21040951,41.419408058
2020S002284    ,Sant Martí,el Besňs i el Maresme,Bernat Metge,Sunday,2020-05-24,Laboral,2020,5,May,24,Morning,12:00:00,Unknown,Autobús,Male,67,Passenger,Unknown,Unknown,Unknown,Minor injury: Medical assistance at accident site,434110.77,4585822.2,2.21040951,41.419408058
2020S002284    ,Sant Martí,el Besňs i el Maresme,Bernat Metge,Sunday,2020-05-24,Laboral,2020,5,May,24,Morning,12:00:00,Unknown,Autobús,Male,52,Driver,Unknown,Unknown,Urban bus,Uninjured,434110.77,4585822.2,2.21040951,41.419408058
2020S002285    ,Sants-Montjuďc,la Marina del Prat Vermell,D Zona Franca,Sunday,2020-05-24,Laboral,2020,5,May,24,Morning,13:00:00,Unknown,Motorcycle,Male,52,Driver,Unknown,Unknown,In transit (commuting),Minor injury: Refused medical assistance,427447.83,4576472.84,2.13180529,41.334627558
2020S002286    ,Sarriŕ-Sant Gervasi,Sant Gervasi - Galvany,Balmes,Sunday,2020-05-24,Laboral,2020,5,May,24,Morning,12:00:00,Unknown,Tot terreny,Male,49,Driver,Unknown,Unknown,Other activities,Uninjured,428610.48,4584008.59,2.14481094,41.402603465
2020S002286    ,Sarriŕ-Sant Gervasi,Sant Gervasi - Galvany,Balmes,Sunday,2020-05-24,Laboral,2020,5,May,24,Morning,12:00:00,Unknown,Car,Male,33,Passenger,Unknown,Unknown,Unknown,Minor injury: Hospitalization up to 24 hours,428610.48,4584008.59,2.14481094,41.402603465
2020S002286    ,Sarriŕ-Sant Gervasi,Sant Gervasi - Galvany,Balmes,Sunday,2020-05-24,Laboral,2020,5,May,24,Morning,12:00:00,Unknown,Car,Male,73,Driver,Unknown,Unknown,Unknown,Minor injury: Hospitalization up to 24 hours,428610.48,4584008.59,2.14481094,41.402603465
2020S002286    ,Sarriŕ-Sant Gervasi,Sant Gervasi - Galvany,Balmes,Sunday,2020-05-24,Laboral,2020,5,May,24,Morning,12:00:00,Unknown,Car,Female,70,Passenger,Unknown,Unknown,Unknown,Minor injury: Hospitalization up to 24 hours,428610.48,4584008.59,2.14481094,41.402603465
2020S002287    ,Eixample,Sant Antoni,Sant Antoni,Sunday,2020-05-24,Laboral,2020,5,May,24,Afternoon,18:00:00,Unknown,Car,Male,54,Driver,Unknown,Unknown,Unknown,Uninjured,430142.48,4581745.15,2.16339826,41.382352046
2020S002287    ,Eixample,Sant Antoni,Sant Antoni,Sunday,2020-05-24,Laboral,2020,5,May,24,Afternoon,18:00:00,Unknown,Bicicleta,Male,27,Driver,Unknown,Unknown,On a mission,Minor injury: Hospitalization up to 24 hours,430142.48,4581745.15,2.16339826,41.382352046
2020S002288    ,Sarriŕ-Sant Gervasi,Sant Gervasi - la Bonanova,Tibidabo,Sunday,2020-05-24,Laboral,2020,5,May,24,Night,22:00:00,Unknown,Motorcycle,Male,38,Driver,Unknown,Unknown,In transit (commuting),Minor injury: Medical assistance at accident site,427758.38,4585222.22,2.13447304,41.413457969
2020S002288    ,Sarriŕ-Sant Gervasi,Sant Gervasi - la Bonanova,Tibidabo,Sunday,2020-05-24,Laboral,2020,5,May,24,Night,22:00:00,Unknown,Motorcycle,Male,53,Driver,Unknown,Unknown,On a mission,Uninjured,427758.38,4585222.22,2.13447304,41.413457969
2020S002289    ,Sant Martí,la Vila Olímpica del Poblenou,Ramon Trias Fargas,Sunday,2020-05-24,Laboral,2020,5,May,24,Afternoon,21:00:00,Unknown,Motorcycle,Male,38,Driver,Unknown,Unknown,In transit (commuting),Uninjured,432679.48,4582334.85,2.19367161,41.387879738
2020S002289    ,Sant Martí,la Vila Olímpica del Poblenou,Ramon Trias Fargas,Sunday,2020-05-24,Laboral,2020,5,May,24,Afternoon,21:00:00,Unknown,Motorcycle,Male,31,Passenger,Unknown,Unknown,Unknown,Minor injury: Hospitalization up to 24 hours,432679.48,4582334.85,2.19367161,41.387879738
2020S002289    ,Sant Martí,la Vila Olímpica del Poblenou,Ramon Trias Fargas,Sunday,2020-05-24,Laboral,2020,5,May,24,Afternoon,21:00:00,Unknown,Motorcycle,Female,24,Driver,Unknown,Unknown,Leisure and entertainment,Minor injury: Hospitalization up to 24 hours,432679.48,4582334.85,2.19367161,41.387879738
2020S002290    ,Sant Andreu,Sant Andreu,Meridiana,Monday,2020-05-25,Laboral,2020,5,May,25,Morning,12:00:00,Unknown,Motorcycle,Male,32,Driver,Unknown,Unknown,Unknown,Minor injury: Medical assistance at accident site,432184.76,4588513.78,2.18706188,41.443489888
2020S002290    ,Sant Andreu,Sant Andreu,Meridiana,Monday,2020-05-25,Laboral,2020,5,May,25,Morning,12:00:00,Unknown,Furgoneta,Male,45,Driver,Unknown,Unknown,On a mission,Uninjured,432184.76,4588513.78,2.18706188,41.443489888
2020S002291    ,Eixample,la Nova Esquerra de l'Eixample,Entença,Monday,2020-05-25,Laboral,2020,5,May,25,Morning,13:00:00,Unknown,Motorcycle,Female,39,Driver,Unknown,Unknown,Other activities,Minor injury: Hospitalization up to 24 hours,428800.22,4581712.72,2.14735069,41.38194223
2020S002291    ,Eixample,la Nova Esquerra de l'Eixample,Entença,Monday,2020-05-25,Laboral,2020,5,May,25,Morning,13:00:00,Unknown,Motorcycle,Male,56,Driver,Unknown,Unknown,In transit (commuting),Uninjured,428800.22,4581712.72,2.14735069,41.38194223
2020S002292    ,Horta-Guinardó,la Teixonera,Santa Rosalia,Monday,2020-05-25,Laboral,2020,5,May,25,Afternoon,15:00:00,Unknown,Motorcycle,Female,43,Driver,Unknown,Unknown,In transit (commuting),Minor injury: Medical assistance at accident site,428821.61,4586150.95,2.14708434,41.421917589
2020S002292    ,Horta-Guinardó,la Teixonera,Santa Rosalia,Monday,2020-05-25,Laboral,2020,5,May,25,Afternoon,15:00:00,Unknown,Furgoneta,Male,19,Driver,Unknown,Unknown,Professional goods transport,Uninjured,428821.61,4586150.95,2.14708434,41.421917589
2020S002293    ,Sant Martí,el Poblenou,Ciutat de Granada,Monday,2020-05-25,Laboral,2020,5,May,25,Afternoon,18:00:00,Unknown,Ciclomotor,Female,27,Passenger,Unknown,Unknown,Unknown,Minor injury: Hospitalization up to 24 hours,432981.84,4583595.05,2.19714819,41.399255307
2020S002293    ,Sant Martí,el Poblenou,Ciutat de Granada,Monday,2020-05-25,Laboral,2020,5,May,25,Afternoon,18:00:00,Unknown,Car,Female,39,Driver,Unknown,Unknown,Leisure and entertainment,Uninjured,432981.84,4583595.05,2.19714819,41.399255307
2020S002293    ,Sant Martí,el Poblenou,Ciutat de Granada,Monday,2020-05-25,Laboral,2020,5,May,25,Afternoon,18:00:00,Unknown,Ciclomotor,Male,28,Driver,Unknown,Unknown,Leisure and entertainment,Minor injury: Hospitalization up to 24 hours,432981.84,4583595.05,2.19714819,41.399255307