Case_Number,District_Name,Neighborhood_Name,Street_Name,Day_of_Week,Date,Day_Type_Description,Year,Month_of_Year,Month_Name,Day_of_Month,Shift_Description,Hour_of_Day,Pedestrian_Cause_Description,Involved_Vehicle_Type_Description,Gender_Description,Age,Person_Type_Description,Pedestrian_Accident_Location_Description,Pedestrian_Movement_Reason_Description,Driver_Movement_Reason_Description,Victimization_Description,Coordenada_UTM_X,Coordenada_UTM_Y,Longitud,Latitud
2020S002430    ,Nou Barris,la Guineueta,Valldaura,Friday,2020-06-05,Laboral,2020,6,June,5,Morning,10:00:00,Unknown,Autobús,Female,48,Passenger,Unknown,Unknown,Unknown,Minor injury: Hospitalization up to 24 hours,430405.25,4588039.79,2.16581621,41.439068472
2020S002430    ,Nou Barris,la Guineueta,Valldaura,Friday,2020-06-05,Laboral,2020,6,June,5,Morning,10:00:00,Unknown,Autobús,Male,46,Driver,Unknown,Unknown,Urban bus,Uninjured,430405.25,4588039.79,2.16581621,41.439068472
2020S002430    ,Nou Barris,la Guineueta,Valldaura,Friday,2020-06-05,Laboral,2020,6,June,5,Morning,10:00:00,Unknown,Car,Male,65,Driver,Unknown,Unknown,Leisure and entertainment,Uninjured,430405.25,4588039.79,2.16581621,41.439068472
2020S002431    ,Ciutat Vella,el Raval,Nou de la Rambla,Friday,2020-06-05,Laboral,2020,6,June,5,Morning,12:00:00,Unknown,Motorcycle,Female,48,Driver,Unknown,Unknown,On a mission,Minor injury: Hospitalization up to 24 hours,430867.06,4581157.09,2.1721303,41.37711818
2020S002431    ,Ciutat Vella,el Raval,Nou de la Rambla,Friday,2020-06-05,Laboral,2020,6,June,5,Morning,12:00:00,Unknown,Veh. mobilitat personal amb motor,Female,39,Driver,Unknown,Unknown,In transit (commuting),Uninjured,430867.06,4581157.09,2.1721303,41.37711818
2020S002432    ,Grŕcia,el Camp d'en Grassot i Grŕcia Nova,Rosselló,Friday,2020-06-05,Laboral,2020,6,June,5,Morning,13:00:00,Unknown,Car,Male,76,Driver,Unknown,Unknown,Professional goods transport,Uninjured,430572.94,4583889.89,2.16829994,41.401706331
2020S002432    ,Grŕcia,el Camp d'en Grassot i Grŕcia Nova,Rosselló,Friday,2020-06-05,Laboral,2020,6,June,5,Morning,13:00:00,Unknown,Car,Female,60,Driver,Unknown,Unknown,Other activities,Uninjured,430572.94,4583889.89,2.16829994,41.401706331
2020S002432    ,Grŕcia,el Camp d'en Grassot i Grŕcia Nova,Rosselló,Friday,2020-06-05,Laboral,2020,6,June,5,Morning,13:00:00,Unknown,Motorcycle,Male,38,Driver,Unknown,Unknown,Unknown,Minor injury: Hospitalization up to 24 hours,430572.94,4583889.89,2.16829994,41.401706331
2020S002433    ,Sants-Montjuďc,la Marina del Prat Vermell,Zona Franca,Friday,2020-06-05,Laboral,2020,6,June,5,Afternoon,14:00:00,Unknown,Veh. mobilitat personal amb motor,Female,15,Driver,Unknown,Unknown,Unknown,Minor injury: Hospitalization up to 24 hours,428361.66,4578729.48,2.14245886,41.355034238
2020S002433    ,Sants-Montjuďc,la Marina del Prat Vermell,Zona Franca,Friday,2020-06-05,Laboral,2020,6,June,5,Afternoon,14:00:00,Unknown,Car,Female,42,Driver,Unknown,Unknown,In transit (commuting),Uninjured,428361.66,4578729.48,2.14245886,41.355034238
2020S002434    ,Grŕcia,Vallcarca i els Penitents,Vallcarca,Friday,2020-06-05,Laboral,2020,6,June,5,Afternoon,14:00:00,Unknown,Car,Male,18,Driver,Unknown,Unknown,On a mission,Uninjured,428288.56,4586022.32,2.14072129,41.420711646
2020S002434    ,Grŕcia,Vallcarca i els Penitents,Vallcarca,Friday,2020-06-05,Laboral,2020,6,June,5,Afternoon,14:00:00,Unknown,Motorcycle,Male,65,Driver,Unknown,Unknown,On a mission,Minor injury: Hospitalization up to 24 hours,428288.56,4586022.32,2.14072129,41.420711646
2020S002435    ,Sarriŕ-Sant Gervasi,Sant Gervasi - la Bonanova,Sant Gervasi,Friday,2020-06-05,Laboral,2020,6,June,5,Afternoon,14:00:00,Unknown,Car,Male,42,Driver,Unknown,Unknown,In transit (commuting),Uninjured,427726.86,4584528.46,2.13417884,41.40720673
2020S002435    ,Sarriŕ-Sant Gervasi,Sant Gervasi - la Bonanova,Sant Gervasi,Friday,2020-06-05,Laboral,2020,6,June,5,Afternoon,14:00:00,Unknown,Motorcycle,Male,25,Driver,Unknown,Unknown,Unknown,Minor injury: Hospitalization up to 24 hours,427726.86,4584528.46,2.13417884,41.40720673
2020S002436    ,Eixample,la Dreta de l'Eixample,Tetuan,Friday,2020-06-05,Laboral,2020,6,June,5,Afternoon,17:00:00,Unknown,Bicicleta,Female,27,Driver,Unknown,Unknown,Leisure and entertainment,Minor injury: Hospitalization up to 24 hours,431161.99,4583081.48,2.17543817,41.394475908
2020S002436    ,Eixample,la Dreta de l'Eixample,Tetuan,Friday,2020-06-05,Laboral,2020,6,June,5,Afternoon,17:00:00,Unknown,Car,Male,86,Driver,Unknown,Unknown,Leisure and entertainment,Uninjured,431161.99,4583081.48,2.17543817,41.394475908
2020S002437    ,Les Corts,les Corts,Francesc Maciŕ,Friday,2020-06-05,Laboral,2020,6,June,5,Afternoon,18:00:00,Unknown,Bicicleta,Female,29,Pedestrian,In crossing regulated by traffic lights,Unknown,Unknown,Minor injury: Hospitalization up to 24 hours,428520.61,4582845.99,2.14387322,41.392124377
2020S002437    ,Les Corts,les Corts,Francesc Maciŕ,Friday,2020-06-05,Laboral,2020,6,June,5,Afternoon,18:00:00,Unknown,Bicicleta,Female,24,Pedestrian,In crossing regulated by traffic lights,Leisure and entertainment,Unknown,Minor injury: Hospitalization up to 24 hours,428520.61,4582845.99,2.14387322,41.392124377
2020S002437    ,Les Corts,les Corts,Francesc Maciŕ,Friday,2020-06-05,Laboral,2020,6,June,5,Afternoon,18:00:00,Unknown,Bicicleta,Male,29,Driver,In crossing regulated by traffic lights,Unknown,Unknown,Uninjured,428520.61,4582845.99,2.14387322,41.392124377
2020S002438    ,Nou Barris,la Guineueta,República,Friday,2020-06-05,Laboral,2020,6,June,5,Afternoon,18:00:00,Unknown,Autobús,Male,52,Driver,Unknown,Unknown,Urban bus,Minor injury: Hospitalization up to 24 hours,431084.78,4587942.81,2.17396053,41.438253652
2020S002438    ,Nou Barris,la Guineueta,República,Friday,2020-06-05,Laboral,2020,6,June,5,Afternoon,18:00:00,Unknown,Autobús,Female,52,Passenger,Unknown,Unknown,Unknown,Minor injury: Hospitalization up to 24 hours,431084.78,4587942.81,2.17396053,41.438253652
2020S002439    ,Ciutat Vella,"Sant Pere, Santa Caterina i la Ribera",Isabel II,Friday,2020-06-05,Laboral,2020,6,June,5,Afternoon,20:00:00,Unknown,Bicicleta,Male,34,Driver,Unknown,Unknown,Leisure and entertainment,Minor injury: Hospitalization up to 24 hours,431742.93,4581619.47,2.1825515,41.381357531
2020S002439    ,Ciutat Vella,"Sant Pere, Santa Caterina i la Ribera",Isabel II,Friday,2020-06-05,Laboral,2020,6,June,5,Afternoon,20:00:00,Unknown,Car,Male,62,Driver,Unknown,Unknown,In transit (commuting),Uninjured,431742.93,4581619.47,2.1825515,41.381357531
2020S002440    ,Les Corts,les Corts,Breda,Friday,2020-06-05,Laboral,2020,6,June,5,Afternoon,19:00:00,Desobeir el senyal del semŕfor,Motorcycle,Female,43,Pedestrian,In crossing regulated by traffic lights,Unknown,Unknown,Uninjured,428314.12,4582209.89,2.14147887,41.386376871
2020S002440    ,Les Corts,les Corts,Breda,Friday,2020-06-05,Laboral,2020,6,June,5,Afternoon,19:00:00,Desobeir el senyal del semŕfor,Motorcycle,Male,52,Driver,In crossing regulated by traffic lights,Unknown,Unknown,Serious injury: Hospitalization over 24 hours,428314.12,4582209.89,2.14147887,41.386376871
2020S002441    ,Sant Martí,Sant Martí de Provençals,Guipúscoa,Friday,2020-06-05,Laboral,2020,6,June,5,Afternoon,20:00:00,Unknown,Furgoneta,Male,46,Driver,Unknown,Unknown,Unknown,Uninjured,433116.28,4585641.16,2.19853004,41.417695268
2020S002442    ,Les Corts,les Corts,Diagonal,Friday,2020-06-05,Laboral,2020,6,June,5,Afternoon,19:00:00,Unknown,Ciclomotor,Female,20,Passenger,Unknown,Unknown,Unknown,Minor injury: Medical assistance at accident site,427948.61,4582755.86,2.1370427,41.391261543
2020S002442    ,Les Corts,les Corts,Diagonal,Friday,2020-06-05,Laboral,2020,6,June,5,Afternoon,19:00:00,Unknown,Ciclomotor,Male,21,Driver,Unknown,Unknown,Leisure and entertainment,Minor injury: Medical assistance at accident site,427948.61,4582755.86,2.1370427,41.391261543
2020S002442    ,Les Corts,les Corts,Diagonal,Friday,2020-06-05,Laboral,2020,6,June,5,Afternoon,19:00:00,Unknown,Furgoneta,Male,49,Driver,Unknown,Unknown,Leisure and entertainment,Uninjured,427948.61,4582755.86,2.1370427,41.391261543
2020S002443    ,Sant Martí,el Camp de l'Arpa del Clot,Enamorats,Friday,2020-06-05,Laboral,2020,6,June,5,Afternoon,19:00:00,Unknown,Furgoneta,Male,31,Driver,Unknown,Unknown,Unknown,Uninjured,431851.13,4584422.0,2.18352984,41.406608309
2020S002443    ,Sant Martí,el Camp de l'Arpa del Clot,Enamorats,Friday,2020-06-05,Laboral,2020,6,June,5,Afternoon,19:00:00,Unknown,Motorcycle,Male,33,Driver,Unknown,Unknown,Unknown,Minor injury: Hospitalization up to 24 hours,431851.13,4584422.0,2.18352984,41.406608309
2020S002444    ,Sant Martí,Sant Martí de Provençals,Bac de Roda,Friday,2020-06-05,Laboral,2020,6,June,5,Night,22:00:00,Unknown,Motorcycle,Male,26,Driver,Unknown,Unknown,Leisure and entertainment,Minor injury: Medical assistance at accident site,432827.17,4585283.01,2.19511061,41.414445384
2020S002444    ,Sant Martí,Sant Martí de Provençals,Bac de Roda,Friday,2020-06-05,Laboral,2020,6,June,5,Night,22:00:00,Unknown,Motorcycle,Male,23,Driver,Unknown,Unknown,In transit (commuting),Minor injury: Hospitalization up to 24 hours,432827.17,4585283.01,2.19511061,41.414445384
2020S002445    ,Eixample,la Sagrada Família,Valčncia,Friday,2020-06-05,Laboral,2020,6,June,5,Night,23:00:00,Unknown,Motorcycle,Male,52,Driver,Unknown,Unknown,Unknown,Minor injury: Hospitalization up to 24 hours,431529.25,4584260.82,2.17969743,41.405129242
2020S002445    ,Eixample,la Sagrada Família,Valčncia,Friday,2020-06-05,Laboral,2020,6,June,5,Night,23:00:00,Unknown,Car,Female,23,Driver,Unknown,Unknown,Unknown,Uninjured,431529.25,4584260.82,2.17969743,41.405129242
2020S002446    ,Ciutat Vella,el Barri Gňtic,Catalunya,Friday,2020-06-05,Laboral,2020,6,June,5,Night,23:00:00,Unknown,"Camió rígid > 3,5 tones",Male,52,Driver,Unknown,Unknown,Cleaning or garbage collection service,Uninjured,430839.9,4582248.37,2.17168091,41.386944689
2020S002447    ,Eixample,el Fort Pienc,Corts Catalanes,Saturday,2020-06-06,Laboral,2020,6,June,6,Night,01:00:00,Unknown,Car,Female,20,Driver,Unknown,Unknown,Unknown,Uninjured,431269.97,4583184.65,2.17671798,41.395414371
2020S002447    ,Eixample,el Fort Pienc,Corts Catalanes,Saturday,2020-06-06,Laboral,2020,6,June,6,Night,01:00:00,Unknown,Motorcycle,Female,31,Driver,Unknown,Unknown,Unknown,Minor injury: Medical assistance at accident site,431269.97,4583184.65,2.17671798,41.395414371
2020S002447    ,Eixample,el Fort Pienc,Corts Catalanes,Saturday,2020-06-06,Laboral,2020,6,June,6,Night,01:00:00,Unknown,Motorcycle,Female,30,Passenger,Unknown,Unknown,Unknown,Minor injury: Medical assistance at accident site,431269.97,4583184.65,2.17671798,41.395414371
2020S002448    ,Eixample,la Nova Esquerra de l'Eixample,Aragó,Saturday,2020-06-06,Laboral,2020,6,June,6,Morning,12:00:00,Creuar per fora pas de vianants,Car,Male,47,Driver,Outside the crossing,Unknown,Other activities,Uninjured,429045.49,4581611.85,2.15029554,41.381055407
2020S002448    ,Eixample,la Nova Esquerra de l'Eixample,Aragó,Saturday,2020-06-06,Laboral,2020,6,June,6,Morning,12:00:00,Creuar per fora pas de vianants,Car,Male,83,Pedestrian,Outside the crossing,Other activities,Unknown,Minor injury: Hospitalization up to 24 hours,429045.49,4581611.85,2.15029554,41.381055407
2020S002449    ,Sant Andreu,la Trinitat Vella,Santa Coloma,Saturday,2020-06-06,Laboral,2020,6,June,6,Afternoon,14:00:00,Unknown,Motorcycle,Male,25,Driver,Unknown,Unknown,Unknown,Minor injury: Hospitalization up to 24 hours,432787.08,4588969.14,2.19422084,41.447641843
2020S002449    ,Sant Andreu,la Trinitat Vella,Santa Coloma,Saturday,2020-06-06,Laboral,2020,6,June,6,Afternoon,14:00:00,Unknown,Motorcycle,Male,41,Passenger,Unknown,Unknown,Unknown,Minor injury: Hospitalization up to 24 hours,432787.08,4588969.14,2.19422084,41.447641843
2020S002449    ,Sant Andreu,la Trinitat Vella,Santa Coloma,Saturday,2020-06-06,Laboral,2020,6,June,6,Afternoon,14:00:00,Unknown,Motorcycle,Male,36,Driver,Unknown,Unknown,Leisure and entertainment,Minor injury: Hospitalization up to 24 hours,432787.08,4588969.14,2.19422084,41.447641843
2020S002449    ,Sant Andreu,la Trinitat Vella,Santa Coloma,Saturday,2020-06-06,Laboral,2020,6,June,6,Afternoon,14:00:00,Unknown,Car,Male,63,Driver,Unknown,Unknown,Leisure and entertainment,Uninjured,432787.08,4588969.14,2.19422084,41.447641843
2020S002450    ,Nou Barris,Ciutat Meridiana,Agudes,Sunday,2020-05-31,Laboral,2020,5,May,31,Afternoon,21:00:00,Unknown,Motorcycle,Male,31,Driver,Unknown,Unknown,Leisure and entertainment,Minor injury: Medical assistance at accident site,431001.84,4590445.35,2.17268175,41.460785922
2020S002450    ,Nou Barris,Ciutat Meridiana,Agudes,Sunday,2020-05-31,Laboral,2020,5,May,31,Afternoon,21:00:00,Unknown,Car,Male,46,Driver,Unknown,Unknown,Leisure and entertainment,Uninjured,431001.84,4590445.35,2.17268175,41.460785922
2020S002451    ,Eixample,la Dreta de l'Eixample,Casp,Saturday,2020-06-06,Laboral,2020,6,June,6,Afternoon,15:00:00,Unknown,Motorcycle,Male,69,Driver,Unknown,Unknown,In transit (commuting),Minor injury: Medical assistance at accident site,431111.39,4582844.79,2.17485989,41.392339777
2020S002451    ,Eixample,la Dreta de l'Eixample,Casp,Saturday,2020-06-06,Laboral,2020,6,June,6,Afternoon,15:00:00,Unknown,Furgoneta,Male,60,Driver,Unknown,Unknown,In transit (commuting),Uninjured,431111.39,4582844.79,2.17485989,41.392339777
2020S002451    ,Eixample,la Dreta de l'Eixample,Casp,Saturday,2020-06-06,Laboral,2020,6,June,6,Afternoon,15:00:00,Unknown,Motorcycle,Female,59,Passenger,Unknown,Unknown,Unknown,Minor injury: Medical assistance at accident site,431111.39,4582844.79,2.17485989,41.392339777
2020S002452    ,Sant Martí,el Clot,Corts Catalanes,Saturday,2020-06-06,Laboral,2020,6,June,6,Afternoon,16:00:00,Unknown,Motorcycle,Male,38,Driver,Unknown,Unknown,Leisure and entertainment,Minor injury: Hospitalization up to 24 hours,432229.0,4584196.97,2.18807552,41.404613493
2020S002452    ,Sant Martí,el Clot,Corts Catalanes,Saturday,2020-06-06,Laboral,2020,6,June,6,Afternoon,16:00:00,Unknown,Car,Female,20,Driver,Unknown,Unknown,Leisure and entertainment,Uninjured,432229.0,4584196.97,2.18807552,41.404613493
2020S002453    ,Nou Barris,la Guineueta,Valldaura,Saturday,2020-06-06,Laboral,2020,6,June,6,Afternoon,15:00:00,Unknown,Car,Male,69,Driver,Unknown,Unknown,Unknown,Uninjured,430455.38,4588033.27,2.16641696,41.439014095
2020S002453    ,Nou Barris,la Guineueta,Valldaura,Saturday,2020-06-06,Laboral,2020,6,June,6,Afternoon,15:00:00,Unknown,Motorcycle,Male,24,Driver,Unknown,Unknown,Unknown,Serious injury: Hospitalization over 24 hours,430455.38,4588033.27,2.16641696,41.439014095
2020S002454    ,Eixample,la Dreta de l'Eixample,Sant Pere,Saturday,2020-06-06,Laboral,2020,6,June,6,Afternoon,19:00:00,Unknown,Car,Male,64,Passenger,Unknown,Unknown,Unknown,Minor injury: Hospitalization up to 24 hours,430775.51,4582378.01,2.17089602,41.388106776
2020S002454    ,Eixample,la Dreta de l'Eixample,Sant Pere,Saturday,2020-06-06,Laboral,2020,6,June,6,Afternoon,19:00:00,Unknown,Car,Male,61,Driver,Unknown,Unknown,Taxi,Uninjured,430775.51,4582378.01,2.17089602,41.388106776
2020S002455    ,Sant Andreu,Sant Andreu,Virgili,Friday,2020-06-05,Laboral,2020,6,June,5,Afternoon,21:00:00,Unknown,Car,Male,28,Driver,Unknown,Unknown,In transit (commuting),Minor injury: Hospitalization up to 24 hours,432683.18,4587228.09,2.19317119,41.431952071
2020S002455    ,Sant Andreu,Sant Andreu,Virgili,Friday,2020-06-05,Laboral,2020,6,June,5,Afternoon,21:00:00,Unknown,Car,Male,57,Driver,Unknown,Unknown,In transit (commuting),Uninjured,432683.18,4587228.09,2.19317119,41.431952071
2020S002456    ,Sants-Montjuďc,el Poble-sec,Paralˇlel,Saturday,2020-06-06,Laboral,2020,6,June,6,Night,22:00:00,Unknown,Ciclomotor,Male,25,Driver,Unknown,Unknown,Unknown,Minor injury: Hospitalization up to 24 hours,429910.66,4580909.52,2.16072273,41.374805612
2020S002456    ,Sants-Montjuďc,el Poble-sec,Paralˇlel,Saturday,2020-06-06,Laboral,2020,6,June,6,Night,22:00:00,Unknown,Ciclomotor,Male,38,Driver,Unknown,Unknown,Unknown,Minor injury: Medical assistance at accident site,429910.66,4580909.52,2.16072273,41.374805612
2020S002457    ,Les Corts,les Corts,Diagonal,Friday,2020-06-05,Laboral,2020,6,June,5,Afternoon,17:00:00,Unknown,Car,Female,48,Driver,Unknown,Unknown,Leisure and entertainment,Minor injury: Hospitalization up to 24 hours,427583.38,4582648.24,2.1326874,41.390259433
2020S002458    ,Eixample,la Dreta de l'Eixample,Tetuan,Sunday,2020-06-07,Laboral,2020,6,June,7,Night,01:00:00,Unknown,Bicicleta,Male,24,Driver,Unknown,Unknown,Unknown,Minor injury: Hospitalization up to 24 hours,431141.09,4583205.0,2.17517414,41.395586626
2020S002458    ,Eixample,la Dreta de l'Eixample,Tetuan,Sunday,2020-06-07,Laboral,2020,6,June,7,Night,01:00:00,Unknown,Motorcycle,Female,47,Passenger,Unknown,Unknown,Unknown,Minor injury: Refused medical assistance,431141.09,4583205.0,2.17517414,41.395586626
2020S002458    ,Eixample,la Dreta de l'Eixample,Tetuan,Sunday,2020-06-07,Laboral,2020,6,June,7,Night,01:00:00,Unknown,Motorcycle,Male,47,Driver,Unknown,Unknown,Unknown,Minor injury: Hospitalization up to 24 hours,431141.09,4583205.0,2.17517414,41.395586626
2020S002459    ,Eixample,la Sagrada Família,Sardenya,Sunday,2020-06-07,Laboral,2020,6,June,7,Morning,11:00:00,Unknown,Ciclomotor,Female,28,Passenger,Unknown,Unknown,Unknown,Minor injury: Hospitalization up to 24 hours,431133.94,4583947.2,2.17500415,41.40227078
2020S002459    ,Eixample,la Sagrada Família,Sardenya,Sunday,2020-06-07,Laboral,2020,6,June,7,Morning,11:00:00,Unknown,Ciclomotor,Male,43,Driver,Unknown,Unknown,Leisure and entertainment,Uninjured,431133.94,4583947.2,2.17500415,41.40227078
2020S002460    ,Horta-Guinardó,la Teixonera,Josep Sangenís,Sunday,2020-06-07,Laboral,2020,6,June,7,Afternoon,15:00:00,Unknown,Motorcycle,Male,32,Driver,Unknown,Unknown,Leisure and entertainment,Minor injury: Hospitalization up to 24 hours,429167.43,4586523.46,2.15117867,41.425303217
2020S002460    ,Horta-Guinardó,la Teixonera,Josep Sangenís,Sunday,2020-06-07,Laboral,2020,6,June,7,Afternoon,15:00:00,Unknown,Motorcycle,Female,31,Passenger,Unknown,Unknown,Unknown,Minor injury: Hospitalization up to 24 hours,429167.43,4586523.46,2.15117867,41.425303217
2020S002461    ,Sants-Montjuďc,Sants,Berlín,Sunday,2020-06-07,Laboral,2020,6,June,7,Afternoon,14:00:00,Unknown,Furgoneta,Male,34,Passenger,Unknown,Unknown,Unknown,Uninjured,428215.46,4581922.79,2.14033301,41.383782264
2020S002461    ,Sants-Montjuďc,Sants,Berlín,Sunday,2020-06-07,Laboral,2020,6,June,7,Afternoon,14:00:00,Unknown,Car,Male,47,Driver,Unknown,Unknown,In transit (commuting),Minor injury: Hospitalization up to 24 hours,428215.46,4581922.79,2.14033301,41.383782264
2020S002461    ,Sants-Montjuďc,Sants,Berlín,Sunday,2020-06-07,Laboral,2020,6,June,7,Afternoon,14:00:00,Unknown,Furgoneta,Female,28,Driver,Unknown,Unknown,On a mission,Uninjured,428215.46,4581922.79,2.14033301,41.383782264
2020S002461    ,Sants-Montjuďc,Sants,Berlín,Sunday,2020-06-07,Laboral,2020,6,June,7,Afternoon,14:00:00,Unknown,Furgoneta,Female,66,Passenger,Unknown,Unknown,Unknown,Uninjured,428215.46,4581922.79,2.14033301,41.383782264
2020S002462    ,Ciutat Vella,el Raval,Litoral (Llobregat),Sunday,2020-06-07,Laboral,2020,6,June,7,Afternoon,17:00:00,Unknown,Motorcycle,Male,27,Driver,Unknown,Unknown,Unknown,Minor injury: Hospitalization up to 24 hours,431245.82,4580721.31,2.17670881,41.373225696
2020S002462    ,Ciutat Vella,el Raval,Litoral (Llobregat),Sunday,2020-06-07,Laboral,2020,6,June,7,Afternoon,17:00:00,Unknown,Car,Female,24,Driver,Unknown,Unknown,Unknown,Uninjured,431245.82,4580721.31,2.17670881,41.373225696
2020S002463    ,Eixample,la Sagrada Família,Cartagena,Sunday,2020-06-07,Laboral,2020,6,June,7,Morning,13:00:00,Unknown,Motorcycle,Female,26,Passenger,Unknown,Unknown,Unknown,Minor injury: Hospitalization up to 24 hours,431728.86,4584298.59,2.18208105,41.405486411
2020S002463    ,Eixample,la Sagrada Família,Cartagena,Sunday,2020-06-07,Laboral,2020,6,June,7,Morning,13:00:00,Unknown,Motorcycle,Male,23,Driver,Unknown,Unknown,Leisure and entertainment,Minor injury: Hospitalization up to 24 hours,431728.86,4584298.59,2.18208105,41.405486411
2020S002463    ,Eixample,la Sagrada Família,Cartagena,Sunday,2020-06-07,Laboral,2020,6,June,7,Morning,13:00:00,Unknown,Car,Male,18,Driver,Unknown,Unknown,Leisure and entertainment,Uninjured,431728.86,4584298.59,2.18208105,41.405486411
2020S002464    ,Sants-Montjuďc,el Poble-sec,Litoral (Llobregat),Monday,2020-06-08,Laboral,2020,6,June,8,Morning,07:00:00,Unknown,Motorcycle,Female,37,Driver,Unknown,Unknown,In transit (commuting),Minor injury: Hospitalization up to 24 hours,430854.77,4580025.56,2.17211246,41.366925742
2020S002464    ,Sants-Montjuďc,el Poble-sec,Litoral (Llobregat),Monday,2020-06-08,Laboral,2020,6,June,8,Morning,07:00:00,Unknown,Tractor camió,Male,41,Driver,Unknown,Unknown,Other activities,Uninjured,430854.77,4580025.56,2.17211246,41.366925742
2020S002465    ,Eixample,la Dreta de l'Eixample,Grŕcia,Monday,2020-06-08,Laboral,2020,6,June,8,Morning,08:00:00,Unknown,Taxi,Male,61,Driver,Unknown,Unknown,Taxi,Uninjured,430234.16,4582835.38,2.164369,41.392179365
2020S002465    ,Eixample,la Dreta de l'Eixample,Grŕcia,Monday,2020-06-08,Laboral,2020,6,June,8,Morning,08:00:00,Unknown,Motorcycle,Male,60,Driver,Unknown,Unknown,Unknown,Minor injury: Refused medical assistance,430234.16,4582835.38,2.164369,41.392179365
2020S002466    ,Sants-Montjuďc,la Marina del Prat Vermell,Ulldecona,Monday,2020-06-08,Laboral,2020,6,June,8,Morning,11:00:00,Unknown,Car,Male,39,Driver,Unknown,Unknown,Unknown,Uninjured,428416.57,4578416.9,2.14315212,41.352223812
2020S002467    ,Nou Barris,Vilapicina i la Torre Llobeta,Antoni Costa,Friday,2020-06-05,Laboral,2020,6,June,5,Afternoon,19:00:00,Unknown,Ciclomotor,Male,49,Driver,Unknown,Unknown,In transit (commuting),Minor injury: Hospitalization up to 24 hours,431715.69,4586849.41,2.18163538,41.428459709
2020S002467    ,Nou Barris,Vilapicina i la Torre Llobeta,Antoni Costa,Friday,2020-06-05,Laboral,2020,6,June,5,Afternoon,19:00:00,Unknown,Ciclomotor,Female,12,Passenger,Unknown,Unknown,Unknown,Minor injury: Hospitalization up to 24 hours,431715.69,4586849.41,2.18163538,41.428459709
2020S002468    ,Les Corts,les Corts,Diagonal,Monday,2020-06-08,Laboral,2020,6,June,8,Morning,12:00:00,Unknown,Car,Male,50,Driver,Unknown,Unknown,Leisure and entertainment,Uninjured,428505.87,4582846.36,2.14369688,41.392126398
2020S002468    ,Les Corts,les Corts,Diagonal,Monday,2020-06-08,Laboral,2020,6,June,8,Morning,12:00:00,Unknown,Car,Female,48,Passenger,Unknown,Unknown,Unknown,Minor injury: Medical assistance at accident site,428505.87,4582846.36,2.14369688,41.392126398
2020S002468    ,Les Corts,les Corts,Diagonal,Monday,2020-06-08,Laboral,2020,6,June,8,Morning,12:00:00,Unknown,Car,Female,27,Driver,Unknown,Unknown,Leisure and entertainment,Uninjured,428505.87,4582846.36,2.14369688,41.392126398
2020S002469    ,Sant Martí,el Clot,Escultors Claperós,Monday,2020-06-08,Laboral,2020,6,June,8,Morning,12:00:00,Unknown,Car,Male,61,Driver,Unknown,Unknown,Other activities,Minor injury: Hospitalization up to 24 hours,432283.37,4584306.44,2.18871368,41.405604042
2020S002469    ,Sant Martí,el Clot,Escultors Claperós,Monday,2020-06-08,Laboral,2020,6,June,8,Morning,12:00:00,Unknown,"Camió rígid > 3,5 tones",Male,22,Driver,Unknown,Unknown,Professional goods transport,Uninjured,432283.37,4584306.44,2.18871368,41.405604042
2020S002470    ,Les Corts,les Corts,Numŕncia,Thursday,2020-05-28,Laboral,2020,5,May,28,Morning,08:00:00,Unknown,Car,Male,70,Driver,Unknown,Unknown,Taxi,Uninjured,427792.99,4582226.25,2.13524464,41.386477586
2020S002470    ,Les Corts,les Corts,Numŕncia,Thursday,2020-05-28,Laboral,2020,5,May,28,Morning,08:00:00,Unknown,Veh. mobilitat personal amb motor,Male,40,Driver,Unknown,Unknown,Unknown,Minor injury: Hospitalization up to 24 hours,427792.99,4582226.25,2.13524464,41.386477586
2020S002471    ,Sarriŕ-Sant Gervasi,Sant Gervasi - Galvany,Sarriŕ,Monday,2020-06-08,Laboral,2020,6,June,8,Afternoon,15:00:00,Unknown,Ciclomotor,Male,39,Passenger,Unknown,Unknown,Unknown,Minor injury: Hospitalization up to 24 hours,427910.65,4582804.32,2.13658293,41.3916946
2020S002471    ,Sarriŕ-Sant Gervasi,Sant Gervasi - Galvany,Sarriŕ,Monday,2020-06-08,Laboral,2020,6,June,8,Afternoon,15:00:00,Unknown,Furgoneta,Male,39,Driver,Unknown,Unknown,On a mission,Uninjured,427910.65,4582804.32,2.13658293,41.3916946
2020S002471    ,Sarriŕ-Sant Gervasi,Sant Gervasi - Galvany,Sarriŕ,Monday,2020-06-08,Laboral,2020,6,June,8,Afternoon,15:00:00,Unknown,Ciclomotor,Female,38,Driver,Unknown,Unknown,Leisure and entertainment,Minor injury: Hospitalization up to 24 hours,427910.65,4582804.32,2.13658293,41.3916946
2020S002472    ,Eixample,la Dreta de l'Eixample,Valčncia,Monday,2020-06-08,Laboral,2020,6,June,8,Afternoon,14:00:00,Unknown,Motorcycle,Male,58,Driver,Unknown,Unknown,Unknown,Uninjured,430417.66,4583175.18,2.16652465,41.395255741
2020S002472    ,Eixample,la Dreta de l'Eixample,Valčncia,Monday,2020-06-08,Laboral,2020,6,June,8,Afternoon,14:00:00,Unknown,Motorcycle,Female,63,Passenger,Unknown,Unknown,Unknown,Minor injury: Hospitalization up to 24 hours,430417.66,4583175.18,2.16652465,41.395255741
2020S002473    ,Sants-Montjuďc,la Bordeta,Badal,Monday,2020-06-08,Laboral,2020,6,June,8,Afternoon,16:00:00,Unknown,Car,Male,42,Driver,Unknown,Unknown,Unknown,Uninjured,427548.17,4580292.95,2.13254802,41.369043051
2020S002473    ,Sants-Montjuďc,la Bordeta,Badal,Monday,2020-06-08,Laboral,2020,6,June,8,Afternoon,16:00:00,Unknown,Motorcycle,Male,47,Driver,Unknown,Unknown,Unknown,Minor injury: Hospitalization up to 24 hours,427548.17,4580292.95,2.13254802,41.369043051