Case_Number,District_Name,Neighborhood_Name,Street_Name,Day_of_Week,Date,Day_Type_Description,Year,Month_of_Year,Month_Name,Day_of_Month,Shift_Description,Hour_of_Day,Pedestrian_Cause_Description,Involved_Vehicle_Type_Description,Gender_Description,Age,Person_Type_Description,Pedestrian_Accident_Location_Description,Pedestrian_Movement_Reason_Description,Driver_Movement_Reason_Description,Victimization_Description,Coordenada_UTM_X,Coordenada_UTM_Y,Longitud,Latitud
2020S002474    ,Horta-Guinardó,el Carmel,Llobregós,Monday,2020-06-08,Laboral,2020,6,June,8,Afternoon,18:00:00,Unknown,Furgoneta,Male,38,Driver,In an unregulated crossing,Unknown,On a mission,Uninjured,429668.74,4586484.46,2.15718207,41.424996029
2020S002474    ,Horta-Guinardó,el Carmel,Llobregós,Monday,2020-06-08,Laboral,2020,6,June,8,Afternoon,18:00:00,Unknown,Furgoneta,Male,19,Pedestrian,In an unregulated crossing,Unknown,Unknown,Minor injury: Hospitalization up to 24 hours,429668.74,4586484.46,2.15718207,41.424996029
2020S002475    ,Sarriŕ-Sant Gervasi,Sarriŕ,Augusta,Monday,2020-06-08,Laboral,2020,6,June,8,Afternoon,18:00:00,Unknown,Motorcycle,Male,47,Driver,Unknown,Unknown,Unknown,Minor injury: Medical assistance at accident site,426839.02,4583691.93,2.12365881,41.399592111
2020S002475    ,Sarriŕ-Sant Gervasi,Sarriŕ,Augusta,Monday,2020-06-08,Laboral,2020,6,June,8,Afternoon,18:00:00,Unknown,Car,Male,56,Driver,Unknown,Unknown,Unknown,Uninjured,426839.02,4583691.93,2.12365881,41.399592111
2020S002476    ,Eixample,la Nova Esquerra de l'Eixample,Roma,Monday,2020-06-08,Laboral,2020,6,June,8,Afternoon,19:00:00,Unknown,Motorcycle,Male,55,Driver,Unknown,Unknown,Unknown,Minor injury: Hospitalization up to 24 hours,429033.03,4581850.37,2.1501186,41.383202577
2020S002476    ,Eixample,la Nova Esquerra de l'Eixample,Roma,Monday,2020-06-08,Laboral,2020,6,June,8,Afternoon,19:00:00,Unknown,Car,Female,39,Driver,Unknown,Unknown,Unknown,Uninjured,429033.03,4581850.37,2.1501186,41.383202577
2020S002477    ,Horta-Guinardó,la Font d'en Fargues,Cičncies,Monday,2020-06-08,Laboral,2020,6,June,8,Afternoon,16:00:00,Unknown,Motorcycle,Male,50,Driver,Unknown,Unknown,Leisure and entertainment,Minor injury: Hospitalization up to 24 hours,429781.38,4586529.46,2.15852473,41.425411185
2020S002477    ,Horta-Guinardó,la Font d'en Fargues,Cičncies,Monday,2020-06-08,Laboral,2020,6,June,8,Afternoon,16:00:00,Unknown,Car,Female,39,Driver,Unknown,Unknown,Leisure and entertainment,Uninjured,429781.38,4586529.46,2.15852473,41.425411185
2020S002478    ,Horta-Guinardó,la Clota,Clota,Monday,2020-06-08,Laboral,2020,6,June,8,Afternoon,20:00:00,Unknown,Ciclomotor,Male,15,Driver,Unknown,Unknown,Other activities,Minor injury: Hospitalization up to 24 hours,429097.17,4586611.82,2.15032755,41.426092838
2020S002478    ,Horta-Guinardó,la Clota,Clota,Monday,2020-06-08,Laboral,2020,6,June,8,Afternoon,20:00:00,Unknown,Car,Male,58,Driver,Unknown,Unknown,Other activities,Uninjured,429097.17,4586611.82,2.15032755,41.426092838
2020S002479    ,Sarriŕ-Sant Gervasi,les Tres Torres,Milanesat,Monday,2020-06-08,Laboral,2020,6,June,8,Night,23:00:00,Unknown,Tot terreny,Male,59,Driver,Unknown,Unknown,Leisure and entertainment,Uninjured,427448.59,4583578.25,2.13096386,41.398623504
2020S002479    ,Sarriŕ-Sant Gervasi,les Tres Torres,Milanesat,Monday,2020-06-08,Laboral,2020,6,June,8,Night,23:00:00,Unknown,Motorcycle,Female,23,Driver,Unknown,Unknown,Leisure and entertainment,Minor injury: Hospitalization up to 24 hours,427448.59,4583578.25,2.13096386,41.398623504
2020S002480    ,Sants-Montjuďc,la Marina del Prat Vermell,Litoral (Besňs),Tuesday,2020-06-09,Laboral,2020,6,June,9,Morning,07:00:00,Unknown,Furgoneta,Male,26,Driver,Unknown,Unknown,On a mission,Uninjured,430855.98,4579978.8,2.17213226,41.366504691
2020S002480    ,Sants-Montjuďc,la Marina del Prat Vermell,Litoral (Besňs),Tuesday,2020-06-09,Laboral,2020,6,June,9,Morning,07:00:00,Unknown,Taxi,Female,44,Passenger,Unknown,Unknown,Unknown,Minor injury: Medical assistance at accident site,430855.98,4579978.8,2.17213226,41.366504691
2020S002480    ,Sants-Montjuďc,la Marina del Prat Vermell,Litoral (Besňs),Tuesday,2020-06-09,Laboral,2020,6,June,9,Morning,07:00:00,Unknown,Taxi,Male,51,Driver,Unknown,Unknown,On a mission,Uninjured,430855.98,4579978.8,2.17213226,41.366504691
2020S002481    ,Sant Martí,el Poblenou,Pujades,Tuesday,2020-06-09,Laboral,2020,6,June,9,Morning,06:00:00,Unknown,Car,Male,32,Driver,Unknown,Unknown,Unknown,Minor injury: Hospitalization up to 24 hours,432960.53,4583565.1,2.1968966,41.398983778
2020S002481    ,Sant Martí,el Poblenou,Pujades,Tuesday,2020-06-09,Laboral,2020,6,June,9,Morning,06:00:00,Unknown,Car,Male,55,Driver,Unknown,Unknown,Unknown,Uninjured,432960.53,4583565.1,2.1968966,41.398983778
2020S002482    ,Sant Martí,Provençals del Poblenou,C-31,Tuesday,2020-06-09,Laboral,2020,6,June,9,Morning,09:00:00,Unknown,Car,Female,41,Driver,Unknown,Unknown,Leisure and entertainment,Uninjured,433366.47,4585249.15,2.2015668,41.414185339
2020S002482    ,Sant Martí,Provençals del Poblenou,C-31,Tuesday,2020-06-09,Laboral,2020,6,June,9,Morning,09:00:00,Unknown,Motorcycle,Male,40,Driver,Unknown,Unknown,In transit (commuting),Minor injury: Medical assistance at accident site,433366.47,4585249.15,2.2015668,41.414185339
2020S002483    ,Les Corts,les Corts,Berlín,Tuesday,2020-06-09,Laboral,2020,6,June,9,Morning,09:00:00,Unknown,Motorcycle,Male,30,Driver,Unknown,Unknown,Unknown,Minor injury: Hospitalization up to 24 hours,428067.09,4581852.36,2.13856707,41.383134668
2020S002483    ,Les Corts,les Corts,Berlín,Tuesday,2020-06-09,Laboral,2020,6,June,9,Morning,09:00:00,Unknown,Motorcycle,Male,59,Driver,Unknown,Unknown,Unknown,Uninjured,428067.09,4581852.36,2.13856707,41.383134668
2020S002484    ,Nou Barris,la Trinitat Nova,Meridiana,Tuesday,2020-06-09,Laboral,2020,6,June,9,Morning,11:00:00,Unknown,Taxi,Female,17,Passenger,Unknown,Unknown,Unknown,Minor injury: Medical assistance at accident site,432279.56,4589210.67,2.18811843,41.449774537
2020S002484    ,Nou Barris,la Trinitat Nova,Meridiana,Tuesday,2020-06-09,Laboral,2020,6,June,9,Morning,11:00:00,Unknown,Taxi,Female,45,Passenger,Unknown,Unknown,Unknown,Minor injury: Medical assistance at accident site,432279.56,4589210.67,2.18811843,41.449774537
2020S002484    ,Nou Barris,la Trinitat Nova,Meridiana,Tuesday,2020-06-09,Laboral,2020,6,June,9,Morning,11:00:00,Unknown,"Camió rígid > 3,5 tones",Male,53,Driver,Unknown,Unknown,On a mission,Uninjured,432279.56,4589210.67,2.18811843,41.449774537
2020S002484    ,Nou Barris,la Trinitat Nova,Meridiana,Tuesday,2020-06-09,Laboral,2020,6,June,9,Morning,11:00:00,Unknown,Taxi,Male,52,Driver,Unknown,Unknown,On a mission,Minor injury: Medical assistance at accident site,432279.56,4589210.67,2.18811843,41.449774537
2020S002485    ,Les Corts,la Maternitat i Sant Ramon,Albert Bastardas,Tuesday,2020-06-09,Laboral,2020,6,June,9,Morning,12:00:00,Unknown,Car,Female,23,Driver,Unknown,Unknown,Other activities,Uninjured,425467.32,4581756.19,2.10748953,41.382031736
2020S002485    ,Les Corts,la Maternitat i Sant Ramon,Albert Bastardas,Tuesday,2020-06-09,Laboral,2020,6,June,9,Morning,12:00:00,Unknown,Car,Female,35,Driver,Unknown,Unknown,Other activities,Minor injury: Hospitalization up to 24 hours,425467.32,4581756.19,2.10748953,41.382031736
2020S002486    ,Eixample,la Sagrada Família,Indústria,Tuesday,2020-06-09,Laboral,2020,6,June,9,Morning,13:00:00,Unknown,Motorcycle,Male,37,Driver,Unknown,Unknown,In transit (commuting),Uninjured,430758.85,4584445.2,2.17046025,41.406723868
2020S002486    ,Eixample,la Sagrada Família,Indústria,Tuesday,2020-06-09,Laboral,2020,6,June,9,Morning,13:00:00,Unknown,Motorcycle,Female,41,Driver,Unknown,Unknown,Leisure and entertainment,Uninjured,430758.85,4584445.2,2.17046025,41.406723868
2020S002487    ,Eixample,l'Antiga Esquerra de l'Eixample,Casanova,Tuesday,2020-06-09,Laboral,2020,6,June,9,Afternoon,14:00:00,Unknown,Furgoneta,Male,34,Pedestrian,In crossing regulated by traffic lights,Leisure and entertainment,Unknown,Minor injury: Hospitalization up to 24 hours,429521.29,4582309.81,2.15590405,41.387383546
2020S002487    ,Eixample,l'Antiga Esquerra de l'Eixample,Casanova,Tuesday,2020-06-09,Laboral,2020,6,June,9,Afternoon,14:00:00,Unknown,Furgoneta,Male,29,Driver,In crossing regulated by traffic lights,Unknown,"Firefighters, police, ambulance",Uninjured,429521.29,4582309.81,2.15590405,41.387383546
2020S002488    ,Eixample,la Dreta de l'Eixample,Roger de Llúria,Tuesday,2020-06-09,Laboral,2020,6,June,9,Afternoon,14:00:00,Unknown,Autobús,Female,83,Passenger,Unknown,Unknown,Unknown,Minor injury: Hospitalization up to 24 hours,430414.61,4583121.81,2.16649431,41.39477479
2020S002488    ,Eixample,la Dreta de l'Eixample,Roger de Llúria,Tuesday,2020-06-09,Laboral,2020,6,June,9,Afternoon,14:00:00,Unknown,Autobús,Male,53,Driver,Unknown,Unknown,Urban bus,Uninjured,430414.61,4583121.81,2.16649431,41.39477479
2020S002488    ,Eixample,la Dreta de l'Eixample,Roger de Llúria,Tuesday,2020-06-09,Laboral,2020,6,June,9,Afternoon,14:00:00,Unknown,Car,Male,46,Driver,Unknown,Unknown,On a mission,Uninjured,430414.61,4583121.81,2.16649431,41.39477479
2020S002489    ,Nou Barris,la Trinitat Nova,Favčncia,Tuesday,2020-06-09,Laboral,2020,6,June,9,Afternoon,16:00:00,Unknown,Car,Female,36,Driver,Unknown,Unknown,Leisure and entertainment,Uninjured,432191.4,4588916.54,2.18709612,41.447117966
2020S002489    ,Nou Barris,la Trinitat Nova,Favčncia,Tuesday,2020-06-09,Laboral,2020,6,June,9,Afternoon,16:00:00,Unknown,Car,Male,53,Driver,Unknown,Unknown,Leisure and entertainment,Uninjured,432191.4,4588916.54,2.18709612,41.447117966
2020S002489    ,Nou Barris,la Trinitat Nova,Favčncia,Tuesday,2020-06-09,Laboral,2020,6,June,9,Afternoon,16:00:00,Unknown,Motorcycle,Male,30,Driver,Unknown,Unknown,Leisure and entertainment,Minor injury: Hospitalization up to 24 hours,432191.4,4588916.54,2.18709612,41.447117966
2020S002489    ,Nou Barris,la Trinitat Nova,Favčncia,Tuesday,2020-06-09,Laboral,2020,6,June,9,Afternoon,16:00:00,Unknown,Motorcycle,Female,28,Passenger,Unknown,Unknown,Unknown,Minor injury: Hospitalization up to 24 hours,432191.4,4588916.54,2.18709612,41.447117966
2020S002490    ,Sant Martí,Provençals del Poblenou,C-31,Tuesday,2020-06-09,Laboral,2020,6,June,9,Afternoon,15:00:00,Unknown,Motorcycle,Male,24,Driver,Unknown,Unknown,Unknown,Minor injury: Hospitalization up to 24 hours,433936.57,4585808.01,2.20832668,41.41926594
2020S002490    ,Sant Martí,Provençals del Poblenou,C-31,Tuesday,2020-06-09,Laboral,2020,6,June,9,Afternoon,15:00:00,Unknown,Motorcycle,Male,39,Driver,Unknown,Unknown,Unknown,Minor injury: Hospitalization up to 24 hours,433936.57,4585808.01,2.20832668,41.41926594
2020S002491    ,Eixample,la Dreta de l'Eixample,Bailčn,Tuesday,2020-06-09,Laboral,2020,6,June,9,Afternoon,18:00:00,Unknown,Motorcycle,Male,64,Driver,Unknown,Unknown,Unknown,Minor injury: Hospitalization up to 24 hours,430580.32,4583526.08,2.16842996,41.39843025
2020S002492    ,Ciutat Vella,el Barri Gňtic,Colom,Tuesday,2020-06-09,Laboral,2020,6,June,9,Afternoon,19:00:00,Desobeir el senyal del semŕfor,Autobús,Male,42,Driver,In crossing regulated by traffic lights,Unknown,Urban bus,Uninjured,431653.31,4581582.41,2.18148397,41.381016129
2020S002492    ,Ciutat Vella,el Barri Gňtic,Colom,Tuesday,2020-06-09,Laboral,2020,6,June,9,Afternoon,19:00:00,Desobeir el senyal del semŕfor,Autobús,Male,37,Pedestrian,In crossing regulated by traffic lights,Unknown,Unknown,Serious injury: Hospitalization over 24 hours,431653.31,4581582.41,2.18148397,41.381016129
2020S002493    ,Eixample,Sant Antoni,Universitat,Tuesday,2020-06-09,Laboral,2020,6,June,9,Afternoon,20:00:00,Unknown,Tot terreny,Male,54,Driver,Unknown,Unknown,Unknown,Uninjured,430170.24,4582033.93,2.16369693,41.384955409
2020S002493    ,Eixample,Sant Antoni,Universitat,Tuesday,2020-06-09,Laboral,2020,6,June,9,Afternoon,20:00:00,Unknown,Motorcycle,Female,55,Driver,Unknown,Unknown,Unknown,Minor injury: Hospitalization up to 24 hours,430170.24,4582033.93,2.16369693,41.384955409
2020S002494    ,Ciutat Vella,el Barri Gňtic,Litoral (Llobregat),Tuesday,2020-06-09,Laboral,2020,6,June,9,Afternoon,19:00:00,Unknown,Furgoneta,Female,48,Passenger,Unknown,Unknown,Unknown,Minor injury: Hospitalization up to 24 hours,431758.8,4581564.54,2.18274747,41.380864138
2020S002494    ,Ciutat Vella,el Barri Gňtic,Litoral (Llobregat),Tuesday,2020-06-09,Laboral,2020,6,June,9,Afternoon,19:00:00,Unknown,Furgoneta,Male,46,Driver,Unknown,Unknown,Other activities,Uninjured,431758.8,4581564.54,2.18274747,41.380864138
2020S002495    ,Ciutat Vella,el Barri Gňtic,Litoral (Besňs),Tuesday,2020-06-09,Laboral,2020,6,June,9,Afternoon,20:00:00,Unknown,Furgoneta,Male,40,Driver,Unknown,Unknown,In transit (commuting),Minor injury: Medical assistance at accident site,431765.17,4581550.86,2.18282518,41.380741466
2020S002496    ,Grŕcia,la Salut,Ramiro de Maeztu,Wednesday,2020-06-10,Laboral,2020,6,June,10,Night,03:00:00,Unknown,Car,Male,31,Driver,Unknown,Unknown,Other activities,Uninjured,429702.14,4585502.69,2.15769592,41.416156526
2020S002497    ,Eixample,la Dreta de l'Eixample,Cinc d'Oros,Wednesday,2020-06-10,Laboral,2020,6,June,10,Morning,08:00:00,Unknown,"Camió rígid <= 3,5 tones",Male,56,Driver,Unknown,Unknown,On a mission,Uninjured,429830.21,4583317.69,2.15948172,41.396488207
2020S002497    ,Eixample,la Dreta de l'Eixample,Cinc d'Oros,Wednesday,2020-06-10,Laboral,2020,6,June,10,Morning,08:00:00,Unknown,Ciclomotor,Male,43,Driver,Unknown,Unknown,In transit (commuting),Minor injury: Medical assistance at accident site,429830.21,4583317.69,2.15948172,41.396488207
2020S002498    ,Les Corts,les Corts,Europa,Wednesday,2020-06-10,Laboral,2020,6,June,10,Morning,09:00:00,Creuar per fora pas de vianants,Motorcycle,Male,49,Driver,Outside the crossing,Unknown,Unknown,Minor injury: Medical assistance at accident site,427291.68,4582306.28,2.12923978,41.387153206
2020S002498    ,Les Corts,les Corts,Europa,Wednesday,2020-06-10,Laboral,2020,6,June,10,Morning,09:00:00,Creuar per fora pas de vianants,Motorcycle,Male,66,Pedestrian,Outside the crossing,Unknown,Unknown,Minor injury: Medical assistance at accident site,427291.68,4582306.28,2.12923978,41.387153206
2020S002499    ,Eixample,la Dreta de l'Eixample,Diputació,Wednesday,2020-06-10,Laboral,2020,6,June,10,Morning,09:00:00,Unknown,Car,Male,50,Driver,Unknown,Unknown,Other activities,Uninjured,430543.49,4582737.51,2.16807991,41.391324669
2020S002499    ,Eixample,la Dreta de l'Eixample,Diputació,Wednesday,2020-06-10,Laboral,2020,6,June,10,Morning,09:00:00,Unknown,Bicicleta,Male,16,Driver,Unknown,Unknown,Other activities,Minor injury: Hospitalization up to 24 hours,430543.49,4582737.51,2.16807991,41.391324669
2020S002500    ,Eixample,la Nova Esquerra de l'Eixample,Aragó,Wednesday,2020-06-10,Laboral,2020,6,June,10,Morning,09:00:00,Unknown,Motorcycle,Male,29,Driver,Unknown,Unknown,In transit (commuting),Minor injury: Medical assistance at accident site,429362.84,4581954.15,2.15405057,41.384166329
2020S002500    ,Eixample,la Nova Esquerra de l'Eixample,Aragó,Wednesday,2020-06-10,Laboral,2020,6,June,10,Morning,09:00:00,Unknown,Furgoneta,Female,37,Driver,Unknown,Unknown,On a mission,Uninjured,429362.84,4581954.15,2.15405057,41.384166329
2020S002501    ,Eixample,la Dreta de l'Eixample,Aragó,Wednesday,2020-06-10,Laboral,2020,6,June,10,Morning,10:00:00,Unknown,Furgoneta,Male,48,Driver,Unknown,Unknown,In transit (commuting),Uninjured,430697.4,4583268.1,2.16985995,41.396116811
2020S002501    ,Eixample,la Dreta de l'Eixample,Aragó,Wednesday,2020-06-10,Laboral,2020,6,June,10,Morning,10:00:00,Unknown,Motorcycle,Male,42,Driver,Unknown,Unknown,Unknown,Minor injury: Hospitalization up to 24 hours,430697.4,4583268.1,2.16985995,41.396116811
2020S002502    ,Horta-Guinardó,el Guinardó,Gčnova,Wednesday,2020-06-10,Laboral,2020,6,June,10,Morning,08:00:00,Unknown,Motorcycle,Male,54,Driver,Unknown,Unknown,In transit (commuting),Minor injury: Hospitalization up to 24 hours,430801.42,4585609.09,2.17083633,41.4172103
2020S002503    ,Grŕcia,el Camp d'en Grassot i Grŕcia Nova,Sardenya,Wednesday,2020-06-10,Laboral,2020,6,June,10,Morning,09:00:00,Unknown,Car,Male,51,Driver,Unknown,Unknown,Leisure and entertainment,Uninjured,430197.7,4584877.67,2.16369731,41.410570416
2020S002503    ,Grŕcia,el Camp d'en Grassot i Grŕcia Nova,Sardenya,Wednesday,2020-06-10,Laboral,2020,6,June,10,Morning,09:00:00,Unknown,Motorcycle,Male,50,Driver,Unknown,Unknown,Leisure and entertainment,Minor injury: Medical assistance at accident site,430197.7,4584877.67,2.16369731,41.410570416
2020S002504    ,Les Corts,les Corts,Reina Maria Cristina,Wednesday,2020-06-10,Laboral,2020,6,June,10,Morning,13:00:00,Unknown,Veh. mobilitat personal amb motor,Female,37,Driver,Unknown,Unknown,Leisure and entertainment,Minor injury: Medical assistance at accident site,427177.61,4582432.32,2.12786043,41.388278074
2020S002504    ,Les Corts,les Corts,Reina Maria Cristina,Wednesday,2020-06-10,Laboral,2020,6,June,10,Morning,13:00:00,Unknown,Taxi,Male,61,Driver,Unknown,Unknown,Taxi,Uninjured,427177.61,4582432.32,2.12786043,41.388278074
2020S002505    ,Eixample,la Dreta de l'Eixample,Tetuan,Wednesday,2020-06-10,Laboral,2020,6,June,10,Afternoon,14:00:00,Unknown,Bicicleta,Female,34,Driver,Unknown,Unknown,Leisure and entertainment,Minor injury: Hospitalization up to 24 hours,431161.99,4583081.48,2.17543817,41.394475908
2020S002505    ,Eixample,la Dreta de l'Eixample,Tetuan,Wednesday,2020-06-10,Laboral,2020,6,June,10,Afternoon,14:00:00,Unknown,Car,Female,39,Driver,Unknown,Unknown,Leisure and entertainment,Uninjured,431161.99,4583081.48,2.17543817,41.394475908
2020S002506    ,Nou Barris,les Roquetes,Favčncia,Wednesday,2020-06-10,Laboral,2020,6,June,10,Afternoon,15:00:00,Unknown,Furgoneta,Male,52,Driver,Unknown,Unknown,In transit (commuting),Minor injury: Hospitalization up to 24 hours,431098.98,4588608.65,2.17405451,41.444251842
2020S002506    ,Nou Barris,les Roquetes,Favčncia,Wednesday,2020-06-10,Laboral,2020,6,June,10,Afternoon,15:00:00,Unknown,Car,Male,23,Driver,Unknown,Unknown,Unknown,Uninjured,431098.98,4588608.65,2.17405451,41.444251842
2020S002507    ,Sarriŕ-Sant Gervasi,les Tres Torres,Alt de Gironella,Wednesday,2020-06-10,Laboral,2020,6,June,10,Afternoon,16:00:00,Unknown,Veh. mobilitat personal amb motor,Female,25,Driver,Unknown,Unknown,Unknown,Minor injury: Hospitalization up to 24 hours,427525.48,4583294.8,2.13191751,41.396077523
2020S002507    ,Sarriŕ-Sant Gervasi,les Tres Torres,Alt de Gironella,Wednesday,2020-06-10,Laboral,2020,6,June,10,Afternoon,16:00:00,Unknown,Car,Female,63,Driver,Unknown,Unknown,Unknown,Uninjured,427525.48,4583294.8,2.13191751,41.396077523
2020S002508    ,Sant Andreu,Sant Andreu,Torras i Bages,Thursday,2020-06-04,Laboral,2020,6,June,4,Afternoon,18:00:00,Unknown,Car,Male,26,Driver,Unknown,Unknown,Unknown,Uninjured,432502.08,4587880.25,2.19093096,41.437810654
2020S002508    ,Sant Andreu,Sant Andreu,Torras i Bages,Thursday,2020-06-04,Laboral,2020,6,June,4,Afternoon,18:00:00,Unknown,Bicicleta,Male,17,Driver,Unknown,Unknown,Leisure and entertainment,Minor injury: Hospitalization up to 24 hours,432502.08,4587880.25,2.19093096,41.437810654
2020S002508    ,Sant Andreu,Sant Andreu,Torras i Bages,Thursday,2020-06-04,Laboral,2020,6,June,4,Afternoon,18:00:00,Unknown,Bicicleta,Male,36,Pedestrian,Unknown,Unknown,Unknown,Uninjured,432502.08,4587880.25,2.19093096,41.437810654
2020S002509    ,Ciutat Vella,"Sant Pere, Santa Caterina i la Ribera",Tantarantana,Tuesday,2020-06-09,Laboral,2020,6,June,9,Morning,13:00:00,Unknown,Bicicleta,Male,57,Pedestrian,In pedestrian area,Other activities,Unknown,Minor injury: Hospitalization up to 24 hours,431613.48,4582300.52,2.18092657,41.387480564
2020S002510    ,Unknown,Unknown,Unknown,Wednesday,2020-06-10,Laboral,2020,6,June,10,Afternoon,16:00:00,Unknown,Tractor camió,Male,37,Driver,Unknown,Unknown,Unknown,Uninjured,-1.0,-1.0,-1.4885764,-9.019e-06
2020S002510    ,Unknown,Unknown,Unknown,Wednesday,2020-06-10,Laboral,2020,6,June,10,Afternoon,16:00:00,Unknown,Car,Female,23,Driver,Unknown,Unknown,Unknown,Minor injury: Hospitalization up to 24 hours,-1.0,-1.0,-1.4885764,-9.019e-06
2020S002511    ,Eixample,l'Antiga Esquerra de l'Eixample,Rosselló,Wednesday,2020-06-10,Laboral,2020,6,June,10,Afternoon,18:00:00,Unknown,Motorcycle,Female,27,Passenger,Unknown,Unknown,Unknown,Minor injury: Hospitalization up to 24 hours,429331.41,4582671.38,2.15359099,41.390623415
2020S002511    ,Eixample,l'Antiga Esquerra de l'Eixample,Rosselló,Wednesday,2020-06-10,Laboral,2020,6,June,10,Afternoon,18:00:00,Unknown,Motorcycle,Male,34,Driver,Unknown,Unknown,Unknown,Minor injury: Hospitalization up to 24 hours,429331.41,4582671.38,2.15359099,41.390623415
2020S002511    ,Eixample,l'Antiga Esquerra de l'Eixample,Rosselló,Wednesday,2020-06-10,Laboral,2020,6,June,10,Afternoon,18:00:00,Unknown,Car,Female,38,Driver,Unknown,Unknown,Unknown,Uninjured,429331.41,4582671.38,2.15359099,41.390623415
2020S002512    ,Sarriŕ-Sant Gervasi,el Putxet i el Farró,Balmes,Wednesday,2020-06-10,Laboral,2020,6,June,10,Afternoon,15:00:00,Unknown,Motorcycle,Male,22,Driver,Unknown,Unknown,Unknown,Minor injury: Medical assistance at accident site,428740.53,4583939.95,2.14637471,41.401996794
2020S002512    ,Sarriŕ-Sant Gervasi,el Putxet i el Farró,Balmes,Wednesday,2020-06-10,Laboral,2020,6,June,10,Afternoon,15:00:00,Unknown,Ciclomotor,Male,21,Driver,Unknown,Unknown,On a mission,Uninjured,428740.53,4583939.95,2.14637471,41.401996794
2020S002513    ,Sants-Montjuďc,la Bordeta,Corts Catalanes,Wednesday,2020-06-10,Laboral,2020,6,June,10,Afternoon,15:00:00,Unknown,Motorcycle,Female,28,Driver,Unknown,Unknown,Unknown,Minor injury: Hospitalization up to 24 hours,428120.05,4580176.09,2.13939928,41.368041834
2020S002513    ,Sants-Montjuďc,la Bordeta,Corts Catalanes,Wednesday,2020-06-10,Laboral,2020,6,June,10,Afternoon,15:00:00,Unknown,Car,Male,34,Driver,Unknown,Unknown,Unknown,Uninjured,428120.05,4580176.09,2.13939928,41.368041834
2020S002514    ,Sant Andreu,el Bon Pastor,Litoral (Besňs),Wednesday,2020-06-10,Laboral,2020,6,June,10,Afternoon,16:00:00,Unknown,Car,Female,46,Driver,Unknown,Unknown,In transit (commuting),Minor injury: Hospitalization up to 24 hours,433892.17,4588287.89,2.20752405,41.44159786
2020S002514    ,Sant Andreu,el Bon Pastor,Litoral (Besňs),Wednesday,2020-06-10,Laboral,2020,6,June,10,Afternoon,16:00:00,Unknown,Furgoneta,Male,36,Driver,Unknown,Unknown,Professional goods transport,Uninjured,433892.17,4588287.89,2.20752405,41.44159786
2020S002514    ,Sant Andreu,el Bon Pastor,Litoral (Besňs),Wednesday,2020-06-10,Laboral,2020,6,June,10,Afternoon,16:00:00,Unknown,Tot terreny,Male,64,Driver,Unknown,Unknown,Leisure and entertainment,Uninjured,433892.17,4588287.89,2.20752405,41.44159786
2020S002515    ,Eixample,la Dreta de l'Eixample,Diagonal,Wednesday,2020-06-10,Laboral,2020,6,June,10,Afternoon,14:00:00,Unknown,Car,Male,48,Driver,Unknown,Unknown,Unknown,Uninjured,429809.14,4583287.66,2.15923318,41.396215898
2020S002515    ,Eixample,la Dreta de l'Eixample,Diagonal,Wednesday,2020-06-10,Laboral,2020,6,June,10,Afternoon,14:00:00,Unknown,Autobús,Female,60,Passenger,Unknown,Unknown,Unknown,Minor injury: Hospitalization up to 24 hours,429809.14,4583287.66,2.15923318,41.396215898
2020S002515    ,Eixample,la Dreta de l'Eixample,Diagonal,Wednesday,2020-06-10,Laboral,2020,6,June,10,Afternoon,14:00:00,Unknown,Autobús,Female,46,Passenger,Unknown,Unknown,Unknown,Minor injury: Hospitalization up to 24 hours,429809.14,4583287.66,2.15923318,41.396215898
2020S002515    ,Eixample,la Dreta de l'Eixample,Diagonal,Wednesday,2020-06-10,Laboral,2020,6,June,10,Afternoon,14:00:00,Unknown,Autobús,Female,41,Driver,Unknown,Unknown,Urban bus,Uninjured,429809.14,4583287.66,2.15923318,41.396215898
2020S002516    ,Eixample,la Dreta de l'Eixample,Corts Catalanes,Wednesday,2020-06-10,Laboral,2020,6,June,10,Afternoon,14:00:00,Unknown,Furgoneta,Male,27,Driver,Unknown,Unknown,Unknown,Uninjured,430942.6,4582939.19,2.17283033,41.393175526
2020S002516    ,Eixample,la Dreta de l'Eixample,Corts Catalanes,Wednesday,2020-06-10,Laboral,2020,6,June,10,Afternoon,14:00:00,Unknown,Motorcycle,Female,63,Driver,Unknown,Unknown,Unknown,Minor injury: Hospitalization up to 24 hours,430942.6,4582939.19,2.17283033,41.393175526
2020S002517    ,Unknown,Unknown,Unknown,Wednesday,2020-06-10,Laboral,2020,6,June,10,Afternoon,16:00:00,Unknown,Tractor camió,Male,47,Driver,Unknown,Unknown,Leisure and entertainment,Uninjured,-1.0,-1.0,-1.4885764,-9.019e-06
2020S002518    ,Sarriŕ-Sant Gervasi,les Tres Torres,Nena Casas,Wednesday,2020-06-10,Laboral,2020,6,June,10,Afternoon,15:00:00,Unknown,Car,Female,31,Driver,Unknown,Unknown,Unknown,Uninjured,427425.93,4583295.46,2.13072672,41.396074484
2020S002518    ,Sarriŕ-Sant Gervasi,les Tres Torres,Nena Casas,Wednesday,2020-06-10,Laboral,2020,6,June,10,Afternoon,15:00:00,Unknown,Car,Female,3,Pedestrian,Unknown,Unknown,Unknown,Minor injury: Medical assistance at accident site,427425.93,4583295.46,2.13072672,41.396074484
2020S002519    ,Ciutat Vella,la Barceloneta,Joan Borbó Comte Barcelona,Wednesday,2020-06-10,Laboral,2020,6,June,10,Afternoon,20:00:00,Unknown,Car,Male,35,Driver,Unknown,Unknown,Unknown,Uninjured,432126.67,4581603.07,2.18714225,41.381242303
2020S002519    ,Ciutat Vella,la Barceloneta,Joan Borbó Comte Barcelona,Wednesday,2020-06-10,Laboral,2020,6,June,10,Afternoon,20:00:00,Unknown,Motorcycle,Female,29,Driver,Unknown,Unknown,Unknown,Minor injury: Medical assistance at accident site,432126.67,4581603.07,2.18714225,41.381242303