Case_Number,District_Name,Neighborhood_Name,Street_Name,Day_of_Week,Date,Day_Type_Description,Year,Month_of_Year,Month_Name,Day_of_Month,Shift_Description,Hour_of_Day,Pedestrian_Cause_Description,Involved_Vehicle_Type_Description,Gender_Description,Age,Person_Type_Description,Pedestrian_Accident_Location_Description,Pedestrian_Movement_Reason_Description,Driver_Movement_Reason_Description,Victimization_Description,Coordenada_UTM_X,Coordenada_UTM_Y,Longitud,Latitud
2020S002520    ,Grŕcia,la Vila de Grŕcia,Escorial,Wednesday,2020-06-10,Laboral,2020,6,June,10,Afternoon,21:00:00,Unknown,Motorcycle,Male,34,Driver,Unknown,Unknown,Unknown,Minor injury: Hospitalization up to 24 hours,429856.71,4584696.95,2.15963877,41.408913034
2020S002520    ,Grŕcia,la Vila de Grŕcia,Escorial,Wednesday,2020-06-10,Laboral,2020,6,June,10,Afternoon,21:00:00,Unknown,Car,Male,72,Driver,Unknown,Unknown,In transit (commuting),Uninjured,429856.71,4584696.95,2.15963877,41.408913034
2020S002521    ,Les Corts,Pedralbes,Diagonal,Thursday,2020-06-11,Laboral,2020,6,June,11,Morning,07:00:00,Unknown,Motorcycle,Female,30,Driver,Unknown,Unknown,In transit (commuting),Minor injury: Medical assistance at accident site,425404.65,4581888.6,2.1067238,41.383218483
2020S002521    ,Les Corts,Pedralbes,Diagonal,Thursday,2020-06-11,Laboral,2020,6,June,11,Morning,07:00:00,Unknown,Car,Male,36,Driver,Unknown,Unknown,In transit (commuting),Uninjured,425404.65,4581888.6,2.1067238,41.383218483
2020S002522    ,Les Corts,la Maternitat i Sant Ramon,Diagonal,Thursday,2020-06-11,Laboral,2020,6,June,11,Morning,07:00:00,Unknown,Autobús,Male,49,Driver,Unknown,Unknown,Unknown,Uninjured,425960.02,4582013.56,2.11334992,41.384395273
2020S002522    ,Les Corts,la Maternitat i Sant Ramon,Diagonal,Thursday,2020-06-11,Laboral,2020,6,June,11,Morning,07:00:00,Unknown,Car,Male,24,Driver,Unknown,Unknown,Unknown,Minor injury: Hospitalization up to 24 hours,425960.02,4582013.56,2.11334992,41.384395273
2020S002523    ,Horta-Guinardó,la Teixonera,Dalt (Llobregat),Thursday,2020-06-11,Laboral,2020,6,June,11,Morning,10:00:00,Unknown,Autobús,Male,73,Passenger,Unknown,Unknown,Unknown,Minor injury: Hospitalization up to 24 hours,428315.58,4586172.27,2.14102681,41.422064595
2020S002523    ,Horta-Guinardó,la Teixonera,Dalt (Llobregat),Thursday,2020-06-11,Laboral,2020,6,June,11,Morning,10:00:00,Unknown,Autobús,Male,56,Driver,Unknown,Unknown,Urban bus,Uninjured,428315.58,4586172.27,2.14102681,41.422064595
2020S002524    ,Eixample,l'Antiga Esquerra de l'Eixample,Sarriŕ,Thursday,2020-06-11,Laboral,2020,6,June,11,Morning,13:00:00,Unknown,"Camió rígid <= 3,5 tones",Male,28,Driver,Unknown,Unknown,On a mission,Uninjured,428532.59,4582672.59,2.14403698,41.390563692
2020S002524    ,Eixample,l'Antiga Esquerra de l'Eixample,Sarriŕ,Thursday,2020-06-11,Laboral,2020,6,June,11,Morning,13:00:00,Unknown,Motorcycle,Male,43,Driver,Unknown,Unknown,Unknown,Minor injury: Hospitalization up to 24 hours,428532.59,4582672.59,2.14403698,41.390563692
2020S002525    ,Eixample,la Dreta de l'Eixample,Grŕcia,Thursday,2020-06-11,Laboral,2020,6,June,11,Afternoon,15:00:00,Unknown,Motorcycle,Male,31,Driver,Unknown,Unknown,Leisure and entertainment,Minor injury: Hospitalization up to 24 hours,430445.18,4582603.47,2.16691951,41.390108912
2020S002525    ,Eixample,la Dreta de l'Eixample,Grŕcia,Thursday,2020-06-11,Laboral,2020,6,June,11,Afternoon,15:00:00,Unknown,Car,Female,24,Driver,Unknown,Unknown,Leisure and entertainment,Uninjured,430445.18,4582603.47,2.16691951,41.390108912
2020S002526    ,Sant Martí,el Clot,Valčncia,Monday,2020-06-08,Laboral,2020,6,June,8,Afternoon,17:00:00,Unknown,Car,Female,39,Driver,Unknown,Unknown,In transit (commuting),Uninjured,432385.56,4585102.34,2.18984718,41.412781088
2020S002526    ,Sant Martí,el Clot,Valčncia,Monday,2020-06-08,Laboral,2020,6,June,8,Afternoon,17:00:00,Unknown,Motorcycle,Female,48,Driver,Unknown,Unknown,In transit (commuting),Minor injury: Refused medical assistance,432385.56,4585102.34,2.18984718,41.412781088
2020S002527    ,Horta-Guinardó,el Carmel,Lugo,Thursday,2020-06-11,Laboral,2020,6,June,11,Afternoon,17:00:00,Unknown,"Camió rígid <= 3,5 tones",Male,47,Driver,Unknown,Unknown,On a mission,Unknown,429529.98,4586244.8,2.15554957,41.422825338
2020S002528    ,Sarriŕ-Sant Gervasi,Sant Gervasi - Galvany,Calvet,Thursday,2020-06-11,Laboral,2020,6,June,11,Afternoon,19:00:00,Unknown,Car,Male,49,Driver,Unknown,Unknown,Other activities,Unknown,428465.78,4583144.77,2.14318213,41.394810499
2020S002528    ,Sarriŕ-Sant Gervasi,Sant Gervasi - Galvany,Calvet,Thursday,2020-06-11,Laboral,2020,6,June,11,Afternoon,19:00:00,Unknown,Car,Male,49,Driver,Unknown,Unknown,Unknown,Unknown,428465.78,4583144.77,2.14318213,41.394810499
2020S002529    ,Horta-Guinardó,la Teixonera,Fastenrath,Thursday,2020-06-11,Laboral,2020,6,June,11,Afternoon,18:00:00,Unknown,Furgoneta,Male,27,Driver,Unknown,Unknown,Unknown,Uninjured,428964.41,4586265.81,2.14877955,41.422964732
2020S002529    ,Horta-Guinardó,la Teixonera,Fastenrath,Thursday,2020-06-11,Laboral,2020,6,June,11,Afternoon,18:00:00,Unknown,Motorcycle,Male,28,Driver,Unknown,Unknown,Unknown,Minor injury: Hospitalization up to 24 hours,428964.41,4586265.81,2.14877955,41.422964732
2020S002530    ,Sants-Montjuďc,Sants,Sants,Thursday,2020-06-11,Laboral,2020,6,June,11,Afternoon,17:00:00,Unknown,Car,Female,38,Driver,Unknown,Unknown,Other activities,Uninjured,427834.66,4581024.12,2.13588621,41.375654189
2020S002530    ,Sants-Montjuďc,Sants,Sants,Thursday,2020-06-11,Laboral,2020,6,June,11,Afternoon,17:00:00,Unknown,Altres vehicles amb motor,Female,15,Passenger,Unknown,Unknown,Unknown,Minor injury: Medical assistance at accident site,427834.66,4581024.12,2.13588621,41.375654189
2020S002530    ,Sants-Montjuďc,Sants,Sants,Thursday,2020-06-11,Laboral,2020,6,June,11,Afternoon,17:00:00,Unknown,Altres vehicles amb motor,Female,15,Driver,Unknown,Unknown,Other activities,Minor injury: Medical assistance at accident site,427834.66,4581024.12,2.13588621,41.375654189
2020S002531    ,Eixample,Sant Antoni,Sepúlveda,Wednesday,2020-06-10,Laboral,2020,6,June,10,Afternoon,16:00:00,Unknown,Motorcycle,Male,39,Driver,Unknown,Unknown,Unknown,Minor injury: Medical assistance at accident site,429770.95,4581564.01,2.15897633,41.380688213
2020S002532    ,Sant Martí,Provençals del Poblenou,Perú,Thursday,2020-06-11,Laboral,2020,6,June,11,Afternoon,19:00:00,Unknown,Motorcycle,Male,39,Driver,Unknown,Unknown,Other activities,Minor injury: Hospitalization up to 24 hours,432718.64,4584424.07,2.19390767,41.406700072
2020S002532    ,Sant Martí,Provençals del Poblenou,Perú,Thursday,2020-06-11,Laboral,2020,6,June,11,Afternoon,19:00:00,Unknown,Bicicleta,Male,18,Driver,Unknown,Unknown,Other activities,Uninjured,432718.64,4584424.07,2.19390767,41.406700072
2020S002533    ,Eixample,la Nova Esquerra de l'Eixample,Entença,Thursday,2020-06-11,Laboral,2020,6,June,11,Afternoon,18:00:00,Unknown,Car,Male,23,Driver,Unknown,Unknown,Unknown,Uninjured,429145.96,4581390.41,2.15152289,41.37906983
2020S002533    ,Eixample,la Nova Esquerra de l'Eixample,Entença,Thursday,2020-06-11,Laboral,2020,6,June,11,Afternoon,18:00:00,Unknown,Bicicleta,Male,46,Driver,Unknown,Unknown,Unknown,Minor injury: Hospitalization up to 24 hours,429145.96,4581390.41,2.15152289,41.37906983
2020S002534    ,Eixample,la Dreta de l'Eixample,Diagonal,Thursday,2020-06-11,Laboral,2020,6,June,11,Afternoon,19:00:00,Unknown,Autobús articulat,Female,57,Passenger,Unknown,Unknown,Unknown,Minor injury: Hospitalization up to 24 hours,429996.52,4583348.95,2.16146735,41.396784259
2020S002534    ,Eixample,la Dreta de l'Eixample,Diagonal,Thursday,2020-06-11,Laboral,2020,6,June,11,Afternoon,19:00:00,Unknown,Autobús articulat,Male,45,Driver,Unknown,Unknown,Urban bus,Uninjured,429996.52,4583348.95,2.16146735,41.396784259
2020S002534    ,Eixample,la Dreta de l'Eixample,Diagonal,Thursday,2020-06-11,Laboral,2020,6,June,11,Afternoon,19:00:00,Unknown,Autobús articulat,Female,7,Passenger,Unknown,Unknown,Unknown,Minor injury: Medical assistance at accident site,429996.52,4583348.95,2.16146735,41.396784259
2020S002534    ,Eixample,la Dreta de l'Eixample,Diagonal,Thursday,2020-06-11,Laboral,2020,6,June,11,Afternoon,19:00:00,Unknown,Autobús articulat,Female,45,Passenger,Unknown,Unknown,Unknown,Minor injury: Refused medical assistance,429996.52,4583348.95,2.16146735,41.396784259
2020S002534    ,Eixample,la Dreta de l'Eixample,Diagonal,Thursday,2020-06-11,Laboral,2020,6,June,11,Afternoon,19:00:00,Unknown,Autobús articulat,Female,62,Passenger,Unknown,Unknown,Unknown,Minor injury: Hospitalization up to 24 hours,429996.52,4583348.95,2.16146735,41.396784259
2020S002535    ,Sarriŕ-Sant Gervasi,Sant Gervasi - la Bonanova,Iradier,Thursday,2020-06-11,Laboral,2020,6,June,11,Night,22:00:00,Unknown,Car,Female,43,Driver,Unknown,Unknown,In transit (commuting),Uninjured,426754.78,4584546.33,2.12254773,41.407279644
2020S002535    ,Sarriŕ-Sant Gervasi,Sant Gervasi - la Bonanova,Iradier,Thursday,2020-06-11,Laboral,2020,6,June,11,Night,22:00:00,Unknown,Car,Male,54,Driver,Unknown,Unknown,Unknown,Uninjured,426754.78,4584546.33,2.12254773,41.407279644
2020S002536    ,Nou Barris,Vallbona,Pierola,Thursday,2020-06-11,Laboral,2020,6,June,11,Afternoon,19:00:00,Unknown,Furgoneta,Male,58,Driver,Unknown,Unknown,Leisure and entertainment,Uninjured,431878.06,4590698.38,2.18314413,41.463139781
2020S002536    ,Nou Barris,Vallbona,Pierola,Thursday,2020-06-11,Laboral,2020,6,June,11,Afternoon,19:00:00,Unknown,Ciclomotor,Male,17,Driver,Unknown,Unknown,Leisure and entertainment,Minor injury: Hospitalization up to 24 hours,431878.06,4590698.38,2.18314413,41.463139781
2020S002536    ,Nou Barris,Vallbona,Pierola,Thursday,2020-06-11,Laboral,2020,6,June,11,Afternoon,19:00:00,Unknown,Ciclomotor,Male,18,Passenger,Unknown,Unknown,Unknown,Minor injury: Hospitalization up to 24 hours,431878.06,4590698.38,2.18314413,41.463139781
2020S002537    ,Sant Martí,el Besňs i el Maresme,Llull,Thursday,2020-06-11,Laboral,2020,6,June,11,Afternoon,19:00:00,Unknown,Motorcycle,Male,47,Driver,Unknown,Unknown,In transit (commuting),Minor injury: Hospitalization up to 24 hours,434806.97,4585147.3,2.21881264,41.413386218
2020S002537    ,Sant Martí,el Besňs i el Maresme,Llull,Thursday,2020-06-11,Laboral,2020,6,June,11,Afternoon,19:00:00,Unknown,Car,Female,26,Driver,Unknown,Unknown,Unknown,Uninjured,434806.97,4585147.3,2.21881264,41.413386218
2020S002538    ,Grŕcia,el Camp d'en Grassot i Grŕcia Nova,Ca l'Alegre de Dalt,Thursday,2020-06-11,Laboral,2020,6,June,11,Afternoon,19:00:00,Unknown,Furgoneta,Male,50,Driver,Unknown,Unknown,Unknown,Uninjured,430145.18,4584475.42,2.16311543,41.406942926
2020S002538    ,Grŕcia,el Camp d'en Grassot i Grŕcia Nova,Ca l'Alegre de Dalt,Thursday,2020-06-11,Laboral,2020,6,June,11,Afternoon,19:00:00,Unknown,Motorcycle,Male,40,Driver,Unknown,Unknown,Unknown,Minor injury: Hospitalization up to 24 hours,430145.18,4584475.42,2.16311543,41.406942926
2020S002539    ,Sant Andreu,el Bon Pastor,Litoral (Besňs),Friday,2020-06-12,Laboral,2020,6,June,12,Night,02:00:00,Unknown,Motorcycle,Male,30,Driver,Unknown,Unknown,Leisure and entertainment,Minor injury: Medical assistance at accident site,433806.8,4588470.27,2.20648221,41.443233462
2020S002539    ,Sant Andreu,el Bon Pastor,Litoral (Besňs),Friday,2020-06-12,Laboral,2020,6,June,12,Night,02:00:00,Unknown,Motorcycle,Female,23,Passenger,Unknown,Unknown,Unknown,Minor injury: Refused medical assistance,433806.8,4588470.27,2.20648221,41.443233462
2020S002540    ,Eixample,l'Antiga Esquerra de l'Eixample,Provença,Friday,2020-06-12,Laboral,2020,6,June,12,Morning,10:00:00,Unknown,Car,Female,31,Driver,Unknown,Unknown,Leisure and entertainment,Uninjured,429429.69,4582581.1,2.15477694,41.389818928
2020S002540    ,Eixample,l'Antiga Esquerra de l'Eixample,Provença,Friday,2020-06-12,Laboral,2020,6,June,12,Morning,10:00:00,Unknown,Motorcycle,Male,29,Driver,Unknown,Unknown,On a mission,Minor injury: Medical assistance at accident site,429429.69,4582581.1,2.15477694,41.389818928
2020S002541    ,Eixample,el Fort Pienc,Corts Catalanes,Friday,2020-06-12,Laboral,2020,6,June,12,Morning,08:00:00,Unknown,Motorcycle,Female,25,Driver,Unknown,Unknown,On a mission,Minor injury: Medical assistance at accident site,431756.23,4583735.03,2.18247205,41.400412919
2020S002541    ,Eixample,el Fort Pienc,Corts Catalanes,Friday,2020-06-12,Laboral,2020,6,June,12,Morning,08:00:00,Unknown,Motorcycle,Male,61,Driver,Unknown,Unknown,Leisure and entertainment,Minor injury: Medical assistance at accident site,431756.23,4583735.03,2.18247205,41.400412919
2020S002542    ,Horta-Guinardó,el Carmel,Gran Vista,Friday,2020-06-12,Laboral,2020,6,June,12,Morning,09:00:00,Unknown,Autobús,Male,35,Driver,Unknown,Unknown,Urban bus,Uninjured,430072.22,4585997.73,2.16206656,41.420647476
2020S002542    ,Horta-Guinardó,el Carmel,Gran Vista,Friday,2020-06-12,Laboral,2020,6,June,12,Morning,09:00:00,Unknown,Motorcycle,Male,27,Driver,Unknown,Unknown,Unknown,Minor injury: Medical assistance at accident site,430072.22,4585997.73,2.16206656,41.420647476
2020S002543    ,Sants-Montjuďc,el Poble-sec,Miramar,Friday,2020-06-12,Laboral,2020,6,June,12,Morning,10:00:00,Unknown,"Camió rígid <= 3,5 tones",Male,39,Driver,Unknown,Unknown,Professional goods transport,Uninjured,430097.6,4580243.88,2.16303479,41.368826656
2020S002544    ,Sant Martí,el Clot,Las Navas de Tolosa,Friday,2020-06-12,Laboral,2020,6,June,12,Morning,10:00:00,Unknown,Car,Male,43,Driver,Unknown,Unknown,"Firefighters, police, ambulance",Uninjured,432383.36,4585119.4,2.18981895,41.412934557
2020S002544    ,Sant Martí,el Clot,Las Navas de Tolosa,Friday,2020-06-12,Laboral,2020,6,June,12,Morning,10:00:00,Unknown,Motorcycle,Male,35,Driver,Unknown,Unknown,Unknown,Minor injury: Hospitalization up to 24 hours,432383.36,4585119.4,2.18981895,41.412934557
2020S002545    ,Eixample,la Dreta de l'Eixample,Ausiŕs Marc,Friday,2020-06-12,Laboral,2020,6,June,12,Morning,12:00:00,Unknown,Motorcycle,Male,31,Driver,Unknown,Unknown,Other activities,Minor injury: Medical assistance at accident site,430999.88,4582579.15,2.17355647,41.389937673
2020S002545    ,Eixample,la Dreta de l'Eixample,Ausiŕs Marc,Friday,2020-06-12,Laboral,2020,6,June,12,Morning,12:00:00,Unknown,Taxi,Male,47,Driver,Unknown,Unknown,Other activities,Uninjured,430999.88,4582579.15,2.17355647,41.389937673
2020S002546    ,Eixample,l'Antiga Esquerra de l'Eixample,Muntaner,Friday,2020-06-12,Laboral,2020,6,June,12,Morning,10:00:00,Unknown,Motorcycle,Male,41,Driver,Unknown,Unknown,Unknown,Minor injury: Refused medical assistance,429688.81,4582335.34,2.15790452,41.387628154
2020S002547    ,Sarriŕ-Sant Gervasi,les Tres Torres,Mig (Descendent),Friday,2020-06-12,Laboral,2020,6,June,12,Morning,08:00:00,Unknown,Car,Female,45,Driver,Unknown,Unknown,Unknown,Uninjured,427601.03,4583483.71,2.13279856,41.397785768
2020S002548    ,Eixample,la Nova Esquerra de l'Eixample,Roma,Friday,2020-06-12,Laboral,2020,6,June,12,Afternoon,14:00:00,Desobeir el senyal del semŕfor,Motorcycle,Female,43,Driver,In crossing regulated by traffic lights,Unknown,Leisure and entertainment,Minor injury: Hospitalization up to 24 hours,429033.03,4581850.37,2.1501186,41.383202577
2020S002548    ,Eixample,la Nova Esquerra de l'Eixample,Roma,Friday,2020-06-12,Laboral,2020,6,June,12,Afternoon,14:00:00,Desobeir el senyal del semŕfor,Motorcycle,Female,47,Pedestrian,In crossing regulated by traffic lights,Unknown,Unknown,Uninjured,429033.03,4581850.37,2.1501186,41.383202577
2020S002548    ,Eixample,la Nova Esquerra de l'Eixample,Roma,Friday,2020-06-12,Laboral,2020,6,June,12,Afternoon,14:00:00,Desobeir el senyal del semŕfor,Motorcycle,Female,10,Pedestrian,In crossing regulated by traffic lights,Leisure and entertainment,Unknown,Minor injury: Medical assistance at accident site,429033.03,4581850.37,2.1501186,41.383202577
2020S002549    ,Sants-Montjuďc,Hostafrancs,Tarragona,Friday,2020-06-12,Laboral,2020,6,June,12,Afternoon,15:00:00,Unknown,Motorcycle,Female,41,Driver,Unknown,Unknown,Unknown,Minor injury: Hospitalization up to 24 hours,428738.46,4581203.33,2.14667207,41.377348858
2020S002549    ,Sants-Montjuďc,Hostafrancs,Tarragona,Friday,2020-06-12,Laboral,2020,6,June,12,Afternoon,15:00:00,Unknown,"Camió rígid <= 3,5 tones",Male,33,Driver,Unknown,Unknown,Unknown,Uninjured,428738.46,4581203.33,2.14667207,41.377348858
2020S002550    ,Eixample,Sant Antoni,Sepúlveda,Friday,2020-06-12,Laboral,2020,6,June,12,Morning,13:00:00,Creuar per fora pas de vianants,Car,Male,74,Driver,Outside the crossing,Unknown,Unknown,Uninjured,429762.34,4581555.64,2.15887434,41.380612075
2020S002550    ,Eixample,Sant Antoni,Sepúlveda,Friday,2020-06-12,Laboral,2020,6,June,12,Morning,13:00:00,Creuar per fora pas de vianants,Car,Female,89,Pedestrian,Outside the crossing,Unknown,Unknown,Minor injury: Hospitalization up to 24 hours,429762.34,4581555.64,2.15887434,41.380612075
2020S002551    ,Nou Barris,Canyelles,Favčncia,Friday,2020-06-12,Laboral,2020,6,June,12,Afternoon,14:00:00,Unknown,Car,Female,55,Passenger,Unknown,Unknown,Unknown,Minor injury: Medical assistance at accident site,430845.69,4588484.33,2.1710369,41.443110349
2020S002551    ,Nou Barris,Canyelles,Favčncia,Friday,2020-06-12,Laboral,2020,6,June,12,Afternoon,14:00:00,Unknown,Furgoneta,Male,37,Driver,Unknown,Unknown,On a mission,Uninjured,430845.69,4588484.33,2.1710369,41.443110349
2020S002551    ,Nou Barris,Canyelles,Favčncia,Friday,2020-06-12,Laboral,2020,6,June,12,Afternoon,14:00:00,Unknown,Car,Female,25,Driver,Unknown,Unknown,Other activities,Uninjured,430845.69,4588484.33,2.1710369,41.443110349
2020S002552    ,Sant Andreu,el Congrés i els Indians,Ramon Albó,Friday,2020-06-12,Laboral,2020,6,June,12,Afternoon,16:00:00,Unknown,Autobús articulat,Male,83,Passenger,Unknown,Unknown,Unknown,Minor injury: Hospitalization up to 24 hours,431361.16,4586579.63,2.17742336,41.42599966
2020S002552    ,Sant Andreu,el Congrés i els Indians,Ramon Albó,Friday,2020-06-12,Laboral,2020,6,June,12,Afternoon,16:00:00,Unknown,Autobús articulat,Male,43,Driver,Unknown,Unknown,Urban bus,Uninjured,431361.16,4586579.63,2.17742336,41.42599966
2020S002553    ,Grŕcia,la Salut,Sors,Friday,2020-06-12,Laboral,2020,6,June,12,Afternoon,15:00:00,Unknown,Autobús articulat,Female,56,Passenger,Unknown,Unknown,Unknown,Minor injury: Hospitalization up to 24 hours,429659.95,4584896.36,2.15726167,41.410691843
2020S002553    ,Grŕcia,la Salut,Sors,Friday,2020-06-12,Laboral,2020,6,June,12,Afternoon,15:00:00,Unknown,Autobús articulat,Female,42,Driver,Unknown,Unknown,Urban bus,Uninjured,429659.95,4584896.36,2.15726167,41.410691843
2020S002554    ,Eixample,la Dreta de l'Eixample,Sant Joan,Friday,2020-06-12,Laboral,2020,6,June,12,Afternoon,18:00:00,Unknown,Motorcycle,Male,23,Driver,Unknown,Unknown,Unknown,Minor injury: Medical assistance at accident site,430785.85,4583559.0,2.17088464,41.398744478
2020S002554    ,Eixample,la Dreta de l'Eixample,Sant Joan,Friday,2020-06-12,Laboral,2020,6,June,12,Afternoon,18:00:00,Unknown,Tot terreny,Female,46,Driver,Unknown,Unknown,Unknown,Uninjured,430785.85,4583559.0,2.17088464,41.398744478
2020S002554    ,Eixample,la Dreta de l'Eixample,Sant Joan,Friday,2020-06-12,Laboral,2020,6,June,12,Afternoon,18:00:00,Unknown,Motorcycle,Female,20,Passenger,Unknown,Unknown,Unknown,Minor injury: Medical assistance at accident site,430785.85,4583559.0,2.17088464,41.398744478
2020S002555    ,Eixample,la Nova Esquerra de l'Eixample,Llança,Friday,2020-06-12,Laboral,2020,6,June,12,Afternoon,20:00:00,Unknown,Car,Male,26,Driver,Unknown,Unknown,In transit (commuting),Minor injury: Hospitalization up to 24 hours,429029.91,4581097.04,2.15016955,41.376417311
2020S002555    ,Eixample,la Nova Esquerra de l'Eixample,Llança,Friday,2020-06-12,Laboral,2020,6,June,12,Afternoon,20:00:00,Unknown,Furgoneta,Male,20,Driver,Unknown,Unknown,On a mission,Uninjured,429029.91,4581097.04,2.15016955,41.376417311
2020S002556    ,Ciutat Vella,el Raval,Peracamps,Friday,2020-06-12,Laboral,2020,6,June,12,Afternoon,18:00:00,Unknown,Motorcycle,Male,31,Driver,Unknown,Unknown,Unknown,Minor injury: Hospitalization up to 24 hours,431091.91,4581012.06,2.17483546,41.375831232
2020S002556    ,Ciutat Vella,el Raval,Peracamps,Friday,2020-06-12,Laboral,2020,6,June,12,Afternoon,18:00:00,Unknown,Car,Male,31,Driver,Unknown,Unknown,Other activities,Uninjured,431091.91,4581012.06,2.17483546,41.375831232
2020S002557    ,Nou Barris,el Turó de la Peira,Doctor Pi i Molist,Friday,2020-06-12,Laboral,2020,6,June,12,Afternoon,20:00:00,Creuar per fora pas de vianants,Ciclomotor,Female,18,Pedestrian,Outside the crossing,Unknown,Unknown,Uninjured,431001.96,4587397.36,2.17303159,41.43333387
2020S002557    ,Nou Barris,el Turó de la Peira,Doctor Pi i Molist,Friday,2020-06-12,Laboral,2020,6,June,12,Afternoon,20:00:00,Creuar per fora pas de vianants,Ciclomotor,Male,14,Pedestrian,Outside the crossing,Leisure and entertainment,Unknown,Minor injury: Hospitalization up to 24 hours,431001.96,4587397.36,2.17303159,41.43333387
2020S002557    ,Nou Barris,el Turó de la Peira,Doctor Pi i Molist,Friday,2020-06-12,Laboral,2020,6,June,12,Afternoon,20:00:00,Creuar per fora pas de vianants,Ciclomotor,Male,38,Driver,Outside the crossing,Unknown,Leisure and entertainment,Minor injury: Hospitalization up to 24 hours,431001.96,4587397.36,2.17303159,41.43333387
2020S002558    ,Nou Barris,el Turó de la Peira,Fabra i Puig,Friday,2020-06-12,Laboral,2020,6,June,12,Night,22:00:00,Unknown,Motorcycle,Female,38,Driver,Unknown,Unknown,Unknown,Minor injury: Hospitalization up to 24 hours,431087.47,4587076.26,2.17409159,41.430449184
2020S002558    ,Nou Barris,el Turó de la Peira,Fabra i Puig,Friday,2020-06-12,Laboral,2020,6,June,12,Night,22:00:00,Unknown,Car,Male,48,Driver,Unknown,Unknown,Leisure and entertainment,Uninjured,431087.47,4587076.26,2.17409159,41.430449184
2020S002559    ,Eixample,Sant Antoni,Sant Antoni,Friday,2020-06-12,Laboral,2020,6,June,12,Afternoon,21:00:00,Unknown,Furgoneta,Male,56,Driver,Unknown,Unknown,Unknown,Uninjured,430166.03,4581957.28,2.16365543,41.384264681
2020S002559    ,Eixample,Sant Antoni,Sant Antoni,Friday,2020-06-12,Laboral,2020,6,June,12,Afternoon,21:00:00,Unknown,Bicicleta,Female,20,Driver,Unknown,Unknown,Unknown,Minor injury: Hospitalization up to 24 hours,430166.03,4581957.28,2.16365543,41.384264681
2020S002559    ,Eixample,Sant Antoni,Sant Antoni,Friday,2020-06-12,Laboral,2020,6,June,12,Afternoon,21:00:00,Unknown,Car,Female,21,Driver,Unknown,Unknown,Unknown,Minor injury: Hospitalization up to 24 hours,430166.03,4581957.28,2.16365543,41.384264681
2020S002559    ,Eixample,Sant Antoni,Sant Antoni,Friday,2020-06-12,Laboral,2020,6,June,12,Afternoon,21:00:00,Unknown,Car,Male,24,Passenger,Unknown,Unknown,Unknown,Minor injury: Hospitalization up to 24 hours,430166.03,4581957.28,2.16365543,41.384264681
2020S002560    ,Eixample,la Dreta de l'Eixample,Corts Catalanes,Saturday,2020-06-13,Laboral,2020,6,June,13,Night,00:00:00,Unknown,Autobús,Male,50,Driver,Unknown,Unknown,Regular line bus,Uninjured,430307.64,4582245.3,2.16531577,41.386871075
2020S002560    ,Eixample,la Dreta de l'Eixample,Corts Catalanes,Saturday,2020-06-13,Laboral,2020,6,June,13,Night,00:00:00,Unknown,Car,Male,60,Driver,Unknown,Unknown,Taxi,Uninjured,430307.64,4582245.3,2.16531577,41.386871075
2020S002560    ,Eixample,la Dreta de l'Eixample,Corts Catalanes,Saturday,2020-06-13,Laboral,2020,6,June,13,Night,00:00:00,Unknown,Autobús,Female,53,Passenger,Unknown,Unknown,Unknown,Minor injury: Medical assistance at accident site,430307.64,4582245.3,2.16531577,41.386871075
2020S002561    ,Eixample,la Dreta de l'Eixample,Corts Catalanes,Saturday,2020-06-13,Laboral,2020,6,June,13,Night,03:00:00,Unknown,Car,Male,29,Driver,Unknown,Unknown,On a mission,Uninjured,430491.76,4582425.23,2.16749707,41.388507589
2020S002561    ,Eixample,la Dreta de l'Eixample,Corts Catalanes,Saturday,2020-06-13,Laboral,2020,6,June,13,Night,03:00:00,Unknown,Taxi,Male,47,Driver,Unknown,Unknown,Taxi,Uninjured,430491.76,4582425.23,2.16749707,41.388507589
2020S002562    ,Eixample,la Dreta de l'Eixample,Valčncia,Saturday,2020-06-13,Laboral,2020,6,June,13,Night,03:00:00,Unknown,Motorcycle,Female,53,Passenger,Unknown,Unknown,Unknown,Minor injury: Medical assistance at accident site,430417.66,4583175.18,2.16652465,41.395255741
2020S002562    ,Eixample,la Dreta de l'Eixample,Valčncia,Saturday,2020-06-13,Laboral,2020,6,June,13,Night,03:00:00,Unknown,Motorcycle,Male,53,Driver,Unknown,Unknown,Leisure and entertainment,Minor injury: Refused medical assistance,430417.66,4583175.18,2.16652465,41.395255741
2020S002563    ,Sarriŕ-Sant Gervasi,les Tres Torres,General Mitre,Saturday,2020-06-13,Laboral,2020,6,June,13,Night,03:00:00,Unknown,Motorcycle,Male,60,Driver,Unknown,Unknown,Unknown,Minor injury: Hospitalization up to 24 hours,427678.99,4583241.88,2.13375996,41.395614721
2020S002565    ,Sants-Montjuďc,la Marina del Prat Vermell,Número 5 Zona Franca,Saturday,2020-06-13,Laboral,2020,6,June,13,Morning,08:00:00,Unknown,Furgoneta,Male,32,Driver,Unknown,Unknown,On a mission,Uninjured,427371.72,4575287.78,2.13103754,41.32394722
2020S002565    ,Sants-Montjuďc,la Marina del Prat Vermell,Número 5 Zona Franca,Saturday,2020-06-13,Laboral,2020,6,June,13,Morning,08:00:00,Unknown,Motorcycle,Male,26,Driver,Unknown,Unknown,In transit (commuting),Minor injury: Medical assistance at accident site,427371.72,4575287.78,2.13103754,41.32394722