Case_Number,District_Name,Neighborhood_Name,Street_Name,Day_of_Week,Date,Day_Type_Description,Year,Month_of_Year,Month_Name,Day_of_Month,Shift_Description,Hour_of_Day,Pedestrian_Cause_Description,Involved_Vehicle_Type_Description,Gender_Description,Age,Person_Type_Description,Pedestrian_Accident_Location_Description,Pedestrian_Movement_Reason_Description,Driver_Movement_Reason_Description,Victimization_Description,Coordenada_UTM_X,Coordenada_UTM_Y,Longitud,Latitud
2020S002610    ,Horta-Guinardó,la Font d'en Fargues,Pedrell,Wednesday,2020-06-17,Laboral,2020,6,June,17,Morning,13:00:00,Unknown,Car,Male,75,Driver,Unknown,Unknown,Other activities,Uninjured,430327.49,4586413.08,2.16507312,41.424410569
2020S002610    ,Horta-Guinardó,la Font d'en Fargues,Pedrell,Wednesday,2020-06-17,Laboral,2020,6,June,17,Morning,13:00:00,Unknown,Motorcycle,Male,42,Driver,Unknown,Unknown,Unknown,Minor injury: Medical assistance at accident site,430327.49,4586413.08,2.16507312,41.424410569
2020S002611    ,Sant Martí,Diagonal Mar i el Front Marítim del Poblenou,Provençals,Wednesday,2020-06-17,Laboral,2020,6,June,17,Afternoon,15:00:00,Unknown,Furgoneta,Female,27,Driver,Unknown,Unknown,On a mission,Minor injury: Hospitalization up to 24 hours,434090.24,4584334.84,2.21032598,41.406010096
2020S002611    ,Sant Martí,Diagonal Mar i el Front Marítim del Poblenou,Provençals,Wednesday,2020-06-17,Laboral,2020,6,June,17,Afternoon,15:00:00,Unknown,Car,Male,50,Driver,Unknown,Unknown,Leisure and entertainment,Uninjured,434090.24,4584334.84,2.21032598,41.406010096
2020S002612    ,Eixample,la Dreta de l'Eixample,Catalunya,Wednesday,2020-06-17,Laboral,2020,6,June,17,Afternoon,15:00:00,Unknown,Car,Male,33,Driver,Unknown,Unknown,Unknown,Uninjured,430605.51,4582330.16,2.16886838,41.387661149
2020S002612    ,Eixample,la Dreta de l'Eixample,Catalunya,Wednesday,2020-06-17,Laboral,2020,6,June,17,Afternoon,15:00:00,Unknown,Motorcycle,Female,48,Passenger,Unknown,Unknown,Unknown,Minor injury: Medical assistance at accident site,430605.51,4582330.16,2.16886838,41.387661149
2020S002612    ,Eixample,la Dreta de l'Eixample,Catalunya,Wednesday,2020-06-17,Laboral,2020,6,June,17,Afternoon,15:00:00,Unknown,Motorcycle,Male,48,Driver,Unknown,Unknown,Unknown,Uninjured,430605.51,4582330.16,2.16886838,41.387661149
2020S002613    ,Sants-Montjuďc,el Poble-sec,Nou de la Rambla,Wednesday,2020-06-17,Laboral,2020,6,June,17,Afternoon,16:00:00,Unknown,Furgoneta,Male,53,Driver,Unknown,Unknown,On a mission,Uninjured,430527.56,4580730.87,2.16811958,41.373250084
2020S002613    ,Sants-Montjuďc,el Poble-sec,Nou de la Rambla,Wednesday,2020-06-17,Laboral,2020,6,June,17,Afternoon,16:00:00,Unknown,Motorcycle,Male,50,Passenger,Unknown,Unknown,Unknown,Uninjured,430527.56,4580730.87,2.16811958,41.373250084
2020S002613    ,Sants-Montjuďc,el Poble-sec,Nou de la Rambla,Wednesday,2020-06-17,Laboral,2020,6,June,17,Afternoon,16:00:00,Unknown,Motorcycle,Male,24,Driver,Unknown,Unknown,Unknown,Minor injury: Hospitalization up to 24 hours,430527.56,4580730.87,2.16811958,41.373250084
2020S002614    ,Les Corts,les Corts,Galileu,Wednesday,2020-06-17,Laboral,2020,6,June,17,Afternoon,17:00:00,Unknown,Car,Male,20,Driver,Unknown,Unknown,Leisure and entertainment,Uninjured,427642.71,4581661.8,2.13351486,41.381380289
2020S002615    ,Nou Barris,Vilapicina i la Torre Llobeta,Fabra i Puig,Wednesday,2020-06-17,Laboral,2020,6,June,17,Morning,11:00:00,Unknown,Furgoneta,Male,32,Driver,Unknown,Unknown,In transit (commuting),Uninjured,431218.87,4587044.47,2.17566773,41.430174133
2020S002615    ,Nou Barris,Vilapicina i la Torre Llobeta,Fabra i Puig,Wednesday,2020-06-17,Laboral,2020,6,June,17,Morning,11:00:00,Unknown,Furgoneta,Male,25,Driver,Unknown,Unknown,In transit (commuting),Minor injury: Refused medical assistance,431218.87,4587044.47,2.17566773,41.430174133
2020S002616    ,Grŕcia,Vallcarca i els Penitents,Vallcarca,Wednesday,2020-06-17,Laboral,2020,6,June,17,Afternoon,17:00:00,Unknown,Car,Female,51,Driver,Unknown,Unknown,Other activities,Uninjured,429004.65,4584631.33,2.14945299,41.408247172
2020S002616    ,Grŕcia,Vallcarca i els Penitents,Vallcarca,Wednesday,2020-06-17,Laboral,2020,6,June,17,Afternoon,17:00:00,Unknown,Ciclomotor,Female,28,Driver,Unknown,Unknown,In transit (commuting),Minor injury: Medical assistance at accident site,429004.65,4584631.33,2.14945299,41.408247172
2020S002617    ,Sants-Montjuďc,Sants,Madrid,Wednesday,2020-06-17,Laboral,2020,6,June,17,Afternoon,18:00:00,Unknown,Motorcycle,Male,28,Driver,Unknown,Unknown,Unknown,Minor injury: Hospitalization up to 24 hours,427634.89,4581614.63,2.13342698,41.380954743
2020S002617    ,Sants-Montjuďc,Sants,Madrid,Wednesday,2020-06-17,Laboral,2020,6,June,17,Afternoon,18:00:00,Unknown,Car,Male,34,Driver,Unknown,Unknown,Unknown,Uninjured,427634.89,4581614.63,2.13342698,41.380954743
2020S002618    ,Sant Martí,Provençals del Poblenou,Cristóbal de Moura,Wednesday,2020-06-17,Laboral,2020,6,June,17,Morning,13:00:00,Unknown,Motorcycle,Male,51,Driver,Unknown,Unknown,Leisure and entertainment,Minor injury: Hospitalization up to 24 hours,433363.56,4584493.06,2.2016153,41.407375198
2020S002618    ,Sant Martí,Provençals del Poblenou,Cristóbal de Moura,Wednesday,2020-06-17,Laboral,2020,6,June,17,Morning,13:00:00,Unknown,Motorcycle,Male,47,Driver,Unknown,Unknown,Leisure and entertainment,Uninjured,433363.56,4584493.06,2.2016153,41.407375198
2020S002619    ,Sant Martí,el Clot,Aragó,Wednesday,2020-06-17,Laboral,2020,6,June,17,Afternoon,18:00:00,Unknown,Motorcycle,Male,47,Driver,Unknown,Unknown,Unknown,Uninjured,431965.21,4584468.26,2.18488938,41.407034627
2020S002619    ,Sant Martí,el Clot,Aragó,Wednesday,2020-06-17,Laboral,2020,6,June,17,Afternoon,18:00:00,Unknown,Motorcycle,Female,28,Driver,Unknown,Unknown,Unknown,Minor injury: Hospitalization up to 24 hours,431965.21,4584468.26,2.18488938,41.407034627
2020S002620    ,Sants-Montjuďc,Sants,Galileu,Wednesday,2020-06-17,Laboral,2020,6,June,17,Afternoon,20:00:00,Unknown,Car,Male,34,Driver,Unknown,Unknown,In transit (commuting),Uninjured,427646.23,4581616.08,2.13356241,41.380968823
2020S002620    ,Sants-Montjuďc,Sants,Galileu,Wednesday,2020-06-17,Laboral,2020,6,June,17,Afternoon,20:00:00,Unknown,Motorcycle,Male,76,Driver,Unknown,Unknown,Leisure and entertainment,Minor injury: Hospitalization up to 24 hours,427646.23,4581616.08,2.13356241,41.380968823
2020S002621    ,Grŕcia,la Salut,Pompeu Fabra,Wednesday,2020-06-17,Laboral,2020,6,June,17,Afternoon,20:00:00,Creuar per fora pas de vianants,Car,Female,3,Pedestrian,Outside the crossing,Unknown,Unknown,Minor injury: Hospitalization up to 24 hours,429798.14,4585308.18,2.15886712,41.414413043
2020S002621    ,Grŕcia,la Salut,Pompeu Fabra,Wednesday,2020-06-17,Laboral,2020,6,June,17,Afternoon,20:00:00,Creuar per fora pas de vianants,Car,Male,19,Driver,Outside the crossing,Unknown,Unknown,Uninjured,429798.14,4585308.18,2.15886712,41.414413043
2020S002622    ,Sant Martí,el Camp de l'Arpa del Clot,Aragó,Wednesday,2020-06-17,Laboral,2020,6,June,17,Afternoon,21:00:00,Unknown,Car,Male,48,Driver,Unknown,Unknown,Leisure and entertainment,Uninjured,431865.51,4584401.58,2.18370417,41.406425611
2020S002622    ,Sant Martí,el Camp de l'Arpa del Clot,Aragó,Wednesday,2020-06-17,Laboral,2020,6,June,17,Afternoon,21:00:00,Unknown,Motorcycle,Male,44,Driver,Unknown,Unknown,Leisure and entertainment,Minor injury: Hospitalization up to 24 hours,431865.51,4584401.58,2.18370417,41.406425611
2020S002622    ,Sant Martí,el Camp de l'Arpa del Clot,Aragó,Wednesday,2020-06-17,Laboral,2020,6,June,17,Afternoon,21:00:00,Unknown,Motorcycle,Male,37,Passenger,Unknown,Unknown,Unknown,Minor injury: Hospitalization up to 24 hours,431865.51,4584401.58,2.18370417,41.406425611
2020S002623    ,Horta-Guinardó,el Guinardó,Guinardó,Wednesday,2020-06-17,Laboral,2020,6,June,17,Night,22:00:00,Unknown,Bicicleta,Male,43,Driver,Unknown,Unknown,Unknown,Minor injury: Medical assistance at accident site,431348.28,4586302.73,2.17730069,41.423504615
2020S002623    ,Horta-Guinardó,el Guinardó,Guinardó,Wednesday,2020-06-17,Laboral,2020,6,June,17,Night,22:00:00,Unknown,Veh. mobilitat personal amb motor,Female,29,Driver,Unknown,Unknown,In transit (commuting),Minor injury: Hospitalization up to 24 hours,431348.28,4586302.73,2.17730069,41.423504615
2020S002624    ,Sants-Montjuďc,Hostafrancs,Tarragona,Thursday,2020-06-18,Laboral,2020,6,June,18,Night,02:00:00,Unknown,Motorcycle,Male,53,Driver,Unknown,Unknown,Unknown,Minor injury: Refused medical assistance,428686.46,4581256.39,2.14604403,41.377822142
2020S002625    ,Sants-Montjuďc,el Poble-sec,Litoral (Llobregat),Thursday,2020-06-18,Laboral,2020,6,June,18,Night,02:00:00,Unknown,Motorcycle,Female,26,Driver,Unknown,Unknown,Leisure and entertainment,Minor injury: Hospitalization up to 24 hours,430902.66,4580114.52,2.17267488,41.367731095
2020S002626    ,Sants-Montjuďc,la Marina del Prat Vermell,E Zona Franca,Thursday,2020-06-18,Laboral,2020,6,June,18,Night,04:00:00,Unknown,Car,Male,42,Driver,Unknown,Unknown,In transit (commuting),Minor injury: Hospitalization up to 24 hours,427128.64,4576391.44,2.12800085,41.333865599
2020S002627    ,Sarriŕ-Sant Gervasi,Sant Gervasi - la Bonanova,Isaac Newton,Thursday,2020-06-18,Laboral,2020,6,June,18,Morning,07:00:00,Unknown,Motorcycle,Male,39,Driver,Unknown,Unknown,In transit (commuting),Minor injury: Medical assistance at accident site,427572.51,4585301.47,2.13223978,41.414155002
2020S002627    ,Sarriŕ-Sant Gervasi,Sant Gervasi - la Bonanova,Isaac Newton,Thursday,2020-06-18,Laboral,2020,6,June,18,Morning,07:00:00,Unknown,Furgoneta,Male,50,Driver,Unknown,Unknown,In transit (commuting),Uninjured,427572.51,4585301.47,2.13223978,41.414155002
2020S002628    ,Eixample,el Fort Pienc,Consell de Cent,Thursday,2020-06-18,Laboral,2020,6,June,18,Morning,08:00:00,Unknown,Bicicleta,Female,61,Pedestrian,Others,Unknown,Unknown,Minor injury: Hospitalization up to 24 hours,431345.24,4583677.61,2.17756235,41.399860747
2020S002629    ,Horta-Guinardó,el Guinardó,Maspons i Labrós,Thursday,2020-06-18,Laboral,2020,6,June,18,Morning,08:00:00,Unknown,Motorcycle,Female,58,Driver,Unknown,Unknown,In transit (commuting),Minor injury: Hospitalization up to 24 hours,431070.08,4585797.0,2.1740294,41.418925845
2020S002629    ,Horta-Guinardó,el Guinardó,Maspons i Labrós,Thursday,2020-06-18,Laboral,2020,6,June,18,Morning,08:00:00,Unknown,Car,Female,66,Driver,Unknown,Unknown,Unknown,Uninjured,431070.08,4585797.0,2.1740294,41.418925845
2020S002630    ,Eixample,la Dreta de l'Eixample,Diagonal,Thursday,2020-06-18,Laboral,2020,6,June,18,Morning,10:00:00,Unknown,Ciclomotor,Male,54,Driver,Unknown,Unknown,Unknown,Minor injury: Hospitalization up to 24 hours,430256.43,4583432.61,2.16456653,41.397560354
2020S002631    ,Sant Andreu,el Bon Pastor,Ciutat d'Asunción,Thursday,2020-06-18,Laboral,2020,6,June,18,Morning,11:00:00,Unknown,Autobús,Male,53,Driver,Unknown,Unknown,Urban bus,Uninjured,433244.61,4588278.1,2.19977416,41.441456072
2020S002631    ,Sant Andreu,el Bon Pastor,Ciutat d'Asunción,Thursday,2020-06-18,Laboral,2020,6,June,18,Morning,11:00:00,Unknown,Autobús,Female,46,Passenger,Unknown,Unknown,Unknown,Minor injury: Hospitalization up to 24 hours,433244.61,4588278.1,2.19977416,41.441456072
2020S002631    ,Sant Andreu,el Bon Pastor,Ciutat d'Asunción,Thursday,2020-06-18,Laboral,2020,6,June,18,Morning,11:00:00,Unknown,Car,Male,74,Driver,Unknown,Unknown,Other activities,Uninjured,433244.61,4588278.1,2.19977416,41.441456072
2020S002632    ,Sants-Montjuďc,Hostafrancs,Corts Catalanes,Thursday,2020-06-18,Laboral,2020,6,June,18,Afternoon,15:00:00,Unknown,"Camió rígid <= 3,5 tones",Male,23,Driver,Unknown,Unknown,Professional goods transport,Uninjured,428590.83,4580637.31,2.14497349,41.372237813
2020S002632    ,Sants-Montjuďc,Hostafrancs,Corts Catalanes,Thursday,2020-06-18,Laboral,2020,6,June,18,Afternoon,15:00:00,Unknown,Motorcycle,Male,40,Driver,Unknown,Unknown,In transit (commuting),Minor injury: Hospitalization up to 24 hours,428590.83,4580637.31,2.14497349,41.372237813
2020S002633    ,Eixample,la Dreta de l'Eixample,Corts Catalanes,Thursday,2020-06-18,Laboral,2020,6,June,18,Afternoon,14:00:00,Unknown,Motorcycle,Male,35,Driver,Unknown,Unknown,Unknown,Minor injury: Hospitalization up to 24 hours,430448.38,4582425.76,2.1669782,41.38850861
2020S002633    ,Eixample,la Dreta de l'Eixample,Corts Catalanes,Thursday,2020-06-18,Laboral,2020,6,June,18,Afternoon,14:00:00,Unknown,Car,Female,32,Driver,Unknown,Unknown,Unknown,Uninjured,430448.38,4582425.76,2.1669782,41.38850861
2020S002634    ,Eixample,la Dreta de l'Eixample,Girona,Thursday,2020-06-18,Laboral,2020,6,June,18,Afternoon,14:00:00,Unknown,"Camió rígid > 3,5 tones",Male,45,Driver,Unknown,Unknown,On a mission,Uninjured,430513.09,4583403.38,2.16763988,41.397319321
2020S002634    ,Eixample,la Dreta de l'Eixample,Girona,Thursday,2020-06-18,Laboral,2020,6,June,18,Afternoon,14:00:00,Unknown,Motorcycle,Male,54,Driver,Unknown,Unknown,Unknown,Minor injury: Refused medical assistance,430513.09,4583403.38,2.16763988,41.397319321
2020S002635    ,Eixample,la Dreta de l'Eixample,Girona,Thursday,2020-06-18,Laboral,2020,6,June,18,Afternoon,15:00:00,Unknown,"Camió rígid > 3,5 tones",Male,45,Driver,Unknown,Unknown,On a mission,Uninjured,430578.58,4583367.46,2.16842734,41.397001461
2020S002636    ,Nou Barris,la Prosperitat,Boada,Thursday,2020-06-18,Laboral,2020,6,June,18,Afternoon,14:00:00,Unknown,Furgoneta,Male,35,Driver,Unknown,Unknown,Professional goods transport,Uninjured,431500.97,4588094.7,2.1789246,41.439657303
2020S002637    ,Sants-Montjuďc,la Bordeta,Cadena,Thursday,2020-06-18,Laboral,2020,6,June,18,Afternoon,16:00:00,Unknown,Motorcycle,Male,34,Driver,Unknown,Unknown,Unknown,Minor injury: Hospitalization up to 24 hours,427925.61,4580021.39,2.13709299,41.366631108
2020S002637    ,Sants-Montjuďc,la Bordeta,Cadena,Thursday,2020-06-18,Laboral,2020,6,June,18,Afternoon,16:00:00,Unknown,Car,Male,68,Driver,Unknown,Unknown,Unknown,Uninjured,427925.61,4580021.39,2.13709299,41.366631108
2020S002638    ,Horta-Guinardó,el Guinardó,Teodor Llorente,Thursday,2020-06-18,Laboral,2020,6,June,18,Morning,13:00:00,Unknown,Furgoneta,Male,31,Driver,Unknown,Unknown,Professional goods transport,Uninjured,431545.69,4585801.47,2.17971969,41.419006787
2020S002639    ,Sant Martí,Provençals del Poblenou,Diagonal,Thursday,2020-06-18,Laboral,2020,6,June,18,Afternoon,19:00:00,Unknown,Motorcycle,Female,12,Passenger,Unknown,Unknown,Unknown,Minor injury: Medical assistance at accident site,433076.1,4584366.01,2.19819041,41.406206997
2020S002639    ,Sant Martí,Provençals del Poblenou,Diagonal,Thursday,2020-06-18,Laboral,2020,6,June,18,Afternoon,19:00:00,Unknown,Motorcycle,Female,42,Driver,Unknown,Unknown,Leisure and entertainment,Uninjured,433076.1,4584366.01,2.19819041,41.406206997
2020S002639    ,Sant Martí,Provençals del Poblenou,Diagonal,Thursday,2020-06-18,Laboral,2020,6,June,18,Afternoon,19:00:00,Unknown,Car,Male,55,Driver,Unknown,Unknown,On a mission,Uninjured,433076.1,4584366.01,2.19819041,41.406206997
2020S002640    ,Sant Andreu,Navas,Concepción Arenal,Thursday,2020-06-18,Laboral,2020,6,June,18,Afternoon,21:00:00,Desobeir el senyal del semŕfor,Motorcycle,Female,54,Pedestrian,In crossing regulated by traffic lights,Unknown,Unknown,Minor injury: Hospitalization up to 24 hours,431869.18,4585723.6,2.18359912,41.418332947
2020S002640    ,Sant Andreu,Navas,Concepción Arenal,Thursday,2020-06-18,Laboral,2020,6,June,18,Afternoon,21:00:00,Desobeir el senyal del semŕfor,Motorcycle,Male,53,Driver,In crossing regulated by traffic lights,Unknown,Leisure and entertainment,Uninjured,431869.18,4585723.6,2.18359912,41.418332947
2020S002641    ,Grŕcia,el Camp d'en Grassot i Grŕcia Nova,Pi i Margall,Thursday,2020-06-18,Laboral,2020,6,June,18,Night,23:00:00,Unknown,Motorcycle,Female,54,Driver,Unknown,Unknown,Leisure and entertainment,Minor injury: Refused medical assistance,430149.34,4584318.92,2.16318327,41.405533747
2020S002641    ,Grŕcia,el Camp d'en Grassot i Grŕcia Nova,Pi i Margall,Thursday,2020-06-18,Laboral,2020,6,June,18,Night,23:00:00,Unknown,Motorcycle,Male,29,Driver,Unknown,Unknown,Unknown,Uninjured,430149.34,4584318.92,2.16318327,41.405533747
2020S002642    ,Sarriŕ-Sant Gervasi,Sant Gervasi - la Bonanova,Bonanova,Thursday,2020-06-18,Laboral,2020,6,June,18,Night,22:00:00,Unknown,Ciclomotor,Female,18,Driver,Unknown,Unknown,Leisure and entertainment,Minor injury: Hospitalization up to 24 hours,427089.87,4584061.59,2.12661483,41.402944279
2020S002642    ,Sarriŕ-Sant Gervasi,Sant Gervasi - la Bonanova,Bonanova,Thursday,2020-06-18,Laboral,2020,6,June,18,Night,22:00:00,Unknown,Ciclomotor,Female,18,Passenger,Unknown,Unknown,Unknown,Minor injury: Hospitalization up to 24 hours,427089.87,4584061.59,2.12661483,41.402944279
2020S002642    ,Sarriŕ-Sant Gervasi,Sant Gervasi - la Bonanova,Bonanova,Thursday,2020-06-18,Laboral,2020,6,June,18,Night,22:00:00,Unknown,Car,Male,51,Driver,Unknown,Unknown,Leisure and entertainment,Uninjured,427089.87,4584061.59,2.12661483,41.402944279
2020S002643    ,Eixample,la Sagrada Família,Consell de Cent,Friday,2020-06-19,Laboral,2020,6,June,19,Night,00:00:00,Desobeir el senyal del semŕfor,Motorcycle,Male,19,Pedestrian,In crossing regulated by traffic lights,Other activities,Unknown,Minor injury: Hospitalization up to 24 hours,431901.4,4584250.51,2.18415053,41.405068012
2020S002644    ,Sants-Montjuďc,la Marina del Prat Vermell,Litoral (Llobregat),Friday,2020-06-19,Laboral,2020,6,June,19,Night,03:00:00,Unknown,Motorcycle,Male,29,Driver,Unknown,Unknown,Leisure and entertainment,Serious injury: Hospitalization over 24 hours,427109.32,4577319.44,2.12765854,41.342222048
2020S002644    ,Sants-Montjuďc,la Marina del Prat Vermell,Litoral (Llobregat),Friday,2020-06-19,Laboral,2020,6,June,19,Night,03:00:00,Unknown,Car,Male,51,Driver,Unknown,Unknown,In transit (commuting),Uninjured,427109.32,4577319.44,2.12765854,41.342222048
2020S002645    ,Eixample,la Dreta de l'Eixample,Aragó,Friday,2020-06-19,Laboral,2020,6,June,19,Morning,11:00:00,Unknown,Car,Female,38,Driver,Unknown,Unknown,On a mission,Minor injury: Medical assistance at accident site,430328.62,4582862.47,2.16549565,41.392431549
2020S002645    ,Eixample,la Dreta de l'Eixample,Aragó,Friday,2020-06-19,Laboral,2020,6,June,19,Morning,11:00:00,Unknown,Car,Male,73,Driver,Unknown,Unknown,Leisure and entertainment,Uninjured,430328.62,4582862.47,2.16549565,41.392431549
2020S002646    ,Sarriŕ-Sant Gervasi,el Putxet i el Farró,Sant Gervasi,Friday,2020-06-19,Laboral,2020,6,June,19,Morning,11:00:00,Creuar per fora pas de vianants,Motorcycle,Male,49,Driver,Outside the crossing,Unknown,On a mission,Minor injury: Hospitalization up to 24 hours,428046.02,4585223.9,2.13791421,41.413498919
2020S002646    ,Sarriŕ-Sant Gervasi,el Putxet i el Farró,Sant Gervasi,Friday,2020-06-19,Laboral,2020,6,June,19,Morning,11:00:00,Creuar per fora pas de vianants,Motorcycle,Female,46,Pedestrian,Outside the crossing,On a mission,Unknown,Minor injury: Hospitalization up to 24 hours,428046.02,4585223.9,2.13791421,41.413498919
2020S002647    ,Sant Martí,el Camp de l'Arpa del Clot,Trinxant,Friday,2020-06-19,Laboral,2020,6,June,19,Morning,12:00:00,Unknown,Veh. mobilitat personal amb motor,Female,33,Driver,Unknown,Unknown,Unknown,Minor injury: Hospitalization up to 24 hours,431835.89,4585522.33,2.18322349,41.416517347
2020S002647    ,Sant Martí,el Camp de l'Arpa del Clot,Trinxant,Friday,2020-06-19,Laboral,2020,6,June,19,Morning,12:00:00,Unknown,Car,Female,63,Driver,Unknown,Unknown,Unknown,Uninjured,431835.89,4585522.33,2.18322349,41.416517347
2020S002648    ,Eixample,la Dreta de l'Eixample,Corts Catalanes,Friday,2020-06-19,Laboral,2020,6,June,19,Afternoon,14:00:00,Unknown,Motorcycle,Male,34,Driver,Unknown,Unknown,On a mission,Minor injury: Hospitalization up to 24 hours,430795.1,4582761.18,2.17108651,41.391559558
2020S002648    ,Eixample,la Dreta de l'Eixample,Corts Catalanes,Friday,2020-06-19,Laboral,2020,6,June,19,Afternoon,14:00:00,Unknown,Furgoneta,Male,24,Driver,Unknown,Unknown,Unknown,Uninjured,430795.1,4582761.18,2.17108651,41.391559558
2020S002649    ,Nou Barris,Vilapicina i la Torre Llobeta,Cartellŕ,Friday,2020-06-19,Laboral,2020,6,June,19,Afternoon,16:00:00,Unknown,Car,Male,58,Driver,Unknown,Unknown,Professional goods transport,Uninjured,430905.6,4586782.88,2.17194864,41.427791183
2020S002649    ,Nou Barris,Vilapicina i la Torre Llobeta,Cartellŕ,Friday,2020-06-19,Laboral,2020,6,June,19,Afternoon,16:00:00,Unknown,Car,Male,35,Driver,Unknown,Unknown,Leisure and entertainment,Unknown,430905.6,4586782.88,2.17194864,41.427791183
2020S002650    ,Sant Andreu,la Sagrera,Meridiana,Friday,2020-06-19,Laboral,2020,6,June,19,Afternoon,15:00:00,Unknown,Car,Male,54,Driver,Unknown,Unknown,Leisure and entertainment,Minor injury: Medical assistance at accident site,432031.78,4586716.02,2.18543305,41.427285133
2020S002650    ,Sant Andreu,la Sagrera,Meridiana,Friday,2020-06-19,Laboral,2020,6,June,19,Afternoon,15:00:00,Unknown,Motorcycle,Male,26,Driver,Unknown,Unknown,On a mission,Minor injury: Hospitalization up to 24 hours,432031.78,4586716.02,2.18543305,41.427285133
2020S002650    ,Sant Andreu,la Sagrera,Meridiana,Friday,2020-06-19,Laboral,2020,6,June,19,Afternoon,15:00:00,Unknown,Car,Female,28,Passenger,Unknown,Unknown,Unknown,Minor injury: Hospitalization up to 24 hours,432031.78,4586716.02,2.18543305,41.427285133
2020S002650    ,Sant Andreu,la Sagrera,Meridiana,Friday,2020-06-19,Laboral,2020,6,June,19,Afternoon,15:00:00,Unknown,Car,Male,36,Driver,Unknown,Unknown,Leisure and entertainment,Uninjured,432031.78,4586716.02,2.18543305,41.427285133
2020S002650    ,Sant Andreu,la Sagrera,Meridiana,Friday,2020-06-19,Laboral,2020,6,June,19,Afternoon,15:00:00,Unknown,Motorcycle,Male,32,Driver,Unknown,Unknown,Leisure and entertainment,Minor injury: Medical assistance at accident site,432031.78,4586716.02,2.18543305,41.427285133
2020S002651    ,Eixample,la Nova Esquerra de l'Eixample,Viladomat,Friday,2020-06-19,Laboral,2020,6,June,19,Morning,13:00:00,Unknown,"Camió rígid > 3,5 tones",Male,51,Driver,Unknown,Unknown,Professional goods transport,Uninjured,428543.86,4582546.84,2.14418661,41.389432109
2020S002652    ,Sant Martí,la Vila Olímpica del Poblenou,Litoral,Friday,2020-06-19,Laboral,2020,6,June,19,Afternoon,14:00:00,Unknown,Car,Male,11,Pedestrian,In an unregulated crossing,Unknown,Unknown,Minor injury: Hospitalization up to 24 hours,433340.44,4582687.96,2.20153757,41.391115195
2020S002652    ,Sant Martí,la Vila Olímpica del Poblenou,Litoral,Friday,2020-06-19,Laboral,2020,6,June,19,Afternoon,14:00:00,Unknown,Car,Male,55,Driver,In an unregulated crossing,Unknown,On a mission,Uninjured,433340.44,4582687.96,2.20153757,41.391115195
2020S002653    ,Les Corts,Pedralbes,Pius XII,Friday,2020-06-19,Laboral,2020,6,June,19,Afternoon,17:00:00,Unknown,Car,Male,44,Driver,Unknown,Unknown,Unknown,Uninjured,426737.88,4582321.84,2.12261485,41.387243075
2020S002653    ,Les Corts,Pedralbes,Pius XII,Friday,2020-06-19,Laboral,2020,6,June,19,Afternoon,17:00:00,Unknown,Car,Female,2,Passenger,Unknown,Unknown,Unknown,Minor injury: Medical assistance at accident site,426737.88,4582321.84,2.12261485,41.387243075
2020S002653    ,Les Corts,Pedralbes,Pius XII,Friday,2020-06-19,Laboral,2020,6,June,19,Afternoon,17:00:00,Unknown,Car,Female,35,Passenger,Unknown,Unknown,Unknown,Minor injury: Medical assistance at accident site,426737.88,4582321.84,2.12261485,41.387243075
2020S002653    ,Les Corts,Pedralbes,Pius XII,Friday,2020-06-19,Laboral,2020,6,June,19,Afternoon,17:00:00,Unknown,Car,Female,36,Driver,Unknown,Unknown,Unknown,Minor injury: Hospitalization up to 24 hours,426737.88,4582321.84,2.12261485,41.387243075
2020S002654    ,Eixample,la Nova Esquerra de l'Eixample,Comte d'Urgell,Friday,2020-06-19,Laboral,2020,6,June,19,Afternoon,17:00:00,Transitar a peu per la calçada,Veh. mobilitat personal amb motor,Male,24,Driver,Outside the crossing,Unknown,Leisure and entertainment,Minor injury: Medical assistance at accident site,429498.34,4581948.26,2.15567167,41.384125173
2020S002654    ,Eixample,la Nova Esquerra de l'Eixample,Comte d'Urgell,Friday,2020-06-19,Laboral,2020,6,June,19,Afternoon,17:00:00,Transitar a peu per la calçada,Veh. mobilitat personal amb motor,Male,60,Pedestrian,Outside the crossing,On a mission,Unknown,Minor injury: Medical assistance at accident site,429498.34,4581948.26,2.15567167,41.384125173
2020S002655    ,Sants-Montjuďc,Sants - Badal,Canalejas,Friday,2020-06-19,Laboral,2020,6,June,19,Afternoon,19:00:00,Unknown,Furgoneta,Male,46,Pedestrian,In pedestrian area,Unknown,Unknown,Uninjured,427313.63,4580690.07,2.12969624,41.372598608
2020S002655    ,Sants-Montjuďc,Sants - Badal,Canalejas,Friday,2020-06-19,Laboral,2020,6,June,19,Afternoon,19:00:00,Unknown,Furgoneta,Male,26,Driver,In pedestrian area,Unknown,On a mission,Uninjured,427313.63,4580690.07,2.12969624,41.372598608
2020S002655    ,Sants-Montjuďc,Sants - Badal,Canalejas,Friday,2020-06-19,Laboral,2020,6,June,19,Afternoon,19:00:00,Unknown,Furgoneta,Male,6,Pedestrian,In pedestrian area,Unknown,Unknown,Minor injury: Hospitalization up to 24 hours,427313.63,4580690.07,2.12969624,41.372598608
2020S002656    ,Nou Barris,la Guineueta,Urrutia,Friday,2020-06-19,Laboral,2020,6,June,19,Afternoon,18:00:00,Unknown,Car,Male,42,Driver,Unknown,Unknown,Unknown,Uninjured,430898.67,4587613.42,2.17177071,41.435270957
2020S002657    ,Sarriŕ-Sant Gervasi,el Putxet i el Farró,General Mitre,Friday,2020-06-19,Laboral,2020,6,June,19,Afternoon,17:00:00,Unknown,Motorcycle,Female,55,Driver,Unknown,Unknown,Leisure and entertainment,Minor injury: Medical assistance at accident site,428694.92,4584332.92,2.1457828,41.405532078