Case_Number,District_Name,Neighborhood_Name,Street_Name,Day_of_Week,Date,Day_Type_Description,Year,Month_of_Year,Month_Name,Day_of_Month,Shift_Description,Hour_of_Day,Pedestrian_Cause_Description,Involved_Vehicle_Type_Description,Gender_Description,Age,Person_Type_Description,Pedestrian_Accident_Location_Description,Pedestrian_Movement_Reason_Description,Driver_Movement_Reason_Description,Victimization_Description,Coordenada_UTM_X,Coordenada_UTM_Y,Longitud,Latitud
2020S002703    ,Eixample,la Sagrada Família,Padilla,Monday,2020-06-22,Laboral,2020,6,June,22,Afternoon,14:00:00,Unknown,Car,Male,31,Driver,Unknown,Unknown,Unknown,Uninjured,430969.36,4584664.01,2.17295361,41.408712733
2020S002703    ,Eixample,la Sagrada Família,Padilla,Monday,2020-06-22,Laboral,2020,6,June,22,Afternoon,14:00:00,Unknown,Bicicleta,Female,65,Driver,Unknown,Unknown,Unknown,Minor injury: Hospitalization up to 24 hours,430969.36,4584664.01,2.17295361,41.408712733
2020S002704    ,Les Corts,les Corts,Diagonal,Saturday,2020-06-20,Laboral,2020,6,June,20,Afternoon,18:00:00,Unknown,Motorcycle,Male,34,Driver,Unknown,Unknown,Other activities,Minor injury: Hospitalization up to 24 hours,427557.22,4582526.09,2.13238915,41.389156919
2020S002704    ,Les Corts,les Corts,Diagonal,Saturday,2020-06-20,Laboral,2020,6,June,20,Afternoon,18:00:00,Unknown,Car,Male,65,Driver,Unknown,Unknown,Other activities,Uninjured,427557.22,4582526.09,2.13238915,41.389156919
2020S002705    ,Sant Martí,el Parc i la Llacuna del Poblenou,Marina,Monday,2020-06-22,Laboral,2020,6,June,22,Afternoon,18:00:00,Unknown,Bicicleta,Male,31,Driver,Unknown,Unknown,Unknown,Minor injury: Hospitalization up to 24 hours,432297.6,4582960.99,2.18903445,41.393487147
2020S002705    ,Sant Martí,el Parc i la Llacuna del Poblenou,Marina,Monday,2020-06-22,Laboral,2020,6,June,22,Afternoon,18:00:00,Unknown,Car,Female,74,Driver,Unknown,Unknown,Unknown,Uninjured,432297.6,4582960.99,2.18903445,41.393487147
2020S002706    ,Sants-Montjuďc,la Bordeta,Corts Catalanes,Monday,2020-06-22,Laboral,2020,6,June,22,Afternoon,16:00:00,Unknown,Motorcycle,Male,61,Driver,Unknown,Unknown,Unknown,Minor injury: Hospitalization up to 24 hours,428244.45,4580298.21,2.14087212,41.369152832
2020S002707    ,Eixample,la Sagrada Família,Valčncia,Monday,2020-06-22,Laboral,2020,6,June,22,Afternoon,18:00:00,Unknown,Car,Male,58,Driver,Unknown,Unknown,Unknown,Uninjured,431342.87,4584079.88,2.17748835,41.403483666
2020S002707    ,Eixample,la Sagrada Família,Valčncia,Monday,2020-06-22,Laboral,2020,6,June,22,Afternoon,18:00:00,Unknown,Motorcycle,Male,33,Driver,Unknown,Unknown,Unknown,Minor injury: Medical assistance at accident site,431342.87,4584079.88,2.17748835,41.403483666
2020S002708    ,Grŕcia,la Vila de Grŕcia,Augusta,Monday,2020-06-22,Laboral,2020,6,June,22,Afternoon,17:00:00,Unknown,Car,Female,67,Driver,Unknown,Unknown,Leisure and entertainment,Minor injury: Hospitalization up to 24 hours,429454.64,4583371.65,2.1549832,41.396941328
2020S002709    ,Sant Andreu,la Sagrera,Meridiana,Monday,2020-06-22,Laboral,2020,6,June,22,Afternoon,17:00:00,Unknown,Car,Male,70,Driver,Unknown,Unknown,Leisure and entertainment,Uninjured,432058.96,4586539.7,2.18577813,41.425699377
2020S002709    ,Sant Andreu,la Sagrera,Meridiana,Monday,2020-06-22,Laboral,2020,6,June,22,Afternoon,17:00:00,Unknown,Bicicleta,Female,23,Driver,Unknown,Unknown,Leisure and entertainment,Minor injury: Hospitalization up to 24 hours,432058.96,4586539.7,2.18577813,41.425699377
2020S002710    ,Sant Martí,Diagonal Mar i el Front Marítim del Poblenou,Bac de Roda,Monday,2020-06-22,Laboral,2020,6,June,22,Afternoon,18:00:00,Unknown,Car,Male,52,Driver,Unknown,Unknown,Unknown,Uninjured,433605.54,4584487.78,2.20451074,41.407347677
2020S002710    ,Sant Martí,Diagonal Mar i el Front Marítim del Poblenou,Bac de Roda,Monday,2020-06-22,Laboral,2020,6,June,22,Afternoon,18:00:00,Unknown,Motorcycle,Male,43,Driver,Unknown,Unknown,Unknown,Minor injury: Hospitalization up to 24 hours,433605.54,4584487.78,2.20451074,41.407347677
2020S002711    ,Eixample,l'Antiga Esquerra de l'Eixample,Diputació,Monday,2020-06-22,Laboral,2020,6,June,22,Afternoon,17:00:00,Unknown,Car,Male,20,Passenger,Unknown,Unknown,Unknown,Minor injury: Refused medical assistance,429837.92,4582044.89,2.15972145,41.385025192
2020S002711    ,Eixample,l'Antiga Esquerra de l'Eixample,Diputació,Monday,2020-06-22,Laboral,2020,6,June,22,Afternoon,17:00:00,Unknown,Car,Male,22,Driver,Unknown,Unknown,Unknown,Minor injury: Refused medical assistance,429837.92,4582044.89,2.15972145,41.385025192
2020S002711    ,Eixample,l'Antiga Esquerra de l'Eixample,Diputació,Monday,2020-06-22,Laboral,2020,6,June,22,Afternoon,17:00:00,Unknown,Car,Male,28,Driver,Unknown,Unknown,Unknown,Minor injury: Medical assistance at accident site,429837.92,4582044.89,2.15972145,41.385025192
2020S002712    ,Les Corts,Pedralbes,Diagonal,Monday,2020-06-22,Laboral,2020,6,June,22,Afternoon,20:00:00,Unknown,Car,Male,31,Driver,Unknown,Unknown,Unknown,Uninjured,425404.65,4581888.6,2.1067238,41.383218483
2020S002712    ,Les Corts,Pedralbes,Diagonal,Monday,2020-06-22,Laboral,2020,6,June,22,Afternoon,20:00:00,Unknown,Motorcycle,Male,49,Driver,Unknown,Unknown,Unknown,Minor injury: Hospitalization up to 24 hours,425404.65,4581888.6,2.1067238,41.383218483
2020S002713    ,Sants-Montjuďc,Sants - Badal,Bonsoms,Monday,2020-06-22,Laboral,2020,6,June,22,Afternoon,20:00:00,Unknown,Car,Female,28,Driver,Unknown,Unknown,Other activities,Uninjured,426990.94,4580830.54,2.12582103,41.373834544
2020S002713    ,Sants-Montjuďc,Sants - Badal,Bonsoms,Monday,2020-06-22,Laboral,2020,6,June,22,Afternoon,20:00:00,Unknown,Motorcycle,Male,36,Driver,Unknown,Unknown,Leisure and entertainment,Uninjured,426990.94,4580830.54,2.12582103,41.373834544
2020S002714    ,Eixample,la Dreta de l'Eixample,Mossčn Jacint Verdaguer,Monday,2020-06-22,Laboral,2020,6,June,22,Afternoon,18:00:00,Unknown,Motorcycle,Male,33,Driver,Unknown,Unknown,Unknown,Minor injury: Medical assistance at accident site,430706.56,4583594.99,2.16993208,41.399061796
2020S002714    ,Eixample,la Dreta de l'Eixample,Mossčn Jacint Verdaguer,Monday,2020-06-22,Laboral,2020,6,June,22,Afternoon,18:00:00,Unknown,Car,Female,35,Driver,Unknown,Unknown,Unknown,Uninjured,430706.56,4583594.99,2.16993208,41.399061796
2020S002715    ,Eixample,l'Antiga Esquerra de l'Eixample,Aribau,Monday,2020-06-22,Laboral,2020,6,June,22,Afternoon,21:00:00,Unknown,Motorcycle,Male,31,Driver,Unknown,Unknown,Leisure and entertainment,Minor injury: Hospitalization up to 24 hours,429653.89,4582562.53,2.1574605,41.389671324
2020S002715    ,Eixample,l'Antiga Esquerra de l'Eixample,Aribau,Monday,2020-06-22,Laboral,2020,6,June,22,Afternoon,21:00:00,Unknown,Tot terreny,Male,55,Driver,Unknown,Unknown,Leisure and entertainment,Uninjured,429653.89,4582562.53,2.1574605,41.389671324
2020S002716    ,Sants-Montjuďc,el Poble-sec,Montjuďc,Monday,2020-06-22,Laboral,2020,6,June,22,Night,22:00:00,Unknown,Car,Female,24,Pedestrian,In an unregulated crossing,Unknown,Unknown,Minor injury: Hospitalization up to 24 hours,430912.91,4580613.43,2.17274055,41.372225525
2020S002716    ,Sants-Montjuďc,el Poble-sec,Montjuďc,Monday,2020-06-22,Laboral,2020,6,June,22,Night,22:00:00,Unknown,Car,Male,56,Driver,In an unregulated crossing,Unknown,In transit (commuting),Uninjured,430912.91,4580613.43,2.17274055,41.372225525
2020S002717    ,Nou Barris,Porta,Rosselló i Porcel,Monday,2020-06-22,Laboral,2020,6,June,22,Night,22:00:00,Unknown,Bicicleta,Female,48,Pedestrian,In crossing regulated by traffic lights,Unknown,Unknown,Minor injury: Hospitalization up to 24 hours,431821.83,4587755.83,2.18280326,41.436632544
2020S002718    ,Sant Martí,el Clot,Dos de Maig,Monday,2020-06-22,Laboral,2020,6,June,22,Afternoon,19:00:00,Unknown,Car,Female,46,Driver,Unknown,Unknown,Leisure and entertainment,Uninjured,431862.42,4584352.3,2.18367275,41.405981499
2020S002718    ,Sant Martí,el Clot,Dos de Maig,Monday,2020-06-22,Laboral,2020,6,June,22,Afternoon,19:00:00,Unknown,Motorcycle,Female,41,Passenger,Unknown,Unknown,Unknown,Minor injury: Hospitalization up to 24 hours,431862.42,4584352.3,2.18367275,41.405981499
2020S002718    ,Sant Martí,el Clot,Dos de Maig,Monday,2020-06-22,Laboral,2020,6,June,22,Afternoon,19:00:00,Unknown,Motorcycle,Male,57,Driver,Unknown,Unknown,Leisure and entertainment,Minor injury: Hospitalization up to 24 hours,431862.42,4584352.3,2.18367275,41.405981499
2020S002718    ,Sant Martí,el Clot,Dos de Maig,Monday,2020-06-22,Laboral,2020,6,June,22,Afternoon,19:00:00,Unknown,Motorcycle,Male,68,Driver,Unknown,Unknown,Leisure and entertainment,Serious injury: Hospitalization over 24 hours,431862.42,4584352.3,2.18367275,41.405981499
2020S002719    ,Eixample,la Nova Esquerra de l'Eixample,Comte d'Urgell,Tuesday,2020-06-23,Laboral,2020,6,June,23,Morning,08:00:00,Unknown,Motorcycle,Male,22,Driver,Unknown,Unknown,Unknown,Minor injury: Medical assistance at accident site,429231.32,4582220.73,2.15244659,41.38655576
2020S002719    ,Eixample,la Nova Esquerra de l'Eixample,Comte d'Urgell,Tuesday,2020-06-23,Laboral,2020,6,June,23,Morning,08:00:00,Unknown,Car,Female,58,Driver,Unknown,Unknown,Unknown,Uninjured,429231.32,4582220.73,2.15244659,41.38655576
2020S002720    ,Eixample,l'Antiga Esquerra de l'Eixample,Diagonal,Tuesday,2020-06-23,Laboral,2020,6,June,23,Morning,08:00:00,Unknown,Furgoneta,Male,32,Driver,Unknown,Unknown,In transit (commuting),Uninjured,429121.23,4583063.48,2.15103133,41.394136417
2020S002720    ,Eixample,l'Antiga Esquerra de l'Eixample,Diagonal,Tuesday,2020-06-23,Laboral,2020,6,June,23,Morning,08:00:00,Unknown,Motorcycle,Male,48,Driver,Unknown,Unknown,In transit (commuting),Minor injury: Medical assistance at accident site,429121.23,4583063.48,2.15103133,41.394136417
2020S002721    ,Grŕcia,Vallcarca i els Penitents,Vallcarca,Tuesday,2020-06-23,Laboral,2020,6,June,23,Morning,07:00:00,Unknown,Car,Male,43,Driver,Unknown,Unknown,Unknown,Uninjured,428555.74,4585074.55,2.14403022,41.412199282
2020S002721    ,Grŕcia,Vallcarca i els Penitents,Vallcarca,Tuesday,2020-06-23,Laboral,2020,6,June,23,Morning,07:00:00,Unknown,Motorcycle,Male,31,Driver,Unknown,Unknown,Unknown,Minor injury: Hospitalization up to 24 hours,428555.74,4585074.55,2.14403022,41.412199282
2020S002722    ,Eixample,la Sagrada Família,Sardenya,Tuesday,2020-06-23,Laboral,2020,6,June,23,Morning,08:00:00,Unknown,Car,Male,50,Driver,Unknown,Unknown,In transit (commuting),Uninjured,430938.3,4584147.23,2.17264103,41.404055595
2020S002722    ,Eixample,la Sagrada Família,Sardenya,Tuesday,2020-06-23,Laboral,2020,6,June,23,Morning,08:00:00,Unknown,Veh. mobilitat personal amb motor,Male,59,Driver,Unknown,Unknown,Unknown,Minor injury: Medical assistance at accident site,430938.3,4584147.23,2.17264103,41.404055595
2020S002723    ,Grŕcia,el Camp d'en Grassot i Grŕcia Nova,Sant Joan,Tuesday,2020-06-23,Laboral,2020,6,June,23,Morning,11:00:00,Creuar per fora pas de vianants,Autobús,Male,47,Driver,On the sidewalk,Unknown,Urban bus,Uninjured,430413.83,4583939.44,2.16639095,41.402138849
2020S002723    ,Grŕcia,el Camp d'en Grassot i Grŕcia Nova,Sant Joan,Tuesday,2020-06-23,Laboral,2020,6,June,23,Morning,11:00:00,Creuar per fora pas de vianants,Autobús,Male,46,Pedestrian,On the sidewalk,Leisure and entertainment,Unknown,Minor injury: Medical assistance at accident site,430413.83,4583939.44,2.16639095,41.402138849
2020S002724    ,Ciutat Vella,la Barceloneta,Litoral (Besňs),Tuesday,2020-06-23,Laboral,2020,6,June,23,Morning,10:00:00,Unknown,Bicicleta,Male,13,Driver,Unknown,Unknown,Leisure and entertainment,Minor injury: Medical assistance at accident site,431949.84,4581626.15,2.18502506,41.381435233
2020S002724    ,Ciutat Vella,la Barceloneta,Litoral (Besňs),Tuesday,2020-06-23,Laboral,2020,6,June,23,Morning,10:00:00,Unknown,Motorcycle,Male,64,Driver,Unknown,Unknown,Unknown,Serious injury: Hospitalization over 24 hours,431949.84,4581626.15,2.18502506,41.381435233
2020S002725    ,Eixample,la Dreta de l'Eixample,Consell de Cent,Tuesday,2020-06-23,Laboral,2020,6,June,23,Morning,10:00:00,Unknown,Furgoneta,Male,52,Driver,Unknown,Unknown,In transit (commuting),Uninjured,430162.59,4582551.39,2.16354576,41.389615344
2020S002725    ,Eixample,la Dreta de l'Eixample,Consell de Cent,Tuesday,2020-06-23,Laboral,2020,6,June,23,Morning,10:00:00,Unknown,Motorcycle,Male,60,Driver,Unknown,Unknown,On a mission,Minor injury: Medical assistance at accident site,430162.59,4582551.39,2.16354576,41.389615344
2020S002726    ,Eixample,la Dreta de l'Eixample,Diputació,Tuesday,2020-06-23,Laboral,2020,6,June,23,Morning,12:00:00,Unknown,Car,Female,20,Driver,Unknown,Unknown,Leisure and entertainment,Uninjured,430233.87,4582397.29,2.16441602,41.388233603
2020S002726    ,Eixample,la Dreta de l'Eixample,Diputació,Tuesday,2020-06-23,Laboral,2020,6,June,23,Morning,12:00:00,Unknown,Ciclomotor,Male,38,Driver,Unknown,Unknown,On a mission,Minor injury: Medical assistance at accident site,430233.87,4582397.29,2.16441602,41.388233603
2020S002727    ,Eixample,l'Antiga Esquerra de l'Eixample,Aribau,Tuesday,2020-06-23,Laboral,2020,6,June,23,Morning,12:00:00,Unknown,Motorcycle,Female,80,Pedestrian,In crossing regulated by traffic lights,Unknown,Unknown,Minor injury: Hospitalization up to 24 hours,429379.2,4582843.48,2.15414248,41.39217766
2020S002727    ,Eixample,l'Antiga Esquerra de l'Eixample,Aribau,Tuesday,2020-06-23,Laboral,2020,6,June,23,Morning,12:00:00,Unknown,Motorcycle,Male,47,Driver,In crossing regulated by traffic lights,Unknown,Unknown,Uninjured,429379.2,4582843.48,2.15414248,41.39217766
2020S002728    ,Horta-Guinardó,el Baix Guinardó,Padilla,Tuesday,2020-06-23,Laboral,2020,6,June,23,Morning,13:00:00,Unknown,Furgoneta,Male,30,Driver,Unknown,Unknown,On a mission,Uninjured,430652.19,4584999.81,2.16912068,41.411709853
2020S002728    ,Horta-Guinardó,el Baix Guinardó,Padilla,Tuesday,2020-06-23,Laboral,2020,6,June,23,Morning,13:00:00,Unknown,Motorcycle,Female,32,Driver,Unknown,Unknown,Unknown,Minor injury: Hospitalization up to 24 hours,430652.19,4584999.81,2.16912068,41.411709853
2020S002729    ,Eixample,la Sagrada Família,Padilla,Tuesday,2020-06-23,Laboral,2020,6,June,23,Afternoon,15:00:00,Unknown,Car,Male,26,Driver,Unknown,Unknown,Leisure and entertainment,Uninjured,431527.64,4584095.62,2.17969687,41.403641199
2020S002729    ,Eixample,la Sagrada Família,Padilla,Tuesday,2020-06-23,Laboral,2020,6,June,23,Afternoon,15:00:00,Unknown,Car,Female,80,Passenger,Unknown,Unknown,Unknown,Minor injury: Hospitalization up to 24 hours,431527.64,4584095.62,2.17969687,41.403641199
2020S002729    ,Eixample,la Sagrada Família,Padilla,Tuesday,2020-06-23,Laboral,2020,6,June,23,Afternoon,15:00:00,Unknown,Car,Male,48,Driver,Unknown,Unknown,Taxi,Uninjured,431527.64,4584095.62,2.17969687,41.403641199
2020S002730    ,Sant Andreu,la Trinitat Vella,B-20 (Llobregat),Tuesday,2020-06-23,Laboral,2020,6,June,23,Afternoon,14:00:00,Unknown,Motorcycle,Male,41,Driver,Unknown,Unknown,In transit (commuting),Minor injury: Hospitalization up to 24 hours,432780.35,4589280.16,2.19410564,41.45044253
2020S002730    ,Sant Andreu,la Trinitat Vella,B-20 (Llobregat),Tuesday,2020-06-23,Laboral,2020,6,June,23,Afternoon,14:00:00,Unknown,Furgoneta,Male,40,Driver,Unknown,Unknown,Other activities,Uninjured,432780.35,4589280.16,2.19410564,41.45044253
2020S002731    ,Nou Barris,Can Peguera,Fabra i Puig,Tuesday,2020-06-23,Laboral,2020,6,June,23,Afternoon,14:00:00,Creuar per fora pas de vianants,Motorcycle,Male,62,Driver,Outside the crossing,Unknown,Leisure and entertainment,Uninjured,430237.23,4587499.74,2.16386757,41.434189865
2020S002731    ,Nou Barris,Can Peguera,Fabra i Puig,Tuesday,2020-06-23,Laboral,2020,6,June,23,Afternoon,14:00:00,Creuar per fora pas de vianants,Motorcycle,Male,35,Pedestrian,Outside the crossing,Leisure and entertainment,Unknown,Minor injury: Hospitalization up to 24 hours,430237.23,4587499.74,2.16386757,41.434189865
2020S002732    ,Grŕcia,la Vila de Grŕcia,Gran de Grŕcia,Tuesday,2020-06-23,Laboral,2020,6,June,23,Morning,13:00:00,Unknown,Car,Male,72,Driver,Unknown,Unknown,Unknown,Uninjured,429174.71,4584193.11,2.15153876,41.404315299
2020S002732    ,Grŕcia,la Vila de Grŕcia,Gran de Grŕcia,Tuesday,2020-06-23,Laboral,2020,6,June,23,Morning,13:00:00,Unknown,Ciclomotor,Male,28,Driver,Unknown,Unknown,Unknown,Minor injury: Hospitalization up to 24 hours,429174.71,4584193.11,2.15153876,41.404315299
2020S002733    ,Sarriŕ-Sant Gervasi,Sant Gervasi - Galvany,Castelló,Tuesday,2020-06-23,Laboral,2020,6,June,23,Afternoon,15:00:00,Unknown,Car,Male,68,Driver,Unknown,Unknown,In transit (commuting),Uninjured,428250.39,4583562.93,2.14055633,41.398557507
2020S002733    ,Sarriŕ-Sant Gervasi,Sant Gervasi - Galvany,Castelló,Tuesday,2020-06-23,Laboral,2020,6,June,23,Afternoon,15:00:00,Unknown,Motorcycle,Male,44,Driver,Unknown,Unknown,Leisure and entertainment,Minor injury: Hospitalization up to 24 hours,428250.39,4583562.93,2.14055633,41.398557507
2020S002734    ,Sant Andreu,el Bon Pastor,Monterrey,Tuesday,2020-06-23,Laboral,2020,6,June,23,Afternoon,16:00:00,Unknown,Furgoneta,Male,50,Driver,Unknown,Unknown,Other activities,Uninjured,433767.29,4588494.32,2.20600665,41.443446813
2020S002734    ,Sant Andreu,el Bon Pastor,Monterrey,Tuesday,2020-06-23,Laboral,2020,6,June,23,Afternoon,16:00:00,Unknown,Motorcycle,Male,41,Driver,Unknown,Unknown,Leisure and entertainment,Minor injury: Medical assistance at accident site,433767.29,4588494.32,2.20600665,41.443446813
2020S002735    ,Sant Martí,el Poblenou,Litoral (Besňs),Tuesday,2020-06-23,Laboral,2020,6,June,23,Afternoon,16:00:00,Unknown,Motorcycle,Female,55,Driver,Unknown,Unknown,Leisure and entertainment,Minor injury: Hospitalization up to 24 hours,433705.19,4583102.38,2.20585468,41.394877946
2020S002735    ,Sant Martí,el Poblenou,Litoral (Besňs),Tuesday,2020-06-23,Laboral,2020,6,June,23,Afternoon,16:00:00,Unknown,Motorcycle,Female,30,Driver,Unknown,Unknown,Leisure and entertainment,Minor injury: Hospitalization up to 24 hours,433705.19,4583102.38,2.20585468,41.394877946
2020S002736    ,Eixample,el Fort Pienc,Marina,Tuesday,2020-06-23,Laboral,2020,6,June,23,Afternoon,16:00:00,Unknown,Car,Female,29,Passenger,Unknown,Unknown,Unknown,Minor injury: Hospitalization up to 24 hours,431600.45,4583608.3,2.18062295,41.399258255
2020S002736    ,Eixample,el Fort Pienc,Marina,Tuesday,2020-06-23,Laboral,2020,6,June,23,Afternoon,16:00:00,Unknown,Car,Male,26,Driver,Unknown,Unknown,Unknown,Minor injury: Hospitalization up to 24 hours,431600.45,4583608.3,2.18062295,41.399258255
2020S002736    ,Eixample,el Fort Pienc,Marina,Tuesday,2020-06-23,Laboral,2020,6,June,23,Afternoon,16:00:00,Unknown,Car,Female,25,Passenger,Unknown,Unknown,Unknown,Minor injury: Hospitalization up to 24 hours,431600.45,4583608.3,2.18062295,41.399258255
2020S002736    ,Eixample,el Fort Pienc,Marina,Tuesday,2020-06-23,Laboral,2020,6,June,23,Afternoon,16:00:00,Unknown,Car,Male,38,Driver,Unknown,Unknown,Unknown,Uninjured,431600.45,4583608.3,2.18062295,41.399258255
2020S002737    ,Nou Barris,Ciutat Meridiana,Rasos de Peguera,Tuesday,2020-06-23,Laboral,2020,6,June,23,Afternoon,18:00:00,Unknown,Car,Female,18,Passenger,Unknown,Unknown,Unknown,Minor injury: Hospitalization up to 24 hours,431597.68,4590595.28,2.17979872,41.46218733
2020S002737    ,Nou Barris,Ciutat Meridiana,Rasos de Peguera,Tuesday,2020-06-23,Laboral,2020,6,June,23,Afternoon,18:00:00,Unknown,Car,Male,20,Driver,Unknown,Unknown,Unknown,Minor injury: Hospitalization up to 24 hours,431597.68,4590595.28,2.17979872,41.46218733
2020S002738    ,Sant Andreu,Sant Andreu,Torras i Bages,Tuesday,2020-06-23,Laboral,2020,6,June,23,Afternoon,20:00:00,Others,Motorcycle,Male,6,Pedestrian,In crossing regulated by traffic lights,Unknown,Unknown,Minor injury: Hospitalization up to 24 hours,432463.7,4588730.37,2.19037651,41.445464167
2020S002738    ,Sant Andreu,Sant Andreu,Torras i Bages,Tuesday,2020-06-23,Laboral,2020,6,June,23,Afternoon,20:00:00,Others,Motorcycle,Female,42,Driver,In crossing regulated by traffic lights,Unknown,Unknown,Uninjured,432463.7,4588730.37,2.19037651,41.445464167
2020S002739    ,Grŕcia,el Camp d'en Grassot i Grŕcia Nova,Indústria,Tuesday,2020-06-23,Laboral,2020,6,June,23,Afternoon,20:00:00,Unknown,Motorcycle,Male,51,Driver,Unknown,Unknown,Leisure and entertainment,Uninjured,430343.7,4584036.25,2.1655409,41.403004707
2020S002739    ,Grŕcia,el Camp d'en Grassot i Grŕcia Nova,Indústria,Tuesday,2020-06-23,Laboral,2020,6,June,23,Afternoon,20:00:00,Unknown,Ciclomotor,Male,36,Driver,Unknown,Unknown,Leisure and entertainment,Minor injury: Hospitalization up to 24 hours,430343.7,4584036.25,2.1655409,41.403004707
2020S002740    ,Eixample,Sant Antoni,Paralˇlel,Wednesday,2020-06-24,Laboral,2020,6,June,24,Morning,07:00:00,Unknown,Motorcycle,Male,25,Driver,Unknown,Unknown,Unknown,Unknown,430024.77,4580949.81,2.16208251,41.375178427
2020S002741    ,Sarriŕ-Sant Gervasi,Sant Gervasi - Galvany,Prats de Molló,Wednesday,2020-06-24,Laboral,2020,6,June,24,Morning,11:00:00,Unknown,Car,Male,33,Driver,Unknown,Unknown,Unknown,Minor injury: Refused medical assistance,427968.99,4583869.82,2.13715386,41.401296371
2020S002741    ,Sarriŕ-Sant Gervasi,Sant Gervasi - Galvany,Prats de Molló,Wednesday,2020-06-24,Laboral,2020,6,June,24,Morning,11:00:00,Unknown,Motorcycle,Male,21,Passenger,Unknown,Unknown,Unknown,Minor injury: Hospitalization up to 24 hours,427968.99,4583869.82,2.13715386,41.401296371
2020S002741    ,Sarriŕ-Sant Gervasi,Sant Gervasi - Galvany,Prats de Molló,Wednesday,2020-06-24,Laboral,2020,6,June,24,Morning,11:00:00,Unknown,Motorcycle,Male,26,Driver,Unknown,Unknown,Unknown,Minor injury: Hospitalization up to 24 hours,427968.99,4583869.82,2.13715386,41.401296371
2020S002742    ,Ciutat Vella,el Barri Gňtic,Litoral (Llobregat),Wednesday,2020-06-24,Laboral,2020,6,June,24,Morning,12:00:00,Unknown,Car,Male,32,Driver,Unknown,Unknown,Unknown,Uninjured,431758.8,4581564.54,2.18274747,41.380864138
2020S002742    ,Ciutat Vella,el Barri Gňtic,Litoral (Llobregat),Wednesday,2020-06-24,Laboral,2020,6,June,24,Morning,12:00:00,Unknown,"Camió rígid <= 3,5 tones",Male,47,Driver,Unknown,Unknown,On a mission,Uninjured,431758.8,4581564.54,2.18274747,41.380864138
2020S002743    ,Sant Martí,el Besňs i el Maresme,Litoral (Besňs),Wednesday,2020-06-24,Laboral,2020,6,June,24,Morning,12:00:00,Unknown,Car,Male,50,Driver,Unknown,Unknown,Unknown,Uninjured,434994.58,4584632.43,2.22111263,41.408764106
2020S002743    ,Sant Martí,el Besňs i el Maresme,Litoral (Besňs),Wednesday,2020-06-24,Laboral,2020,6,June,24,Morning,12:00:00,Unknown,Car,Female,50,Passenger,Unknown,Unknown,Unknown,Minor injury: Hospitalization up to 24 hours,434994.58,4584632.43,2.22111263,41.408764106
2020S002743    ,Sant Martí,el Besňs i el Maresme,Litoral (Besňs),Wednesday,2020-06-24,Laboral,2020,6,June,24,Morning,12:00:00,Unknown,Car,Female,13,Passenger,Unknown,Unknown,Unknown,Minor injury: Hospitalization up to 24 hours,434994.58,4584632.43,2.22111263,41.408764106
2020S002743    ,Sant Martí,el Besňs i el Maresme,Litoral (Besňs),Wednesday,2020-06-24,Laboral,2020,6,June,24,Morning,12:00:00,Unknown,Car,Male,32,Driver,Unknown,Unknown,Leisure and entertainment,Uninjured,434994.58,4584632.43,2.22111263,41.408764106
2020S002744    ,Nou Barris,Vilapicina i la Torre Llobeta,Meridiana,Wednesday,2020-06-24,Laboral,2020,6,June,24,Morning,13:00:00,Unknown,Car,Male,47,Driver,Unknown,Unknown,Leisure and entertainment,Uninjured,431827.55,4587000.53,2.18295696,41.429830303
2020S002744    ,Nou Barris,Vilapicina i la Torre Llobeta,Meridiana,Wednesday,2020-06-24,Laboral,2020,6,June,24,Morning,13:00:00,Unknown,Car,Male,23,Driver,Unknown,Unknown,Leisure and entertainment,Uninjured,431827.55,4587000.53,2.18295696,41.429830303
2020S002744    ,Nou Barris,Vilapicina i la Torre Llobeta,Meridiana,Wednesday,2020-06-24,Laboral,2020,6,June,24,Morning,13:00:00,Unknown,Car,Female,39,Passenger,Unknown,Unknown,Unknown,Minor injury: Hospitalization up to 24 hours,431827.55,4587000.53,2.18295696,41.429830303
2020S002745    ,Sant Martí,la Vila Olímpica del Poblenou,Rosa Sensat,Wednesday,2020-06-24,Laboral,2020,6,June,24,Morning,13:00:00,Unknown,Motorcycle,Male,45,Driver,Unknown,Unknown,Unknown,Minor injury: Hospitalization up to 24 hours,432968.01,4582592.31,2.19709382,41.390222728
2020S002745    ,Sant Martí,la Vila Olímpica del Poblenou,Rosa Sensat,Wednesday,2020-06-24,Laboral,2020,6,June,24,Morning,13:00:00,Unknown,Car,Male,29,Driver,Unknown,Unknown,Unknown,Uninjured,432968.01,4582592.31,2.19709382,41.390222728
2020S002746    ,Sant Martí,Diagonal Mar i el Front Marítim del Poblenou,Litoral (Llobregat),Wednesday,2020-06-24,Laboral,2020,6,June,24,Afternoon,14:00:00,Unknown,Car,Female,61,Driver,Unknown,Unknown,Unknown,Uninjured,434371.96,4583978.79,2.21373482,41.402826298
2020S002746    ,Sant Martí,Diagonal Mar i el Front Marítim del Poblenou,Litoral (Llobregat),Wednesday,2020-06-24,Laboral,2020,6,June,24,Afternoon,14:00:00,Unknown,Motorcycle,Male,24,Passenger,Unknown,Unknown,Unknown,Minor injury: Hospitalization up to 24 hours,434371.96,4583978.79,2.21373482,41.402826298
2020S002746    ,Sant Martí,Diagonal Mar i el Front Marítim del Poblenou,Litoral (Llobregat),Wednesday,2020-06-24,Laboral,2020,6,June,24,Afternoon,14:00:00,Unknown,Motorcycle,Male,37,Driver,Unknown,Unknown,Unknown,Minor injury: Hospitalization up to 24 hours,434371.96,4583978.79,2.21373482,41.402826298
2020S002747    ,Les Corts,la Maternitat i Sant Ramon,Diagonal,Wednesday,2020-06-24,Laboral,2020,6,June,24,Afternoon,17:00:00,Unknown,Motorcycle,Male,58,Driver,Unknown,Unknown,Unknown,Minor injury: Hospitalization up to 24 hours,425960.02,4582013.56,2.11334992,41.384395273