Case_Number,District_Name,Neighborhood_Name,Street_Name,Day_of_Week,Date,Day_Type_Description,Year,Month_of_Year,Month_Name,Day_of_Month,Shift_Description,Hour_of_Day,Pedestrian_Cause_Description,Involved_Vehicle_Type_Description,Gender_Description,Age,Person_Type_Description,Pedestrian_Accident_Location_Description,Pedestrian_Movement_Reason_Description,Driver_Movement_Reason_Description,Victimization_Description,Coordenada_UTM_X,Coordenada_UTM_Y,Longitud,Latitud
2020S002747    ,Les Corts,la Maternitat i Sant Ramon,Diagonal,Wednesday,2020-06-24,Laboral,2020,6,June,24,Afternoon,17:00:00,Unknown,Motorcycle,Male,41,Passenger,Unknown,Unknown,Unknown,Minor injury: Hospitalization up to 24 hours,425960.02,4582013.56,2.11334992,41.384395273
2020S002747    ,Les Corts,la Maternitat i Sant Ramon,Diagonal,Wednesday,2020-06-24,Laboral,2020,6,June,24,Afternoon,17:00:00,Unknown,Car,Male,48,Driver,Unknown,Unknown,Unknown,Uninjured,425960.02,4582013.56,2.11334992,41.384395273
2020S002748    ,Les Corts,les Corts,Numŕncia,Wednesday,2020-06-24,Laboral,2020,6,June,24,Afternoon,19:00:00,Unknown,Bicicleta,Male,20,Driver,Unknown,Unknown,Unknown,Minor injury: Hospitalization up to 24 hours,427726.83,4582386.71,2.13443427,41.387916843
2020S002748    ,Les Corts,les Corts,Numŕncia,Wednesday,2020-06-24,Laboral,2020,6,June,24,Afternoon,19:00:00,Unknown,Car,Female,25,Driver,Unknown,Unknown,Unknown,Uninjured,427726.83,4582386.71,2.13443427,41.387916843
2020S002749    ,Sants-Montjuďc,el Poble-sec,Neptú,Wednesday,2020-06-24,Laboral,2020,6,June,24,Afternoon,20:00:00,Unknown,Bicicleta,Male,16,Driver,Unknown,Unknown,Leisure and entertainment,Minor injury: Hospitalization up to 24 hours,429809.81,4580157.15,2.15960401,41.368020447
2020S002750    ,Sants-Montjuďc,el Poble-sec,Paralˇlel,Wednesday,2020-06-24,Laboral,2020,6,June,24,Night,22:00:00,Unknown,Car,Female,36,Driver,Unknown,Unknown,In transit (commuting),Minor injury: Medical assistance at accident site,431120.09,4580858.51,2.17518987,41.374450662
2020S002751    ,Sarriŕ-Sant Gervasi,Sarriŕ,Sarriŕ a Vallvidrera,Wednesday,2020-06-24,Laboral,2020,6,June,24,Afternoon,20:00:00,Unknown,Bicicleta,Male,51,Driver,Unknown,Unknown,Leisure and entertainment,Minor injury: Hospitalization up to 24 hours,425916.14,4584548.47,2.11251488,41.407222024
2020S002751    ,Sarriŕ-Sant Gervasi,Sarriŕ,Sarriŕ a Vallvidrera,Wednesday,2020-06-24,Laboral,2020,6,June,24,Afternoon,20:00:00,Unknown,Ciclomotor,Female,43,Driver,Unknown,Unknown,Leisure and entertainment,Minor injury: Hospitalization up to 24 hours,425916.14,4584548.47,2.11251488,41.407222024
2020S002752    ,Eixample,la Nova Esquerra de l'Eixample,Viladomat,Wednesday,2020-06-24,Laboral,2020,6,June,24,Night,22:00:00,Unknown,Bicicleta,Female,48,Driver,Unknown,Unknown,In transit (commuting),Minor injury: Hospitalization up to 24 hours,429525.79,4581576.28,2.15604323,41.380777276
2020S002752    ,Eixample,la Nova Esquerra de l'Eixample,Viladomat,Wednesday,2020-06-24,Laboral,2020,6,June,24,Night,22:00:00,Unknown,Autobús articulat,Female,44,Passenger,Unknown,Unknown,Unknown,Minor injury: Hospitalization up to 24 hours,429525.79,4581576.28,2.15604323,41.380777276
2020S002752    ,Eixample,la Nova Esquerra de l'Eixample,Viladomat,Wednesday,2020-06-24,Laboral,2020,6,June,24,Night,22:00:00,Unknown,Autobús articulat,Female,29,Passenger,Unknown,Unknown,Unknown,Minor injury: Medical assistance at accident site,429525.79,4581576.28,2.15604323,41.380777276
2020S002752    ,Eixample,la Nova Esquerra de l'Eixample,Viladomat,Wednesday,2020-06-24,Laboral,2020,6,June,24,Night,22:00:00,Unknown,Autobús articulat,Male,39,Driver,Unknown,Unknown,Urban bus,Minor injury: Medical assistance at accident site,429525.79,4581576.28,2.15604323,41.380777276
2020S002753    ,Eixample,la Nova Esquerra de l'Eixample,Tarragona,Thursday,2020-06-25,Laboral,2020,6,June,25,Night,02:00:00,Unknown,Car,Female,25,Driver,Unknown,Unknown,Unknown,Uninjured,428920.14,4581047.93,2.14886275,41.375965299
2020S002753    ,Eixample,la Nova Esquerra de l'Eixample,Tarragona,Thursday,2020-06-25,Laboral,2020,6,June,25,Night,02:00:00,Unknown,Taxi,Male,50,Driver,Unknown,Unknown,Taxi,Uninjured,428920.14,4581047.93,2.14886275,41.375965299
2020S002754    ,Nou Barris,Vilapicina i la Torre Llobeta,Cartellŕ,Thursday,2020-06-25,Laboral,2020,6,June,25,Morning,08:00:00,Unknown,Motorcycle,Male,38,Driver,Unknown,Unknown,In transit (commuting),Minor injury: Hospitalization up to 24 hours,430830.6,4586814.32,2.17104753,41.428067894
2020S002754    ,Nou Barris,Vilapicina i la Torre Llobeta,Cartellŕ,Thursday,2020-06-25,Laboral,2020,6,June,25,Morning,08:00:00,Unknown,Car,Female,51,Driver,Unknown,Unknown,In transit (commuting),Uninjured,430830.6,4586814.32,2.17104753,41.428067894
2020S002755    ,Nou Barris,la Trinitat Nova,Aiguablava,Thursday,2020-06-25,Laboral,2020,6,June,25,Morning,09:00:00,Unknown,Motorcycle,Male,24,Driver,Unknown,Unknown,In transit (commuting),Minor injury: Hospitalization up to 24 hours,431996.97,4589274.54,2.18472837,41.450325884
2020S002755    ,Nou Barris,la Trinitat Nova,Aiguablava,Thursday,2020-06-25,Laboral,2020,6,June,25,Morning,09:00:00,Unknown,Car,Male,29,Driver,Unknown,Unknown,On a mission,Uninjured,431996.97,4589274.54,2.18472837,41.450325884
2020S002756    ,Les Corts,la Maternitat i Sant Ramon,Pius XII,Thursday,2020-06-25,Laboral,2020,6,June,25,Morning,09:00:00,Unknown,Car,Female,72,Driver,Unknown,Unknown,Unknown,Uninjured,426803.22,4582287.89,2.12340038,41.386943252
2020S002756    ,Les Corts,la Maternitat i Sant Ramon,Pius XII,Thursday,2020-06-25,Laboral,2020,6,June,25,Morning,09:00:00,Unknown,Veh. mobilitat personal amb motor,Female,54,Driver,Unknown,Unknown,Unknown,Minor injury: Hospitalization up to 24 hours,426803.22,4582287.89,2.12340038,41.386943252
2020S002757    ,Sants-Montjuďc,el Poble-sec,Paralˇlel,Thursday,2020-06-25,Laboral,2020,6,June,25,Morning,10:00:00,Unknown,Bicicleta,Female,74,Pedestrian,On the sidewalk,Unknown,Unknown,Minor injury: Hospitalization up to 24 hours,429818.96,4580910.68,2.15962613,41.374808063
2020S002757    ,Sants-Montjuďc,el Poble-sec,Paralˇlel,Thursday,2020-06-25,Laboral,2020,6,June,25,Morning,10:00:00,Unknown,Bicicleta,Male,42,Driver,On the sidewalk,Unknown,Unknown,Uninjured,429818.96,4580910.68,2.15962613,41.374808063
2020S002758    ,Ciutat Vella,"Sant Pere, Santa Caterina i la Ribera",Princesa,Thursday,2020-06-25,Laboral,2020,6,June,25,Morning,09:00:00,Unknown,Car,Male,60,Driver,Unknown,Unknown,Unknown,Uninjured,431779.55,4582295.03,2.1829133,41.387445227
2020S002759    ,Eixample,la Dreta de l'Eixample,Diagonal,Thursday,2020-06-25,Laboral,2020,6,June,25,Morning,11:00:00,Unknown,Motorcycle,Female,23,Driver,Unknown,Unknown,Leisure and entertainment,Minor injury: Medical assistance at accident site,429676.49,4583244.7,2.15765154,41.395817376
2020S002759    ,Eixample,la Dreta de l'Eixample,Diagonal,Thursday,2020-06-25,Laboral,2020,6,June,25,Morning,11:00:00,Unknown,Car,Male,73,Driver,Unknown,Unknown,Leisure and entertainment,Uninjured,429676.49,4583244.7,2.15765154,41.395817376
2020S002760    ,Eixample,Sant Antoni,Rocafort,Thursday,2020-06-25,Laboral,2020,6,June,25,Morning,12:00:00,Unknown,Car,Male,43,Pedestrian,In crossing regulated by traffic lights,Unknown,Unknown,Minor injury: Medical assistance at accident site,429579.0,4581152.53,2.15672879,41.376965357
2020S002760    ,Eixample,Sant Antoni,Rocafort,Thursday,2020-06-25,Laboral,2020,6,June,25,Morning,12:00:00,Unknown,Car,Male,48,Driver,In crossing regulated by traffic lights,Unknown,In transit (commuting),Uninjured,429579.0,4581152.53,2.15672879,41.376965357
2020S002761    ,Eixample,la Dreta de l'Eixample,Diagonal,Thursday,2020-06-25,Laboral,2020,6,June,25,Morning,10:00:00,Unknown,Motorcycle,Female,31,Driver,Unknown,Unknown,Leisure and entertainment,Minor injury: Medical assistance at accident site,429676.49,4583244.7,2.15765154,41.395817376
2020S002761    ,Eixample,la Dreta de l'Eixample,Diagonal,Thursday,2020-06-25,Laboral,2020,6,June,25,Morning,10:00:00,Unknown,Tot terreny,Male,68,Driver,Unknown,Unknown,Leisure and entertainment,Uninjured,429676.49,4583244.7,2.15765154,41.395817376
2020S002762    ,Sants-Montjuďc,la Marina de Port,Zona Franca,Thursday,2020-06-25,Laboral,2020,6,June,25,Morning,12:00:00,Unknown,Car,Male,54,Driver,Unknown,Unknown,Unknown,Uninjured,427808.87,4579712.89,2.13573404,41.363842089
2020S002762    ,Sants-Montjuďc,la Marina de Port,Zona Franca,Thursday,2020-06-25,Laboral,2020,6,June,25,Morning,12:00:00,Unknown,Car,Female,40,Driver,Unknown,Unknown,In transit (commuting),Uninjured,427808.87,4579712.89,2.13573404,41.363842089
2020S002762    ,Sants-Montjuďc,la Marina de Port,Zona Franca,Thursday,2020-06-25,Laboral,2020,6,June,25,Morning,12:00:00,Unknown,Car,Female,51,Passenger,Unknown,Unknown,Unknown,Minor injury: Medical assistance at accident site,427808.87,4579712.89,2.13573404,41.363842089
2020S002763    ,Grŕcia,la Vila de Grŕcia,Diagonal,Thursday,2020-06-25,Laboral,2020,6,June,25,Afternoon,16:00:00,Unknown,Motorcycle,Male,26,Driver,Unknown,Unknown,In transit (commuting),Minor injury: Medical assistance at accident site,429716.41,4583312.23,2.15812118,41.396429087
2020S002763    ,Grŕcia,la Vila de Grŕcia,Diagonal,Thursday,2020-06-25,Laboral,2020,6,June,25,Afternoon,16:00:00,Unknown,Car,Female,52,Passenger,Unknown,Unknown,Unknown,Minor injury: Hospitalization up to 24 hours,429716.41,4583312.23,2.15812118,41.396429087
2020S002763    ,Grŕcia,la Vila de Grŕcia,Diagonal,Thursday,2020-06-25,Laboral,2020,6,June,25,Afternoon,16:00:00,Unknown,Car,Male,57,Driver,Unknown,Unknown,Leisure and entertainment,Uninjured,429716.41,4583312.23,2.15812118,41.396429087
2020S002764    ,Eixample,la Dreta de l'Eixample,Corts Catalanes,Thursday,2020-06-25,Laboral,2020,6,June,25,Afternoon,16:00:00,Unknown,Car,Male,59,Driver,Unknown,Unknown,Taxi,Uninjured,430729.86,4582658.46,2.17031798,41.390628772
2020S002764    ,Eixample,la Dreta de l'Eixample,Corts Catalanes,Thursday,2020-06-25,Laboral,2020,6,June,25,Afternoon,16:00:00,Unknown,Veh. mobilitat personal amb motor,Male,37,Driver,Unknown,Unknown,In transit (commuting),Minor injury: Hospitalization up to 24 hours,430729.86,4582658.46,2.17031798,41.390628772
2020S002765    ,Sant Martí,el Camp de l'Arpa del Clot,Maragall,Thursday,2020-06-25,Laboral,2020,6,June,25,Afternoon,17:00:00,Unknown,Motorcycle,Male,23,Driver,Unknown,Unknown,Unknown,Minor injury: Medical assistance at accident site,431626.71,4585270.64,2.18074915,41.414232675
2020S002765    ,Sant Martí,el Camp de l'Arpa del Clot,Maragall,Thursday,2020-06-25,Laboral,2020,6,June,25,Afternoon,17:00:00,Unknown,Furgoneta,Male,33,Driver,Unknown,Unknown,On a mission,Uninjured,431626.71,4585270.64,2.18074915,41.414232675
2020S002766    ,Eixample,el Fort Pienc,Corts Catalanes,Thursday,2020-06-25,Laboral,2020,6,June,25,Afternoon,16:00:00,Unknown,Ciclomotor,Female,39,Driver,Unknown,Unknown,Unknown,Minor injury: Hospitalization up to 24 hours,431857.14,4583752.58,2.18367714,41.400579551
2020S002766    ,Eixample,el Fort Pienc,Corts Catalanes,Thursday,2020-06-25,Laboral,2020,6,June,25,Afternoon,16:00:00,Unknown,Car,Male,31,Driver,Unknown,Unknown,Unknown,Uninjured,431857.14,4583752.58,2.18367714,41.400579551
2020S002767    ,Horta-Guinardó,Montbau,Sant Cugat,Thursday,2020-06-25,Laboral,2020,6,June,25,Afternoon,14:00:00,Unknown,Motorcycle,Male,23,Driver,Unknown,Unknown,Unknown,Minor injury: Hospitalization up to 24 hours,427575.53,4587285.65,2.13203814,41.4320259
2020S002768    ,Horta-Guinardó,el Carmel,Ramon Rocafull,Thursday,2020-06-25,Laboral,2020,6,June,25,Afternoon,20:00:00,Unknown,Car,Male,56,Driver,Unknown,Unknown,Leisure and entertainment,Uninjured,429371.24,4586275.62,2.1536465,41.423088974
2020S002768    ,Horta-Guinardó,el Carmel,Ramon Rocafull,Thursday,2020-06-25,Laboral,2020,6,June,25,Afternoon,20:00:00,Unknown,Car,Female,28,Driver,Unknown,Unknown,Unknown,Unknown,429371.24,4586275.62,2.1536465,41.423088974
2020S002769    ,Ciutat Vella,el Barri Gňtic,Ferran,Friday,2020-06-26,Laboral,2020,6,June,26,Night,04:00:00,Unknown,Car,Male,40,Pedestrian,Unknown,"Firefighters, police, ambulance",Unknown,Minor injury: Hospitalization up to 24 hours,431103.45,4581583.92,2.1749084,41.380982806
2020S002769    ,Ciutat Vella,el Barri Gňtic,Ferran,Friday,2020-06-26,Laboral,2020,6,June,26,Night,04:00:00,Unknown,Furgoneta,Male,41,Driver,Unknown,Unknown,On a mission,Uninjured,431103.45,4581583.92,2.1749084,41.380982806
2020S002770    ,Eixample,la Nova Esquerra de l'Eixample,Diputació,Friday,2020-06-26,Laboral,2020,6,June,26,Morning,08:00:00,Unknown,Veh. mobilitat personal amb motor,Female,38,Driver,Unknown,Unknown,Unknown,Minor injury: Hospitalization up to 24 hours,429603.93,4581815.73,2.15694981,41.38294077
2020S002770    ,Eixample,la Nova Esquerra de l'Eixample,Diputació,Friday,2020-06-26,Laboral,2020,6,June,26,Morning,08:00:00,Unknown,Car,Male,35,Driver,Unknown,Unknown,On a mission,Uninjured,429603.93,4581815.73,2.15694981,41.38294077
2020S002771    ,Sant Martí,el Besňs i el Maresme,Pallars,Friday,2020-06-26,Laboral,2020,6,June,26,Morning,10:00:00,Unknown,Veh. mobilitat personal amb motor,Male,45,Driver,Unknown,Unknown,Unknown,Minor injury: Hospitalization up to 24 hours,434280.39,4585011.54,2.21252721,41.412120547
2020S002771    ,Sant Martí,el Besňs i el Maresme,Pallars,Friday,2020-06-26,Laboral,2020,6,June,26,Morning,10:00:00,Unknown,Furgoneta,Male,32,Driver,Unknown,Unknown,Professional goods transport,Uninjured,434280.39,4585011.54,2.21252721,41.412120547
2020S002772    ,Eixample,la Nova Esquerra de l'Eixample,Corts Catalanes,Friday,2020-06-26,Laboral,2020,6,June,26,Morning,10:00:00,Unknown,Motorcycle,Female,55,Driver,Unknown,Unknown,Unknown,Minor injury: Hospitalization up to 24 hours,429507.09,4581534.56,2.15582447,41.380399879
2020S002773    ,Nou Barris,Vilapicina i la Torre Llobeta,Jota,Friday,2020-06-26,Laboral,2020,6,June,26,Morning,11:00:00,Unknown,Car,Male,54,Driver,Unknown,Unknown,Leisure and entertainment,Uninjured,431338.83,4586974.0,2.17711134,41.429549704
2020S002773    ,Nou Barris,Vilapicina i la Torre Llobeta,Jota,Friday,2020-06-26,Laboral,2020,6,June,26,Morning,11:00:00,Unknown,Veh. mobilitat personal amb motor,Male,26,Driver,Unknown,Unknown,Leisure and entertainment,Minor injury: Hospitalization up to 24 hours,431338.83,4586974.0,2.17711134,41.429549704
2020S002774    ,Sants-Montjuďc,la Marina del Prat Vermell,Transversal 11,Friday,2020-06-26,Laboral,2020,6,June,26,Morning,12:00:00,Unknown,Altres vehicles amb motor,Male,63,Driver,Unknown,Unknown,On a mission,Uninjured,426118.02,4575809.8,2.11599521,41.328534902
2020S002774    ,Sants-Montjuďc,la Marina del Prat Vermell,Transversal 11,Friday,2020-06-26,Laboral,2020,6,June,26,Morning,12:00:00,Unknown,Tractor camió,Male,54,Driver,Unknown,Unknown,On a mission,Minor injury: Medical assistance at accident site,426118.02,4575809.8,2.11599521,41.328534902
2020S002775    ,Eixample,la Nova Esquerra de l'Eixample,Provença,Friday,2020-06-26,Laboral,2020,6,June,26,Morning,13:00:00,Unknown,Bicicleta,Male,39,Driver,Unknown,Unknown,Unknown,Minor injury: Hospitalization up to 24 hours,429042.12,4582201.63,2.15018614,41.386367057
2020S002775    ,Eixample,la Nova Esquerra de l'Eixample,Provença,Friday,2020-06-26,Laboral,2020,6,June,26,Morning,13:00:00,Unknown,Car,Male,55,Driver,Unknown,Unknown,Taxi,Uninjured,429042.12,4582201.63,2.15018614,41.386367057
2020S002776    ,Ciutat Vella,el Barri Gňtic,Portal de la Pau,Friday,2020-06-26,Laboral,2020,6,June,26,Afternoon,14:00:00,Unknown,Car,Female,36,Driver,Unknown,Unknown,In transit (commuting),Uninjured,431338.6,4581022.29,2.17778406,41.375944469
2020S002776    ,Ciutat Vella,el Barri Gňtic,Portal de la Pau,Friday,2020-06-26,Laboral,2020,6,June,26,Afternoon,14:00:00,Unknown,Motorcycle,Male,44,Driver,Unknown,Unknown,In transit (commuting),Minor injury: Hospitalization up to 24 hours,431338.6,4581022.29,2.17778406,41.375944469
2020S002777    ,Sants-Montjuďc,la Bordeta,Corts Catalanes,Friday,2020-06-26,Laboral,2020,6,June,26,Afternoon,14:00:00,Unknown,Furgoneta,Male,29,Driver,Unknown,Unknown,Unknown,Uninjured,428120.05,4580176.09,2.13939928,41.368041834
2020S002777    ,Sants-Montjuďc,la Bordeta,Corts Catalanes,Friday,2020-06-26,Laboral,2020,6,June,26,Afternoon,14:00:00,Unknown,Car,Female,33,Passenger,Unknown,Unknown,Unknown,Minor injury: Hospitalization up to 24 hours,428120.05,4580176.09,2.13939928,41.368041834
2020S002777    ,Sants-Montjuďc,la Bordeta,Corts Catalanes,Friday,2020-06-26,Laboral,2020,6,June,26,Afternoon,14:00:00,Unknown,Car,Male,54,Driver,Unknown,Unknown,Taxi,Uninjured,428120.05,4580176.09,2.13939928,41.368041834
2020S002778    ,Ciutat Vella,"Sant Pere, Santa Caterina i la Ribera",Pujades,Friday,2020-06-26,Laboral,2020,6,June,26,Afternoon,19:00:00,Unknown,Ciclomotor,Male,42,Driver,Unknown,Unknown,Leisure and entertainment,Minor injury: Hospitalization up to 24 hours,431719.78,4582376.44,2.1821893,41.38817339
2020S002778    ,Ciutat Vella,"Sant Pere, Santa Caterina i la Ribera",Pujades,Friday,2020-06-26,Laboral,2020,6,June,26,Afternoon,19:00:00,Unknown,Ciclomotor,Male,31,Driver,Unknown,Unknown,Leisure and entertainment,Uninjured,431719.78,4582376.44,2.1821893,41.38817339
2020S002779    ,Les Corts,la Maternitat i Sant Ramon,Joan XXIII,Friday,2020-06-26,Laboral,2020,6,June,26,Afternoon,18:00:00,Unknown,Car,Female,32,Passenger,Unknown,Unknown,Unknown,Minor injury: Hospitalization up to 24 hours,426740.28,4582066.66,2.12267443,41.384944992
2020S002779    ,Les Corts,la Maternitat i Sant Ramon,Joan XXIII,Friday,2020-06-26,Laboral,2020,6,June,26,Afternoon,18:00:00,Unknown,Car,Male,31,Driver,Unknown,Unknown,Unknown,Minor injury: Medical assistance at accident site,426740.28,4582066.66,2.12267443,41.384944992
2020S002779    ,Les Corts,la Maternitat i Sant Ramon,Joan XXIII,Friday,2020-06-26,Laboral,2020,6,June,26,Afternoon,18:00:00,Unknown,Car,Male,85,Driver,Unknown,Unknown,Unknown,Uninjured,426740.28,4582066.66,2.12267443,41.384944992
2020S002780    ,Horta-Guinardó,la Teixonera,Coll i Alentorn,Friday,2020-06-26,Laboral,2020,6,June,26,Afternoon,20:00:00,Unknown,Motorcycle,Male,39,Driver,Unknown,Unknown,Unknown,Minor injury: Hospitalization up to 24 hours,428471.32,4586446.04,2.14285795,41.424544214
2020S002780    ,Horta-Guinardó,la Teixonera,Coll i Alentorn,Friday,2020-06-26,Laboral,2020,6,June,26,Afternoon,20:00:00,Unknown,Car,Female,80,Driver,Unknown,Unknown,Unknown,Uninjured,428471.32,4586446.04,2.14285795,41.424544214
2020S002781    ,Nou Barris,Vilapicina i la Torre Llobeta,Meridiana,Friday,2020-06-26,Laboral,2020,6,June,26,Afternoon,19:00:00,Unknown,Veh. mobilitat personal amb motor,Male,32,Driver,Unknown,Unknown,Unknown,Uninjured,431884.48,4586892.18,2.18365048,41.428859263
2020S002781    ,Nou Barris,Vilapicina i la Torre Llobeta,Meridiana,Friday,2020-06-26,Laboral,2020,6,June,26,Afternoon,19:00:00,Unknown,Veh. mobilitat personal amb motor,Female,36,Driver,Unknown,Unknown,Unknown,Minor injury: Hospitalization up to 24 hours,431884.48,4586892.18,2.18365048,41.428859263
2020S002782    ,Eixample,Sant Antoni,Sepúlveda,Friday,2020-06-26,Laboral,2020,6,June,26,Afternoon,21:00:00,Unknown,Motorcycle,Male,60,Driver,Unknown,Unknown,Leisure and entertainment,Minor injury: Hospitalization up to 24 hours,429955.91,4581745.78,2.16116709,41.38234149
2020S002782    ,Eixample,Sant Antoni,Sepúlveda,Friday,2020-06-26,Laboral,2020,6,June,26,Afternoon,21:00:00,Unknown,Motorcycle,Female,55,Passenger,Unknown,Unknown,Unknown,Minor injury: Hospitalization up to 24 hours,429955.91,4581745.78,2.16116709,41.38234149
2020S002782    ,Eixample,Sant Antoni,Sepúlveda,Friday,2020-06-26,Laboral,2020,6,June,26,Afternoon,21:00:00,Unknown,Car,Male,35,Driver,Unknown,Unknown,Leisure and entertainment,Uninjured,429955.91,4581745.78,2.16116709,41.38234149
2020S002783    ,Sants-Montjuďc,la Bordeta,Ildefons Cerdŕ,Friday,2020-06-26,Laboral,2020,6,June,26,Night,22:00:00,Unknown,Motorcycle,Male,26,Driver,Unknown,Unknown,In transit (commuting),Minor injury: Medical assistance at accident site,427709.76,4579817.18,2.13453674,41.364772495
2020S002783    ,Sants-Montjuďc,la Bordeta,Ildefons Cerdŕ,Friday,2020-06-26,Laboral,2020,6,June,26,Night,22:00:00,Unknown,Furgoneta,Male,35,Driver,Unknown,Unknown,Leisure and entertainment,Uninjured,427709.76,4579817.18,2.13453674,41.364772495
2020S002784    ,Eixample,l'Antiga Esquerra de l'Eixample,Consell de Cent,Saturday,2020-06-27,Laboral,2020,6,June,27,Morning,06:00:00,Unknown,Ciclomotor,Male,23,Driver,Unknown,Unknown,Leisure and entertainment,Minor injury: Refused medical assistance,429857.08,4582221.15,2.15993017,41.386614381
2020S002785    ,Horta-Guinardó,Horta,Tajo,Saturday,2020-06-27,Laboral,2020,6,June,27,Morning,10:00:00,Unknown,Car,Male,69,Driver,Unknown,Unknown,Leisure and entertainment,Uninjured,430015.0,4586978.23,2.16126834,41.429473482
2020S002785    ,Horta-Guinardó,Horta,Tajo,Saturday,2020-06-27,Laboral,2020,6,June,27,Morning,10:00:00,Unknown,Motorcycle,Male,66,Driver,Unknown,Unknown,Leisure and entertainment,Minor injury: Medical assistance at accident site,430015.0,4586978.23,2.16126834,41.429473482
2020S002786    ,Grŕcia,el Camp d'en Grassot i Grŕcia Nova,Sant Antoni Maria Claret,Saturday,2020-06-27,Laboral,2020,6,June,27,Morning,13:00:00,Unknown,Furgoneta,Male,20,Pedestrian,Outside the crossing,Unknown,Unknown,Minor injury: Hospitalization up to 24 hours,430307.11,4584157.13,2.16508928,41.40409026
2020S002787    ,Sant Andreu,la Sagrera,Meridiana,Saturday,2020-06-27,Laboral,2020,6,June,27,Afternoon,14:00:00,Unknown,Motorcycle,Male,27,Driver,Unknown,Unknown,Other activities,Minor injury: Hospitalization up to 24 hours,432180.01,4585953.63,2.18729245,41.420431066
2020S002787    ,Sant Andreu,la Sagrera,Meridiana,Saturday,2020-06-27,Laboral,2020,6,June,27,Afternoon,14:00:00,Unknown,Car,Male,47,Driver,Unknown,Unknown,Other activities,Uninjured,432180.01,4585953.63,2.18729245,41.420431066
2020S002788    ,Sant Martí,el Clot,Dos de Maig,Saturday,2020-06-27,Laboral,2020,6,June,27,Afternoon,17:00:00,Unknown,Motorcycle,Male,48,Driver,Unknown,Unknown,Unknown,Minor injury: Hospitalization up to 24 hours,431862.42,4584352.3,2.18367275,41.405981499
2020S002788    ,Sant Martí,el Clot,Dos de Maig,Saturday,2020-06-27,Laboral,2020,6,June,27,Afternoon,17:00:00,Unknown,Car,Male,52,Driver,Unknown,Unknown,Unknown,Uninjured,431862.42,4584352.3,2.18367275,41.405981499
2020S002789    ,Sarriŕ-Sant Gervasi,Sant Gervasi - Galvany,Diagonal,Saturday,2020-06-27,Laboral,2020,6,June,27,Afternoon,17:00:00,Unknown,Bicicleta,Male,15,Driver,Unknown,Unknown,Leisure and entertainment,Minor injury: Hospitalization up to 24 hours,428300.11,4582870.53,2.14123308,41.392325761
2020S002789    ,Sarriŕ-Sant Gervasi,Sant Gervasi - Galvany,Diagonal,Saturday,2020-06-27,Laboral,2020,6,June,27,Afternoon,17:00:00,Unknown,Motorcycle,Female,56,Passenger,Unknown,Unknown,Unknown,Serious injury: Hospitalization over 24 hours,428300.11,4582870.53,2.14123308,41.392325761
2020S002789    ,Sarriŕ-Sant Gervasi,Sant Gervasi - Galvany,Diagonal,Saturday,2020-06-27,Laboral,2020,6,June,27,Afternoon,17:00:00,Unknown,Motorcycle,Male,56,Driver,Unknown,Unknown,Unknown,Serious injury: Hospitalization over 24 hours,428300.11,4582870.53,2.14123308,41.392325761
2020S002790    ,Sants-Montjuďc,Sants,Badal,Saturday,2020-06-27,Laboral,2020,6,June,27,Afternoon,18:00:00,Unknown,Veh. mobilitat personal amb motor,Male,35,Driver,Unknown,Unknown,Other activities,Minor injury: Hospitalization up to 24 hours,427426.16,4580903.92,2.1310161,41.374534836
2020S002790    ,Sants-Montjuďc,Sants,Badal,Saturday,2020-06-27,Laboral,2020,6,June,27,Afternoon,18:00:00,Unknown,Car,Male,41,Driver,Unknown,Unknown,Other activities,Uninjured,427426.16,4580903.92,2.1310161,41.374534836
2020S002791    ,Sants-Montjuďc,la Marina de Port,Zona Franca,Saturday,2020-06-27,Laboral,2020,6,June,27,Afternoon,15:00:00,Unknown,Autobús articulat,Male,59,Driver,Unknown,Unknown,Urban bus,Uninjured,428060.46,4579292.81,2.13879166,41.360081102
2020S002791    ,Sants-Montjuďc,la Marina de Port,Zona Franca,Saturday,2020-06-27,Laboral,2020,6,June,27,Afternoon,15:00:00,Unknown,Autobús articulat,Female,87,Passenger,Unknown,Unknown,Unknown,Minor injury: Hospitalization up to 24 hours,428060.46,4579292.81,2.13879166,41.360081102
2020S002792    ,Sants-Montjuďc,el Poble-sec,Paralˇlel,Saturday,2020-06-27,Laboral,2020,6,June,27,Afternoon,19:00:00,Unknown,Veh. mobilitat personal amb motor,Male,54,Driver,Unknown,Unknown,Unknown,Minor injury: Hospitalization up to 24 hours,430957.91,4580874.28,2.17324888,41.374578793
2020S002793    ,Sant Martí,la Verneda i la Pau,Guipúscoa,Saturday,2020-06-27,Laboral,2020,6,June,27,Afternoon,20:00:00,Unknown,Car,Male,48,Driver,Unknown,Unknown,Other activities,Uninjured,433561.75,4586017.94,2.20381873,41.421125798
2020S002793    ,Sant Martí,la Verneda i la Pau,Guipúscoa,Saturday,2020-06-27,Laboral,2020,6,June,27,Afternoon,20:00:00,Unknown,Bicicleta,Male,16,Driver,Unknown,Unknown,Other activities,Minor injury: Medical assistance at accident site,433561.75,4586017.94,2.20381873,41.421125798
2020S002794    ,Sants-Montjuďc,Sants,Sants,Saturday,2020-06-27,Laboral,2020,6,June,27,Night,22:00:00,Others,Ciclomotor,Female,28,Driver,Unknown,Unknown,Leisure and entertainment,Minor injury: Medical assistance at accident site,427504.35,4581019.68,2.13193717,41.375584495