Case_Number,District_Name,Neighborhood_Name,Street_Name,Day_of_Week,Date,Day_Type_Description,Year,Month_of_Year,Month_Name,Day_of_Month,Shift_Description,Hour_of_Day,Pedestrian_Cause_Description,Involved_Vehicle_Type_Description,Gender_Description,Age,Person_Type_Description,Pedestrian_Accident_Location_Description,Pedestrian_Movement_Reason_Description,Driver_Movement_Reason_Description,Victimization_Description,Coordenada_UTM_X,Coordenada_UTM_Y,Longitud,Latitud
2020S002794    ,Sants-Montjuďc,Sants,Sants,Saturday,2020-06-27,Laboral,2020,6,June,27,Night,22:00:00,Others,Ciclomotor,Male,33,Pedestrian,Unknown,Leisure and entertainment,Unknown,Uninjured,427504.35,4581019.68,2.13193717,41.375584495
2020S002795    ,Les Corts,les Corts,Berlín,Saturday,2020-06-27,Laboral,2020,6,June,27,Night,22:00:00,Unknown,Motorcycle,Male,41,Driver,Unknown,Unknown,On a mission,Minor injury: Hospitalization up to 24 hours,427908.96,4581768.45,2.13668605,41.38236476
2020S002795    ,Les Corts,les Corts,Berlín,Saturday,2020-06-27,Laboral,2020,6,June,27,Night,22:00:00,Unknown,Motorcycle,Male,25,Driver,Unknown,Unknown,In transit (commuting),Minor injury: Hospitalization up to 24 hours,427908.96,4581768.45,2.13668605,41.38236476
2020S002796    ,Grŕcia,el Camp d'en Grassot i Grŕcia Nova,Sant Antoni Maria Claret,Sunday,2020-06-28,Laboral,2020,6,June,28,Afternoon,19:00:00,Unknown,Motorcycle,Male,41,Driver,Unknown,Unknown,Unknown,Minor injury: Hospitalization up to 24 hours,430540.21,4584387.38,2.1678513,41.40618423
2020S002796    ,Grŕcia,el Camp d'en Grassot i Grŕcia Nova,Sant Antoni Maria Claret,Sunday,2020-06-28,Laboral,2020,6,June,28,Afternoon,19:00:00,Unknown,Car,Male,24,Driver,Unknown,Unknown,Unknown,Uninjured,430540.21,4584387.38,2.1678513,41.40618423
2020S002797    ,Eixample,la Dreta de l'Eixample,Roger de Flor,Sunday,2020-06-28,Laboral,2020,6,June,28,Afternoon,14:00:00,Unknown,Car,Male,45,Driver,Unknown,Unknown,Leisure and entertainment,Uninjured,430862.81,4583620.03,2.17179822,41.399300781
2020S002797    ,Eixample,la Dreta de l'Eixample,Roger de Flor,Sunday,2020-06-28,Laboral,2020,6,June,28,Afternoon,14:00:00,Unknown,Bicicleta,Male,28,Driver,Unknown,Unknown,Professional goods transport,Minor injury: Hospitalization up to 24 hours,430862.81,4583620.03,2.17179822,41.399300781
2020S002798    ,Eixample,la Sagrada Família,Enamorats,Sunday,2020-06-28,Laboral,2020,6,June,28,Afternoon,14:00:00,Unknown,Motorcycle,Male,58,Driver,Unknown,Unknown,On a mission,Minor injury: Medical assistance at accident site,431506.22,4583898.51,2.17946295,41.401864063
2020S002798    ,Eixample,la Sagrada Família,Enamorats,Sunday,2020-06-28,Laboral,2020,6,June,28,Afternoon,14:00:00,Unknown,Car,Female,24,Driver,Unknown,Unknown,Leisure and entertainment,Uninjured,431506.22,4583898.51,2.17946295,41.401864063
2020S002799    ,Eixample,el Fort Pienc,Corts Catalanes,Sunday,2020-06-28,Laboral,2020,6,June,28,Morning,12:00:00,Unknown,Car,Male,44,Driver,Unknown,Unknown,Leisure and entertainment,Uninjured,431857.14,4583752.58,2.18367714,41.400579551
2020S002800    ,Sant Martí,el Parc i la Llacuna del Poblenou,Marina,Sunday,2020-06-28,Laboral,2020,6,June,28,Afternoon,18:00:00,Unknown,Car,Female,62,Driver,Unknown,Unknown,Leisure and entertainment,Uninjured,432297.6,4582960.99,2.18903445,41.393487147
2020S002800    ,Sant Martí,el Parc i la Llacuna del Poblenou,Marina,Sunday,2020-06-28,Laboral,2020,6,June,28,Afternoon,18:00:00,Unknown,Bicicleta,Male,43,Driver,Unknown,Unknown,Leisure and entertainment,Minor injury: Hospitalization up to 24 hours,432297.6,4582960.99,2.18903445,41.393487147
2020S002801    ,Sant Andreu,la Sagrera,Meridiana,Sunday,2020-06-28,Laboral,2020,6,June,28,Afternoon,18:00:00,Unknown,Ciclomotor,Male,24,Driver,Unknown,Unknown,Leisure and entertainment,Uninjured,432124.61,4586308.59,2.18658969,41.423623397
2020S002801    ,Sant Andreu,la Sagrera,Meridiana,Sunday,2020-06-28,Laboral,2020,6,June,28,Afternoon,18:00:00,Unknown,Motorcycle,Male,59,Driver,Unknown,Unknown,Leisure and entertainment,Minor injury: Medical assistance at accident site,432124.61,4586308.59,2.18658969,41.423623397
2020S002802    ,Sant Martí,el Camp de l'Arpa del Clot,Doctor Serrat,Sunday,2020-06-28,Laboral,2020,6,June,28,Afternoon,19:00:00,Unknown,Motorcycle,Male,28,Driver,Unknown,Unknown,Professional goods transport,Minor injury: Hospitalization up to 24 hours,432105.54,4584925.07,2.18651688,41.41116085
2020S002802    ,Sant Martí,el Camp de l'Arpa del Clot,Doctor Serrat,Sunday,2020-06-28,Laboral,2020,6,June,28,Afternoon,19:00:00,Unknown,Car,Male,33,Driver,Unknown,Unknown,Leisure and entertainment,Uninjured,432105.54,4584925.07,2.18651688,41.41116085
2020S002803    ,Horta-Guinardó,la Vall d'Hebron,Vall d'Hebron,Sunday,2020-06-28,Laboral,2020,6,June,28,Afternoon,19:00:00,Unknown,Car,Male,40,Driver,Unknown,Unknown,Leisure and entertainment,Uninjured,428871.6,4587569.59,2.14751551,41.434699118
2020S002803    ,Horta-Guinardó,la Vall d'Hebron,Vall d'Hebron,Sunday,2020-06-28,Laboral,2020,6,June,28,Afternoon,19:00:00,Unknown,Car,Male,51,Driver,Unknown,Unknown,Leisure and entertainment,Minor injury: Medical assistance at accident site,428871.6,4587569.59,2.14751551,41.434699118
2020S002803    ,Horta-Guinardó,la Vall d'Hebron,Vall d'Hebron,Sunday,2020-06-28,Laboral,2020,6,June,28,Afternoon,19:00:00,Unknown,Car,Female,37,Passenger,Unknown,Unknown,Unknown,Minor injury: Medical assistance at accident site,428871.6,4587569.59,2.14751551,41.434699118
2020S002803    ,Horta-Guinardó,la Vall d'Hebron,Vall d'Hebron,Sunday,2020-06-28,Laboral,2020,6,June,28,Afternoon,19:00:00,Unknown,Car,Male,44,Driver,Unknown,Unknown,Leisure and entertainment,Uninjured,428871.6,4587569.59,2.14751551,41.434699118
2020S002804    ,Eixample,la Nova Esquerra de l'Eixample,Nicaragua,Sunday,2020-06-28,Laboral,2020,6,June,28,Afternoon,21:00:00,Unknown,Car,Male,46,Driver,Unknown,Unknown,Taxi,Uninjured,428511.97,4581626.3,2.14391389,41.381138301
2020S002804    ,Eixample,la Nova Esquerra de l'Eixample,Nicaragua,Sunday,2020-06-28,Laboral,2020,6,June,28,Afternoon,21:00:00,Unknown,Veh. mobilitat personal amb motor,Male,21,Driver,Unknown,Unknown,Leisure and entertainment,Minor injury: Hospitalization up to 24 hours,428511.97,4581626.3,2.14391389,41.381138301
2020S002805    ,Nou Barris,la Trinitat Nova,Favčncia,Monday,2020-06-29,Laboral,2020,6,June,29,Night,02:00:00,Unknown,Car,Female,22,Driver,Unknown,Unknown,Leisure and entertainment,Uninjured,431676.17,4588859.06,2.18093509,41.446556551
2020S002806    ,Eixample,la Nova Esquerra de l'Eixample,Entença,Monday,2020-06-29,Laboral,2020,6,June,29,Morning,07:00:00,Unknown,Furgoneta,Male,32,Driver,Unknown,Unknown,"Firefighters, police, ambulance",Uninjured,428961.64,4581579.83,2.1492966,41.380759611
2020S002806    ,Eixample,la Nova Esquerra de l'Eixample,Entença,Monday,2020-06-29,Laboral,2020,6,June,29,Morning,07:00:00,Unknown,Motorcycle,Male,48,Driver,Unknown,Unknown,In transit (commuting),Minor injury: Hospitalization up to 24 hours,428961.64,4581579.83,2.1492966,41.380759611
2020S002807    ,Eixample,la Dreta de l'Eixample,Bailčn,Monday,2020-06-29,Laboral,2020,6,June,29,Morning,07:00:00,Unknown,Motorcycle,Female,47,Driver,Unknown,Unknown,In transit (commuting),Minor injury: Hospitalization up to 24 hours,430944.82,4583153.56,2.17283243,41.395106482
2020S002807    ,Eixample,la Dreta de l'Eixample,Bailčn,Monday,2020-06-29,Laboral,2020,6,June,29,Morning,07:00:00,Unknown,Veh. mobilitat personal amb motor,Male,31,Driver,Unknown,Unknown,In transit (commuting),Minor injury: Hospitalization up to 24 hours,430944.82,4583153.56,2.17283243,41.395106482
2020S002808    ,Sant Andreu,la Trinitat Vella,B-20 (Besňs),Monday,2020-06-29,Laboral,2020,6,June,29,Morning,08:00:00,Unknown,Car,Male,81,Driver,Unknown,Unknown,Unknown,Uninjured,433012.66,4588988.97,2.19691896,41.447839313
2020S002808    ,Sant Andreu,la Trinitat Vella,B-20 (Besňs),Monday,2020-06-29,Laboral,2020,6,June,29,Morning,08:00:00,Unknown,Motorcycle,Male,42,Driver,Unknown,Unknown,Unknown,Minor injury: Medical assistance at accident site,433012.66,4588988.97,2.19691896,41.447839313
2020S002809    ,Eixample,la Dreta de l'Eixample,Aragó,Monday,2020-06-29,Laboral,2020,6,June,29,Morning,10:00:00,Unknown,Furgoneta,Male,46,Driver,Unknown,Unknown,On a mission,Uninjured,430170.61,4582751.56,2.16361859,41.391418907
2020S002809    ,Eixample,la Dreta de l'Eixample,Aragó,Monday,2020-06-29,Laboral,2020,6,June,29,Morning,10:00:00,Unknown,Motorcycle,Male,66,Driver,Unknown,Unknown,Other activities,Minor injury: Medical assistance at accident site,430170.61,4582751.56,2.16361859,41.391418907
2020S002810    ,Nou Barris,la Trinitat Nova,Dalt (Besňs),Monday,2020-06-29,Laboral,2020,6,June,29,Morning,08:00:00,Unknown,Car,Male,47,Driver,Unknown,Unknown,Unknown,Uninjured,432117.4,4588897.23,2.18621248,41.44693779
2020S002810    ,Nou Barris,la Trinitat Nova,Dalt (Besňs),Monday,2020-06-29,Laboral,2020,6,June,29,Morning,08:00:00,Unknown,Furgoneta,Male,40,Driver,Unknown,Unknown,In transit (commuting),Uninjured,432117.4,4588897.23,2.18621248,41.44693779
2020S002810    ,Nou Barris,la Trinitat Nova,Dalt (Besňs),Monday,2020-06-29,Laboral,2020,6,June,29,Morning,08:00:00,Unknown,Car,Female,43,Passenger,Unknown,Unknown,Unknown,Minor injury: Medical assistance at accident site,432117.4,4588897.23,2.18621248,41.44693779
2020S002810    ,Nou Barris,la Trinitat Nova,Dalt (Besňs),Monday,2020-06-29,Laboral,2020,6,June,29,Morning,08:00:00,Unknown,Furgoneta,Male,56,Driver,Unknown,Unknown,In transit (commuting),Uninjured,432117.4,4588897.23,2.18621248,41.44693779
2020S002810    ,Nou Barris,la Trinitat Nova,Dalt (Besňs),Monday,2020-06-29,Laboral,2020,6,June,29,Morning,08:00:00,Unknown,Car,Male,6,Passenger,Unknown,Unknown,Unknown,Minor injury: Medical assistance at accident site,432117.4,4588897.23,2.18621248,41.44693779
2020S002811    ,Eixample,la Dreta de l'Eixample,Rosselló,Monday,2020-06-29,Laboral,2020,6,June,29,Morning,10:00:00,Unknown,Car,Male,57,Driver,Unknown,Unknown,Unknown,Uninjured,430139.53,4583466.02,2.1631644,41.397851113
2020S002811    ,Eixample,la Dreta de l'Eixample,Rosselló,Monday,2020-06-29,Laboral,2020,6,June,29,Morning,10:00:00,Unknown,Motorcycle,Male,47,Driver,Unknown,Unknown,Unknown,Minor injury: Hospitalization up to 24 hours,430139.53,4583466.02,2.1631644,41.397851113
2020S002812    ,Ciutat Vella,el Raval,Rambla,Monday,2020-06-29,Laboral,2020,6,June,29,Morning,11:00:00,Unknown,Autobús,Male,45,Driver,Unknown,Unknown,Urban bus,Uninjured,430684.95,4582066.49,2.16984862,41.385293206
2020S002812    ,Ciutat Vella,el Raval,Rambla,Monday,2020-06-29,Laboral,2020,6,June,29,Morning,11:00:00,Unknown,Autobús,Female,77,Passenger,Unknown,Unknown,Unknown,Minor injury: Hospitalization up to 24 hours,430684.95,4582066.49,2.16984862,41.385293206
2020S002813    ,Sants-Montjuďc,la Font de la Guatlla,Corts Catalanes,Monday,2020-06-29,Laboral,2020,6,June,29,Morning,12:00:00,Unknown,Furgoneta,Male,45,Driver,Unknown,Unknown,Professional goods transport,Uninjured,428594.03,4580567.6,2.14501997,41.371610243
2020S002813    ,Sants-Montjuďc,la Font de la Guatlla,Corts Catalanes,Monday,2020-06-29,Laboral,2020,6,June,29,Morning,12:00:00,Unknown,Motorcycle,Male,54,Driver,Unknown,Unknown,Unknown,Minor injury: Hospitalization up to 24 hours,428594.03,4580567.6,2.14501997,41.371610243
2020S002814    ,Sants-Montjuďc,la Bordeta,Corts Catalanes,Monday,2020-06-29,Laboral,2020,6,June,29,Morning,12:00:00,Unknown,Car,Male,65,Driver,Unknown,Unknown,Unknown,Minor injury: Hospitalization up to 24 hours,428173.37,4580228.73,2.14003052,41.368520706
2020S002814    ,Sants-Montjuďc,la Bordeta,Corts Catalanes,Monday,2020-06-29,Laboral,2020,6,June,29,Morning,12:00:00,Unknown,Car,Female,60,Passenger,Unknown,Unknown,Unknown,Minor injury: Hospitalization up to 24 hours,428173.37,4580228.73,2.14003052,41.368520706
2020S002814    ,Sants-Montjuďc,la Bordeta,Corts Catalanes,Monday,2020-06-29,Laboral,2020,6,June,29,Morning,12:00:00,Unknown,"Camió rígid > 3,5 tones",Male,42,Driver,Unknown,Unknown,Professional goods transport,Uninjured,428173.37,4580228.73,2.14003052,41.368520706
2020S002815    ,Eixample,la Sagrada Família,Sardenya,Monday,2020-06-29,Laboral,2020,6,June,29,Morning,13:00:00,Unknown,Car,Female,42,Driver,Unknown,Unknown,Leisure and entertainment,Uninjured,431224.19,4583823.68,2.17609778,41.401166003
2020S002815    ,Eixample,la Sagrada Família,Sardenya,Monday,2020-06-29,Laboral,2020,6,June,29,Morning,13:00:00,Unknown,Furgoneta,Male,41,Driver,Unknown,Unknown,In transit (commuting),Uninjured,431224.19,4583823.68,2.17609778,41.401166003
2020S002815    ,Eixample,la Sagrada Família,Sardenya,Monday,2020-06-29,Laboral,2020,6,June,29,Morning,13:00:00,Unknown,Motorcycle,Female,49,Driver,Unknown,Unknown,Leisure and entertainment,Uninjured,431224.19,4583823.68,2.17609778,41.401166003
2020S002816    ,Nou Barris,Ciutat Meridiana,Pedraforca,Monday,2020-06-29,Laboral,2020,6,June,29,Morning,12:00:00,Unknown,Motorcycle,Male,32,Driver,Unknown,Unknown,Unknown,Minor injury: Hospitalization up to 24 hours,431231.23,4590554.08,2.17541583,41.461784914
2020S002816    ,Nou Barris,Ciutat Meridiana,Pedraforca,Monday,2020-06-29,Laboral,2020,6,June,29,Morning,12:00:00,Unknown,Furgoneta,Male,42,Driver,Unknown,Unknown,Unknown,Uninjured,431231.23,4590554.08,2.17541583,41.461784914
2020S002817    ,Sant Martí,Provençals del Poblenou,Bilbao,Monday,2020-06-29,Laboral,2020,6,June,29,Morning,12:00:00,Creuar per fora pas de vianants,Veh. mobilitat personal amb motor,Male,43,Driver,Outside the crossing,Unknown,Unknown,Uninjured,432875.27,4584651.95,2.19575615,41.408765626
2020S002817    ,Sant Martí,Provençals del Poblenou,Bilbao,Monday,2020-06-29,Laboral,2020,6,June,29,Morning,12:00:00,Creuar per fora pas de vianants,Veh. mobilitat personal amb motor,Male,81,Pedestrian,Outside the crossing,Unknown,Unknown,Minor injury: Hospitalization up to 24 hours,432875.27,4584651.95,2.19575615,41.408765626
2020S002818    ,Eixample,la Dreta de l'Eixample,Mallorca,Monday,2020-06-29,Laboral,2020,6,June,29,Afternoon,15:00:00,Unknown,Motorcycle,Male,28,Driver,Unknown,Unknown,Leisure and entertainment,Minor injury: Hospitalization up to 24 hours,430126.9,4583077.94,2.16305813,41.394354707
2020S002818    ,Eixample,la Dreta de l'Eixample,Mallorca,Monday,2020-06-29,Laboral,2020,6,June,29,Afternoon,15:00:00,Unknown,Car,Male,39,Driver,Unknown,Unknown,Leisure and entertainment,Uninjured,430126.9,4583077.94,2.16305813,41.394354707
2020S002819    ,Horta-Guinardó,la Vall d'Hebron,Dalt (Llobregat),Monday,2020-06-29,Laboral,2020,6,June,29,Afternoon,14:00:00,Unknown,Autobús articulat,Female,76,Passenger,Unknown,Unknown,Unknown,Minor injury: Hospitalization up to 24 hours,428665.97,4587115.35,2.14510815,41.430589724
2020S002819    ,Horta-Guinardó,la Vall d'Hebron,Dalt (Llobregat),Monday,2020-06-29,Laboral,2020,6,June,29,Afternoon,14:00:00,Unknown,Autobús articulat,Male,48,Driver,Unknown,Unknown,Regular line bus,Uninjured,428665.97,4587115.35,2.14510815,41.430589724
2020S002820    ,Eixample,Sant Antoni,Paralˇlel,Monday,2020-06-29,Laboral,2020,6,June,29,Afternoon,17:00:00,Unknown,Bicicleta,Male,16,Driver,Unknown,Unknown,Leisure and entertainment,Minor injury: Hospitalization up to 24 hours,429593.61,4580955.64,2.15692637,41.375193309
2020S002820    ,Eixample,Sant Antoni,Paralˇlel,Monday,2020-06-29,Laboral,2020,6,June,29,Afternoon,17:00:00,Unknown,Bicicleta,Female,35,Driver,Unknown,Unknown,Leisure and entertainment,Minor injury: Hospitalization up to 24 hours,429593.61,4580955.64,2.15692637,41.375193309
2020S002821    ,Eixample,el Fort Pienc,Tetuan,Monday,2020-06-29,Laboral,2020,6,June,29,Afternoon,15:00:00,Unknown,Car,Female,26,Driver,Unknown,Unknown,Unknown,Uninjured,431246.5,4583153.05,2.17644085,41.395127752
2020S002821    ,Eixample,el Fort Pienc,Tetuan,Monday,2020-06-29,Laboral,2020,6,June,29,Afternoon,15:00:00,Unknown,Motorcycle,Male,39,Driver,Unknown,Unknown,In transit (commuting),Minor injury: Hospitalization up to 24 hours,431246.5,4583153.05,2.17644085,41.395127752
2020S002822    ,Grŕcia,la Salut,Sardenya,Monday,2020-06-29,Laboral,2020,6,June,29,Afternoon,17:00:00,Unknown,Autobús,Male,46,Driver,Unknown,Unknown,Urban bus,Uninjured,430011.56,4585166.89,2.16143691,41.41315912
2020S002822    ,Grŕcia,la Salut,Sardenya,Monday,2020-06-29,Laboral,2020,6,June,29,Afternoon,17:00:00,Unknown,Autobús,Female,89,Passenger,Unknown,Unknown,Unknown,Minor injury: Hospitalization up to 24 hours,430011.56,4585166.89,2.16143691,41.41315912
2020S002823    ,Les Corts,les Corts,Aviació,Monday,2020-06-29,Laboral,2020,6,June,29,Morning,11:00:00,Unknown,"Camió rígid > 3,5 tones",Male,54,Driver,Unknown,Unknown,On a mission,Uninjured,427790.44,4582349.87,2.1351994,41.387590755
2020S002824    ,Sant Martí,el Besňs i el Maresme,Eduard Maristany,Monday,2020-06-29,Laboral,2020,6,June,29,Afternoon,17:00:00,Unknown,Bicicleta,Male,32,Driver,On the sidewalk,Unknown,On a mission,Uninjured,434943.88,4585010.04,2.22046545,41.412161049
2020S002824    ,Sant Martí,el Besňs i el Maresme,Eduard Maristany,Monday,2020-06-29,Laboral,2020,6,June,29,Afternoon,17:00:00,Unknown,Bicicleta,Male,32,Pedestrian,On the sidewalk,Unknown,Unknown,Minor injury: Hospitalization up to 24 hours,434943.88,4585010.04,2.22046545,41.412161049
2020S002825    ,Eixample,la Dreta de l'Eixample,Universitat,Monday,2020-06-29,Laboral,2020,6,June,29,Afternoon,17:00:00,Unknown,Autobús,Male,59,Driver,Unknown,Unknown,Urban bus,Uninjured,430383.96,4582187.45,2.16623516,41.38635665
2020S002825    ,Eixample,la Dreta de l'Eixample,Universitat,Monday,2020-06-29,Laboral,2020,6,June,29,Afternoon,17:00:00,Unknown,Bicicleta,Male,46,Driver,Unknown,Unknown,Unknown,Minor injury: Medical assistance at accident site,430383.96,4582187.45,2.16623516,41.38635665
2020S002826    ,Ciutat Vella,"Sant Pere, Santa Caterina i la Ribera",Amadeu Vives,Monday,2020-06-29,Laboral,2020,6,June,29,Afternoon,18:00:00,Unknown,"Camió rígid > 3,5 tones",Male,46,Driver,Unknown,Unknown,On a mission,Uninjured,431167.0,4582327.22,2.17558386,41.38768294
2020S002827    ,Sant Martí,el Clot,Corts Catalanes,Monday,2020-06-29,Laboral,2020,6,June,29,Afternoon,17:00:00,Unknown,Motorcycle,Male,57,Driver,Unknown,Unknown,Other activities,Minor injury: Hospitalization up to 24 hours,432229.0,4584196.97,2.18807552,41.404613493
2020S002828    ,Eixample,la Dreta de l'Eixample,Diagonal,Monday,2020-06-29,Laboral,2020,6,June,29,Afternoon,19:00:00,Unknown,Tot terreny,Male,33,Driver,Unknown,Unknown,Unknown,Uninjured,430753.37,4583645.3,2.17048625,41.399518957
2020S002828    ,Eixample,la Dreta de l'Eixample,Diagonal,Monday,2020-06-29,Laboral,2020,6,June,29,Afternoon,19:00:00,Unknown,Motorcycle,Male,21,Driver,Unknown,Unknown,Unknown,Minor injury: Hospitalization up to 24 hours,430753.37,4583645.3,2.17048625,41.399518957
2020S002829    ,Sant Martí,Provençals del Poblenou,Bac de Roda,Monday,2020-06-29,Laboral,2020,6,June,29,Afternoon,20:00:00,Unknown,Furgoneta,Male,41,Driver,Unknown,Unknown,Professional goods transport,Uninjured,433127.14,4584930.17,2.19873862,41.411292484
2020S002829    ,Sant Martí,Provençals del Poblenou,Bac de Roda,Monday,2020-06-29,Laboral,2020,6,June,29,Afternoon,20:00:00,Unknown,Motorcycle,Male,38,Driver,Unknown,Unknown,Leisure and entertainment,Minor injury: Medical assistance at accident site,433127.14,4584930.17,2.19873862,41.411292484
2020S002829    ,Sant Martí,Provençals del Poblenou,Bac de Roda,Monday,2020-06-29,Laboral,2020,6,June,29,Afternoon,20:00:00,Unknown,Car,Male,67,Driver,Unknown,Unknown,Leisure and entertainment,Uninjured,433127.14,4584930.17,2.19873862,41.411292484
2020S002830    ,Grŕcia,Vallcarca i els Penitents,Vall d'Hebron,Monday,2020-06-29,Laboral,2020,6,June,29,Afternoon,20:00:00,Unknown,Motorcycle,Male,63,Driver,Unknown,Unknown,Leisure and entertainment,Minor injury: Medical assistance at accident site,427936.06,4585528.58,2.13656232,41.416233185
2020S002830    ,Grŕcia,Vallcarca i els Penitents,Vall d'Hebron,Monday,2020-06-29,Laboral,2020,6,June,29,Afternoon,20:00:00,Unknown,Car,Male,30,Driver,Unknown,Unknown,Leisure and entertainment,Uninjured,427936.06,4585528.58,2.13656232,41.416233185
2020S002831    ,Eixample,la Dreta de l'Eixample,Ausiŕs Marc,Monday,2020-06-29,Laboral,2020,6,June,29,Afternoon,21:00:00,Unknown,Car,Male,33,Driver,Unknown,Unknown,Leisure and entertainment,Uninjured,431097.14,4582674.41,2.17470885,41.390803994
2020S002831    ,Eixample,la Dreta de l'Eixample,Ausiŕs Marc,Monday,2020-06-29,Laboral,2020,6,June,29,Afternoon,21:00:00,Unknown,Motorcycle,Female,28,Driver,Unknown,Unknown,Leisure and entertainment,Minor injury: Hospitalization up to 24 hours,431097.14,4582674.41,2.17470885,41.390803994
2020S002832    ,Horta-Guinardó,Sant Genís dels Agudells,Sant Cugat,Monday,2020-06-29,Laboral,2020,6,June,29,Afternoon,19:00:00,Unknown,Bicicleta,Male,35,Driver,Unknown,Unknown,Leisure and entertainment,Minor injury: Hospitalization up to 24 hours,427505.17,4587233.59,2.13120236,41.431550668
2020S002832    ,Horta-Guinardó,Sant Genís dels Agudells,Sant Cugat,Monday,2020-06-29,Laboral,2020,6,June,29,Afternoon,19:00:00,Unknown,Motorcycle,Male,24,Driver,Unknown,Unknown,Unknown,Uninjured,427505.17,4587233.59,2.13120236,41.431550668
2020S002833    ,Sants-Montjuďc,la Marina del Prat Vermell,Litoral (Llobregat),Monday,2020-06-29,Laboral,2020,6,June,29,Afternoon,21:00:00,Unknown,Motorcycle,Male,31,Driver,Unknown,Unknown,Other activities,Minor injury: Medical assistance at accident site,427746.24,4577610.21,2.1352358,41.344898324
2020S002833    ,Sants-Montjuďc,la Marina del Prat Vermell,Litoral (Llobregat),Monday,2020-06-29,Laboral,2020,6,June,29,Afternoon,21:00:00,Unknown,Motorcycle,Male,46,Driver,Unknown,Unknown,In transit (commuting),Uninjured,427746.24,4577610.21,2.1352358,41.344898324
2020S002833    ,Sants-Montjuďc,la Marina del Prat Vermell,Litoral (Llobregat),Monday,2020-06-29,Laboral,2020,6,June,29,Afternoon,21:00:00,Unknown,Motorcycle,Male,19,Driver,Unknown,Unknown,Other activities,Minor injury: Medical assistance at accident site,427746.24,4577610.21,2.1352358,41.344898324
2020S002834    ,Sants-Montjuďc,la Font de la Guatlla,Corts Catalanes,Monday,2020-06-29,Laboral,2020,6,June,29,Night,22:00:00,Unknown,Ciclomotor,Male,21,Driver,Unknown,Unknown,Professional goods transport,Minor injury: Medical assistance at accident site,428747.21,4580717.47,2.14683384,41.372973655
2020S002834    ,Sants-Montjuďc,la Font de la Guatlla,Corts Catalanes,Monday,2020-06-29,Laboral,2020,6,June,29,Night,22:00:00,Unknown,Motorcycle,Male,32,Driver,Unknown,Unknown,In transit (commuting),Minor injury: Hospitalization up to 24 hours,428747.21,4580717.47,2.14683384,41.372973655
2020S002835    ,Sarriŕ-Sant Gervasi,Sant Gervasi - Galvany,Muntaner,Monday,2020-06-29,Laboral,2020,6,June,29,Afternoon,21:00:00,Unknown,Car,Male,46,Driver,Unknown,Unknown,Unknown,Uninjured,428385.19,4583668.14,2.14215628,41.399517117
2020S002835    ,Sarriŕ-Sant Gervasi,Sant Gervasi - Galvany,Muntaner,Monday,2020-06-29,Laboral,2020,6,June,29,Afternoon,21:00:00,Unknown,Motorcycle,Female,21,Passenger,Unknown,Unknown,Unknown,Serious injury: Hospitalization over 24 hours,428385.19,4583668.14,2.14215628,41.399517117
2020S002835    ,Sarriŕ-Sant Gervasi,Sant Gervasi - Galvany,Muntaner,Monday,2020-06-29,Laboral,2020,6,June,29,Afternoon,21:00:00,Unknown,Motorcycle,Male,22,Driver,Unknown,Unknown,Unknown,Minor injury: Hospitalization up to 24 hours,428385.19,4583668.14,2.14215628,41.399517117
2020S002836    ,Eixample,l'Antiga Esquerra de l'Eixample,París,Monday,2020-06-29,Laboral,2020,6,June,29,Night,22:00:00,Unknown,Car,Male,22,Driver,Unknown,Unknown,Other activities,Uninjured,429179.0,4582902.11,2.15174117,41.392688106
2020S002836    ,Eixample,l'Antiga Esquerra de l'Eixample,París,Monday,2020-06-29,Laboral,2020,6,June,29,Night,22:00:00,Unknown,Motorcycle,Male,23,Driver,Unknown,Unknown,Other activities,Minor injury: Hospitalization up to 24 hours,429179.0,4582902.11,2.15174117,41.392688106
2020S002837    ,Eixample,la Dreta de l'Eixample,Corts Catalanes,Tuesday,2020-06-30,Laboral,2020,6,June,30,Night,00:00:00,Unknown,Car,Male,18,Driver,Unknown,Unknown,Unknown,Uninjured,430335.3,4582343.66,2.16563525,41.38775937
2020S002837    ,Eixample,la Dreta de l'Eixample,Corts Catalanes,Tuesday,2020-06-30,Laboral,2020,6,June,30,Night,00:00:00,Unknown,Motorcycle,Female,25,Driver,Unknown,Unknown,Unknown,Minor injury: Medical assistance at accident site,430335.3,4582343.66,2.16563525,41.38775937
2020S002838    ,Eixample,la Nova Esquerra de l'Eixample,Comte d'Urgell,Tuesday,2020-06-30,Laboral,2020,6,June,30,Night,02:00:00,Unknown,Motorcycle,Female,32,Passenger,Unknown,Unknown,Unknown,Uninjured,429398.93,4582049.56,2.15447104,41.385028825
2020S002838    ,Eixample,la Nova Esquerra de l'Eixample,Comte d'Urgell,Tuesday,2020-06-30,Laboral,2020,6,June,30,Night,02:00:00,Unknown,Motorcycle,Male,27,Driver,Unknown,Unknown,Unknown,Unknown,429398.93,4582049.56,2.15447104,41.385028825
2020S002839    ,Sarriŕ-Sant Gervasi,el Putxet i el Farró,General Mitre,Monday,2020-06-29,Laboral,2020,6,June,29,Morning,09:00:00,Unknown,Autobús articulat,Male,43,Driver,Unknown,Unknown,Urban bus,Uninjured,428976.28,4584385.99,2.1491424,41.406034981
2020S002839    ,Sarriŕ-Sant Gervasi,el Putxet i el Farró,General Mitre,Monday,2020-06-29,Laboral,2020,6,June,29,Morning,09:00:00,Unknown,Autobús articulat,Female,53,Passenger,Unknown,Unknown,Unknown,Minor injury: Medical assistance at accident site,428976.28,4584385.99,2.1491424,41.406034981