Case_Number,District_Name,Neighborhood_Name,Street_Name,Day_of_Week,Date,Day_Type_Description,Year,Month_of_Year,Month_Name,Day_of_Month,Shift_Description,Hour_of_Day,Pedestrian_Cause_Description,Involved_Vehicle_Type_Description,Gender_Description,Age,Person_Type_Description,Pedestrian_Accident_Location_Description,Pedestrian_Movement_Reason_Description,Driver_Movement_Reason_Description,Victimization_Description,Coordenada_UTM_X,Coordenada_UTM_Y,Longitud,Latitud
2020S002840    ,Sant Andreu,Baró de Viver,Guayaquil,Tuesday,2020-06-30,Laboral,2020,6,June,30,Morning,08:00:00,Unknown,Furgoneta,Male,51,Driver,Unknown,Unknown,Unknown,Minor injury: Refused medical assistance,433483.66,4588879.32,2.20256922,41.446890922
2020S002840    ,Sant Andreu,Baró de Viver,Guayaquil,Tuesday,2020-06-30,Laboral,2020,6,June,30,Morning,08:00:00,Unknown,Car,Female,21,Driver,Unknown,Unknown,Unknown,Uninjured,433483.66,4588879.32,2.20256922,41.446890922
2020S002841    ,Nou Barris,el Turó de la Peira,Doctor Pi i Molist,Tuesday,2020-06-30,Laboral,2020,6,June,30,Morning,10:00:00,Unknown,Motorcycle,Male,35,Driver,Unknown,Unknown,On a mission,Minor injury: Hospitalization up to 24 hours,430971.24,4587472.72,2.17265532,41.434009968
2020S002841    ,Nou Barris,el Turó de la Peira,Doctor Pi i Molist,Tuesday,2020-06-30,Laboral,2020,6,June,30,Morning,10:00:00,Unknown,Car,Female,49,Driver,Unknown,Unknown,Leisure and entertainment,Uninjured,430971.24,4587472.72,2.17265532,41.434009968
2020S002841    ,Nou Barris,el Turó de la Peira,Doctor Pi i Molist,Tuesday,2020-06-30,Laboral,2020,6,June,30,Morning,10:00:00,Unknown,Motorcycle,Male,91,Pedestrian,Unknown,Leisure and entertainment,Unknown,Minor injury: Hospitalization up to 24 hours,430971.24,4587472.72,2.17265532,41.434009968
2020S002842    ,Grŕcia,la Vila de Grŕcia,Grŕcia,Tuesday,2020-06-30,Laboral,2020,6,June,30,Morning,08:00:00,Unknown,"Camió rígid > 3,5 tones",Male,40,Driver,Unknown,Unknown,In transit (commuting),Uninjured,429708.17,4583485.36,2.15800251,41.397987689
2020S002842    ,Grŕcia,la Vila de Grŕcia,Grŕcia,Tuesday,2020-06-30,Laboral,2020,6,June,30,Morning,08:00:00,Unknown,Car,Male,52,Driver,Unknown,Unknown,Unknown,Minor injury: Refused medical assistance,429708.17,4583485.36,2.15800251,41.397987689
2020S002843    ,Sarriŕ-Sant Gervasi,Sant Gervasi - la Bonanova,Isaac Newton,Tuesday,2020-06-30,Laboral,2020,6,June,30,Morning,11:00:00,Unknown,Car,Male,43,Driver,Unknown,Unknown,In transit (commuting),Minor injury: Refused medical assistance,427498.66,4585262.91,2.13136084,41.413801046
2020S002843    ,Sarriŕ-Sant Gervasi,Sant Gervasi - la Bonanova,Isaac Newton,Tuesday,2020-06-30,Laboral,2020,6,June,30,Morning,11:00:00,Unknown,Car,Male,53,Driver,Unknown,Unknown,In transit (commuting),Minor injury: Refused medical assistance,427498.66,4585262.91,2.13136084,41.413801046
2020S002843    ,Sarriŕ-Sant Gervasi,Sant Gervasi - la Bonanova,Isaac Newton,Tuesday,2020-06-30,Laboral,2020,6,June,30,Morning,11:00:00,Unknown,Car,Female,82,Driver,Unknown,Unknown,Leisure and entertainment,Minor injury: Medical assistance at accident site,427498.66,4585262.91,2.13136084,41.413801046
2020S002844    ,Eixample,el Fort Pienc,Diagonal,Tuesday,2020-06-30,Laboral,2020,6,June,30,Afternoon,14:00:00,Unknown,Car,Male,50,Driver,Unknown,Unknown,Unknown,Uninjured,431522.62,4583840.13,2.17966574,41.40133965
2020S002844    ,Eixample,el Fort Pienc,Diagonal,Tuesday,2020-06-30,Laboral,2020,6,June,30,Afternoon,14:00:00,Unknown,Bicicleta,Male,53,Driver,Unknown,Unknown,Leisure and entertainment,Minor injury: Medical assistance at accident site,431522.62,4583840.13,2.17966574,41.40133965
2020S002845    ,Nou Barris,la Trinitat Nova,Meridiana,Tuesday,2020-06-30,Laboral,2020,6,June,30,Afternoon,14:00:00,Unknown,Car,Male,44,Driver,Unknown,Unknown,Leisure and entertainment,Minor injury: Medical assistance at accident site,432279.56,4589210.67,2.18811843,41.449774537
2020S002845    ,Nou Barris,la Trinitat Nova,Meridiana,Tuesday,2020-06-30,Laboral,2020,6,June,30,Afternoon,14:00:00,Unknown,Car,Male,21,Driver,Unknown,Unknown,Leisure and entertainment,Uninjured,432279.56,4589210.67,2.18811843,41.449774537
2020S002845    ,Nou Barris,la Trinitat Nova,Meridiana,Tuesday,2020-06-30,Laboral,2020,6,June,30,Afternoon,14:00:00,Unknown,Car,Female,23,Passenger,Unknown,Unknown,Unknown,Minor injury: Hospitalization up to 24 hours,432279.56,4589210.67,2.18811843,41.449774537
2020S002846    ,Eixample,la Sagrada Família,Consell de Cent,Tuesday,2020-06-30,Laboral,2020,6,June,30,Afternoon,14:00:00,Unknown,Car,Female,32,Driver,Unknown,Unknown,Leisure and entertainment,Uninjured,431774.73,4584126.95,2.18264914,41.403944398
2020S002846    ,Eixample,la Sagrada Família,Consell de Cent,Tuesday,2020-06-30,Laboral,2020,6,June,30,Afternoon,14:00:00,Unknown,Veh. mobilitat personal amb motor,Male,25,Driver,Unknown,Unknown,In transit (commuting),Minor injury: Hospitalization up to 24 hours,431774.73,4584126.95,2.18264914,41.403944398
2020S002847    ,Eixample,l'Antiga Esquerra de l'Eixample,Aragó,Tuesday,2020-06-30,Laboral,2020,6,June,30,Afternoon,15:00:00,Unknown,Car,Male,39,Driver,Unknown,Unknown,Other activities,Minor injury: Hospitalization up to 24 hours,429748.98,4582339.33,2.15862366,41.387669351
2020S002847    ,Eixample,l'Antiga Esquerra de l'Eixample,Aragó,Tuesday,2020-06-30,Laboral,2020,6,June,30,Afternoon,15:00:00,Unknown,Car,Female,45,Passenger,Unknown,Unknown,Unknown,Minor injury: Refused medical assistance,429748.98,4582339.33,2.15862366,41.387669351
2020S002847    ,Eixample,l'Antiga Esquerra de l'Eixample,Aragó,Tuesday,2020-06-30,Laboral,2020,6,June,30,Afternoon,15:00:00,Unknown,Car,Male,53,Driver,Unknown,Unknown,Leisure and entertainment,Uninjured,429748.98,4582339.33,2.15862366,41.387669351
2020S002848    ,Eixample,la Dreta de l'Eixample,Sant Joan,Tuesday,2020-06-30,Laboral,2020,6,June,30,Afternoon,17:00:00,Unknown,Motorcycle,Male,25,Driver,Unknown,Unknown,Unknown,Minor injury: Hospitalization up to 24 hours,430933.91,4583332.94,2.17268146,41.396721165
2020S002848    ,Eixample,la Dreta de l'Eixample,Sant Joan,Tuesday,2020-06-30,Laboral,2020,6,June,30,Afternoon,17:00:00,Unknown,Car,Male,52,Driver,Unknown,Unknown,Unknown,Uninjured,430933.91,4583332.94,2.17268146,41.396721165
2020S002849    ,Eixample,l'Antiga Esquerra de l'Eixample,Josep Tarradellas,Tuesday,2020-06-30,Laboral,2020,6,June,30,Afternoon,15:00:00,Unknown,Bicicleta,Female,20,Pedestrian,On the sidewalk,In transit (commuting),Unknown,Minor injury: Refused medical assistance,428568.89,4582818.46,2.14445391,41.391880716
2020S002850    ,Nou Barris,la Prosperitat,Arítjols,Tuesday,2020-06-30,Laboral,2020,6,June,30,Afternoon,17:00:00,Unknown,Veh. mobilitat personal amb motor,Female,13,Driver,On the sidewalk,Unknown,Leisure and entertainment,Uninjured,431834.52,4588488.32,2.18287245,41.4432309
2020S002850    ,Nou Barris,la Prosperitat,Arítjols,Tuesday,2020-06-30,Laboral,2020,6,June,30,Afternoon,17:00:00,Unknown,Veh. mobilitat personal amb motor,Female,13,Passenger,On the sidewalk,Unknown,Unknown,Uninjured,431834.52,4588488.32,2.18287245,41.4432309
2020S002850    ,Nou Barris,la Prosperitat,Arítjols,Tuesday,2020-06-30,Laboral,2020,6,June,30,Afternoon,17:00:00,Unknown,Veh. mobilitat personal amb motor,Female,78,Pedestrian,On the sidewalk,Leisure and entertainment,Unknown,Minor injury: Hospitalization up to 24 hours,431834.52,4588488.32,2.18287245,41.4432309
2020S002851    ,Sarriŕ-Sant Gervasi,les Tres Torres,Augusta,Tuesday,2020-06-30,Laboral,2020,6,June,30,Morning,13:00:00,Unknown,Tot terreny,Female,12,Passenger,Unknown,Unknown,Unknown,Minor injury: Hospitalization up to 24 hours,426953.87,4583644.71,2.1250383,41.399177268
2020S002851    ,Sarriŕ-Sant Gervasi,les Tres Torres,Augusta,Tuesday,2020-06-30,Laboral,2020,6,June,30,Morning,13:00:00,Unknown,Tot terreny,Female,42,Driver,Unknown,Unknown,Leisure and entertainment,Uninjured,426953.87,4583644.71,2.1250383,41.399177268
2020S002851    ,Sarriŕ-Sant Gervasi,les Tres Torres,Augusta,Tuesday,2020-06-30,Laboral,2020,6,June,30,Morning,13:00:00,Unknown,Car,Male,45,Driver,Unknown,Unknown,Leisure and entertainment,Uninjured,426953.87,4583644.71,2.1250383,41.399177268
2020S002852    ,Sant Martí,el Parc i la Llacuna del Poblenou,Tŕnger,Tuesday,2020-06-30,Laboral,2020,6,June,30,Afternoon,19:00:00,Unknown,Car,Male,39,Driver,Unknown,Unknown,Unknown,Uninjured,432625.18,4583978.02,2.19283928,41.402674791
2020S002852    ,Sant Martí,el Parc i la Llacuna del Poblenou,Tŕnger,Tuesday,2020-06-30,Laboral,2020,6,June,30,Afternoon,19:00:00,Unknown,Ciclomotor,Male,50,Driver,Unknown,Unknown,In transit (commuting),Minor injury: Hospitalization up to 24 hours,432625.18,4583978.02,2.19283928,41.402674791
2020S002853    ,Horta-Guinardó,Horta,Vall d'Hebron,Tuesday,2020-06-30,Laboral,2020,6,June,30,Night,23:00:00,Unknown,Car,Male,44,Driver,Unknown,Unknown,Other activities,Minor injury: Medical assistance at accident site,430025.32,4588189.77,2.16125148,41.440386243
2020S002854    ,Horta-Guinardó,el Guinardó,Guinardó,Tuesday,2020-06-30,Laboral,2020,6,June,30,Night,22:00:00,Unknown,Motorcycle,Male,45,Driver,Unknown,Unknown,Other activities,Minor injury: Hospitalization up to 24 hours,431354.66,4586161.88,2.17739303,41.422236573
2020S002854    ,Horta-Guinardó,el Guinardó,Guinardó,Tuesday,2020-06-30,Laboral,2020,6,June,30,Night,22:00:00,Unknown,Car,Male,42,Driver,Unknown,Unknown,Other activities,Uninjured,431354.66,4586161.88,2.17739303,41.422236573
2020S002855    ,Sarriŕ-Sant Gervasi,Sant Gervasi - Galvany,Francesc Maciŕ,Wednesday,2020-07-01,Laboral,2020,7,July,1,Night,00:00:00,Unknown,Tot terreny,Male,21,Driver,Unknown,Unknown,Leisure and entertainment,Uninjured,428572.98,4582883.36,2.14449517,41.39246561
2020S002855    ,Sarriŕ-Sant Gervasi,Sant Gervasi - Galvany,Francesc Maciŕ,Wednesday,2020-07-01,Laboral,2020,7,July,1,Night,00:00:00,Unknown,Motorcycle,Female,28,Driver,Unknown,Unknown,Leisure and entertainment,Minor injury: Medical assistance at accident site,428572.98,4582883.36,2.14449517,41.39246561
2020S002856    ,Horta-Guinardó,la Vall d'Hebron,Granja Vella,Wednesday,2020-07-01,Laboral,2020,7,July,1,Morning,07:00:00,Unknown,Car,Female,27,Driver,In crossing regulated by traffic lights,Unknown,In transit (commuting),Uninjured,428904.21,4586709.3,2.14800703,41.426953736
2020S002856    ,Horta-Guinardó,la Vall d'Hebron,Granja Vella,Wednesday,2020-07-01,Laboral,2020,7,July,1,Morning,07:00:00,Unknown,Car,Female,69,Pedestrian,In crossing regulated by traffic lights,Other activities,Unknown,Minor injury: Hospitalization up to 24 hours,428904.21,4586709.3,2.14800703,41.426953736
2020S002857    ,Eixample,la Sagrada Família,Valčncia,Wednesday,2020-07-01,Laboral,2020,7,July,1,Morning,08:00:00,Unknown,Bicicleta,Male,58,Driver,Unknown,Unknown,Leisure and entertainment,Minor injury: Medical assistance at accident site,431100.76,4583843.51,2.17461905,41.401334032
2020S002857    ,Eixample,la Sagrada Família,Valčncia,Wednesday,2020-07-01,Laboral,2020,7,July,1,Morning,08:00:00,Unknown,Car,Male,45,Driver,Unknown,Unknown,In transit (commuting),Uninjured,431100.76,4583843.51,2.17461905,41.401334032
2020S002858    ,Sants-Montjuďc,Sants,Madrid,Wednesday,2020-07-01,Laboral,2020,7,July,1,Morning,09:00:00,Unknown,Furgoneta,Male,41,Driver,Unknown,Unknown,On a mission,Uninjured,427472.23,4581552.17,2.13148935,41.380377536
2020S002858    ,Sants-Montjuďc,Sants,Madrid,Wednesday,2020-07-01,Laboral,2020,7,July,1,Morning,09:00:00,Unknown,Ciclomotor,Female,28,Driver,Unknown,Unknown,In transit (commuting),Minor injury: Hospitalization up to 24 hours,427472.23,4581552.17,2.13148935,41.380377536
2020S002859    ,Les Corts,les Corts,Corts,Wednesday,2020-07-01,Laboral,2020,7,July,1,Morning,11:00:00,Unknown,Motorcycle,Female,63,Driver,Unknown,Unknown,In transit (commuting),Minor injury: Hospitalization up to 24 hours,428119.02,4582509.2,2.1391101,41.389055226
2020S002859    ,Les Corts,les Corts,Corts,Wednesday,2020-07-01,Laboral,2020,7,July,1,Morning,11:00:00,Unknown,Motorcycle,Male,20,Driver,Unknown,Unknown,In transit (commuting),Minor injury: Hospitalization up to 24 hours,428119.02,4582509.2,2.1391101,41.389055226
2020S002860    ,Horta-Guinardó,el Baix Guinardó,Rovira,Tuesday,2020-06-02,Laboral,2020,6,June,2,Afternoon,15:00:00,Unknown,Motorcycle,Male,31,Driver,Unknown,Unknown,In transit (commuting),Minor injury: Hospitalization up to 24 hours,430371.85,4585311.43,2.16573084,41.414492254
2020S002861    ,Eixample,la Sagrada Família,Cartagena,Wednesday,2020-07-01,Laboral,2020,7,July,1,Morning,12:00:00,Unknown,Motorcycle,Male,31,Driver,Unknown,Unknown,Unknown,Minor injury: Hospitalization up to 24 hours,431418.84,4584579.86,2.17834045,41.407993319
2020S002861    ,Eixample,la Sagrada Família,Cartagena,Wednesday,2020-07-01,Laboral,2020,7,July,1,Morning,12:00:00,Unknown,Car,Female,20,Driver,Unknown,Unknown,Unknown,Uninjured,431418.84,4584579.86,2.17834045,41.407993319
2020S002862    ,Eixample,l'Antiga Esquerra de l'Eixample,Aribau,Wednesday,2020-07-01,Laboral,2020,7,July,1,Morning,13:00:00,Unknown,Motorcycle,Female,53,Driver,Unknown,Unknown,Leisure and entertainment,Minor injury: Hospitalization up to 24 hours,429758.15,4582455.85,2.15871981,41.388719609
2020S002863    ,Horta-Guinardó,el Guinardó,Sant Quintí,Wednesday,2020-07-01,Laboral,2020,7,July,1,Morning,12:00:00,Unknown,Car,Male,67,Driver,Unknown,Unknown,Other activities,Uninjured,431261.56,4585348.67,2.17637148,41.414904298
2020S002863    ,Horta-Guinardó,el Guinardó,Sant Quintí,Wednesday,2020-07-01,Laboral,2020,7,July,1,Morning,12:00:00,Unknown,Veh. mobilitat personal amb motor,Male,29,Driver,Unknown,Unknown,Leisure and entertainment,Minor injury: Hospitalization up to 24 hours,431261.56,4585348.67,2.17637148,41.414904298
2020S002864    ,Eixample,la Dreta de l'Eixample,Nŕpols,Wednesday,2020-07-01,Laboral,2020,7,July,1,Afternoon,14:00:00,Unknown,Furgoneta,Male,41,Driver,Unknown,Unknown,In transit (commuting),Uninjured,431324.01,4583337.99,2.17734695,41.396800078
2020S002864    ,Eixample,la Dreta de l'Eixample,Nŕpols,Wednesday,2020-07-01,Laboral,2020,7,July,1,Afternoon,14:00:00,Unknown,Motorcycle,Female,49,Driver,Unknown,Unknown,On a mission,Minor injury: Medical assistance at accident site,431324.01,4583337.99,2.17734695,41.396800078
2020S002865    ,Sant Andreu,Baró de Viver,B-10 (Llobregat),Wednesday,2020-07-01,Laboral,2020,7,July,1,Afternoon,14:00:00,Unknown,"Camió rígid <= 3,5 tones",Male,34,Driver,Unknown,Unknown,Professional goods transport,Minor injury: Medical assistance at accident site,433346.77,4589084.0,2.20090798,41.448723046
2020S002865    ,Sant Andreu,Baró de Viver,B-10 (Llobregat),Wednesday,2020-07-01,Laboral,2020,7,July,1,Afternoon,14:00:00,Unknown,Car,Female,40,Driver,Unknown,Unknown,Leisure and entertainment,Uninjured,433346.77,4589084.0,2.20090798,41.448723046
2020S002866    ,Horta-Guinardó,Horta,Eivissa,Wednesday,2020-07-01,Laboral,2020,7,July,1,Morning,13:00:00,Unknown,Car,Female,71,Driver,Unknown,Unknown,Leisure and entertainment,Uninjured,429970.42,4587117.6,2.16071869,41.430724846
2020S002867    ,Horta-Guinardó,Sant Genís dels Agudells,Naďm,Wednesday,2020-07-01,Laboral,2020,7,July,1,Afternoon,15:00:00,Others,Motorcycle,Female,20,Pedestrian,In an unregulated crossing,In transit (commuting),Unknown,Minor injury: Hospitalization up to 24 hours,428169.25,4586599.33,2.13922511,41.425897864
2020S002867    ,Horta-Guinardó,Sant Genís dels Agudells,Naďm,Wednesday,2020-07-01,Laboral,2020,7,July,1,Afternoon,15:00:00,Others,Motorcycle,Female,37,Driver,In an unregulated crossing,Unknown,In transit (commuting),Minor injury: Medical assistance at accident site,428169.25,4586599.33,2.13922511,41.425897864
2020S002868    ,Eixample,el Fort Pienc,Diputació,Wednesday,2020-07-01,Laboral,2020,7,July,1,Afternoon,15:00:00,Unknown,Car,Male,30,Pedestrian,In crossing regulated by traffic lights,Unknown,Unknown,Minor injury: Medical assistance at accident site,431511.08,4583683.03,2.17954548,41.399923714
2020S002868    ,Eixample,el Fort Pienc,Diputació,Wednesday,2020-07-01,Laboral,2020,7,July,1,Afternoon,15:00:00,Unknown,Car,Male,84,Driver,In crossing regulated by traffic lights,Unknown,Leisure and entertainment,Uninjured,431511.08,4583683.03,2.17954548,41.399923714
2020S002869    ,Eixample,l'Antiga Esquerra de l'Eixample,Corts Catalanes,Wednesday,2020-07-01,Laboral,2020,7,July,1,Afternoon,16:00:00,Unknown,Car,Male,83,Driver,Unknown,Unknown,Unknown,Uninjured,429818.79,4581854.65,2.15951473,41.383310092
2020S002869    ,Eixample,l'Antiga Esquerra de l'Eixample,Corts Catalanes,Wednesday,2020-07-01,Laboral,2020,7,July,1,Afternoon,16:00:00,Unknown,Veh. mobilitat personal amb motor,Male,44,Driver,Unknown,Unknown,In transit (commuting),Minor injury: Hospitalization up to 24 hours,429818.79,4581854.65,2.15951473,41.383310092
2020S002870    ,Horta-Guinardó,el Guinardó,Maragall,Wednesday,2020-07-01,Laboral,2020,7,July,1,Morning,13:00:00,Unknown,Autobús,Male,44,Driver,Unknown,Unknown,Urban bus,Uninjured,431526.91,4586089.03,2.17946241,41.421595144
2020S002870    ,Horta-Guinardó,el Guinardó,Maragall,Wednesday,2020-07-01,Laboral,2020,7,July,1,Morning,13:00:00,Unknown,Autobús,Female,69,Passenger,Unknown,Unknown,Unknown,Minor injury: Hospitalization up to 24 hours,431526.91,4586089.03,2.17946241,41.421595144
2020S002871    ,Eixample,la Dreta de l'Eixample,Balmes,Wednesday,2020-07-01,Laboral,2020,7,July,1,Afternoon,16:00:00,Unknown,Ciclomotor,Male,45,Driver,Unknown,Unknown,Unknown,Minor injury: Medical assistance at accident site,429861.28,4582763.61,2.15991755,41.391500507
2020S002871    ,Eixample,la Dreta de l'Eixample,Balmes,Wednesday,2020-07-01,Laboral,2020,7,July,1,Afternoon,16:00:00,Unknown,Furgoneta,Male,26,Driver,Unknown,Unknown,Unknown,Uninjured,429861.28,4582763.61,2.15991755,41.391500507
2020S002872    ,Sant Andreu,la Sagrera,Meridiana,Wednesday,2020-07-01,Laboral,2020,7,July,1,Afternoon,15:00:00,Unknown,Furgoneta,Male,60,Driver,Unknown,Unknown,Leisure and entertainment,Uninjured,432146.57,4586527.0,2.18682794,41.425592402
2020S002872    ,Sant Andreu,la Sagrera,Meridiana,Wednesday,2020-07-01,Laboral,2020,7,July,1,Afternoon,15:00:00,Unknown,Car,Female,33,Driver,Unknown,Unknown,Leisure and entertainment,Minor injury: Medical assistance at accident site,432146.57,4586527.0,2.18682794,41.425592402
2020S002873    ,Sant Andreu,el Bon Pastor,Caracas,Wednesday,2020-07-01,Laboral,2020,7,July,1,Afternoon,17:00:00,Unknown,Tractor camió,Male,22,Driver,Unknown,Unknown,Professional goods transport,Uninjured,433541.17,4588293.66,2.20332211,41.441620833
2020S002873    ,Sant Andreu,el Bon Pastor,Caracas,Wednesday,2020-07-01,Laboral,2020,7,July,1,Afternoon,17:00:00,Unknown,Car,Male,58,Driver,Unknown,Unknown,Leisure and entertainment,Minor injury: Hospitalization up to 24 hours,433541.17,4588293.66,2.20332211,41.441620833
2020S002874    ,Sants-Montjuďc,Hostafrancs,Corts Catalanes,Wednesday,2020-07-01,Laboral,2020,7,July,1,Afternoon,17:00:00,Unknown,Motorcycle,Female,34,Driver,Unknown,Unknown,Unknown,Minor injury: Medical assistance at accident site,428831.97,4580872.86,2.14782904,41.374380705
2020S002874    ,Sants-Montjuďc,Hostafrancs,Corts Catalanes,Wednesday,2020-07-01,Laboral,2020,7,July,1,Afternoon,17:00:00,Unknown,Motorcycle,Female,29,Driver,Unknown,Unknown,Unknown,Uninjured,428831.97,4580872.86,2.14782904,41.374380705
2020S002875    ,Sants-Montjuďc,la Marina del Prat Vermell,A Zona Franca,Wednesday,2020-07-01,Laboral,2020,7,July,1,Afternoon,18:00:00,Unknown,Motorcycle,Male,35,Driver,Unknown,Unknown,In transit (commuting),Minor injury: Medical assistance at accident site,428024.73,4576184.08,2.13873331,41.332078538
2020S002876    ,Eixample,la Nova Esquerra de l'Eixample,París,Wednesday,2020-07-01,Laboral,2020,7,July,1,Afternoon,16:00:00,Unknown,Motorcycle,Female,26,Driver,Unknown,Unknown,Unknown,Minor injury: Hospitalization up to 24 hours,428842.0,4582567.45,2.14774987,41.389644181
2020S002877    ,Nou Barris,la Trinitat Nova,Fenals,Wednesday,2020-07-01,Laboral,2020,7,July,1,Afternoon,19:00:00,Unknown,Motorcycle,Male,39,Driver,Unknown,Unknown,In transit (commuting),Minor injury: Hospitalization up to 24 hours,431692.79,4588967.86,2.18112172,41.447537888
2020S002877    ,Nou Barris,la Trinitat Nova,Fenals,Wednesday,2020-07-01,Laboral,2020,7,July,1,Afternoon,19:00:00,Unknown,Car,Male,23,Driver,Unknown,Unknown,Leisure and entertainment,Uninjured,431692.79,4588967.86,2.18112172,41.447537888
2020S002878    ,Eixample,la Sagrada Família,Valčncia,Wednesday,2020-07-01,Laboral,2020,7,July,1,Afternoon,20:00:00,Unknown,Car,Male,27,Driver,Unknown,Unknown,Unknown,Uninjured,431552.05,4584245.71,2.17997189,41.404995094
2020S002878    ,Eixample,la Sagrada Família,Valčncia,Wednesday,2020-07-01,Laboral,2020,7,July,1,Afternoon,20:00:00,Unknown,Motorcycle,Male,24,Driver,Unknown,Unknown,Leisure and entertainment,Minor injury: Hospitalization up to 24 hours,431552.05,4584245.71,2.17997189,41.404995094
2020S002878    ,Eixample,la Sagrada Família,Valčncia,Wednesday,2020-07-01,Laboral,2020,7,July,1,Afternoon,20:00:00,Unknown,Motorcycle,Male,34,Passenger,Unknown,Unknown,Unknown,Minor injury: Hospitalization up to 24 hours,431552.05,4584245.71,2.17997189,41.404995094
2020S002879    ,Sant Andreu,Sant Andreu,Bartrina,Wednesday,2020-07-01,Laboral,2020,7,July,1,Afternoon,19:00:00,Unknown,Car,Male,83,Driver,Unknown,Unknown,Unknown,Uninjured,432106.38,4588076.52,2.18617285,41.439545011
2020S002880    ,Eixample,l'Antiga Esquerra de l'Eixample,Diputació,Wednesday,2020-07-01,Laboral,2020,7,July,1,Afternoon,16:00:00,Unknown,Car,Male,24,Driver,Unknown,Unknown,Unknown,Uninjured,430046.46,4582218.7,2.1621953,41.386608814
2020S002880    ,Eixample,l'Antiga Esquerra de l'Eixample,Diputació,Wednesday,2020-07-01,Laboral,2020,7,July,1,Afternoon,16:00:00,Unknown,Motorcycle,Female,39,Driver,Unknown,Unknown,Unknown,Minor injury: Hospitalization up to 24 hours,430046.46,4582218.7,2.1621953,41.386608814
2020S002881    ,Sarriŕ-Sant Gervasi,Sant Gervasi - Galvany,Diagonal,Wednesday,2020-07-01,Laboral,2020,7,July,1,Afternoon,16:00:00,Unknown,Autobús articulat,Male,38,Driver,Unknown,Unknown,Urban bus,Uninjured,428883.28,4583041.07,2.14818793,41.39391356
2020S002881    ,Sarriŕ-Sant Gervasi,Sant Gervasi - Galvany,Diagonal,Wednesday,2020-07-01,Laboral,2020,7,July,1,Afternoon,16:00:00,Unknown,Autobús articulat,Female,87,Passenger,Unknown,Unknown,Unknown,Minor injury: Hospitalization up to 24 hours,428883.28,4583041.07,2.14818793,41.39391356
2020S002882    ,Nou Barris,Porta,Piferrer,Wednesday,2020-07-01,Laboral,2020,7,July,1,Night,22:00:00,Unknown,Motorcycle,Male,38,Driver,Unknown,Unknown,Leisure and entertainment,Minor injury: Hospitalization up to 24 hours,431361.39,4587243.38,2.17735071,41.431977844
2020S002883    ,Ciutat Vella,el Raval,Ramelleres,Wednesday,2020-07-01,Laboral,2020,7,July,1,Afternoon,20:00:00,Unknown,Bicicleta,Male,67,Driver,Unknown,Unknown,Unknown,Minor injury: Hospitalization up to 24 hours,430633.17,4581901.76,2.16924825,41.383805066
2020S002883    ,Ciutat Vella,el Raval,Ramelleres,Wednesday,2020-07-01,Laboral,2020,7,July,1,Afternoon,20:00:00,Unknown,Bicicleta,Male,19,Driver,Unknown,Unknown,Unknown,Uninjured,430633.17,4581901.76,2.16924825,41.383805066
2020S002884    ,Sant Andreu,Sant Andreu,Dalt (Besňs),Wednesday,2020-07-01,Laboral,2020,7,July,1,Afternoon,18:00:00,Unknown,Bicicleta,Male,17,Driver,Unknown,Unknown,Leisure and entertainment,Minor injury: Medical assistance at accident site,432483.81,4588874.37,2.19060112,41.446762817
2020S002884    ,Sant Andreu,Sant Andreu,Dalt (Besňs),Wednesday,2020-07-01,Laboral,2020,7,July,1,Afternoon,18:00:00,Unknown,Car,Male,47,Driver,Unknown,Unknown,Leisure and entertainment,Uninjured,432483.81,4588874.37,2.19060112,41.446762817
2020S002885    ,Sarriŕ-Sant Gervasi,les Tres Torres,Artós,Wednesday,2020-07-01,Laboral,2020,7,July,1,Night,23:00:00,Unknown,Altres vehicles amb motor,Male,38,Driver,Unknown,Unknown,On a mission,Uninjured,427047.3,4583244.11,2.12620415,41.395577718
2020S002885    ,Sarriŕ-Sant Gervasi,les Tres Torres,Artós,Wednesday,2020-07-01,Laboral,2020,7,July,1,Night,23:00:00,Unknown,Motorcycle,Male,62,Driver,Unknown,Unknown,Unknown,Minor injury: Hospitalization up to 24 hours,427047.3,4583244.11,2.12620415,41.395577718
2020S002886    ,Grŕcia,la Vila de Grŕcia,Augusta,Wednesday,2020-07-01,Laboral,2020,7,July,1,Afternoon,20:00:00,Unknown,Car,Male,52,Driver,Unknown,Unknown,Taxi,Minor injury: Hospitalization up to 24 hours,429454.64,4583371.65,2.1549832,41.396941328
2020S002887    ,Grŕcia,Vallcarca i els Penitents,Vall d'Hebron,Wednesday,2020-07-01,Laboral,2020,7,July,1,Night,23:00:00,Unknown,Car,Male,21,Driver,Unknown,Unknown,Unknown,Uninjured,428151.85,4585672.89,2.13912702,41.417552258
2020S002887    ,Grŕcia,Vallcarca i els Penitents,Vall d'Hebron,Wednesday,2020-07-01,Laboral,2020,7,July,1,Night,23:00:00,Unknown,Motorcycle,Male,47,Driver,Unknown,Unknown,Unknown,Minor injury: Hospitalization up to 24 hours,428151.85,4585672.89,2.13912702,41.417552258
2020S002888    ,Sant Andreu,el Bon Pastor,Cusco,Thursday,2020-07-02,Laboral,2020,7,July,2,Morning,07:00:00,Unknown,Motorcycle,Female,39,Driver,Unknown,Unknown,In transit (commuting),Minor injury: Medical assistance at accident site,433610.29,4588202.28,2.20415949,41.440803524
2020S002888    ,Sant Andreu,el Bon Pastor,Cusco,Thursday,2020-07-02,Laboral,2020,7,July,2,Morning,07:00:00,Unknown,Car,Male,48,Driver,Unknown,Unknown,In transit (commuting),Uninjured,433610.29,4588202.28,2.20415949,41.440803524