Case_Number,District_Name,Neighborhood_Name,Street_Name,Day_of_Week,Date,Day_Type_Description,Year,Month_of_Year,Month_Name,Day_of_Month,Shift_Description,Hour_of_Day,Pedestrian_Cause_Description,Involved_Vehicle_Type_Description,Gender_Description,Age,Person_Type_Description,Pedestrian_Accident_Location_Description,Pedestrian_Movement_Reason_Description,Driver_Movement_Reason_Description,Victimization_Description,Coordenada_UTM_X,Coordenada_UTM_Y,Longitud,Latitud
2020S003030    ,Sant Andreu,la Trinitat Vella,Favčncia,Wednesday,2020-07-08,Laboral,2020,7,July,8,Night,22:00:00,Others,Car,Male,31,Driver,In crossing regulated by traffic lights,Unknown,Unknown,Uninjured,432439.14,4588928.04,2.1900604,41.447242444
2020S003030    ,Sant Andreu,la Trinitat Vella,Favčncia,Wednesday,2020-07-08,Laboral,2020,7,July,8,Night,22:00:00,Others,Car,Female,45,Pedestrian,In crossing regulated by traffic lights,Unknown,Unknown,Minor injury: Hospitalization up to 24 hours,432439.14,4588928.04,2.1900604,41.447242444
2020S003031    ,Sant Andreu,el Bon Pastor,Ferran Junoy,Thursday,2020-07-09,Laboral,2020,7,July,9,Morning,08:00:00,Unknown,Furgoneta,Male,39,Driver,Unknown,Unknown,On a mission,Uninjured,433006.69,4588382.57,2.19691479,41.442377171
2020S003031    ,Sant Andreu,el Bon Pastor,Ferran Junoy,Thursday,2020-07-09,Laboral,2020,7,July,9,Morning,08:00:00,Unknown,Car,Male,45,Driver,Unknown,Unknown,Leisure and entertainment,Minor injury: Medical assistance at accident site,433006.69,4588382.57,2.19691479,41.442377171
2020S003032    ,Sants-Montjuďc,la Bordeta,Moiančs,Thursday,2020-07-09,Laboral,2020,7,July,9,Morning,08:00:00,Unknown,Motorcycle,Male,65,Driver,Unknown,Unknown,In transit (commuting),Minor injury: Medical assistance at accident site,428369.33,4580579.28,2.14233197,41.371695463
2020S003032    ,Sants-Montjuďc,la Bordeta,Moiančs,Thursday,2020-07-09,Laboral,2020,7,July,9,Morning,08:00:00,Unknown,"Camió rígid <= 3,5 tones",Male,21,Driver,Unknown,Unknown,On a mission,Uninjured,428369.33,4580579.28,2.14233197,41.371695463
2020S003033    ,Horta-Guinardó,la Font d'en Fargues,Camil Oliveras,Thursday,2020-07-09,Laboral,2020,7,July,9,Morning,09:00:00,Unknown,Car,Male,50,Driver,Unknown,Unknown,Unknown,Minor injury: Hospitalization up to 24 hours,430734.72,4586125.0,2.16997915,41.42185117
2020S003034    ,Sarriŕ-Sant Gervasi,les Tres Torres,General Mitre,Thursday,2020-07-09,Laboral,2020,7,July,9,Morning,07:00:00,Unknown,Motorcycle,Female,30,Passenger,Unknown,Unknown,Unknown,Minor injury: Hospitalization up to 24 hours,427666.79,4583187.91,2.13362049,41.395127537
2020S003034    ,Sarriŕ-Sant Gervasi,les Tres Torres,General Mitre,Thursday,2020-07-09,Laboral,2020,7,July,9,Morning,07:00:00,Unknown,Motorcycle,Male,26,Driver,Unknown,Unknown,Unknown,Minor injury: Hospitalization up to 24 hours,427666.79,4583187.91,2.13362049,41.395127537
2020S003035    ,Les Corts,Pedralbes,Pedralbes,Thursday,2020-07-09,Laboral,2020,7,July,9,Morning,08:00:00,Unknown,Motorcycle,Female,47,Pedestrian,In an unregulated crossing,Unknown,Unknown,Minor injury: Hospitalization up to 24 hours,426600.23,4582486.4,2.12094871,41.388712643
2020S003035    ,Les Corts,Pedralbes,Pedralbes,Thursday,2020-07-09,Laboral,2020,7,July,9,Morning,08:00:00,Unknown,Motorcycle,Female,27,Driver,In an unregulated crossing,Unknown,Unknown,Uninjured,426600.23,4582486.4,2.12094871,41.388712643
2020S003036    ,Eixample,l'Antiga Esquerra de l'Eixample,Aragó,Thursday,2020-07-09,Laboral,2020,7,July,9,Morning,11:00:00,Unknown,"Camió rígid <= 3,5 tones",Male,53,Driver,Unknown,Unknown,On a mission,Uninjured,429504.73,4582061.96,2.15573485,41.385149791
2020S003036    ,Eixample,l'Antiga Esquerra de l'Eixample,Aragó,Thursday,2020-07-09,Laboral,2020,7,July,9,Morning,11:00:00,Unknown,Motorcycle,Male,40,Driver,Unknown,Unknown,On a mission,Minor injury: Medical assistance at accident site,429504.73,4582061.96,2.15573485,41.385149791
2020S003037    ,Sants-Montjuďc,Hostafrancs,Creu Coberta,Thursday,2020-07-09,Laboral,2020,7,July,9,Morning,12:00:00,Unknown,Bicicleta,Male,36,Driver,In crossing regulated by traffic lights,Unknown,Leisure and entertainment,Uninjured,428600.67,4580979.67,2.1450508,41.375322208
2020S003037    ,Sants-Montjuďc,Hostafrancs,Creu Coberta,Thursday,2020-07-09,Laboral,2020,7,July,9,Morning,12:00:00,Unknown,Bicicleta,Female,57,Pedestrian,In crossing regulated by traffic lights,Unknown,Unknown,Minor injury: Refused medical assistance,428600.67,4580979.67,2.1450508,41.375322208
2020S003038    ,Eixample,la Dreta de l'Eixample,Sant Joan,Thursday,2020-07-09,Laboral,2020,7,July,9,Morning,12:00:00,Unknown,Autobús,Female,68,Passenger,Unknown,Unknown,Unknown,Minor injury: Hospitalization up to 24 hours,430739.13,4583531.67,2.17032892,41.3984943
2020S003038    ,Eixample,la Dreta de l'Eixample,Sant Joan,Thursday,2020-07-09,Laboral,2020,7,July,9,Morning,12:00:00,Unknown,Autobús,Male,52,Driver,Unknown,Unknown,Urban bus,Uninjured,430739.13,4583531.67,2.17032892,41.3984943
2020S003039    ,Horta-Guinardó,el Baix Guinardó,Padilla,Thursday,2020-07-09,Laboral,2020,7,July,9,Morning,13:00:00,Unknown,Car,Male,48,Driver,Unknown,Unknown,Unknown,Minor injury: Hospitalization up to 24 hours,430610.53,4585075.0,2.16861364,41.412383466
2020S003039    ,Horta-Guinardó,el Baix Guinardó,Padilla,Thursday,2020-07-09,Laboral,2020,7,July,9,Morning,13:00:00,Unknown,Car,Female,38,Driver,Unknown,Unknown,Leisure and entertainment,Uninjured,430610.53,4585075.0,2.16861364,41.412383466
2020S003039    ,Horta-Guinardó,el Baix Guinardó,Padilla,Thursday,2020-07-09,Laboral,2020,7,July,9,Morning,13:00:00,Unknown,Car,Female,47,Passenger,Unknown,Unknown,Unknown,Minor injury: Hospitalization up to 24 hours,430610.53,4585075.0,2.16861364,41.412383466
2020S003040    ,Eixample,l'Antiga Esquerra de l'Eixample,Casanova,Thursday,2020-07-09,Laboral,2020,7,July,9,Afternoon,14:00:00,Unknown,Car,Male,62,Driver,Unknown,Unknown,Leisure and entertainment,Uninjured,429017.65,4582862.0,2.14981607,41.392312618
2020S003040    ,Eixample,l'Antiga Esquerra de l'Eixample,Casanova,Thursday,2020-07-09,Laboral,2020,7,July,9,Afternoon,14:00:00,Unknown,Motorcycle,Female,56,Driver,Unknown,Unknown,Unknown,Minor injury: Hospitalization up to 24 hours,429017.65,4582862.0,2.14981607,41.392312618
2020S003041    ,Ciutat Vella,el Barri Gňtic,Litoral (Besňs),Thursday,2020-07-09,Laboral,2020,7,July,9,Afternoon,15:00:00,Unknown,Car,Male,65,Driver,Unknown,Unknown,Unknown,Uninjured,431765.17,4581550.86,2.18282518,41.380741466
2020S003041    ,Ciutat Vella,el Barri Gňtic,Litoral (Besňs),Thursday,2020-07-09,Laboral,2020,7,July,9,Afternoon,15:00:00,Unknown,Car,Male,53,Driver,Unknown,Unknown,Unknown,Uninjured,431765.17,4581550.86,2.18282518,41.380741466
2020S003041    ,Ciutat Vella,el Barri Gňtic,Litoral (Besňs),Thursday,2020-07-09,Laboral,2020,7,July,9,Afternoon,15:00:00,Unknown,Car,Male,39,Driver,Unknown,Unknown,Unknown,Minor injury: Hospitalization up to 24 hours,431765.17,4581550.86,2.18282518,41.380741466
2020S003041    ,Ciutat Vella,el Barri Gňtic,Litoral (Besňs),Thursday,2020-07-09,Laboral,2020,7,July,9,Afternoon,15:00:00,Unknown,Car,Male,33,Driver,Unknown,Unknown,Unknown,Minor injury: Hospitalization up to 24 hours,431765.17,4581550.86,2.18282518,41.380741466
2020S003041    ,Ciutat Vella,el Barri Gňtic,Litoral (Besňs),Thursday,2020-07-09,Laboral,2020,7,July,9,Afternoon,15:00:00,Unknown,Motorcycle,Female,29,Driver,Unknown,Unknown,In transit (commuting),Minor injury: Medical assistance at accident site,431765.17,4581550.86,2.18282518,41.380741466
2020S003042    ,Sants-Montjuďc,la Font de la Guatlla,Corts Catalanes,Thursday,2020-07-09,Laboral,2020,7,July,9,Afternoon,16:00:00,Unknown,Autobús,Female,86,Passenger,Unknown,Unknown,Unknown,Minor injury: Hospitalization up to 24 hours,428584.78,4580558.49,2.14491045,41.371527371
2020S003042    ,Sants-Montjuďc,la Font de la Guatlla,Corts Catalanes,Thursday,2020-07-09,Laboral,2020,7,July,9,Afternoon,16:00:00,Unknown,Autobús,Male,46,Driver,Unknown,Unknown,Regular line bus,Uninjured,428584.78,4580558.49,2.14491045,41.371527371
2020S003043    ,Eixample,el Fort Pienc,Alí Bei,Thursday,2020-07-09,Laboral,2020,7,July,9,Afternoon,15:00:00,Unknown,Car,Female,33,Driver,Unknown,Unknown,Leisure and entertainment,Uninjured,431571.76,4582952.52,2.18035392,41.393349394
2020S003043    ,Eixample,el Fort Pienc,Alí Bei,Thursday,2020-07-09,Laboral,2020,7,July,9,Afternoon,15:00:00,Unknown,Motorcycle,Male,70,Driver,Unknown,Unknown,Leisure and entertainment,Minor injury: Hospitalization up to 24 hours,431571.76,4582952.52,2.18035392,41.393349394
2020S003044    ,Sant Martí,Provençals del Poblenou,Bilbao,Thursday,2020-07-09,Laboral,2020,7,July,9,Afternoon,15:00:00,Unknown,Car,Male,41,Driver,Unknown,Unknown,Taxi,Uninjured,433114.74,4584408.58,2.19864796,41.406593632
2020S003044    ,Sant Martí,Provençals del Poblenou,Bilbao,Thursday,2020-07-09,Laboral,2020,7,July,9,Afternoon,15:00:00,Unknown,Motorcycle,Male,47,Driver,Unknown,Unknown,Leisure and entertainment,Minor injury: Hospitalization up to 24 hours,433114.74,4584408.58,2.19864796,41.406593632
2020S003045    ,Sarriŕ-Sant Gervasi,"Vallvidrera, el Tibidabo i les Planes",Alberes,Thursday,2020-07-09,Laboral,2020,7,July,9,Afternoon,18:00:00,Unknown,Bicicleta,Male,26,Driver,Unknown,Unknown,Leisure and entertainment,Minor injury: Hospitalization up to 24 hours,425347.58,4585357.41,2.1056134,41.414455122
2020S003045    ,Sarriŕ-Sant Gervasi,"Vallvidrera, el Tibidabo i les Planes",Alberes,Thursday,2020-07-09,Laboral,2020,7,July,9,Afternoon,18:00:00,Unknown,Car,Female,68,Driver,Unknown,Unknown,Leisure and entertainment,Uninjured,425347.58,4585357.41,2.1056134,41.414455122
2020S003046    ,Sarriŕ-Sant Gervasi,Sant Gervasi - la Bonanova,General Mitre,Thursday,2020-07-09,Laboral,2020,7,July,9,Afternoon,18:00:00,Unknown,Motorcycle,Male,30,Passenger,Unknown,Unknown,Unknown,Minor injury: Hospitalization up to 24 hours,427992.0,4584009.75,2.13741245,41.402558727
2020S003046    ,Sarriŕ-Sant Gervasi,Sant Gervasi - la Bonanova,General Mitre,Thursday,2020-07-09,Laboral,2020,7,July,9,Afternoon,18:00:00,Unknown,Motorcycle,Male,35,Driver,Unknown,Unknown,Unknown,Minor injury: Hospitalization up to 24 hours,427992.0,4584009.75,2.13741245,41.402558727
2020S003047    ,Nou Barris,Vilapicina i la Torre Llobeta,Fabra i Puig,Thursday,2020-07-09,Laboral,2020,7,July,9,Afternoon,15:00:00,Unknown,Car,Male,46,Driver,Unknown,Unknown,Unknown,Uninjured,430698.24,4587060.31,2.16943537,41.43027202
2020S003047    ,Nou Barris,Vilapicina i la Torre Llobeta,Fabra i Puig,Thursday,2020-07-09,Laboral,2020,7,July,9,Afternoon,15:00:00,Unknown,Motorcycle,Male,44,Driver,Unknown,Unknown,Unknown,Minor injury: Medical assistance at accident site,430698.24,4587060.31,2.16943537,41.43027202
2020S003048    ,Eixample,el Fort Pienc,Marina,Thursday,2020-07-09,Laboral,2020,7,July,9,Afternoon,18:00:00,Unknown,Motorcycle,Male,37,Driver,Unknown,Unknown,Leisure and entertainment,Minor injury: Medical assistance at accident site,431548.31,4583661.89,2.17999321,41.399736485
2020S003048    ,Eixample,el Fort Pienc,Marina,Thursday,2020-07-09,Laboral,2020,7,July,9,Afternoon,18:00:00,Unknown,Furgoneta,Male,34,Driver,Unknown,Unknown,Professional goods transport,Uninjured,431548.31,4583661.89,2.17999321,41.399736485
2020S003048    ,Eixample,el Fort Pienc,Marina,Thursday,2020-07-09,Laboral,2020,7,July,9,Afternoon,18:00:00,Unknown,Motorcycle,Female,27,Passenger,Unknown,Unknown,Unknown,Minor injury: Hospitalization up to 24 hours,431548.31,4583661.89,2.17999321,41.399736485
2020S003049    ,Eixample,Sant Antoni,Calŕbria,Thursday,2020-07-09,Laboral,2020,7,July,9,Afternoon,19:00:00,Unknown,Motorcycle,Female,54,Driver,Unknown,Unknown,Unknown,Minor injury: Hospitalization up to 24 hours,429879.77,4580991.08,2.16034394,41.375537505
2020S003050    ,Eixample,la Dreta de l'Eixample,Méndez Núńez,Thursday,2020-07-09,Laboral,2020,7,July,9,Afternoon,16:00:00,Unknown,Motorcycle,Male,33,Driver,Unknown,Unknown,Leisure and entertainment,Uninjured,431296.53,4582602.33,2.17710176,41.390171857
2020S003050    ,Eixample,la Dreta de l'Eixample,Méndez Núńez,Thursday,2020-07-09,Laboral,2020,7,July,9,Afternoon,16:00:00,Unknown,Motorcycle,Female,39,Driver,Unknown,Unknown,Leisure and entertainment,Minor injury: Medical assistance at accident site,431296.53,4582602.33,2.17710176,41.390171857
2020S003051    ,Eixample,la Nova Esquerra de l'Eixample,Aragó,Thursday,2020-07-09,Laboral,2020,7,July,9,Afternoon,16:00:00,Unknown,Motorcycle,Male,55,Driver,Unknown,Unknown,Unknown,Minor injury: Hospitalization up to 24 hours,429285.82,4581847.79,2.15314192,41.38320161
2020S003051    ,Eixample,la Nova Esquerra de l'Eixample,Aragó,Thursday,2020-07-09,Laboral,2020,7,July,9,Afternoon,16:00:00,Unknown,Car,Male,30,Driver,Unknown,Unknown,Unknown,Uninjured,429285.82,4581847.79,2.15314192,41.38320161
2020S003052    ,Sant Martí,la Verneda i la Pau,Guipúscoa,Thursday,2020-07-09,Laboral,2020,7,July,9,Afternoon,21:00:00,Desobeir el senyal del semŕfor,Motorcycle,Female,19,Pedestrian,Unknown,Unknown,Unknown,Uninjured,433396.27,4585855.54,2.20185653,41.419649399
2020S003052    ,Sant Martí,la Verneda i la Pau,Guipúscoa,Thursday,2020-07-09,Laboral,2020,7,July,9,Afternoon,21:00:00,Desobeir el senyal del semŕfor,Motorcycle,Male,55,Driver,Unknown,Unknown,Unknown,Minor injury: Hospitalization up to 24 hours,433396.27,4585855.54,2.20185653,41.419649399
2020S003053    ,Sant Martí,el Poblenou,Espronceda,Thursday,2020-07-09,Laboral,2020,7,July,9,Night,22:00:00,Others,Motorcycle,Male,23,Driver,Unknown,Unknown,Unknown,Minor injury: Medical assistance at accident site,433698.22,4584161.17,2.20565529,41.404413637
2020S003053    ,Sant Martí,el Poblenou,Espronceda,Thursday,2020-07-09,Laboral,2020,7,July,9,Night,22:00:00,Others,Motorcycle,Female,47,Pedestrian,Unknown,Unknown,Unknown,Uninjured,433698.22,4584161.17,2.20565529,41.404413637
2020S003054    ,Sants-Montjuďc,la Bordeta,Corts Catalanes,Thursday,2020-07-09,Laboral,2020,7,July,9,Afternoon,19:00:00,Unknown,Car,Male,31,Driver,Unknown,Unknown,Unknown,Uninjured,428173.37,4580228.73,2.14003052,41.368520706
2020S003054    ,Sants-Montjuďc,la Bordeta,Corts Catalanes,Thursday,2020-07-09,Laboral,2020,7,July,9,Afternoon,19:00:00,Unknown,Motorcycle,Male,46,Driver,Unknown,Unknown,In transit (commuting),Minor injury: Hospitalization up to 24 hours,428173.37,4580228.73,2.14003052,41.368520706
2020S003055    ,Horta-Guinardó,el Carmel,Llobregós,Thursday,2020-07-09,Laboral,2020,7,July,9,Afternoon,21:00:00,Unknown,Car,Male,57,Driver,Unknown,Unknown,Leisure and entertainment,Minor injury: Hospitalization up to 24 hours,429585.67,4586425.16,2.15619494,41.424454656
2020S003055    ,Horta-Guinardó,el Carmel,Llobregós,Thursday,2020-07-09,Laboral,2020,7,July,9,Afternoon,21:00:00,Unknown,Car,Female,39,Driver,Unknown,Unknown,Leisure and entertainment,Uninjured,429585.67,4586425.16,2.15619494,41.424454656
2020S003055    ,Horta-Guinardó,el Carmel,Llobregós,Thursday,2020-07-09,Laboral,2020,7,July,9,Afternoon,21:00:00,Unknown,Car,Female,58,Passenger,Unknown,Unknown,Unknown,Minor injury: Medical assistance at accident site,429585.67,4586425.16,2.15619494,41.424454656
2020S003056    ,Les Corts,les Corts,Diagonal,Thursday,2020-07-09,Laboral,2020,7,July,9,Afternoon,18:00:00,Unknown,Car,Male,33,Driver,Unknown,Unknown,Unknown,Minor injury: Hospitalization up to 24 hours,427360.81,4582564.86,2.1300355,41.389488382
2020S003056    ,Les Corts,les Corts,Diagonal,Thursday,2020-07-09,Laboral,2020,7,July,9,Afternoon,18:00:00,Unknown,Car,Male,46,Driver,Unknown,Unknown,Unknown,Uninjured,427360.81,4582564.86,2.1300355,41.389488382
2020S003057    ,Eixample,la Dreta de l'Eixample,Ausiŕs Marc,Thursday,2020-07-09,Laboral,2020,7,July,9,Night,22:00:00,Unknown,Motorcycle,Male,25,Driver,Unknown,Unknown,Unknown,Minor injury: Medical assistance at accident site,431015.12,4582563.55,2.17374052,41.389798476
2020S003057    ,Eixample,la Dreta de l'Eixample,Ausiŕs Marc,Thursday,2020-07-09,Laboral,2020,7,July,9,Night,22:00:00,Unknown,Car,Male,33,Driver,Unknown,Unknown,Taxi,Uninjured,431015.12,4582563.55,2.17374052,41.389798476
2020S003058    ,Eixample,l'Antiga Esquerra de l'Eixample,Provença,Thursday,2020-07-09,Laboral,2020,7,July,9,Night,23:00:00,Unknown,Car,Male,22,Driver,Unknown,Unknown,Unknown,Uninjured,429525.78,4582675.71,2.15591515,41.390679477
2020S003058    ,Eixample,l'Antiga Esquerra de l'Eixample,Provença,Thursday,2020-07-09,Laboral,2020,7,July,9,Night,23:00:00,Unknown,Motorcycle,Female,59,Driver,Unknown,Unknown,Unknown,Minor injury: Hospitalization up to 24 hours,429525.78,4582675.71,2.15591515,41.390679477
2020S003059    ,Eixample,la Dreta de l'Eixample,Corts Catalanes,Friday,2020-07-10,Laboral,2020,7,July,10,Night,02:00:00,Unknown,Ciclomotor,Male,26,Passenger,Unknown,Unknown,Unknown,Minor injury: Hospitalization up to 24 hours,430795.1,4582761.18,2.17108651,41.391559558
2020S003059    ,Eixample,la Dreta de l'Eixample,Corts Catalanes,Friday,2020-07-10,Laboral,2020,7,July,10,Night,02:00:00,Unknown,Ciclomotor,Male,24,Driver,Unknown,Unknown,Unknown,Uninjured,430795.1,4582761.18,2.17108651,41.391559558
2020S003060    ,Sant Martí,Sant Martí de Provençals,Guipúscoa,Friday,2020-07-10,Laboral,2020,7,July,10,Morning,08:00:00,Unknown,Motorcycle,Male,51,Driver,Unknown,Unknown,In transit (commuting),Minor injury: Medical assistance at accident site,432984.88,4585512.39,2.19697211,41.416524519
2020S003060    ,Sant Martí,Sant Martí de Provençals,Guipúscoa,Friday,2020-07-10,Laboral,2020,7,July,10,Morning,08:00:00,Unknown,Furgoneta,Male,22,Driver,Unknown,Unknown,On a mission,Uninjured,432984.88,4585512.39,2.19697211,41.416524519
2020S003061    ,Sarriŕ-Sant Gervasi,Sant Gervasi - Galvany,Augusta,Friday,2020-07-10,Laboral,2020,7,July,10,Morning,07:00:00,Unknown,Motorcycle,Male,18,Driver,Unknown,Unknown,In transit (commuting),Minor injury: Medical assistance at accident site,427702.77,4583468.53,2.13401731,41.397658207
2020S003061    ,Sarriŕ-Sant Gervasi,Sant Gervasi - Galvany,Augusta,Friday,2020-07-10,Laboral,2020,7,July,10,Morning,07:00:00,Unknown,Car,Male,36,Driver,Unknown,Unknown,In transit (commuting),Uninjured,427702.77,4583468.53,2.13401731,41.397658207
2020S003062    ,Horta-Guinardó,la Teixonera,Fastenrath,Friday,2020-07-10,Laboral,2020,7,July,10,Morning,09:00:00,Unknown,Motorcycle,Male,31,Driver,Unknown,Unknown,Unknown,Minor injury: Hospitalization up to 24 hours,428964.41,4586265.81,2.14877955,41.422964732
2020S003063    ,Sant Andreu,el Congrés i els Indians,Maragall,Friday,2020-07-10,Laboral,2020,7,July,10,Morning,12:00:00,Unknown,Autobús,Female,82,Passenger,Unknown,Unknown,Unknown,Minor injury: Medical assistance at accident site,431303.65,4586460.97,2.17674866,41.424926011
2020S003063    ,Sant Andreu,el Congrés i els Indians,Maragall,Friday,2020-07-10,Laboral,2020,7,July,10,Morning,12:00:00,Unknown,Autobús,Male,61,Driver,Unknown,Unknown,Urban bus,Uninjured,431303.65,4586460.97,2.17674866,41.424926011
2020S003064    ,Sants-Montjuďc,el Poble-sec,Espanya,Friday,2020-07-10,Laboral,2020,7,July,10,Afternoon,14:00:00,Unknown,Car,Male,58,Driver,Unknown,Unknown,Unknown,Uninjured,428940.71,4580909.36,2.14912497,41.374719063
2020S003064    ,Sants-Montjuďc,el Poble-sec,Espanya,Friday,2020-07-10,Laboral,2020,7,July,10,Afternoon,14:00:00,Unknown,Motorcycle,Male,45,Driver,Unknown,Unknown,Unknown,Unknown,428940.71,4580909.36,2.14912497,41.374719063
2020S003065    ,Eixample,la Dreta de l'Eixample,Provença,Friday,2020-07-10,Laboral,2020,7,July,10,Afternoon,14:00:00,Unknown,Car,Male,52,Driver,Unknown,Unknown,On a mission,Uninjured,430192.01,4583338.05,2.16380689,41.39670309
2020S003065    ,Eixample,la Dreta de l'Eixample,Provença,Friday,2020-07-10,Laboral,2020,7,July,10,Afternoon,14:00:00,Unknown,Motorcycle,Male,48,Driver,Unknown,Unknown,On a mission,Minor injury: Hospitalization up to 24 hours,430192.01,4583338.05,2.16380689,41.39670309
2020S003066    ,Sarriŕ-Sant Gervasi,Sarriŕ,Major de Sarriŕ,Friday,2020-07-10,Laboral,2020,7,July,10,Afternoon,15:00:00,Unknown,Car,Male,45,Driver,Unknown,Unknown,Unknown,Uninjured,426564.26,4583860.09,2.12035185,41.401081594
2020S003066    ,Sarriŕ-Sant Gervasi,Sarriŕ,Major de Sarriŕ,Friday,2020-07-10,Laboral,2020,7,July,10,Afternoon,15:00:00,Unknown,Motorcycle,Male,25,Driver,Unknown,Unknown,On a mission,Minor injury: Hospitalization up to 24 hours,426564.26,4583860.09,2.12035185,41.401081594
2020S003067    ,Sarriŕ-Sant Gervasi,les Tres Torres,Calatrava,Friday,2020-07-10,Laboral,2020,7,July,10,Afternoon,14:00:00,Unknown,Car,Male,45,Driver,At an unmarked crossing,Unknown,Unknown,Uninjured,427214.97,4583908.43,2.12812972,41.401576173
2020S003067    ,Sarriŕ-Sant Gervasi,les Tres Torres,Calatrava,Friday,2020-07-10,Laboral,2020,7,July,10,Afternoon,14:00:00,Unknown,Car,Female,36,Pedestrian,At an unmarked crossing,Unknown,Unknown,Minor injury: Hospitalization up to 24 hours,427214.97,4583908.43,2.12812972,41.401576173
2020S003068    ,Eixample,la Dreta de l'Eixample,Diagonal,Friday,2020-07-10,Laboral,2020,7,July,10,Afternoon,15:00:00,Unknown,Autobús articulat,Female,67,Passenger,Unknown,Unknown,Unknown,Minor injury: Medical assistance at accident site,429700.3,4583252.45,2.15793543,41.39588926
2020S003068    ,Eixample,la Dreta de l'Eixample,Diagonal,Friday,2020-07-10,Laboral,2020,7,July,10,Afternoon,15:00:00,Unknown,Autobús articulat,Female,62,Passenger,Unknown,Unknown,Unknown,Minor injury: Medical assistance at accident site,429700.3,4583252.45,2.15793543,41.39588926
2020S003068    ,Eixample,la Dreta de l'Eixample,Diagonal,Friday,2020-07-10,Laboral,2020,7,July,10,Afternoon,15:00:00,Unknown,Ciclomotor,Female,23,Driver,Unknown,Unknown,Unknown,Serious injury: Hospitalization over 24 hours,429700.3,4583252.45,2.15793543,41.39588926
2020S003068    ,Eixample,la Dreta de l'Eixample,Diagonal,Friday,2020-07-10,Laboral,2020,7,July,10,Afternoon,15:00:00,Unknown,Autobús articulat,Male,45,Driver,Unknown,Unknown,Urban bus,Uninjured,429700.3,4583252.45,2.15793543,41.39588926
2020S003068    ,Eixample,la Dreta de l'Eixample,Diagonal,Friday,2020-07-10,Laboral,2020,7,July,10,Afternoon,15:00:00,Unknown,Car,Male,47,Driver,Unknown,Unknown,Unknown,Uninjured,429700.3,4583252.45,2.15793543,41.39588926
2020S003069    ,Nou Barris,Canyelles,Favčncia,Friday,2020-07-10,Laboral,2020,7,July,10,Afternoon,16:00:00,Unknown,Car,Female,52,Driver,Outside the crossing,Unknown,Leisure and entertainment,Uninjured,430421.86,4588274.62,2.16598796,41.441184934
2020S003069    ,Nou Barris,Canyelles,Favčncia,Friday,2020-07-10,Laboral,2020,7,July,10,Afternoon,16:00:00,Unknown,Car,Male,45,Pedestrian,Outside the crossing,Unknown,Unknown,Minor injury: Hospitalization up to 24 hours,430421.86,4588274.62,2.16598796,41.441184934
2020S003070    ,Sants-Montjuďc,Hostafrancs,Corts Catalanes,Friday,2020-07-10,Laboral,2020,7,July,10,Afternoon,17:00:00,Unknown,Motorcycle,Male,36,Driver,Unknown,Unknown,In transit (commuting),Uninjured,428831.97,4580872.86,2.14782904,41.374380705
2020S003070    ,Sants-Montjuďc,Hostafrancs,Corts Catalanes,Friday,2020-07-10,Laboral,2020,7,July,10,Afternoon,17:00:00,Unknown,Ciclomotor,Female,21,Driver,Unknown,Unknown,In transit (commuting),Minor injury: Medical assistance at accident site,428831.97,4580872.86,2.14782904,41.374380705
2020S003071    ,Horta-Guinardó,la Vall d'Hebron,Dalt (Llobregat),Friday,2020-07-10,Laboral,2020,7,July,10,Afternoon,16:00:00,Unknown,Car,Female,48,Driver,Unknown,Unknown,On a mission,Uninjured,428699.53,4587209.89,2.14549862,41.431444187
2020S003071    ,Horta-Guinardó,la Vall d'Hebron,Dalt (Llobregat),Friday,2020-07-10,Laboral,2020,7,July,10,Afternoon,16:00:00,Unknown,Motorcycle,Male,47,Driver,Unknown,Unknown,On a mission,Serious injury: Hospitalization over 24 hours,428699.53,4587209.89,2.14549862,41.431444187
2020S003072    ,Eixample,l'Antiga Esquerra de l'Eixample,Balmes,Friday,2020-07-10,Laboral,2020,7,July,10,Afternoon,14:00:00,Unknown,Motorcycle,Male,39,Driver,Unknown,Unknown,Unknown,Minor injury: Hospitalization up to 24 hours,430034.79,4582555.01,2.16201687,41.389636835
2020S003072    ,Eixample,l'Antiga Esquerra de l'Eixample,Balmes,Friday,2020-07-10,Laboral,2020,7,July,10,Afternoon,14:00:00,Unknown,Car,Male,43,Driver,Unknown,Unknown,Unknown,Uninjured,430034.79,4582555.01,2.16201687,41.389636835
2020S003073    ,Grŕcia,Vallcarca i els Penitents,Vallcarca,Friday,2020-07-10,Laboral,2020,7,July,10,Afternoon,15:00:00,Unknown,Veh. mobilitat personal amb motor,Female,31,Driver,On the sidewalk,Unknown,Unknown,Uninjured,428980.72,4584659.18,2.14916344,41.408495891
2020S003073    ,Grŕcia,Vallcarca i els Penitents,Vallcarca,Friday,2020-07-10,Laboral,2020,7,July,10,Afternoon,15:00:00,Unknown,Veh. mobilitat personal amb motor,Female,79,Pedestrian,On the sidewalk,Unknown,Unknown,Minor injury: Hospitalization up to 24 hours,428980.72,4584659.18,2.14916344,41.408495891
2020S003074    ,Eixample,la Sagrada Família,Indústria,Friday,2020-07-10,Laboral,2020,7,July,10,Afternoon,15:00:00,Unknown,Veh. mobilitat personal amb motor,Male,50,Pedestrian,On the sidewalk,Unknown,Unknown,Minor injury: Hospitalization up to 24 hours,431227.31,4584872.52,2.17601585,41.41061284
2020S003074    ,Eixample,la Sagrada Família,Indústria,Friday,2020-07-10,Laboral,2020,7,July,10,Afternoon,15:00:00,Unknown,Veh. mobilitat personal amb motor,Male,31,Driver,On the sidewalk,Unknown,Unknown,Uninjured,431227.31,4584872.52,2.17601585,41.41061284
2020S003075    ,Eixample,la Nova Esquerra de l'Eixample,Diputació,Friday,2020-07-10,Laboral,2020,7,July,10,Afternoon,15:00:00,Others,Motorcycle,Male,47,Pedestrian,Outside the crossing,Unknown,Unknown,Minor injury: Hospitalization up to 24 hours,429059.23,4581244.86,2.15050283,41.377751263