Case_Number,District_Name,Neighborhood_Name,Street_Name,Day_of_Week,Date,Day_Type_Description,Year,Month_of_Year,Month_Name,Day_of_Month,Shift_Description,Hour_of_Day,Pedestrian_Cause_Description,Involved_Vehicle_Type_Description,Gender_Description,Age,Person_Type_Description,Pedestrian_Accident_Location_Description,Pedestrian_Movement_Reason_Description,Driver_Movement_Reason_Description,Victimization_Description,Coordenada_UTM_X,Coordenada_UTM_Y,Longitud,Latitud
2020S003122    ,Sarriŕ-Sant Gervasi,Sant Gervasi - Galvany,Rector Ubach,Monday,2020-07-13,Laboral,2020,7,July,13,Afternoon,16:00:00,Unknown,Motorcycle,Male,19,Passenger,Unknown,Unknown,Unknown,Minor injury: Refused medical assistance,428580.21,4583577.19,2.14449977,41.39871532
2020S003123    ,Eixample,la Dreta de l'Eixample,Valčncia,Monday,2020-07-13,Laboral,2020,7,July,13,Afternoon,16:00:00,Unknown,Taxi,Male,53,Driver,Unknown,Unknown,Taxi,Uninjured,430630.54,4583353.31,2.16905047,41.396878503
2020S003123    ,Eixample,la Dreta de l'Eixample,Valčncia,Monday,2020-07-13,Laboral,2020,7,July,13,Afternoon,16:00:00,Unknown,Taxi,Female,56,Passenger,Unknown,Unknown,Unknown,Minor injury: Hospitalization up to 24 hours,430630.54,4583353.31,2.16905047,41.396878503
2020S003124    ,Sarriŕ-Sant Gervasi,Sant Gervasi - Galvany,Valero,Monday,2020-07-13,Laboral,2020,7,July,13,Morning,11:00:00,Unknown,"Camió rígid <= 3,5 tones",Male,28,Driver,Unknown,Unknown,On a mission,Unknown,427928.98,4583325.65,2.13674008,41.39639166
2020S003125    ,Les Corts,les Corts,Diagonal,Monday,2020-07-13,Laboral,2020,7,July,13,Afternoon,16:00:00,Unknown,Car,Male,54,Driver,Unknown,Unknown,Unknown,Uninjured,427515.63,4582512.36,2.13189339,41.38902951
2020S003125    ,Les Corts,les Corts,Diagonal,Monday,2020-07-13,Laboral,2020,7,July,13,Afternoon,16:00:00,Unknown,Motorcycle,Male,34,Driver,Unknown,Unknown,Unknown,Minor injury: Hospitalization up to 24 hours,427515.63,4582512.36,2.13189339,41.38902951
2020S003126    ,Les Corts,Pedralbes,Bisbe Catalŕ,Monday,2020-07-13,Laboral,2020,7,July,13,Afternoon,15:00:00,Unknown,Bicicleta,Male,15,Driver,In an unregulated crossing,Unknown,Unknown,Minor injury: Medical assistance at accident site,426023.81,4583237.04,2.11396327,41.395420493
2020S003126    ,Les Corts,Pedralbes,Bisbe Catalŕ,Monday,2020-07-13,Laboral,2020,7,July,13,Afternoon,15:00:00,Unknown,Bicicleta,Male,16,Pedestrian,In an unregulated crossing,Unknown,Unknown,Minor injury: Hospitalization up to 24 hours,426023.81,4583237.04,2.11396327,41.395420493
2020S003127    ,Grŕcia,Vallcarca i els Penitents,Alfonso Comín,Monday,2020-07-13,Laboral,2020,7,July,13,Afternoon,17:00:00,Unknown,Car,Male,10,Passenger,Unknown,Unknown,Unknown,Uninjured,428085.2,4585321.16,2.1383714,41.414378408
2020S003127    ,Grŕcia,Vallcarca i els Penitents,Alfonso Comín,Monday,2020-07-13,Laboral,2020,7,July,13,Afternoon,17:00:00,Unknown,Car,Male,60,Driver,Unknown,Unknown,Unknown,Uninjured,428085.2,4585321.16,2.1383714,41.414378408
2020S003127    ,Grŕcia,Vallcarca i els Penitents,Alfonso Comín,Monday,2020-07-13,Laboral,2020,7,July,13,Afternoon,17:00:00,Unknown,Car,Male,38,Driver,Unknown,Unknown,Unknown,Minor injury: Medical assistance at accident site,428085.2,4585321.16,2.1383714,41.414378408
2020S003128    ,Eixample,la Dreta de l'Eixample,Mallorca,Monday,2020-07-13,Laboral,2020,7,July,13,Afternoon,17:00:00,Desobeir el senyal del semŕfor,Motorcycle,Male,37,Driver,In crossing regulated by traffic lights,Unknown,Unknown,Minor injury: Medical assistance at accident site,430491.26,4583403.95,2.1673787,41.397322567
2020S003128    ,Eixample,la Dreta de l'Eixample,Mallorca,Monday,2020-07-13,Laboral,2020,7,July,13,Afternoon,17:00:00,Desobeir el senyal del semŕfor,Motorcycle,Female,88,Pedestrian,In crossing regulated by traffic lights,Unknown,Unknown,Serious injury: Hospitalization over 24 hours,430491.26,4583403.95,2.1673787,41.397322567
2020S003129    ,Sant Martí,Sant Martí de Provençals,Provençals,Monday,2020-07-13,Laboral,2020,7,July,13,Night,03:00:00,Unknown,Bicicleta,Male,26,Driver,Unknown,Unknown,Unknown,Minor injury: Hospitalization up to 24 hours,432974.92,4585508.54,2.19685336,41.416489012
2020S003130    ,Sarriŕ-Sant Gervasi,Sant Gervasi - Galvany,Diagonal,Monday,2020-07-13,Laboral,2020,7,July,13,Afternoon,16:00:00,Unknown,Car,Male,24,Driver,Unknown,Unknown,Leisure and entertainment,Uninjured,428867.36,4583035.93,2.14799812,41.393865857
2020S003130    ,Sarriŕ-Sant Gervasi,Sant Gervasi - Galvany,Diagonal,Monday,2020-07-13,Laboral,2020,7,July,13,Afternoon,16:00:00,Unknown,Motorcycle,Male,37,Driver,Unknown,Unknown,In transit (commuting),Minor injury: Hospitalization up to 24 hours,428867.36,4583035.93,2.14799812,41.393865857
2020S003131    ,Eixample,la Dreta de l'Eixample,Corts Catalanes,Monday,2020-07-13,Laboral,2020,7,July,13,Afternoon,16:00:00,Unknown,Car,Male,36,Driver,Unknown,Unknown,Unknown,Uninjured,430795.1,4582761.18,2.17108651,41.391559558
2020S003131    ,Eixample,la Dreta de l'Eixample,Corts Catalanes,Monday,2020-07-13,Laboral,2020,7,July,13,Afternoon,16:00:00,Unknown,Motorcycle,Male,27,Driver,Unknown,Unknown,Unknown,Minor injury: Hospitalization up to 24 hours,430795.1,4582761.18,2.17108651,41.391559558
2020S003132    ,Horta-Guinardó,el Carmel,Llobregós,Monday,2020-07-13,Laboral,2020,7,July,13,Afternoon,19:00:00,Unknown,Motorcycle,Female,28,Driver,Unknown,Unknown,Unknown,Minor injury: Hospitalization up to 24 hours,429358.98,4586262.08,2.15350138,41.422965947
2020S003133    ,Sant Andreu,el Congrés i els Indians,Felip II,Monday,2020-07-13,Laboral,2020,7,July,13,Afternoon,17:00:00,Unknown,Bicicleta,Male,4,Pedestrian,In crossing regulated by traffic lights,Unknown,Unknown,Minor injury: Medical assistance at accident site,431621.55,4586471.19,2.18055161,41.425045197
2020S003133    ,Sant Andreu,el Congrés i els Indians,Felip II,Monday,2020-07-13,Laboral,2020,7,July,13,Afternoon,17:00:00,Unknown,Bicicleta,Male,23,Driver,In crossing regulated by traffic lights,Unknown,Leisure and entertainment,Uninjured,431621.55,4586471.19,2.18055161,41.425045197
2020S003134    ,Sants-Montjuďc,Hostafrancs,Vint-i-sis de Gener de 1641,Monday,2020-07-13,Laboral,2020,7,July,13,Afternoon,20:00:00,Unknown,Car,Female,18,Driver,Unknown,Unknown,Leisure and entertainment,Minor injury: Hospitalization up to 24 hours,428293.75,4580907.39,2.14138947,41.374643903
2020S003134    ,Sants-Montjuďc,Hostafrancs,Vint-i-sis de Gener de 1641,Monday,2020-07-13,Laboral,2020,7,July,13,Afternoon,20:00:00,Unknown,Car,Male,42,Driver,Unknown,Unknown,Taxi,Minor injury: Medical assistance at accident site,428293.75,4580907.39,2.14138947,41.374643903
2020S003134    ,Sants-Montjuďc,Hostafrancs,Vint-i-sis de Gener de 1641,Monday,2020-07-13,Laboral,2020,7,July,13,Afternoon,20:00:00,Unknown,Car,Female,18,Passenger,Unknown,Unknown,Unknown,Uninjured,428293.75,4580907.39,2.14138947,41.374643903
2020S003134    ,Sants-Montjuďc,Hostafrancs,Vint-i-sis de Gener de 1641,Monday,2020-07-13,Laboral,2020,7,July,13,Afternoon,20:00:00,Unknown,Car,Female,14,Passenger,Unknown,Unknown,Unknown,Uninjured,428293.75,4580907.39,2.14138947,41.374643903
2020S003135    ,Sant Andreu,el Bon Pastor,Potosí,Thursday,2020-07-09,Laboral,2020,7,July,9,Afternoon,19:00:00,Unknown,Motorcycle,Male,63,Driver,Unknown,Unknown,Other activities,Minor injury: Medical assistance at accident site,433284.32,4588448.18,2.20023067,41.442991231
2020S003136    ,Sarriŕ-Sant Gervasi,Sant Gervasi - Galvany,Diagonal,Monday,2020-07-13,Laboral,2020,7,July,13,Afternoon,16:00:00,Unknown,Veh. mobilitat personal amb motor,Female,35,Driver,Unknown,Unknown,Unknown,Minor injury: Hospitalization up to 24 hours,429312.19,4583180.97,2.15330161,41.395211425
2020S003136    ,Sarriŕ-Sant Gervasi,Sant Gervasi - Galvany,Diagonal,Monday,2020-07-13,Laboral,2020,7,July,13,Afternoon,16:00:00,Unknown,Bicicleta,Female,21,Driver,Unknown,Unknown,Unknown,Minor injury: Medical assistance at accident site,429312.19,4583180.97,2.15330161,41.395211425
2020S003137    ,Eixample,la Dreta de l'Eixample,Nŕpols,Monday,2020-07-13,Laboral,2020,7,July,13,Afternoon,17:00:00,Unknown,Motorcycle,Male,28,Driver,Unknown,Unknown,Unknown,Minor injury: Hospitalization up to 24 hours,430947.48,4583712.17,2.1728005,41.400137937
2020S003137    ,Eixample,la Dreta de l'Eixample,Nŕpols,Monday,2020-07-13,Laboral,2020,7,July,13,Afternoon,17:00:00,Unknown,Motorcycle,Male,35,Driver,Unknown,Unknown,Unknown,Minor injury: Hospitalization up to 24 hours,430947.48,4583712.17,2.1728005,41.400137937
2020S003138    ,Sant Martí,el Clot,Meridiana,Monday,2020-07-13,Laboral,2020,7,July,13,Afternoon,18:00:00,Unknown,Veh. mobilitat personal amb motor,Male,8,Pedestrian,On the sidewalk,Leisure and entertainment,Unknown,Minor injury: Hospitalization up to 24 hours,432162.18,4584971.53,2.1871893,41.411584087
2020S003138    ,Sant Martí,el Clot,Meridiana,Monday,2020-07-13,Laboral,2020,7,July,13,Afternoon,18:00:00,Unknown,Veh. mobilitat personal amb motor,Male,41,Driver,On the sidewalk,Unknown,In transit (commuting),Uninjured,432162.18,4584971.53,2.1871893,41.411584087
2020S003139    ,Grŕcia,la Vila de Grŕcia,Vilafranca,Tuesday,2020-07-14,Laboral,2020,7,July,14,Night,00:00:00,Unknown,Motorcycle,Male,50,Driver,Unknown,Unknown,Unknown,Minor injury: Medical assistance at accident site,429584.11,4584546.9,2.15639503,41.407537741
2020S003140    ,Sants-Montjuďc,la Bordeta,Corts Catalanes,Tuesday,2020-07-14,Laboral,2020,7,July,14,Morning,07:00:00,Unknown,Car,Male,40,Driver,Unknown,Unknown,In transit (commuting),Minor injury: Medical assistance at accident site,428120.05,4580176.09,2.13939928,41.368041834
2020S003141    ,Nou Barris,la Trinitat Nova,Meridiana,Tuesday,2020-07-14,Laboral,2020,7,July,14,Morning,08:00:00,Unknown,Car,Male,44,Driver,Unknown,Unknown,On a mission,Uninjured,432291.22,4589271.11,2.18825124,41.450319882
2020S003141    ,Nou Barris,la Trinitat Nova,Meridiana,Tuesday,2020-07-14,Laboral,2020,7,July,14,Morning,08:00:00,Unknown,Motorcycle,Female,36,Driver,Unknown,Unknown,On a mission,Minor injury: Medical assistance at accident site,432291.22,4589271.11,2.18825124,41.450319882
2020S003142    ,Nou Barris,Canyelles,Favčncia,Tuesday,2020-07-14,Laboral,2020,7,July,14,Morning,07:00:00,Unknown,Motorcycle,Male,46,Driver,Unknown,Unknown,Unknown,Minor injury: Hospitalization up to 24 hours,430457.12,4588348.41,2.1664015,41.441852588
2020S003142    ,Nou Barris,Canyelles,Favčncia,Tuesday,2020-07-14,Laboral,2020,7,July,14,Morning,07:00:00,Unknown,"Camió rígid > 3,5 tones",Male,49,Driver,Unknown,Unknown,Unknown,Uninjured,430457.12,4588348.41,2.1664015,41.441852588
2020S003143    ,Les Corts,les Corts,Berlín,Tuesday,2020-07-14,Laboral,2020,7,July,14,Morning,09:00:00,Unknown,Car,Male,39,Driver,Unknown,Unknown,Unknown,Uninjured,428067.09,4581852.36,2.13856707,41.383134668
2020S003143    ,Les Corts,les Corts,Berlín,Tuesday,2020-07-14,Laboral,2020,7,July,14,Morning,09:00:00,Unknown,Taxi,Female,56,Passenger,Unknown,Unknown,Unknown,Minor injury: Hospitalization up to 24 hours,428067.09,4581852.36,2.13856707,41.383134668
2020S003143    ,Les Corts,les Corts,Berlín,Tuesday,2020-07-14,Laboral,2020,7,July,14,Morning,09:00:00,Unknown,Taxi,Male,56,Driver,Unknown,Unknown,Unknown,Uninjured,428067.09,4581852.36,2.13856707,41.383134668
2020S003144    ,Grŕcia,el Camp d'en Grassot i Grŕcia Nova,Escorial,Tuesday,2020-07-14,Laboral,2020,7,July,14,Morning,11:00:00,Unknown,Car,Female,51,Driver,Unknown,Unknown,Unknown,Minor injury: Hospitalization up to 24 hours,430158.11,4584303.01,2.16329002,41.405391213
2020S003145    ,Sants-Montjuďc,la Font de la Guatlla,Corts Catalanes,Tuesday,2020-07-14,Laboral,2020,7,July,14,Morning,12:00:00,Unknown,Motorcycle,Male,65,Driver,Unknown,Unknown,Leisure and entertainment,Minor injury: Medical assistance at accident site,428682.9,4580655.12,2.14607224,41.37240639
2020S003145    ,Sants-Montjuďc,la Font de la Guatlla,Corts Catalanes,Tuesday,2020-07-14,Laboral,2020,7,July,14,Morning,12:00:00,Unknown,Motorcycle,Male,66,Driver,Unknown,Unknown,Leisure and entertainment,Uninjured,428682.9,4580655.12,2.14607224,41.37240639
2020S003146    ,Nou Barris,la Prosperitat,Mas Duran,Tuesday,2020-07-14,Laboral,2020,7,July,14,Morning,11:00:00,Unknown,Veh. mobilitat personal amb motor,Male,27,Driver,Unknown,Unknown,Other activities,Minor injury: Hospitalization up to 24 hours,431589.73,4588485.55,2.1799427,41.443185118
2020S003146    ,Nou Barris,la Prosperitat,Mas Duran,Tuesday,2020-07-14,Laboral,2020,7,July,14,Morning,11:00:00,Unknown,Car,Female,50,Driver,Unknown,Unknown,Other activities,Uninjured,431589.73,4588485.55,2.1799427,41.443185118
2020S003147    ,Sant Martí,el Camp de l'Arpa del Clot,Guinardó,Tuesday,2020-07-14,Laboral,2020,7,July,14,Morning,10:00:00,Creuar per fora pas de vianants,Bicicleta,Male,27,Driver,Outside the crossing,Unknown,Other activities,Minor injury: Medical assistance at accident site,431706.74,4585462.48,2.181685,41.415967326
2020S003147    ,Sant Martí,el Camp de l'Arpa del Clot,Guinardó,Tuesday,2020-07-14,Laboral,2020,7,July,14,Morning,10:00:00,Creuar per fora pas de vianants,Bicicleta,Female,76,Pedestrian,Outside the crossing,Unknown,Unknown,Minor injury: Hospitalization up to 24 hours,431706.74,4585462.48,2.181685,41.415967326
2020S003148    ,Eixample,la Dreta de l'Eixample,Urquinaona,Tuesday,2020-07-14,Laboral,2020,7,July,14,Morning,12:00:00,Unknown,Furgoneta,Male,43,Driver,Unknown,Unknown,Unknown,Uninjured,431027.72,4582487.02,2.17389993,41.389110274
2020S003148    ,Eixample,la Dreta de l'Eixample,Urquinaona,Tuesday,2020-07-14,Laboral,2020,7,July,14,Morning,12:00:00,Unknown,Motorcycle,Female,47,Driver,Unknown,Unknown,Unknown,Minor injury: Hospitalization up to 24 hours,431027.72,4582487.02,2.17389993,41.389110274
2020S003149    ,Les Corts,Pedralbes,Doctor Ferran,Tuesday,2020-07-14,Laboral,2020,7,July,14,Morning,12:00:00,Unknown,"Camió rígid > 3,5 tones",Male,43,Driver,Unknown,Unknown,Unknown,Uninjured,426884.52,4582580.73,2.1243373,41.38958814
2020S003149    ,Les Corts,Pedralbes,Doctor Ferran,Tuesday,2020-07-14,Laboral,2020,7,July,14,Morning,12:00:00,Unknown,Bicicleta,Male,58,Driver,Unknown,Unknown,Unknown,Minor injury: Hospitalization up to 24 hours,426884.52,4582580.73,2.1243373,41.38958814
2020S003150    ,Sants-Montjuďc,el Poble-sec,Rius i Taulet,Tuesday,2020-07-14,Laboral,2020,7,July,14,Afternoon,14:00:00,Unknown,Bicicleta,Female,26,Driver,Unknown,Unknown,On a mission,Minor injury: Medical assistance at accident site,429160.34,4580595.3,2.15178782,41.371909799
2020S003151    ,Horta-Guinardó,Horta,Botticelli,Tuesday,2020-07-14,Laboral,2020,7,July,14,Afternoon,16:00:00,Unknown,Car,Male,27,Driver,Unknown,Unknown,Leisure and entertainment,Uninjured,429294.11,4587413.65,2.15259039,41.433331962
2020S003151    ,Horta-Guinardó,Horta,Botticelli,Tuesday,2020-07-14,Laboral,2020,7,July,14,Afternoon,16:00:00,Unknown,Car,Female,24,Passenger,Unknown,Unknown,Unknown,Minor injury: Medical assistance at accident site,429294.11,4587413.65,2.15259039,41.433331962
2020S003151    ,Horta-Guinardó,Horta,Botticelli,Tuesday,2020-07-14,Laboral,2020,7,July,14,Afternoon,16:00:00,Unknown,Car,Male,49,Driver,Unknown,Unknown,Leisure and entertainment,Uninjured,429294.11,4587413.65,2.15259039,41.433331962
2020S003152    ,Nou Barris,Ciutat Meridiana,Agudes,Tuesday,2020-07-14,Laboral,2020,7,July,14,Afternoon,17:00:00,Unknown,Motorcycle,Female,49,Driver,Unknown,Unknown,Leisure and entertainment,Minor injury: Hospitalization up to 24 hours,431331.22,4590743.41,2.17659147,41.463498702
2020S003153    ,Ciutat Vella,la Barceloneta,Joan Borbó Comte Barcelona,Tuesday,2020-07-14,Laboral,2020,7,July,14,Afternoon,17:00:00,Unknown,Autobús articulat,Female,43,Passenger,Unknown,Unknown,Unknown,Minor injury: Hospitalization up to 24 hours,432241.76,4581204.3,2.18856315,41.377660386
2020S003153    ,Ciutat Vella,la Barceloneta,Joan Borbó Comte Barcelona,Tuesday,2020-07-14,Laboral,2020,7,July,14,Afternoon,17:00:00,Unknown,Autobús articulat,Female,60,Driver,Unknown,Unknown,Urban bus,Uninjured,432241.76,4581204.3,2.18856315,41.377660386
2020S003153    ,Ciutat Vella,la Barceloneta,Joan Borbó Comte Barcelona,Tuesday,2020-07-14,Laboral,2020,7,July,14,Afternoon,17:00:00,Unknown,Autobús articulat,Female,44,Passenger,Unknown,Unknown,Unknown,Minor injury: Hospitalization up to 24 hours,432241.76,4581204.3,2.18856315,41.377660386
2020S003153    ,Ciutat Vella,la Barceloneta,Joan Borbó Comte Barcelona,Tuesday,2020-07-14,Laboral,2020,7,July,14,Afternoon,17:00:00,Unknown,Car,Male,50,Driver,Unknown,Unknown,Taxi,Uninjured,432241.76,4581204.3,2.18856315,41.377660386
2020S003154    ,Eixample,el Fort Pienc,Marina,Tuesday,2020-07-14,Laboral,2020,7,July,14,Afternoon,17:00:00,Unknown,Furgoneta,Male,39,Driver,Unknown,Unknown,Unknown,Uninjured,431696.26,4583593.37,2.18177068,41.399131934
2020S003154    ,Eixample,el Fort Pienc,Marina,Tuesday,2020-07-14,Laboral,2020,7,July,14,Afternoon,17:00:00,Unknown,Motorcycle,Male,61,Driver,Unknown,Unknown,Unknown,Minor injury: Medical assistance at accident site,431696.26,4583593.37,2.18177068,41.399131934
2020S003155    ,Sarriŕ-Sant Gervasi,les Tres Torres,Ricard Zamora,Tuesday,2020-07-14,Laboral,2020,7,July,14,Afternoon,18:00:00,Unknown,Motorcycle,Male,70,Driver,Unknown,Unknown,Unknown,Minor injury: Medical assistance at accident site,427600.15,4582871.33,2.13286129,41.392270227
2020S003156    ,Sarriŕ-Sant Gervasi,Sant Gervasi - la Bonanova,Mandri,Tuesday,2020-07-14,Laboral,2020,7,July,14,Afternoon,18:00:00,Unknown,Car,Male,52,Driver,Unknown,Unknown,Leisure and entertainment,Uninjured,427840.41,4583930.43,2.13560857,41.401830725
2020S003156    ,Sarriŕ-Sant Gervasi,Sant Gervasi - la Bonanova,Mandri,Tuesday,2020-07-14,Laboral,2020,7,July,14,Afternoon,18:00:00,Unknown,Motorcycle,Female,48,Driver,Unknown,Unknown,Leisure and entertainment,Minor injury: Hospitalization up to 24 hours,427840.41,4583930.43,2.13560857,41.401830725
2020S003157    ,Nou Barris,la Trinitat Nova,Meridiana,Tuesday,2020-07-14,Laboral,2020,7,July,14,Afternoon,18:00:00,Unknown,Car,Female,63,Driver,Unknown,Unknown,Leisure and entertainment,Minor injury: Refused medical assistance,432279.56,4589210.67,2.18811843,41.449774537
2020S003157    ,Nou Barris,la Trinitat Nova,Meridiana,Tuesday,2020-07-14,Laboral,2020,7,July,14,Afternoon,18:00:00,Unknown,Car,Female,18,Passenger,Unknown,Unknown,Unknown,Minor injury: Medical assistance at accident site,432279.56,4589210.67,2.18811843,41.449774537
2020S003157    ,Nou Barris,la Trinitat Nova,Meridiana,Tuesday,2020-07-14,Laboral,2020,7,July,14,Afternoon,18:00:00,Unknown,Car,Male,38,Driver,Unknown,Unknown,Leisure and entertainment,Minor injury: Hospitalization up to 24 hours,432279.56,4589210.67,2.18811843,41.449774537
2020S003157    ,Nou Barris,la Trinitat Nova,Meridiana,Tuesday,2020-07-14,Laboral,2020,7,July,14,Afternoon,18:00:00,Unknown,Car,Female,59,Passenger,Unknown,Unknown,Unknown,Minor injury: Refused medical assistance,432279.56,4589210.67,2.18811843,41.449774537
2020S003157    ,Nou Barris,la Trinitat Nova,Meridiana,Tuesday,2020-07-14,Laboral,2020,7,July,14,Afternoon,18:00:00,Unknown,Car,Male,22,Driver,Unknown,Unknown,Leisure and entertainment,Uninjured,432279.56,4589210.67,2.18811843,41.449774537
2020S003157    ,Nou Barris,la Trinitat Nova,Meridiana,Tuesday,2020-07-14,Laboral,2020,7,July,14,Afternoon,18:00:00,Unknown,Car,Male,38,Driver,Unknown,Unknown,Leisure and entertainment,Uninjured,432279.56,4589210.67,2.18811843,41.449774537
2020S003158    ,Eixample,la Dreta de l'Eixample,Grŕcia,Tuesday,2020-07-14,Laboral,2020,7,July,14,Afternoon,17:00:00,Unknown,Autobús,Female,37,Passenger,Unknown,Unknown,Unknown,Minor injury: Refused medical assistance,429965.25,4583129.78,2.16111869,41.394807544
2020S003158    ,Eixample,la Dreta de l'Eixample,Grŕcia,Tuesday,2020-07-14,Laboral,2020,7,July,14,Afternoon,17:00:00,Unknown,Autobús,Male,37,Passenger,Unknown,Unknown,Unknown,Minor injury: Refused medical assistance,429965.25,4583129.78,2.16111869,41.394807544
2020S003158    ,Eixample,la Dreta de l'Eixample,Grŕcia,Tuesday,2020-07-14,Laboral,2020,7,July,14,Afternoon,17:00:00,Unknown,Autobús,Female,6,Passenger,Unknown,Unknown,Unknown,Minor injury: Refused medical assistance,429965.25,4583129.78,2.16111869,41.394807544
2020S003158    ,Eixample,la Dreta de l'Eixample,Grŕcia,Tuesday,2020-07-14,Laboral,2020,7,July,14,Afternoon,17:00:00,Unknown,Autobús,Female,38,Passenger,Unknown,Unknown,Unknown,Minor injury: Hospitalization up to 24 hours,429965.25,4583129.78,2.16111869,41.394807544
2020S003158    ,Eixample,la Dreta de l'Eixample,Grŕcia,Tuesday,2020-07-14,Laboral,2020,7,July,14,Afternoon,17:00:00,Unknown,Autobús,Male,39,Driver,Unknown,Unknown,Urban bus,Uninjured,429965.25,4583129.78,2.16111869,41.394807544
2020S003159    ,Nou Barris,Ciutat Meridiana,Rasos de Peguera,Tuesday,2020-07-14,Laboral,2020,7,July,14,Afternoon,16:00:00,Unknown,Car,Male,23,Driver,Unknown,Unknown,Unknown,Uninjured,431375.13,4590443.21,2.17715138,41.460798681
2020S003159    ,Nou Barris,Ciutat Meridiana,Rasos de Peguera,Tuesday,2020-07-14,Laboral,2020,7,July,14,Afternoon,16:00:00,Unknown,Car,Female,23,Passenger,Unknown,Unknown,Unknown,Minor injury: Hospitalization up to 24 hours,431375.13,4590443.21,2.17715138,41.460798681
2020S003159    ,Nou Barris,Ciutat Meridiana,Rasos de Peguera,Tuesday,2020-07-14,Laboral,2020,7,July,14,Afternoon,16:00:00,Unknown,Car,Male,76,Driver,Unknown,Unknown,Unknown,Uninjured,431375.13,4590443.21,2.17715138,41.460798681
2020S003160    ,Sant Martí,el Poblenou,Bac de Roda,Tuesday,2020-07-14,Laboral,2020,7,July,14,Night,22:00:00,Unknown,Motorcycle,Female,24,Driver,Unknown,Unknown,Unknown,Minor injury: Hospitalization up to 24 hours,433610.9,4584443.99,2.20457967,41.406953715
2020S003160    ,Sant Martí,el Poblenou,Bac de Roda,Tuesday,2020-07-14,Laboral,2020,7,July,14,Night,22:00:00,Unknown,Car,Female,26,Driver,Unknown,Unknown,Unknown,Uninjured,433610.9,4584443.99,2.20457967,41.406953715
2020S003161    ,Eixample,Sant Antoni,Vilamarí,Tuesday,2020-07-14,Laboral,2020,7,July,14,Afternoon,21:00:00,Unknown,Veh. mobilitat personal amb motor,Male,48,Driver,Unknown,Unknown,Unknown,Minor injury: Hospitalization up to 24 hours,429218.78,4581125.34,2.15242464,41.376688843
2020S003161    ,Eixample,Sant Antoni,Vilamarí,Tuesday,2020-07-14,Laboral,2020,7,July,14,Afternoon,21:00:00,Unknown,Car,Male,31,Driver,Unknown,Unknown,Unknown,Uninjured,429218.78,4581125.34,2.15242464,41.376688843
2020S003162    ,Sarriŕ-Sant Gervasi,Sant Gervasi - la Bonanova,Dalt (Llobregat),Tuesday,2020-07-14,Laboral,2020,7,July,14,Night,22:00:00,Unknown,Motorcycle,Female,44,Driver,Unknown,Unknown,In transit (commuting),Minor injury: Hospitalization up to 24 hours,427706.4,4585327.86,2.13383852,41.414404747
2020S003162    ,Sarriŕ-Sant Gervasi,Sant Gervasi - la Bonanova,Dalt (Llobregat),Tuesday,2020-07-14,Laboral,2020,7,July,14,Night,22:00:00,Unknown,Tot terreny,Female,19,Driver,Unknown,Unknown,Leisure and entertainment,Uninjured,427706.4,4585327.86,2.13383852,41.414404747
2020S003163    ,Sants-Montjuďc,Sants - Badal,Mig (Descendent),Wednesday,2020-07-15,Laboral,2020,7,July,15,Night,00:00:00,Unknown,Motorcycle,Male,34,Driver,Unknown,Unknown,In transit (commuting),Minor injury: Medical assistance at accident site,427372.79,4581027.2,2.13036318,41.375640356
2020S003164    ,Eixample,la Dreta de l'Eixample,Alí Bei,Wednesday,2020-07-15,Laboral,2020,7,July,15,Morning,08:00:00,Unknown,Veh. mobilitat personal amb motor,Female,24,Driver,Unknown,Unknown,Leisure and entertainment,Minor injury: Medical assistance at accident site,431420.05,4582803.88,2.17855622,41.391997707
2020S003165    ,Sarriŕ-Sant Gervasi,Sarriŕ,Dalt (Besňs),Wednesday,2020-07-15,Laboral,2020,7,July,15,Morning,07:00:00,Unknown,Furgoneta,Male,52,Driver,Unknown,Unknown,On a mission,Uninjured,426398.25,4584288.72,2.11831393,41.404926884
2020S003165    ,Sarriŕ-Sant Gervasi,Sarriŕ,Dalt (Besňs),Wednesday,2020-07-15,Laboral,2020,7,July,15,Morning,07:00:00,Unknown,Car,Male,39,Driver,Unknown,Unknown,In transit (commuting),Minor injury: Medical assistance at accident site,426398.25,4584288.72,2.11831393,41.404926884
2020S003166    ,Sarriŕ-Sant Gervasi,les Tres Torres,Alacant,Wednesday,2020-07-15,Laboral,2020,7,July,15,Morning,09:00:00,Desobeir el senyal del semŕfor,Veh. mobilitat personal amb motor,Female,80,Pedestrian,In crossing regulated by traffic lights,Other activities,Unknown,Minor injury: Hospitalization up to 24 hours,427625.17,4583767.87,2.13305332,41.400347256
2020S003166    ,Sarriŕ-Sant Gervasi,les Tres Torres,Alacant,Wednesday,2020-07-15,Laboral,2020,7,July,15,Morning,09:00:00,Desobeir el senyal del semŕfor,Veh. mobilitat personal amb motor,Female,35,Driver,In crossing regulated by traffic lights,Unknown,In transit (commuting),Uninjured,427625.17,4583767.87,2.13305332,41.400347256
2020S003167    ,Eixample,la Dreta de l'Eixample,Corts Catalanes,Wednesday,2020-07-15,Laboral,2020,7,July,15,Morning,09:00:00,Unknown,Car,Female,32,Passenger,Unknown,Unknown,Unknown,Minor injury: Hospitalization up to 24 hours,430291.57,4582229.49,2.1651254,41.386727286
2020S003167    ,Eixample,la Dreta de l'Eixample,Corts Catalanes,Wednesday,2020-07-15,Laboral,2020,7,July,15,Morning,09:00:00,Unknown,Car,Female,31,Driver,Unknown,Unknown,Unknown,Uninjured,430291.57,4582229.49,2.1651254,41.386727286
2020S003167    ,Eixample,la Dreta de l'Eixample,Corts Catalanes,Wednesday,2020-07-15,Laboral,2020,7,July,15,Morning,09:00:00,Unknown,Furgoneta,Male,53,Driver,Unknown,Unknown,On a mission,Uninjured,430291.57,4582229.49,2.1651254,41.386727286