Case_Number,District_Name,Neighborhood_Name,Street_Name,Day_of_Week,Date,Day_Type_Description,Year,Month_of_Year,Month_Name,Day_of_Month,Shift_Description,Hour_of_Day,Pedestrian_Cause_Description,Involved_Vehicle_Type_Description,Gender_Description,Age,Person_Type_Description,Pedestrian_Accident_Location_Description,Pedestrian_Movement_Reason_Description,Driver_Movement_Reason_Description,Victimization_Description,Coordenada_UTM_X,Coordenada_UTM_Y,Longitud,Latitud
2020S003213    ,Sant Andreu,el Congrés i els Indians,Felip II,Thursday,2020-07-16,Laboral,2020,7,July,16,Afternoon,17:00:00,Unknown,Car,Female,30,Driver,Unknown,Unknown,Unknown,Uninjured,431845.79,4586238.87,2.18326115,41.422971833
2020S003213    ,Sant Andreu,el Congrés i els Indians,Felip II,Thursday,2020-07-16,Laboral,2020,7,July,16,Afternoon,17:00:00,Unknown,Car,Male,41,Driver,Unknown,Unknown,Unknown,Minor injury: Medical assistance at accident site,431845.79,4586238.87,2.18326115,41.422971833
2020S003214    ,Sant Andreu,Navas,Maragall,Thursday,2020-07-16,Laboral,2020,7,July,16,Afternoon,18:00:00,Unknown,Motorcycle,Male,36,Driver,Unknown,Unknown,On a mission,Minor injury: Hospitalization up to 24 hours,431616.51,4585567.7,2.18059352,41.416907331
2020S003214    ,Sant Andreu,Navas,Maragall,Thursday,2020-07-16,Laboral,2020,7,July,16,Afternoon,18:00:00,Unknown,Motorcycle,Male,39,Passenger,Unknown,Unknown,Unknown,Minor injury: Medical assistance at accident site,431616.51,4585567.7,2.18059352,41.416907331
2020S003214    ,Sant Andreu,Navas,Maragall,Thursday,2020-07-16,Laboral,2020,7,July,16,Afternoon,18:00:00,Unknown,Car,Female,43,Driver,Unknown,Unknown,On a mission,Uninjured,431616.51,4585567.7,2.18059352,41.416907331
2020S003214    ,Sant Andreu,Navas,Maragall,Thursday,2020-07-16,Laboral,2020,7,July,16,Afternoon,18:00:00,Unknown,Car,Male,37,Driver,Unknown,Unknown,In transit (commuting),Uninjured,431616.51,4585567.7,2.18059352,41.416907331
2020S003215    ,Eixample,la Dreta de l'Eixample,Roger de Llúria,Thursday,2020-07-16,Laboral,2020,7,July,16,Afternoon,19:00:00,Unknown,Motorcycle,Male,45,Driver,Unknown,Unknown,Other activities,Minor injury: Medical assistance at accident site,430719.52,4582809.7,2.170177,41.391990053
2020S003215    ,Eixample,la Dreta de l'Eixample,Roger de Llúria,Thursday,2020-07-16,Laboral,2020,7,July,16,Afternoon,19:00:00,Unknown,Veh. mobilitat personal amb motor,Male,30,Driver,Unknown,Unknown,Leisure and entertainment,Minor injury: Medical assistance at accident site,430719.52,4582809.7,2.170177,41.391990053
2020S003216    ,Sant Martí,el Besňs i el Maresme,Llull,Thursday,2020-07-16,Laboral,2020,7,July,16,Afternoon,19:00:00,Unknown,Car,Female,42,Driver,Unknown,Unknown,Leisure and entertainment,Uninjured,434904.34,4585243.0,2.21996731,41.414256063
2020S003216    ,Sant Martí,el Besňs i el Maresme,Llull,Thursday,2020-07-16,Laboral,2020,7,July,16,Afternoon,19:00:00,Unknown,Car,Female,36,Passenger,Unknown,Unknown,Unknown,Minor injury: Hospitalization up to 24 hours,434904.34,4585243.0,2.21996731,41.414256063
2020S003216    ,Sant Martí,el Besňs i el Maresme,Llull,Thursday,2020-07-16,Laboral,2020,7,July,16,Afternoon,19:00:00,Unknown,Car,Male,34,Driver,Unknown,Unknown,Leisure and entertainment,Uninjured,434904.34,4585243.0,2.21996731,41.414256063
2020S003217    ,Sant Martí,el Camp de l'Arpa del Clot,Meridiana,Thursday,2020-07-16,Laboral,2020,7,July,16,Afternoon,18:00:00,Unknown,Ciclomotor,Female,26,Passenger,Unknown,Unknown,Unknown,Minor injury: Refused medical assistance,432101.88,4584634.03,2.18650577,41.408539231
2020S003217    ,Sant Martí,el Camp de l'Arpa del Clot,Meridiana,Thursday,2020-07-16,Laboral,2020,7,July,16,Afternoon,18:00:00,Unknown,Car,Female,40,Driver,Unknown,Unknown,Unknown,Uninjured,432101.88,4584634.03,2.18650577,41.408539231
2020S003217    ,Sant Martí,el Camp de l'Arpa del Clot,Meridiana,Thursday,2020-07-16,Laboral,2020,7,July,16,Afternoon,18:00:00,Unknown,Ciclomotor,Female,27,Driver,Unknown,Unknown,Leisure and entertainment,Minor injury: Medical assistance at accident site,432101.88,4584634.03,2.18650577,41.408539231
2020S003218    ,Eixample,la Dreta de l'Eixample,Universitat,Thursday,2020-07-16,Laboral,2020,7,July,16,Night,03:00:00,Unknown,Autobús,Male,49,Driver,Unknown,Unknown,Regular line bus,Unknown,430501.54,4582280.6,2.16763064,41.387205796
2020S003219    ,Les Corts,les Corts,Entença,Thursday,2020-07-16,Laboral,2020,7,July,16,Night,22:00:00,Unknown,Ciclomotor,Male,18,Driver,Unknown,Unknown,Unknown,Uninjured,428118.74,4582502.45,2.13910756,41.388994406
2020S003219    ,Les Corts,les Corts,Entença,Thursday,2020-07-16,Laboral,2020,7,July,16,Night,22:00:00,Unknown,Motorcycle,Male,39,Driver,Unknown,Unknown,Unknown,Minor injury: Hospitalization up to 24 hours,428118.74,4582502.45,2.13910756,41.388994406
2020S003220    ,Horta-Guinardó,Horta,Botticelli,Thursday,2020-07-16,Laboral,2020,7,July,16,Night,22:00:00,Unknown,Motorcycle,Female,30,Passenger,Unknown,Unknown,Unknown,Minor injury: Hospitalization up to 24 hours,429294.11,4587413.65,2.15259039,41.433331962
2020S003220    ,Horta-Guinardó,Horta,Botticelli,Thursday,2020-07-16,Laboral,2020,7,July,16,Night,22:00:00,Unknown,Motorcycle,Male,33,Driver,Unknown,Unknown,Other activities,Minor injury: Hospitalization up to 24 hours,429294.11,4587413.65,2.15259039,41.433331962
2020S003221    ,Nou Barris,la Guineueta,Caçador,Thursday,2020-07-16,Laboral,2020,7,July,16,Afternoon,20:00:00,Unknown,Veh. mobilitat personal amb motor,Male,16,Driver,Unknown,Unknown,Unknown,Minor injury: Hospitalization up to 24 hours,430485.77,4588271.35,2.16675329,41.441161021
2020S003221    ,Nou Barris,la Guineueta,Caçador,Thursday,2020-07-16,Laboral,2020,7,July,16,Afternoon,20:00:00,Unknown,Motorcycle,Female,41,Driver,Unknown,Unknown,Unknown,Minor injury: Hospitalization up to 24 hours,430485.77,4588271.35,2.16675329,41.441161021
2020S003222    ,Eixample,la Dreta de l'Eixample,Aragó,Friday,2020-07-17,Laboral,2020,7,July,17,Night,02:00:00,Unknown,Ciclomotor,Male,35,Driver,Unknown,Unknown,Other activities,Uninjured,430252.3,4582787.35,2.16459149,41.391748348
2020S003222    ,Eixample,la Dreta de l'Eixample,Aragó,Friday,2020-07-17,Laboral,2020,7,July,17,Night,02:00:00,Unknown,Motorcycle,Male,35,Driver,Unknown,Unknown,In transit (commuting),Minor injury: Hospitalization up to 24 hours,430252.3,4582787.35,2.16459149,41.391748348
2020S003223    ,Les Corts,la Maternitat i Sant Ramon,Comandant Benítez,Friday,2020-07-17,Laboral,2020,7,July,17,Morning,06:00:00,Unknown,Autobús articulat,Female,66,Passenger,Unknown,Unknown,Unknown,Minor injury: Hospitalization up to 24 hours,427002.01,4581578.24,2.1258633,41.380569792
2020S003223    ,Les Corts,la Maternitat i Sant Ramon,Comandant Benítez,Friday,2020-07-17,Laboral,2020,7,July,17,Morning,06:00:00,Unknown,Autobús articulat,Male,60,Driver,Unknown,Unknown,Urban bus,Uninjured,427002.01,4581578.24,2.1258633,41.380569792
2020S003224    ,Nou Barris,la Trinitat Nova,Meridiana,Friday,2020-07-17,Laboral,2020,7,July,17,Morning,08:00:00,Unknown,Furgoneta,Male,43,Driver,Unknown,Unknown,On a mission,Minor injury: Medical assistance at accident site,432291.22,4589271.11,2.18825124,41.450319882
2020S003224    ,Nou Barris,la Trinitat Nova,Meridiana,Friday,2020-07-17,Laboral,2020,7,July,17,Morning,08:00:00,Unknown,Car,Female,62,Driver,Unknown,Unknown,In transit (commuting),Uninjured,432291.22,4589271.11,2.18825124,41.450319882
2020S003225    ,Eixample,la Dreta de l'Eixample,Valčncia,Friday,2020-07-17,Laboral,2020,7,July,17,Morning,10:00:00,Unknown,Furgoneta,Male,61,Driver,Unknown,Unknown,Unknown,Uninjured,430859.12,4583607.3,2.17175554,41.399185808
2020S003225    ,Eixample,la Dreta de l'Eixample,Valčncia,Friday,2020-07-17,Laboral,2020,7,July,17,Morning,10:00:00,Unknown,Veh. mobilitat personal amb motor,Male,30,Driver,Unknown,Unknown,In transit (commuting),Minor injury: Medical assistance at accident site,430859.12,4583607.3,2.17175554,41.399185808
2020S003226    ,Eixample,l'Antiga Esquerra de l'Eixample,Diagonal,Friday,2020-07-17,Laboral,2020,7,July,17,Morning,08:00:00,Unknown,Car,Male,25,Driver,Unknown,Unknown,Leisure and entertainment,Uninjured,428980.03,4583017.63,2.14934786,41.393710999
2020S003226    ,Eixample,l'Antiga Esquerra de l'Eixample,Diagonal,Friday,2020-07-17,Laboral,2020,7,July,17,Morning,08:00:00,Unknown,Motorcycle,Female,35,Driver,Unknown,Unknown,Unknown,Minor injury: Hospitalization up to 24 hours,428980.03,4583017.63,2.14934786,41.393710999
2020S003227    ,Les Corts,les Corts,Numŕncia,Friday,2020-07-17,Laboral,2020,7,July,17,Morning,08:00:00,Unknown,Car,Male,23,Passenger,Unknown,Unknown,Unknown,Minor injury: Medical assistance at accident site,428104.45,4581889.24,2.13900946,41.383470174
2020S003227    ,Les Corts,les Corts,Numŕncia,Friday,2020-07-17,Laboral,2020,7,July,17,Morning,08:00:00,Unknown,Car,Male,56,Driver,Unknown,Unknown,In transit (commuting),Minor injury: Refused medical assistance,428104.45,4581889.24,2.13900946,41.383470174
2020S003227    ,Les Corts,les Corts,Numŕncia,Friday,2020-07-17,Laboral,2020,7,July,17,Morning,08:00:00,Unknown,Car,Male,43,Driver,Unknown,Unknown,On a mission,Minor injury: Medical assistance at accident site,428104.45,4581889.24,2.13900946,41.383470174
2020S003228    ,Sarriŕ-Sant Gervasi,Sarriŕ,Caponata,Friday,2020-07-17,Laboral,2020,7,July,17,Morning,09:00:00,Unknown,"Camió rígid > 3,5 tones",Male,50,Driver,Unknown,Unknown,Professional goods transport,Uninjured,426717.4,4583282.93,2.12225358,41.395897342
2020S003229    ,Eixample,la Dreta de l'Eixample,Aragó,Friday,2020-07-17,Laboral,2020,7,July,17,Morning,12:00:00,Unknown,Car,Male,43,Driver,Unknown,Unknown,Leisure and entertainment,Uninjured,430897.48,4583465.33,2.1722306,41.397910428
2020S003229    ,Eixample,la Dreta de l'Eixample,Aragó,Friday,2020-07-17,Laboral,2020,7,July,17,Morning,12:00:00,Unknown,Motorcycle,Female,30,Driver,Unknown,Unknown,Leisure and entertainment,Minor injury: Medical assistance at accident site,430897.48,4583465.33,2.1722306,41.397910428
2020S003230    ,Eixample,la Nova Esquerra de l'Eixample,Provença,Friday,2020-07-17,Laboral,2020,7,July,17,Morning,11:00:00,Unknown,Veh. mobilitat personal amb motor,Male,24,Driver,Unknown,Unknown,In transit (commuting),Minor injury: Hospitalization up to 24 hours,428825.52,4581957.46,2.14762448,41.384148758
2020S003230    ,Eixample,la Nova Esquerra de l'Eixample,Provença,Friday,2020-07-17,Laboral,2020,7,July,17,Morning,11:00:00,Unknown,Car,Male,62,Driver,Unknown,Unknown,Unknown,Uninjured,428825.52,4581957.46,2.14762448,41.384148758
2020S003231    ,Sants-Montjuďc,la Bordeta,Badal,Friday,2020-07-17,Laboral,2020,7,July,17,Morning,13:00:00,Unknown,Car,Female,36,Driver,Unknown,Unknown,Unknown,Minor injury: Hospitalization up to 24 hours,427711.0,4580047.98,2.13452404,41.366851341
2020S003231    ,Sants-Montjuďc,la Bordeta,Badal,Friday,2020-07-17,Laboral,2020,7,July,17,Morning,13:00:00,Unknown,Car,Male,36,Driver,Unknown,Unknown,Unknown,Uninjured,427711.0,4580047.98,2.13452404,41.366851341
2020S003232    ,Sants-Montjuďc,la Marina del Prat Vermell,Transversal 11,Friday,2020-07-17,Laboral,2020,7,July,17,Afternoon,14:00:00,Unknown,Car,Male,39,Driver,Unknown,Unknown,In transit (commuting),Uninjured,426029.82,4575851.98,2.11493622,41.32890671
2020S003232    ,Sants-Montjuďc,la Marina del Prat Vermell,Transversal 11,Friday,2020-07-17,Laboral,2020,7,July,17,Afternoon,14:00:00,Unknown,Motorcycle,Male,41,Driver,Unknown,Unknown,In transit (commuting),Minor injury: Hospitalization up to 24 hours,426029.82,4575851.98,2.11493622,41.32890671
2020S003233    ,Sarriŕ-Sant Gervasi,el Putxet i el Farró,General Mitre,Friday,2020-07-17,Laboral,2020,7,July,17,Afternoon,14:00:00,Unknown,Car,Female,63,Driver,Unknown,Unknown,Unknown,Uninjured,428349.96,4584274.88,2.14166302,41.404978646
2020S003233    ,Sarriŕ-Sant Gervasi,el Putxet i el Farró,General Mitre,Friday,2020-07-17,Laboral,2020,7,July,17,Afternoon,14:00:00,Unknown,Motorcycle,Male,57,Driver,Unknown,Unknown,Unknown,Minor injury: Hospitalization up to 24 hours,428349.96,4584274.88,2.14166302,41.404978646
2020S003234    ,Sarriŕ-Sant Gervasi,Sant Gervasi - la Bonanova,Dalt (Llobregat),Friday,2020-07-17,Laboral,2020,7,July,17,Afternoon,16:00:00,Unknown,Furgoneta,Male,39,Driver,Unknown,Unknown,Unknown,Uninjured,427222.99,4585010.93,2.12809301,41.411506643
2020S003234    ,Sarriŕ-Sant Gervasi,Sant Gervasi - la Bonanova,Dalt (Llobregat),Friday,2020-07-17,Laboral,2020,7,July,17,Afternoon,16:00:00,Unknown,Motorcycle,Male,60,Driver,Unknown,Unknown,Unknown,Minor injury: Hospitalization up to 24 hours,427222.99,4585010.93,2.12809301,41.411506643
2020S003235    ,Sant Martí,Provençals del Poblenou,Bilbao,Friday,2020-07-17,Laboral,2020,7,July,17,Afternoon,17:00:00,Desobeir el senyal del semŕfor,Car,Male,32,Pedestrian,Outside the crossing,Unknown,Unknown,Minor injury: Hospitalization up to 24 hours,432872.95,4584623.05,2.19573161,41.408505138
2020S003235    ,Sant Martí,Provençals del Poblenou,Bilbao,Friday,2020-07-17,Laboral,2020,7,July,17,Afternoon,17:00:00,Desobeir el senyal del semŕfor,Car,Male,44,Driver,Outside the crossing,Unknown,Unknown,Uninjured,432872.95,4584623.05,2.19573161,41.408505138
2020S003236    ,Horta-Guinardó,Horta,Scala Dei,Friday,2020-07-17,Laboral,2020,7,July,17,Afternoon,16:00:00,Unknown,Ciclomotor,Male,46,Driver,Unknown,Unknown,Other activities,Minor injury: Refused medical assistance,429724.88,4588036.28,2.15767333,41.438977568
2020S003236    ,Horta-Guinardó,Horta,Scala Dei,Friday,2020-07-17,Laboral,2020,7,July,17,Afternoon,16:00:00,Unknown,Car,Female,31,Driver,Unknown,Unknown,Other activities,Uninjured,429724.88,4588036.28,2.15767333,41.438977568
2020S003237    ,Eixample,la Sagrada Família,Valčncia,Friday,2020-07-17,Laboral,2020,7,July,17,Afternoon,16:00:00,Unknown,Motorcycle,Female,45,Driver,Unknown,Unknown,Unknown,Minor injury: Hospitalization up to 24 hours,431529.25,4584260.82,2.17969743,41.405129242
2020S003237    ,Eixample,la Sagrada Família,Valčncia,Friday,2020-07-17,Laboral,2020,7,July,17,Afternoon,16:00:00,Unknown,Motorcycle,Male,41,Driver,Unknown,Unknown,Unknown,Uninjured,431529.25,4584260.82,2.17969743,41.405129242
2020S003238    ,Sarriŕ-Sant Gervasi,el Putxet i el Farró,Saragossa,Friday,2020-07-17,Laboral,2020,7,July,17,Afternoon,18:00:00,Unknown,Car,Male,40,Pedestrian,In an unregulated crossing,Unknown,Unknown,Minor injury: Medical assistance at accident site,428929.03,4583978.24,2.14862506,41.402358352
2020S003238    ,Sarriŕ-Sant Gervasi,el Putxet i el Farró,Saragossa,Friday,2020-07-17,Laboral,2020,7,July,17,Afternoon,18:00:00,Unknown,Car,Male,22,Driver,In an unregulated crossing,Unknown,Unknown,Uninjured,428929.03,4583978.24,2.14862506,41.402358352
2020S003239    ,Eixample,la Sagrada Família,Padilla,Friday,2020-07-17,Laboral,2020,7,July,17,Afternoon,16:00:00,Unknown,Motorcycle,Female,60,Driver,Unknown,Unknown,Unknown,Minor injury: Hospitalization up to 24 hours,430915.31,4584726.19,2.17229988,41.409268122
2020S003239    ,Eixample,la Sagrada Família,Padilla,Friday,2020-07-17,Laboral,2020,7,July,17,Afternoon,16:00:00,Unknown,Car,Male,47,Driver,Unknown,Unknown,Unknown,Uninjured,430915.31,4584726.19,2.17229988,41.409268122
2020S003240    ,Sants-Montjuďc,la Marina de Port,Alumini,Friday,2020-07-17,Laboral,2020,7,July,17,Afternoon,20:00:00,Unknown,Car,Male,42,Driver,Unknown,Unknown,Leisure and entertainment,Uninjured,427749.81,4578895.96,2.13512532,41.356478977
2020S003240    ,Sants-Montjuďc,la Marina de Port,Alumini,Friday,2020-07-17,Laboral,2020,7,July,17,Afternoon,20:00:00,Unknown,Bicicleta,Male,50,Driver,Unknown,Unknown,Leisure and entertainment,Minor injury: Refused medical assistance,427749.81,4578895.96,2.13512532,41.356478977
2020S003241    ,Sant Andreu,la Sagrera,Meridiana,Friday,2020-07-17,Laboral,2020,7,July,17,Afternoon,20:00:00,Unknown,Motorcycle,Male,47,Driver,Unknown,Unknown,Other activities,Minor injury: Medical assistance at accident site,432180.01,4585953.63,2.18729245,41.420431066
2020S003241    ,Sant Andreu,la Sagrera,Meridiana,Friday,2020-07-17,Laboral,2020,7,July,17,Afternoon,20:00:00,Unknown,Car,Male,49,Driver,Unknown,Unknown,Other activities,Uninjured,432180.01,4585953.63,2.18729245,41.420431066
2020S003242    ,Les Corts,la Maternitat i Sant Ramon,Josep Sunyol i Garriga,Saturday,2020-07-18,Laboral,2020,7,July,18,Night,01:00:00,Unknown,Furgoneta,Male,31,Driver,Unknown,Unknown,Unknown,Unknown,425648.07,4581116.56,2.10972951,41.376287597
2020S003243    ,Sant Martí,el Besňs i el Maresme,C-31,Saturday,2020-07-18,Laboral,2020,7,July,18,Night,04:00:00,Unknown,Motorcycle,Male,52,Driver,Unknown,Unknown,Leisure and entertainment,Minor injury: Hospitalization up to 24 hours,434220.18,4586088.06,2.21168971,41.42181156
2020S003244    ,Horta-Guinardó,el Guinardó,Varsňvia,Saturday,2020-07-18,Laboral,2020,7,July,18,Night,04:00:00,Unknown,Car,Male,29,Driver,Unknown,Unknown,Leisure and entertainment,Uninjured,431191.96,4586196.78,2.17544221,41.422536979
2020S003244    ,Horta-Guinardó,el Guinardó,Varsňvia,Saturday,2020-07-18,Laboral,2020,7,July,18,Night,04:00:00,Unknown,Veh. mobilitat personal amb motor,Female,39,Driver,Unknown,Unknown,Unknown,Minor injury: Hospitalization up to 24 hours,431191.96,4586196.78,2.17544221,41.422536979
2020S003245    ,Eixample,el Fort Pienc,Casp,Saturday,2020-07-18,Laboral,2020,7,July,18,Morning,08:00:00,Desobeir el senyal del semŕfor,Motorcycle,Male,50,Pedestrian,In crossing regulated by traffic lights,Leisure and entertainment,Unknown,Minor injury: Medical assistance at accident site,431550.08,4583274.04,2.18005825,41.396243385
2020S003245    ,Eixample,el Fort Pienc,Casp,Saturday,2020-07-18,Laboral,2020,7,July,18,Morning,08:00:00,Desobeir el senyal del semŕfor,Motorcycle,Male,47,Driver,In crossing regulated by traffic lights,Unknown,Leisure and entertainment,Uninjured,431550.08,4583274.04,2.18005825,41.396243385
2020S003246    ,Sarriŕ-Sant Gervasi,Sarriŕ,Bonanova,Saturday,2020-07-18,Laboral,2020,7,July,18,Morning,10:00:00,Unknown,Ciclomotor,Male,27,Driver,Unknown,Unknown,Other activities,Minor injury: Medical assistance at accident site,426893.17,4583918.34,2.12427918,41.401636216
2020S003246    ,Sarriŕ-Sant Gervasi,Sarriŕ,Bonanova,Saturday,2020-07-18,Laboral,2020,7,July,18,Morning,10:00:00,Unknown,Motorcycle,Male,47,Driver,Unknown,Unknown,Other activities,Minor injury: Hospitalization up to 24 hours,426893.17,4583918.34,2.12427918,41.401636216
2020S003246    ,Sarriŕ-Sant Gervasi,Sarriŕ,Bonanova,Saturday,2020-07-18,Laboral,2020,7,July,18,Morning,10:00:00,Unknown,Car,Male,75,Driver,Unknown,Unknown,Other activities,Uninjured,426893.17,4583918.34,2.12427918,41.401636216
2020S003247    ,Grŕcia,Vallcarca i els Penitents,Vallcarca,Saturday,2020-07-18,Laboral,2020,7,July,18,Morning,12:00:00,Unknown,Car,Female,30,Driver,Unknown,Unknown,Leisure and entertainment,Uninjured,428554.53,4585142.64,2.1440077,41.412812434
2020S003247    ,Grŕcia,Vallcarca i els Penitents,Vallcarca,Saturday,2020-07-18,Laboral,2020,7,July,18,Morning,12:00:00,Unknown,Motorcycle,Male,50,Driver,Unknown,Unknown,Unknown,Minor injury: Medical assistance at accident site,428554.53,4585142.64,2.1440077,41.412812434
2020S003248    ,Eixample,la Nova Esquerra de l'Eixample,Corts Catalanes,Saturday,2020-07-18,Laboral,2020,7,July,18,Morning,13:00:00,Unknown,Car,Male,27,Driver,Unknown,Unknown,Unknown,Uninjured,429223.68,4581256.55,2.1524679,41.37787104
2020S003248    ,Eixample,la Nova Esquerra de l'Eixample,Corts Catalanes,Saturday,2020-07-18,Laboral,2020,7,July,18,Morning,13:00:00,Unknown,Motorcycle,Female,54,Driver,Unknown,Unknown,Unknown,Minor injury: Hospitalization up to 24 hours,429223.68,4581256.55,2.1524679,41.37787104
2020S003248    ,Eixample,la Nova Esquerra de l'Eixample,Corts Catalanes,Saturday,2020-07-18,Laboral,2020,7,July,18,Morning,13:00:00,Unknown,Car,Male,45,Driver,Unknown,Unknown,Unknown,Uninjured,429223.68,4581256.55,2.1524679,41.37787104
2020S003249    ,Eixample,l'Antiga Esquerra de l'Eixample,Corts Catalanes,Saturday,2020-07-18,Laboral,2020,7,July,18,Morning,13:00:00,Unknown,Car,Female,60,Driver,Unknown,Unknown,Leisure and entertainment,Uninjured,430080.36,4582095.48,2.16261495,41.38550196
2020S003249    ,Eixample,l'Antiga Esquerra de l'Eixample,Corts Catalanes,Saturday,2020-07-18,Laboral,2020,7,July,18,Morning,13:00:00,Unknown,Motorcycle,Male,28,Driver,Unknown,Unknown,Leisure and entertainment,Minor injury: Hospitalization up to 24 hours,430080.36,4582095.48,2.16261495,41.38550196
2020S003250    ,Sants-Montjuďc,Sants,Mig (Ascendent),Saturday,2020-07-18,Laboral,2020,7,July,18,Afternoon,14:00:00,Unknown,Car,Male,50,Driver,Unknown,Unknown,Unknown,Uninjured,427383.94,4581025.99,2.13049665,41.375630464
2020S003250    ,Sants-Montjuďc,Sants,Mig (Ascendent),Saturday,2020-07-18,Laboral,2020,7,July,18,Afternoon,14:00:00,Unknown,Ciclomotor,Male,44,Driver,Unknown,Unknown,Unknown,Minor injury: Hospitalization up to 24 hours,427383.94,4581025.99,2.13049665,41.375630464
2020S003251    ,Sants-Montjuďc,Hostafrancs,Creu Coberta,Saturday,2020-07-18,Laboral,2020,7,July,18,Afternoon,16:00:00,Unknown,Car,Male,68,Driver,Unknown,Unknown,Leisure and entertainment,Uninjured,428663.4,4580977.41,2.14580114,41.375307419
2020S003251    ,Sants-Montjuďc,Hostafrancs,Creu Coberta,Saturday,2020-07-18,Laboral,2020,7,July,18,Afternoon,16:00:00,Unknown,Veh. mobilitat personal amb motor,Male,39,Driver,Unknown,Unknown,Leisure and entertainment,Minor injury: Hospitalization up to 24 hours,428663.4,4580977.41,2.14580114,41.375307419
2020S003252    ,Sants-Montjuďc,Sants - Badal,Blanca,Saturday,2020-07-18,Laboral,2020,7,July,18,Afternoon,17:00:00,Unknown,"Camió rígid <= 3,5 tones",Male,41,Driver,Unknown,Unknown,Professional goods transport,Uninjured,426880.95,4580797.87,2.12450984,41.373530307
2020S003253    ,Horta-Guinardó,el Guinardó,Panorama,Saturday,2020-07-18,Laboral,2020,7,July,18,Morning,13:00:00,Unknown,Car,Male,32,Driver,Unknown,Unknown,Leisure and entertainment,Unknown,430353.39,4585941.4,2.1654374,41.420164567
2020S003254    ,Sant Martí,Diagonal Mar i el Front Marítim del Poblenou,Josep Pla,Saturday,2020-07-18,Laboral,2020,7,July,18,Afternoon,18:00:00,Unknown,Car,Female,17,Passenger,Unknown,Unknown,Unknown,Minor injury: Medical assistance at accident site,434738.18,4584478.4,2.2180618,41.407356003
2020S003254    ,Sant Martí,Diagonal Mar i el Front Marítim del Poblenou,Josep Pla,Saturday,2020-07-18,Laboral,2020,7,July,18,Afternoon,18:00:00,Unknown,Car,Female,26,Driver,Unknown,Unknown,Leisure and entertainment,Uninjured,434738.18,4584478.4,2.2180618,41.407356003
2020S003254    ,Sant Martí,Diagonal Mar i el Front Marítim del Poblenou,Josep Pla,Saturday,2020-07-18,Laboral,2020,7,July,18,Afternoon,18:00:00,Unknown,Car,Male,19,Driver,Unknown,Unknown,Leisure and entertainment,Uninjured,434738.18,4584478.4,2.2180618,41.407356003
2020S003255    ,Sant Andreu,Navas,Josep Estivill,Saturday,2020-07-18,Laboral,2020,7,July,18,Afternoon,19:00:00,Unknown,Motorcycle,Male,31,Driver,Unknown,Unknown,Unknown,Minor injury: Hospitalization up to 24 hours,432292.56,4585761.24,2.18866072,41.418707766
2020S003255    ,Sant Andreu,Navas,Josep Estivill,Saturday,2020-07-18,Laboral,2020,7,July,18,Afternoon,19:00:00,Unknown,Bicicleta,Male,28,Driver,Unknown,Unknown,Unknown,Minor injury: Hospitalization up to 24 hours,432292.56,4585761.24,2.18866072,41.418707766
2020S003256    ,Horta-Guinardó,Horta,Dalt (Llobregat),Saturday,2020-07-18,Laboral,2020,7,July,18,Afternoon,20:00:00,Unknown,Motorcycle,Female,92,Pedestrian,Others,Unknown,Unknown,Minor injury: Hospitalization up to 24 hours,429406.66,4587966.87,2.15387271,41.438324492
2020S003256    ,Horta-Guinardó,Horta,Dalt (Llobregat),Saturday,2020-07-18,Laboral,2020,7,July,18,Afternoon,20:00:00,Unknown,Motorcycle,Female,38,Driver,Others,Unknown,Other activities,Uninjured,429406.66,4587966.87,2.15387271,41.438324492
2020S003257    ,Sants-Montjuďc,el Poble-sec,Espanya,Saturday,2020-07-18,Laboral,2020,7,July,18,Afternoon,21:00:00,Unknown,Car,Female,30,Driver,Unknown,Unknown,Leisure and entertainment,Uninjured,428940.71,4580909.36,2.14912497,41.374719063
2020S003257    ,Sants-Montjuďc,el Poble-sec,Espanya,Saturday,2020-07-18,Laboral,2020,7,July,18,Afternoon,21:00:00,Unknown,Motorcycle,Male,50,Driver,Unknown,Unknown,Unknown,Serious injury: Hospitalization over 24 hours,428940.71,4580909.36,2.14912497,41.374719063
2020S003258    ,Nou Barris,Canyelles,Dalt (Llobregat),Saturday,2020-07-18,Laboral,2020,7,July,18,Afternoon,21:00:00,Unknown,Car,Female,8,Passenger,Unknown,Unknown,Unknown,Minor injury: Medical assistance at accident site,430808.39,4588463.43,2.17059282,41.442918895
2020S003258    ,Nou Barris,Canyelles,Dalt (Llobregat),Saturday,2020-07-18,Laboral,2020,7,July,18,Afternoon,21:00:00,Unknown,Car,Female,41,Passenger,Unknown,Unknown,Unknown,Minor injury: Hospitalization up to 24 hours,430808.39,4588463.43,2.17059282,41.442918895
2020S003258    ,Nou Barris,Canyelles,Dalt (Llobregat),Saturday,2020-07-18,Laboral,2020,7,July,18,Afternoon,21:00:00,Unknown,Car,Male,29,Driver,Unknown,Unknown,Other activities,Uninjured,430808.39,4588463.43,2.17059282,41.442918895
2020S003258    ,Nou Barris,Canyelles,Dalt (Llobregat),Saturday,2020-07-18,Laboral,2020,7,July,18,Afternoon,21:00:00,Unknown,Car,Male,52,Driver,Unknown,Unknown,Other activities,Uninjured,430808.39,4588463.43,2.17059282,41.442918895