Case_Number,District_Name,Neighborhood_Name,Street_Name,Day_of_Week,Date,Day_Type_Description,Year,Month_of_Year,Month_Name,Day_of_Month,Shift_Description,Hour_of_Day,Pedestrian_Cause_Description,Involved_Vehicle_Type_Description,Gender_Description,Age,Person_Type_Description,Pedestrian_Accident_Location_Description,Pedestrian_Movement_Reason_Description,Driver_Movement_Reason_Description,Victimization_Description,Coordenada_UTM_X,Coordenada_UTM_Y,Longitud,Latitud
2020S003351    ,Grŕcia,la Vila de Grŕcia,Grŕcia,Thursday,2020-07-23,Laboral,2020,7,July,23,Afternoon,14:00:00,Unknown,Car,Male,27,Driver,Unknown,Unknown,On a mission,Uninjured,429726.18,4583392.0,2.15822877,41.397148403
2020S003351    ,Grŕcia,la Vila de Grŕcia,Grŕcia,Thursday,2020-07-23,Laboral,2020,7,July,23,Afternoon,14:00:00,Unknown,Motorcycle,Male,43,Driver,Unknown,Unknown,Unknown,Minor injury: Medical assistance at accident site,429726.18,4583392.0,2.15822877,41.397148403
2020S003352    ,Eixample,la Dreta de l'Eixample,Diagonal,Thursday,2020-07-23,Laboral,2020,7,July,23,Afternoon,17:00:00,Unknown,Motorcycle,Female,29,Passenger,Unknown,Unknown,Unknown,Minor injury: Hospitalization up to 24 hours,429606.66,4583222.33,2.15681891,41.395609784
2020S003352    ,Eixample,la Dreta de l'Eixample,Diagonal,Thursday,2020-07-23,Laboral,2020,7,July,23,Afternoon,17:00:00,Unknown,Motorcycle,Male,45,Driver,Unknown,Unknown,Leisure and entertainment,Minor injury: Hospitalization up to 24 hours,429606.66,4583222.33,2.15681891,41.395609784
2020S003352    ,Eixample,la Dreta de l'Eixample,Diagonal,Thursday,2020-07-23,Laboral,2020,7,July,23,Afternoon,17:00:00,Unknown,Car,Female,32,Driver,Unknown,Unknown,Leisure and entertainment,Uninjured,429606.66,4583222.33,2.15681891,41.395609784
2020S003353    ,Eixample,l'Antiga Esquerra de l'Eixample,Londres,Thursday,2020-07-23,Laboral,2020,7,July,23,Afternoon,18:00:00,Unknown,Car,Female,51,Driver,Unknown,Unknown,Leisure and entertainment,Uninjured,429052.03,4582929.81,2.15021932,41.392926394
2020S003353    ,Eixample,l'Antiga Esquerra de l'Eixample,Londres,Thursday,2020-07-23,Laboral,2020,7,July,23,Afternoon,18:00:00,Unknown,Veh. mobilitat personal amb motor,Male,48,Driver,Unknown,Unknown,Leisure and entertainment,Minor injury: Hospitalization up to 24 hours,429052.03,4582929.81,2.15021932,41.392926394
2020S003354    ,Sant Martí,el Besňs i el Maresme,Alfons el Magnŕnim,Thursday,2020-07-23,Laboral,2020,7,July,23,Afternoon,19:00:00,Unknown,Furgoneta,Female,48,Driver,Unknown,Unknown,Leisure and entertainment,Uninjured,434759.76,4585206.41,2.21824143,41.413914774
2020S003354    ,Sant Martí,el Besňs i el Maresme,Alfons el Magnŕnim,Thursday,2020-07-23,Laboral,2020,7,July,23,Afternoon,19:00:00,Unknown,Car,Female,17,Passenger,Unknown,Unknown,Unknown,Minor injury: Hospitalization up to 24 hours,434759.76,4585206.41,2.21824143,41.413914774
2020S003354    ,Sant Martí,el Besňs i el Maresme,Alfons el Magnŕnim,Thursday,2020-07-23,Laboral,2020,7,July,23,Afternoon,19:00:00,Unknown,Car,Male,19,Driver,Unknown,Unknown,Leisure and entertainment,Minor injury: Hospitalization up to 24 hours,434759.76,4585206.41,2.21824143,41.413914774
2020S003355    ,Ciutat Vella,la Barceloneta,Litoral (Llobregat),Thursday,2020-07-23,Laboral,2020,7,July,23,Afternoon,16:00:00,Unknown,Car,Male,34,Driver,Unknown,Unknown,Unknown,Uninjured,432191.59,4581803.96,2.1878961,41.383057145
2020S003355    ,Ciutat Vella,la Barceloneta,Litoral (Llobregat),Thursday,2020-07-23,Laboral,2020,7,July,23,Afternoon,16:00:00,Unknown,Car,Male,30,Passenger,Unknown,Unknown,Unknown,Minor injury: Hospitalization up to 24 hours,432191.59,4581803.96,2.1878961,41.383057145
2020S003355    ,Ciutat Vella,la Barceloneta,Litoral (Llobregat),Thursday,2020-07-23,Laboral,2020,7,July,23,Afternoon,16:00:00,Unknown,Car,Male,21,Driver,Unknown,Unknown,Leisure and entertainment,Minor injury: Hospitalization up to 24 hours,432191.59,4581803.96,2.1878961,41.383057145
2020S003355    ,Ciutat Vella,la Barceloneta,Litoral (Llobregat),Thursday,2020-07-23,Laboral,2020,7,July,23,Afternoon,16:00:00,Unknown,Car,Male,19,Passenger,Unknown,Unknown,Unknown,Minor injury: Hospitalization up to 24 hours,432191.59,4581803.96,2.1878961,41.383057145
2020S003356    ,Eixample,la Dreta de l'Eixample,Mossčn Jacint Verdaguer,Thursday,2020-07-23,Laboral,2020,7,July,23,Afternoon,17:00:00,Unknown,Car,Female,23,Driver,Unknown,Unknown,In transit (commuting),Minor injury: Hospitalization up to 24 hours,430706.56,4583594.99,2.16993208,41.399061796
2020S003356    ,Eixample,la Dreta de l'Eixample,Mossčn Jacint Verdaguer,Thursday,2020-07-23,Laboral,2020,7,July,23,Afternoon,17:00:00,Unknown,Car,Male,65,Driver,Unknown,Unknown,In transit (commuting),Uninjured,430706.56,4583594.99,2.16993208,41.399061796
2020S003357    ,Sant Andreu,el Congrés i els Indians,Felip II,Thursday,2020-07-23,Laboral,2020,7,July,23,Afternoon,18:00:00,Unknown,Veh. mobilitat personal amb motor,Male,40,Driver,Unknown,Unknown,Other activities,Minor injury: Medical assistance at accident site,431872.6,4586211.82,2.18358501,41.422730478
2020S003358    ,Eixample,Sant Antoni,Manso,Thursday,2020-07-23,Laboral,2020,7,July,23,Afternoon,19:00:00,Unknown,Motorcycle,Female,45,Driver,Unknown,Unknown,Other activities,Minor injury: Medical assistance at accident site,429956.6,4581155.64,2.16124359,41.377026342
2020S003358    ,Eixample,Sant Antoni,Manso,Thursday,2020-07-23,Laboral,2020,7,July,23,Afternoon,19:00:00,Unknown,Car,Male,34,Driver,Unknown,Unknown,Other activities,Uninjured,429956.6,4581155.64,2.16124359,41.377026342
2020S003359    ,Sant Andreu,Sant Andreu,Torras i Bages,Thursday,2020-07-23,Laboral,2020,7,July,23,Afternoon,21:00:00,Unknown,Ciclomotor,Male,13,Passenger,Unknown,Unknown,Unknown,Minor injury: Hospitalization up to 24 hours,432463.7,4588730.37,2.19037651,41.445464167
2020S003359    ,Sant Andreu,Sant Andreu,Torras i Bages,Thursday,2020-07-23,Laboral,2020,7,July,23,Afternoon,21:00:00,Unknown,Ciclomotor,Female,22,Driver,Unknown,Unknown,Leisure and entertainment,Minor injury: Hospitalization up to 24 hours,432463.7,4588730.37,2.19037651,41.445464167
2020S003359    ,Sant Andreu,Sant Andreu,Torras i Bages,Thursday,2020-07-23,Laboral,2020,7,July,23,Afternoon,21:00:00,Unknown,Car,Male,32,Driver,Unknown,Unknown,Leisure and entertainment,Uninjured,432463.7,4588730.37,2.19037651,41.445464167
2020S003360    ,Sarriŕ-Sant Gervasi,Sant Gervasi - la Bonanova,Bonanova,Thursday,2020-07-23,Laboral,2020,7,July,23,Afternoon,20:00:00,Unknown,Taxi,Male,59,Passenger,Unknown,Unknown,Unknown,Uninjured,427367.24,4584262.54,2.12990865,41.404779271
2020S003360    ,Sarriŕ-Sant Gervasi,Sant Gervasi - la Bonanova,Bonanova,Thursday,2020-07-23,Laboral,2020,7,July,23,Afternoon,20:00:00,Unknown,Motorcycle,Male,22,Driver,Unknown,Unknown,Leisure and entertainment,Minor injury: Hospitalization up to 24 hours,427367.24,4584262.54,2.12990865,41.404779271
2020S003360    ,Sarriŕ-Sant Gervasi,Sant Gervasi - la Bonanova,Bonanova,Thursday,2020-07-23,Laboral,2020,7,July,23,Afternoon,20:00:00,Unknown,Taxi,Male,55,Driver,Unknown,Unknown,On a mission,Uninjured,427367.24,4584262.54,2.12990865,41.404779271
2020S003360    ,Sarriŕ-Sant Gervasi,Sant Gervasi - la Bonanova,Bonanova,Thursday,2020-07-23,Laboral,2020,7,July,23,Afternoon,20:00:00,Unknown,Taxi,Female,83,Passenger,Unknown,Unknown,Unknown,Uninjured,427367.24,4584262.54,2.12990865,41.404779271
2020S003361    ,Eixample,la Dreta de l'Eixample,Corts Catalanes,Thursday,2020-07-23,Laboral,2020,7,July,23,Night,23:00:00,Unknown,Ciclomotor,Female,24,Driver,Unknown,Unknown,Unknown,Minor injury: Hospitalization up to 24 hours,430942.6,4582939.19,2.17283033,41.393175526
2020S003361    ,Eixample,la Dreta de l'Eixample,Corts Catalanes,Thursday,2020-07-23,Laboral,2020,7,July,23,Night,23:00:00,Unknown,Car,Male,40,Driver,Unknown,Unknown,Taxi,Uninjured,430942.6,4582939.19,2.17283033,41.393175526
2020S003362    ,Eixample,l'Antiga Esquerra de l'Eixample,Aribau,Thursday,2020-07-23,Laboral,2020,7,July,23,Night,22:00:00,Unknown,Bicicleta,Female,37,Driver,Unknown,Unknown,Leisure and entertainment,Minor injury: Hospitalization up to 24 hours,429844.56,4582367.16,2.15976352,41.387928353
2020S003362    ,Eixample,l'Antiga Esquerra de l'Eixample,Aribau,Thursday,2020-07-23,Laboral,2020,7,July,23,Night,22:00:00,Unknown,Car,Male,44,Driver,Unknown,Unknown,Leisure and entertainment,Uninjured,429844.56,4582367.16,2.15976352,41.387928353
2020S003363    ,Sant Martí,el Poblenou,Llacuna,Friday,2020-07-24,Laboral,2020,7,July,24,Morning,09:00:00,Unknown,Motorcycle,Female,52,Driver,Unknown,Unknown,In transit (commuting),Minor injury: Medical assistance at accident site,433331.31,4583580.79,2.20133002,41.39915594
2020S003363    ,Sant Martí,el Poblenou,Llacuna,Friday,2020-07-24,Laboral,2020,7,July,24,Morning,09:00:00,Unknown,Furgoneta,Male,45,Driver,Unknown,Unknown,On a mission,Uninjured,433331.31,4583580.79,2.20133002,41.39915594
2020S003364    ,Eixample,la Dreta de l'Eixample,Consell de Cent,Friday,2020-07-24,Laboral,2020,7,July,24,Morning,08:00:00,Unknown,Furgoneta,Male,59,Driver,Unknown,Unknown,On a mission,Uninjured,431138.69,4583505.64,2.17511122,41.398294193
2020S003364    ,Eixample,la Dreta de l'Eixample,Consell de Cent,Friday,2020-07-24,Laboral,2020,7,July,24,Morning,08:00:00,Unknown,Motorcycle,Male,46,Driver,Unknown,Unknown,In transit (commuting),Minor injury: Hospitalization up to 24 hours,431138.69,4583505.64,2.17511122,41.398294193
2020S003365    ,Sants-Montjuďc,la Marina de Port,Zona Franca,Friday,2020-07-24,Laboral,2020,7,July,24,Morning,08:00:00,Unknown,Motorcycle,Female,32,Driver,Unknown,Unknown,In transit (commuting),Minor injury: Hospitalization up to 24 hours,428151.48,4579116.85,2.13990059,41.35850442
2020S003365    ,Sants-Montjuďc,la Marina de Port,Zona Franca,Friday,2020-07-24,Laboral,2020,7,July,24,Morning,08:00:00,Unknown,Car,Male,32,Driver,Unknown,Unknown,In transit (commuting),Uninjured,428151.48,4579116.85,2.13990059,41.35850442
2020S003366    ,Eixample,la Nova Esquerra de l'Eixample,Londres,Friday,2020-07-24,Laboral,2020,7,July,24,Morning,09:00:00,Unknown,Autobús,Female,77,Passenger,Unknown,Unknown,Unknown,Minor injury: Hospitalization up to 24 hours,428667.19,4582582.45,2.14565741,41.389763789
2020S003366    ,Eixample,la Nova Esquerra de l'Eixample,Londres,Friday,2020-07-24,Laboral,2020,7,July,24,Morning,09:00:00,Unknown,Autobús,Male,60,Driver,Unknown,Unknown,Urban bus,Uninjured,428667.19,4582582.45,2.14565741,41.389763789
2020S003367    ,Eixample,l'Antiga Esquerra de l'Eixample,Corts Catalanes,Friday,2020-07-24,Laboral,2020,7,July,24,Morning,11:00:00,Unknown,Motorcycle,Female,27,Passenger,Unknown,Unknown,Unknown,Minor injury: Hospitalization up to 24 hours,429830.06,4581854.64,2.1596495,41.383310985
2020S003367    ,Eixample,l'Antiga Esquerra de l'Eixample,Corts Catalanes,Friday,2020-07-24,Laboral,2020,7,July,24,Morning,11:00:00,Unknown,Motorcycle,Female,27,Driver,Unknown,Unknown,Other activities,Minor injury: Hospitalization up to 24 hours,429830.06,4581854.64,2.1596495,41.383310985
2020S003367    ,Eixample,l'Antiga Esquerra de l'Eixample,Corts Catalanes,Friday,2020-07-24,Laboral,2020,7,July,24,Morning,11:00:00,Unknown,Car,Male,37,Driver,Unknown,Unknown,Unknown,Uninjured,429830.06,4581854.64,2.1596495,41.383310985
2020S003368    ,Eixample,la Sagrada Família,Cňrsega,Friday,2020-07-24,Laboral,2020,7,July,24,Morning,12:00:00,Unknown,Car,Male,41,Driver,Unknown,Unknown,Taxi,Minor injury: Hospitalization up to 24 hours,431245.04,4584734.45,2.17624366,41.409370805
2020S003368    ,Eixample,la Sagrada Família,Cňrsega,Friday,2020-07-24,Laboral,2020,7,July,24,Morning,12:00:00,Unknown,Car,Male,75,Driver,Unknown,Unknown,Unknown,Uninjured,431245.04,4584734.45,2.17624366,41.409370805
2020S003369    ,Eixample,Sant Antoni,Paralˇlel,Friday,2020-07-24,Laboral,2020,7,July,24,Morning,13:00:00,Unknown,Motorcycle,Female,59,Passenger,Unknown,Unknown,Unknown,Minor injury: Medical assistance at accident site,429065.33,4580967.6,2.15060824,41.375254612
2020S003369    ,Eixample,Sant Antoni,Paralˇlel,Friday,2020-07-24,Laboral,2020,7,July,24,Morning,13:00:00,Unknown,Motorcycle,Male,45,Driver,Unknown,Unknown,Unknown,Minor injury: Medical assistance at accident site,429065.33,4580967.6,2.15060824,41.375254612
2020S003369    ,Eixample,Sant Antoni,Paralˇlel,Friday,2020-07-24,Laboral,2020,7,July,24,Morning,13:00:00,Unknown,Car,Male,58,Driver,Unknown,Unknown,Taxi,Uninjured,429065.33,4580967.6,2.15060824,41.375254612
2020S003370    ,Sarriŕ-Sant Gervasi,Sarriŕ,Can Caralleu,Friday,2020-07-24,Laboral,2020,7,July,24,Afternoon,14:00:00,Unknown,Car,Male,29,Driver,Unknown,Unknown,In transit (commuting),Uninjured,426130.62,4583949.89,2.11515378,41.401850637
2020S003370    ,Sarriŕ-Sant Gervasi,Sarriŕ,Can Caralleu,Friday,2020-07-24,Laboral,2020,7,July,24,Afternoon,14:00:00,Unknown,Motorcycle,Male,25,Driver,Unknown,Unknown,In transit (commuting),Minor injury: Medical assistance at accident site,426130.62,4583949.89,2.11515378,41.401850637
2020S003371    ,Eixample,l'Antiga Esquerra de l'Eixample,Diputació,Friday,2020-07-24,Laboral,2020,7,July,24,Afternoon,14:00:00,Unknown,Motorcycle,Male,41,Driver,Unknown,Unknown,Leisure and entertainment,Minor injury: Hospitalization up to 24 hours,429946.83,4582112.75,2.16101606,41.385645882
2020S003371    ,Eixample,l'Antiga Esquerra de l'Eixample,Diputació,Friday,2020-07-24,Laboral,2020,7,July,24,Afternoon,14:00:00,Unknown,Car,Male,39,Driver,Unknown,Unknown,Unknown,Uninjured,429946.83,4582112.75,2.16101606,41.385645882
2020S003372    ,Sarriŕ-Sant Gervasi,Sant Gervasi - la Bonanova,Dalt (Besňs),Friday,2020-07-24,Laboral,2020,7,July,24,Afternoon,14:00:00,Unknown,Car,Male,67,Driver,Unknown,Unknown,Unknown,Uninjured,427161.76,4584990.87,2.12736288,41.411320422
2020S003372    ,Sarriŕ-Sant Gervasi,Sant Gervasi - la Bonanova,Dalt (Besňs),Friday,2020-07-24,Laboral,2020,7,July,24,Afternoon,14:00:00,Unknown,Car,Male,42,Driver,Unknown,Unknown,Unknown,Uninjured,427161.76,4584990.87,2.12736288,41.411320422
2020S003372    ,Sarriŕ-Sant Gervasi,Sant Gervasi - la Bonanova,Dalt (Besňs),Friday,2020-07-24,Laboral,2020,7,July,24,Afternoon,14:00:00,Unknown,Car,Male,28,Driver,Unknown,Unknown,Unknown,Minor injury: Hospitalization up to 24 hours,427161.76,4584990.87,2.12736288,41.411320422
2020S003373    ,Eixample,la Nova Esquerra de l'Eixample,París,Friday,2020-07-24,Laboral,2020,7,July,24,Morning,13:00:00,Unknown,Veh. mobilitat personal amb motor,Male,37,Driver,Unknown,Unknown,Unknown,Minor injury: Hospitalization up to 24 hours,428765.01,4582491.68,2.146838,41.38895493
2020S003373    ,Eixample,la Nova Esquerra de l'Eixample,París,Friday,2020-07-24,Laboral,2020,7,July,24,Morning,13:00:00,Unknown,Car,Male,51,Driver,Unknown,Unknown,Unknown,Uninjured,428765.01,4582491.68,2.146838,41.38895493
2020S003374    ,Horta-Guinardó,Montbau,Dalt (Besňs),Friday,2020-07-24,Laboral,2020,7,July,24,Afternoon,15:00:00,Unknown,Car,Male,50,Driver,Unknown,Unknown,Unknown,Minor injury: Hospitalization up to 24 hours,428543.18,4586839.61,2.1436713,41.428095331
2020S003374    ,Horta-Guinardó,Montbau,Dalt (Besňs),Friday,2020-07-24,Laboral,2020,7,July,24,Afternoon,15:00:00,Unknown,Car,Male,54,Driver,Unknown,Unknown,Unknown,Uninjured,428543.18,4586839.61,2.1436713,41.428095331
2020S003374    ,Horta-Guinardó,Montbau,Dalt (Besňs),Friday,2020-07-24,Laboral,2020,7,July,24,Afternoon,15:00:00,Unknown,Furgoneta,Male,23,Driver,Unknown,Unknown,Unknown,Minor injury: Hospitalization up to 24 hours,428543.18,4586839.61,2.1436713,41.428095331
2020S003375    ,Les Corts,la Maternitat i Sant Ramon,Diagonal,Friday,2020-07-24,Laboral,2020,7,July,24,Afternoon,16:00:00,Unknown,Motorcycle,Female,36,Passenger,Unknown,Unknown,Unknown,Minor injury: Hospitalization up to 24 hours,426649.72,4582241.36,2.12157027,41.386510186
2020S003375    ,Les Corts,la Maternitat i Sant Ramon,Diagonal,Friday,2020-07-24,Laboral,2020,7,July,24,Afternoon,16:00:00,Unknown,Motorcycle,Female,44,Driver,Unknown,Unknown,Unknown,Minor injury: Hospitalization up to 24 hours,426649.72,4582241.36,2.12157027,41.386510186
2020S003375    ,Les Corts,la Maternitat i Sant Ramon,Diagonal,Friday,2020-07-24,Laboral,2020,7,July,24,Afternoon,16:00:00,Unknown,Car,Male,22,Driver,Unknown,Unknown,Unknown,Uninjured,426649.72,4582241.36,2.12157027,41.386510186
2020S003376    ,Ciutat Vella,la Barceloneta,Litoral (Besňs),Friday,2020-07-24,Laboral,2020,7,July,24,Afternoon,18:00:00,Unknown,Motorcycle,Male,51,Driver,Unknown,Unknown,Other activities,Minor injury: Hospitalization up to 24 hours,432200.21,4581787.63,2.18800101,41.382910792
2020S003376    ,Ciutat Vella,la Barceloneta,Litoral (Besňs),Friday,2020-07-24,Laboral,2020,7,July,24,Afternoon,18:00:00,Unknown,Car,Female,29,Driver,Unknown,Unknown,Leisure and entertainment,Uninjured,432200.21,4581787.63,2.18800101,41.382910792
2020S003378    ,Sant Martí,el Parc i la Llacuna del Poblenou,Badajoz,Friday,2020-07-24,Laboral,2020,7,July,24,Afternoon,17:00:00,Unknown,Car,Male,36,Passenger,Unknown,Unknown,Unknown,Minor injury: Medical assistance at accident site,432530.52,4583827.45,2.19172372,41.401310705
2020S003378    ,Sant Martí,el Parc i la Llacuna del Poblenou,Badajoz,Friday,2020-07-24,Laboral,2020,7,July,24,Afternoon,17:00:00,Unknown,Car,Male,35,Driver,Unknown,Unknown,Unknown,Uninjured,432530.52,4583827.45,2.19172372,41.401310705
2020S003378    ,Sant Martí,el Parc i la Llacuna del Poblenou,Badajoz,Friday,2020-07-24,Laboral,2020,7,July,24,Afternoon,17:00:00,Unknown,"Camió rígid <= 3,5 tones",Male,56,Driver,Unknown,Unknown,Unknown,Uninjured,432530.52,4583827.45,2.19172372,41.401310705
2020S003379    ,Eixample,el Fort Pienc,Corts Catalanes,Friday,2020-07-24,Laboral,2020,7,July,24,Afternoon,18:00:00,Unknown,Furgoneta,Male,48,Driver,Unknown,Unknown,In transit (commuting),Uninjured,431743.43,4583649.58,2.18232857,41.399642209
2020S003379    ,Eixample,el Fort Pienc,Corts Catalanes,Friday,2020-07-24,Laboral,2020,7,July,24,Afternoon,18:00:00,Unknown,Motorcycle,Male,53,Driver,Unknown,Unknown,Leisure and entertainment,Minor injury: Hospitalization up to 24 hours,431743.43,4583649.58,2.18232857,41.399642209
2020S003380    ,Eixample,la Dreta de l'Eixample,Tetuan,Friday,2020-07-24,Laboral,2020,7,July,24,Afternoon,19:00:00,Unknown,Motorcycle,Male,51,Driver,Unknown,Unknown,Leisure and entertainment,Minor injury: Hospitalization up to 24 hours,431153.92,4583200.61,2.1753281,41.395548185
2020S003381    ,Nou Barris,la Prosperitat,Favčncia,Friday,2020-07-24,Laboral,2020,7,July,24,Afternoon,17:00:00,Unknown,Motorcycle,Female,23,Driver,Unknown,Unknown,Unknown,Minor injury: Hospitalization up to 24 hours,431783.21,4588822.77,2.18222049,41.446238809
2020S003381    ,Nou Barris,la Prosperitat,Favčncia,Friday,2020-07-24,Laboral,2020,7,July,24,Afternoon,17:00:00,Unknown,Furgoneta,Male,40,Driver,Unknown,Unknown,Other activities,Uninjured,431783.21,4588822.77,2.18222049,41.446238809
2020S003382    ,Sarriŕ-Sant Gervasi,Sarriŕ,Dalt (Besňs),Friday,2020-07-24,Laboral,2020,7,July,24,Afternoon,16:00:00,Unknown,Car,Male,63,Driver,Unknown,Unknown,Leisure and entertainment,Uninjured,426398.25,4584288.72,2.11831393,41.404926884
2020S003382    ,Sarriŕ-Sant Gervasi,Sarriŕ,Dalt (Besňs),Friday,2020-07-24,Laboral,2020,7,July,24,Afternoon,16:00:00,Unknown,Car,Male,36,Driver,Unknown,Unknown,Leisure and entertainment,Uninjured,426398.25,4584288.72,2.11831393,41.404926884
2020S003382    ,Sarriŕ-Sant Gervasi,Sarriŕ,Dalt (Besňs),Friday,2020-07-24,Laboral,2020,7,July,24,Afternoon,16:00:00,Unknown,Motorcycle,Female,44,Driver,Unknown,Unknown,Leisure and entertainment,Minor injury: Hospitalization up to 24 hours,426398.25,4584288.72,2.11831393,41.404926884
2020S003383    ,Sants-Montjuďc,Hostafrancs,Espanya,Friday,2020-07-24,Laboral,2020,7,July,24,Afternoon,18:00:00,Unknown,Motorcycle,Male,35,Driver,Unknown,Unknown,Unknown,Minor injury: Medical assistance at accident site,428856.77,4580938.01,2.14811793,41.374969684
2020S003383    ,Sants-Montjuďc,Hostafrancs,Espanya,Friday,2020-07-24,Laboral,2020,7,July,24,Afternoon,18:00:00,Unknown,Car,Male,37,Driver,Unknown,Unknown,Unknown,Uninjured,428856.77,4580938.01,2.14811793,41.374969684
2020S003384    ,Eixample,la Sagrada Família,Padilla,Friday,2020-07-24,Laboral,2020,7,July,24,Afternoon,15:00:00,Unknown,Motorcycle,Female,27,Driver,Unknown,Unknown,In transit (commuting),Minor injury: Medical assistance at accident site,431192.05,4584442.57,2.17564292,41.406737399
2020S003384    ,Eixample,la Sagrada Família,Padilla,Friday,2020-07-24,Laboral,2020,7,July,24,Afternoon,15:00:00,Unknown,Furgoneta,Male,41,Driver,Unknown,Unknown,Unknown,Uninjured,431192.05,4584442.57,2.17564292,41.406737399
2020S003385    ,Eixample,el Fort Pienc,Marina,Friday,2020-07-24,Laboral,2020,7,July,24,Afternoon,16:00:00,Unknown,Car,Male,42,Driver,Unknown,Unknown,Other activities,Uninjured,431488.47,4583807.61,2.17926092,41.401043841
2020S003385    ,Eixample,el Fort Pienc,Marina,Friday,2020-07-24,Laboral,2020,7,July,24,Afternoon,16:00:00,Unknown,Motorcycle,Female,35,Driver,Unknown,Unknown,Other activities,Minor injury: Hospitalization up to 24 hours,431488.47,4583807.61,2.17926092,41.401043841
2020S003386    ,Les Corts,les Corts,Corts,Friday,2020-07-24,Laboral,2020,7,July,24,Afternoon,20:00:00,Unknown,Motorcycle,Male,45,Driver,Unknown,Unknown,Leisure and entertainment,Minor injury: Hospitalization up to 24 hours,428255.27,4582608.43,2.14072785,41.389961124
2020S003386    ,Les Corts,les Corts,Corts,Friday,2020-07-24,Laboral,2020,7,July,24,Afternoon,20:00:00,Unknown,Car,Male,51,Driver,Unknown,Unknown,Unknown,Uninjured,428255.27,4582608.43,2.14072785,41.389961124
2020S003387    ,Eixample,el Fort Pienc,Diagonal,Friday,2020-07-24,Laboral,2020,7,July,24,Afternoon,19:00:00,Desobeir el senyal del semŕfor,Bicicleta,Male,47,Driver,Unknown,Unknown,Unknown,Minor injury: Hospitalization up to 24 hours,431616.34,4583870.11,2.18078343,41.401617652
2020S003387    ,Eixample,el Fort Pienc,Diagonal,Friday,2020-07-24,Laboral,2020,7,July,24,Afternoon,19:00:00,Desobeir el senyal del semŕfor,Motorcycle,Male,52,Driver,Unknown,Unknown,Unknown,Minor injury: Hospitalization up to 24 hours,431616.34,4583870.11,2.18078343,41.401617652
2020S003388    ,Eixample,l'Antiga Esquerra de l'Eixample,Villarroel,Friday,2020-07-24,Laboral,2020,7,July,24,Afternoon,16:00:00,Unknown,Car,Male,62,Driver,Unknown,Unknown,On a mission,Uninjured,429176.66,4582506.79,2.15175943,41.389127391
2020S003388    ,Eixample,l'Antiga Esquerra de l'Eixample,Villarroel,Friday,2020-07-24,Laboral,2020,7,July,24,Afternoon,16:00:00,Unknown,Motorcycle,Male,33,Driver,Unknown,Unknown,In transit (commuting),Minor injury: Hospitalization up to 24 hours,429176.66,4582506.79,2.15175943,41.389127391
2020S003389    ,Eixample,la Nova Esquerra de l'Eixample,Aragó,Friday,2020-07-24,Laboral,2020,7,July,24,Afternoon,20:00:00,Unknown,Motorcycle,Male,44,Driver,Unknown,Unknown,Other activities,Minor injury: Hospitalization up to 24 hours,428980.5,4581579.33,2.14952219,41.380756774
2020S003389    ,Eixample,la Nova Esquerra de l'Eixample,Aragó,Friday,2020-07-24,Laboral,2020,7,July,24,Afternoon,20:00:00,Unknown,Motorcycle,Female,42,Passenger,Unknown,Unknown,Unknown,Minor injury: Hospitalization up to 24 hours,428980.5,4581579.33,2.14952219,41.380756774
2020S003389    ,Eixample,la Nova Esquerra de l'Eixample,Aragó,Friday,2020-07-24,Laboral,2020,7,July,24,Afternoon,20:00:00,Unknown,Car,Female,30,Driver,Unknown,Unknown,Other activities,Uninjured,428980.5,4581579.33,2.14952219,41.380756774
2020S003390    ,Sant Martí,Sant Martí de Provençals,Huelva,Thursday,2020-07-23,Laboral,2020,7,July,23,Afternoon,17:00:00,Unknown,Car,Male,51,Driver,Unknown,Unknown,Leisure and entertainment,Uninjured,433002.67,4585706.46,2.19716345,41.418273936
2020S003390    ,Sant Martí,Sant Martí de Provençals,Huelva,Thursday,2020-07-23,Laboral,2020,7,July,23,Afternoon,17:00:00,Unknown,Veh. mobilitat personal amb motor,Male,36,Driver,Unknown,Unknown,Leisure and entertainment,Minor injury: Hospitalization up to 24 hours,433002.67,4585706.46,2.19716345,41.418273936
2020S003391    ,Eixample,la Dreta de l'Eixample,Aragó,Saturday,2020-07-25,Laboral,2020,7,July,25,Night,00:00:00,Unknown,Motorcycle,Male,33,Driver,Unknown,Unknown,Leisure and entertainment,Minor injury: Hospitalization up to 24 hours,430081.21,4582619.59,2.16256459,41.390222525
2020S003391    ,Eixample,la Dreta de l'Eixample,Aragó,Saturday,2020-07-25,Laboral,2020,7,July,25,Night,00:00:00,Unknown,Car,Male,20,Driver,Unknown,Unknown,Leisure and entertainment,Uninjured,430081.21,4582619.59,2.16256459,41.390222525
2020S003393    ,Eixample,la Sagrada Família,Castillejos,Saturday,2020-07-25,Laboral,2020,7,July,25,Morning,10:00:00,Unknown,Bicicleta,Male,29,Driver,Unknown,Unknown,Other activities,Minor injury: Hospitalization up to 24 hours,431538.21,4584302.91,2.17979985,41.405509097
2020S003394    ,Eixample,la Sagrada Família,Padilla,Saturday,2020-07-25,Laboral,2020,7,July,25,Morning,12:00:00,Others,Autobús articulat,Female,63,Passenger,Unknown,Unknown,Unknown,Minor injury: Hospitalization up to 24 hours,431425.58,4584231.91,2.17846053,41.404860017
2020S003394    ,Eixample,la Sagrada Família,Padilla,Saturday,2020-07-25,Laboral,2020,7,July,25,Morning,12:00:00,Others,Autobús articulat,Male,47,Driver,Unknown,Unknown,Urban bus,Uninjured,431425.58,4584231.91,2.17846053,41.404860017