Case_Number,District_Name,Neighborhood_Name,Street_Name,Day_of_Week,Date,Day_Type_Description,Year,Month_of_Year,Month_Name,Day_of_Month,Shift_Description,Hour_of_Day,Pedestrian_Cause_Description,Involved_Vehicle_Type_Description,Gender_Description,Age,Person_Type_Description,Pedestrian_Accident_Location_Description,Pedestrian_Movement_Reason_Description,Driver_Movement_Reason_Description,Victimization_Description,Coordenada_UTM_X,Coordenada_UTM_Y,Longitud,Latitud
2020S003395    ,Nou Barris,la Trinitat Nova,Meridiana,Saturday,2020-07-25,Laboral,2020,7,July,25,Morning,13:00:00,Unknown,Motorcycle,Male,18,Driver,Unknown,Unknown,Leisure and entertainment,Minor injury: Medical assistance at accident site,432291.22,4589271.11,2.18825124,41.450319882
2020S003395    ,Nou Barris,la Trinitat Nova,Meridiana,Saturday,2020-07-25,Laboral,2020,7,July,25,Morning,13:00:00,Unknown,Motorcycle,Male,21,Passenger,Unknown,Unknown,Unknown,Minor injury: Medical assistance at accident site,432291.22,4589271.11,2.18825124,41.450319882
2020S003395    ,Nou Barris,la Trinitat Nova,Meridiana,Saturday,2020-07-25,Laboral,2020,7,July,25,Morning,13:00:00,Unknown,Car,Female,32,Driver,Unknown,Unknown,Leisure and entertainment,Uninjured,432291.22,4589271.11,2.18825124,41.450319882
2020S003395    ,Nou Barris,la Trinitat Nova,Meridiana,Saturday,2020-07-25,Laboral,2020,7,July,25,Morning,13:00:00,Unknown,Car,Female,29,Passenger,Unknown,Unknown,Unknown,Minor injury: Hospitalization up to 24 hours,432291.22,4589271.11,2.18825124,41.450319882
2020S003396    ,Eixample,l'Antiga Esquerra de l'Eixample,Casanova,Saturday,2020-07-25,Laboral,2020,7,July,25,Afternoon,16:00:00,Unknown,Veh. mobilitat personal amb motor,Female,35,Driver,Unknown,Unknown,Other activities,Minor injury: Hospitalization up to 24 hours,429815.65,4582045.41,2.15945507,41.385027932
2020S003396    ,Eixample,l'Antiga Esquerra de l'Eixample,Casanova,Saturday,2020-07-25,Laboral,2020,7,July,25,Afternoon,16:00:00,Unknown,Car,Male,24,Driver,Unknown,Unknown,Leisure and entertainment,Uninjured,429815.65,4582045.41,2.15945507,41.385027932
2020S003397    ,Sant Andreu,Sant Andreu,Gran de Sant Andreu,Saturday,2020-07-25,Laboral,2020,7,July,25,Morning,13:00:00,Unknown,Bicicleta,Male,59,Driver,Unknown,Unknown,Other activities,Minor injury: Medical assistance at accident site,432351.86,4587304.04,2.18919755,41.432608274
2020S003397    ,Sant Andreu,Sant Andreu,Gran de Sant Andreu,Saturday,2020-07-25,Laboral,2020,7,July,25,Morning,13:00:00,Unknown,Veh. mobilitat personal amb motor,Male,21,Driver,Unknown,Unknown,Unknown,Minor injury: Hospitalization up to 24 hours,432351.86,4587304.04,2.18919755,41.432608274
2020S003399    ,Eixample,Sant Antoni,Corts Catalanes,Saturday,2020-07-25,Laboral,2020,7,July,25,Afternoon,16:00:00,Unknown,Motorcycle,Male,36,Driver,Unknown,Unknown,Unknown,Minor injury: Medical assistance at accident site,430124.72,4582066.01,2.16314886,41.385240389
2020S003399    ,Eixample,Sant Antoni,Corts Catalanes,Saturday,2020-07-25,Laboral,2020,7,July,25,Afternoon,16:00:00,Unknown,Car,Male,38,Driver,Unknown,Unknown,Unknown,Uninjured,430124.72,4582066.01,2.16314886,41.385240389
2020S003400    ,Nou Barris,Torre Baró,Vallbona,Saturday,2020-07-25,Laboral,2020,7,July,25,Afternoon,17:00:00,Unknown,Car,Female,31,Driver,Unknown,Unknown,Unknown,Uninjured,432009.03,4590050.28,2.18478533,41.457313708
2020S003400    ,Nou Barris,Torre Baró,Vallbona,Saturday,2020-07-25,Laboral,2020,7,July,25,Afternoon,17:00:00,Unknown,Veh. mobilitat personal amb motor,Male,28,Driver,Unknown,Unknown,Unknown,Minor injury: Hospitalization up to 24 hours,432009.03,4590050.28,2.18478533,41.457313708
2020S003401    ,Eixample,l'Antiga Esquerra de l'Eixample,Comte d'Urgell,Saturday,2020-07-25,Laboral,2020,7,July,25,Afternoon,20:00:00,Unknown,Motorcycle,Male,28,Driver,Unknown,Unknown,Leisure and entertainment,Minor injury: Medical assistance at accident site,429060.92,4582439.78,2.15038307,41.388513651
2020S003401    ,Eixample,l'Antiga Esquerra de l'Eixample,Comte d'Urgell,Saturday,2020-07-25,Laboral,2020,7,July,25,Afternoon,20:00:00,Unknown,Car,Male,19,Driver,Unknown,Unknown,Leisure and entertainment,Uninjured,429060.92,4582439.78,2.15038307,41.388513651
2020S003402    ,Sant Andreu,Sant Andreu,Dalt (Besňs),Saturday,2020-07-25,Laboral,2020,7,July,25,Afternoon,21:00:00,Unknown,Motorcycle,Male,55,Driver,Unknown,Unknown,Unknown,Death (within 24 hours of accident),432719.94,4588904.37,2.19342435,41.447052854
2020S003402    ,Sant Andreu,Sant Andreu,Dalt (Besňs),Saturday,2020-07-25,Laboral,2020,7,July,25,Afternoon,21:00:00,Unknown,Car,Male,30,Driver,Unknown,Unknown,Regular line bus,Uninjured,432719.94,4588904.37,2.19342435,41.447052854
2020S003403    ,Ciutat Vella,el Barri Gňtic,Portal de la Pau,Saturday,2020-07-25,Laboral,2020,7,July,25,Night,22:00:00,Unknown,Motorcycle,Male,45,Driver,Unknown,Unknown,Unknown,Serious injury: Hospitalization over 24 hours,431338.6,4581022.29,2.17778406,41.375944469
2020S003404    ,Grŕcia,la Vila de Grŕcia,Gran de Grŕcia,Sunday,2020-07-26,Laboral,2020,7,July,26,Night,00:00:00,Unknown,Veh. mobilitat personal amb motor,Male,27,Pedestrian,On the sidewalk,Unknown,Unknown,Minor injury: Refused medical assistance,429511.37,4583693.45,2.15562427,41.399844645
2020S003405    ,Sants-Montjuďc,el Poble-sec,Olímpic,Sunday,2020-07-26,Laboral,2020,7,July,26,Night,03:00:00,Unknown,Car,Male,23,Driver,Unknown,Unknown,Other activities,Minor injury: Medical assistance at accident site,429625.28,4579677.42,2.15745349,41.36368354
2020S003405    ,Sants-Montjuďc,el Poble-sec,Olímpic,Sunday,2020-07-26,Laboral,2020,7,July,26,Night,03:00:00,Unknown,Car,Female,20,Passenger,Unknown,Unknown,Unknown,Minor injury: Medical assistance at accident site,429625.28,4579677.42,2.15745349,41.36368354
2020S003405    ,Sants-Montjuďc,el Poble-sec,Olímpic,Sunday,2020-07-26,Laboral,2020,7,July,26,Night,03:00:00,Unknown,Car,Female,19,Passenger,Unknown,Unknown,Unknown,Minor injury: Medical assistance at accident site,429625.28,4579677.42,2.15745349,41.36368354
2020S003406    ,Nou Barris,la Prosperitat,Dalt (Besňs),Sunday,2020-07-26,Laboral,2020,7,July,26,Morning,09:00:00,Unknown,Motorcycle,Male,32,Driver,Unknown,Unknown,Unknown,Minor injury: Hospitalization up to 24 hours,431584.89,4588795.14,2.17984968,41.445973069
2020S003406    ,Nou Barris,la Prosperitat,Dalt (Besňs),Sunday,2020-07-26,Laboral,2020,7,July,26,Morning,09:00:00,Unknown,Furgoneta,Male,36,Driver,Unknown,Unknown,On a mission,Uninjured,431584.89,4588795.14,2.17984968,41.445973069
2020S003407    ,Eixample,la Nova Esquerra de l'Eixample,Espanya,Sunday,2020-07-26,Laboral,2020,7,July,26,Morning,09:00:00,Unknown,Autobús,Male,45,Driver,Unknown,Unknown,Urban bus,Uninjured,428962.8,4581018.27,2.14937633,41.375701931
2020S003407    ,Eixample,la Nova Esquerra de l'Eixample,Espanya,Sunday,2020-07-26,Laboral,2020,7,July,26,Morning,09:00:00,Unknown,Autobús,Female,53,Passenger,Unknown,Unknown,Unknown,Minor injury: Hospitalization up to 24 hours,428962.8,4581018.27,2.14937633,41.375701931
2020S003408    ,Eixample,Sant Antoni,Corts Catalanes,Sunday,2020-07-26,Laboral,2020,7,July,26,Morning,10:00:00,Unknown,Bicicleta,Male,36,Driver,Unknown,Unknown,Leisure and entertainment,Minor injury: Medical assistance at accident site,429318.26,4581277.35,2.15359643,41.378066697
2020S003409    ,Sarriŕ-Sant Gervasi,Sarriŕ,Circumvalˇlació,Sunday,2020-07-26,Laboral,2020,7,July,26,Afternoon,18:00:00,Unknown,Car,Male,69,Driver,Unknown,Unknown,Leisure and entertainment,Unknown,426401.26,4584545.26,2.11831872,41.4072377
2020S003410    ,Sant Martí,la Vila Olímpica del Poblenou,Litoral (Llobregat),Sunday,2020-07-26,Laboral,2020,7,July,26,Afternoon,17:00:00,Unknown,Bicicleta,Male,27,Driver,Unknown,Unknown,Unknown,Minor injury: Hospitalization up to 24 hours,432900.47,4582345.91,2.19631335,41.387997829
2020S003410    ,Sant Martí,la Vila Olímpica del Poblenou,Litoral (Llobregat),Sunday,2020-07-26,Laboral,2020,7,July,26,Afternoon,17:00:00,Unknown,Car,Male,72,Driver,Unknown,Unknown,Unknown,Uninjured,432900.47,4582345.91,2.19631335,41.387997829
2020S003411    ,Sant Martí,el Parc i la Llacuna del Poblenou,Llacuna,Sunday,2020-07-26,Laboral,2020,7,July,26,Afternoon,19:00:00,Unknown,Car,Male,51,Driver,Unknown,Unknown,Taxi,Uninjured,432798.91,4584106.41,2.19490323,41.403845713
2020S003411    ,Sant Martí,el Parc i la Llacuna del Poblenou,Llacuna,Sunday,2020-07-26,Laboral,2020,7,July,26,Afternoon,19:00:00,Unknown,Ciclomotor,Female,41,Driver,Unknown,Unknown,Leisure and entertainment,Minor injury: Medical assistance at accident site,432798.91,4584106.41,2.19490323,41.403845713
2020S003412    ,Eixample,Sant Antoni,Sepúlveda,Sunday,2020-07-26,Laboral,2020,7,July,26,Afternoon,18:00:00,Unknown,Motorcycle,Male,19,Driver,Unknown,Unknown,Leisure and entertainment,Minor injury: Hospitalization up to 24 hours,429560.8,4581362.48,2.15648675,41.378854716
2020S003412    ,Eixample,Sant Antoni,Sepúlveda,Sunday,2020-07-26,Laboral,2020,7,July,26,Afternoon,18:00:00,Unknown,Furgoneta,Male,35,Driver,Unknown,Unknown,"Firefighters, police, ambulance",Uninjured,429560.8,4581362.48,2.15648675,41.378854716
2020S003413    ,Sant Andreu,Sant Andreu,Meridiana,Sunday,2020-07-26,Laboral,2020,7,July,26,Afternoon,19:00:00,Unknown,Car,Female,61,Driver,Unknown,Unknown,Other activities,Minor injury: Hospitalization up to 24 hours,432156.47,4588400.76,2.18673595,41.442469565
2020S003413    ,Sant Andreu,Sant Andreu,Meridiana,Sunday,2020-07-26,Laboral,2020,7,July,26,Afternoon,19:00:00,Unknown,Car,Male,55,Driver,Unknown,Unknown,Leisure and entertainment,Uninjured,432156.47,4588400.76,2.18673595,41.442469565
2020S003414    ,Sarriŕ-Sant Gervasi,Sant Gervasi - la Bonanova,Isaac Newton,Sunday,2020-07-26,Laboral,2020,7,July,26,Afternoon,18:00:00,Unknown,Car,Female,6,Passenger,Unknown,Unknown,Unknown,Minor injury: Hospitalization up to 24 hours,427407.7,4585242.78,2.130275,41.413611529
2020S003414    ,Sarriŕ-Sant Gervasi,Sant Gervasi - la Bonanova,Isaac Newton,Sunday,2020-07-26,Laboral,2020,7,July,26,Afternoon,18:00:00,Unknown,Car,Male,34,Passenger,Unknown,Unknown,Unknown,Minor injury: Hospitalization up to 24 hours,427407.7,4585242.78,2.130275,41.413611529
2020S003414    ,Sarriŕ-Sant Gervasi,Sant Gervasi - la Bonanova,Isaac Newton,Sunday,2020-07-26,Laboral,2020,7,July,26,Afternoon,18:00:00,Unknown,Car,Male,2,Passenger,Unknown,Unknown,Unknown,Minor injury: Hospitalization up to 24 hours,427407.7,4585242.78,2.130275,41.413611529
2020S003414    ,Sarriŕ-Sant Gervasi,Sant Gervasi - la Bonanova,Isaac Newton,Sunday,2020-07-26,Laboral,2020,7,July,26,Afternoon,18:00:00,Unknown,Car,Female,73,Passenger,Unknown,Unknown,Unknown,Minor injury: Hospitalization up to 24 hours,427407.7,4585242.78,2.130275,41.413611529
2020S003414    ,Sarriŕ-Sant Gervasi,Sant Gervasi - la Bonanova,Isaac Newton,Sunday,2020-07-26,Laboral,2020,7,July,26,Afternoon,18:00:00,Unknown,Car,Male,79,Driver,Unknown,Unknown,Unknown,Uninjured,427407.7,4585242.78,2.130275,41.413611529
2020S003414    ,Sarriŕ-Sant Gervasi,Sant Gervasi - la Bonanova,Isaac Newton,Sunday,2020-07-26,Laboral,2020,7,July,26,Afternoon,18:00:00,Unknown,Car,Female,58,Passenger,Unknown,Unknown,Unknown,Minor injury: Medical assistance at accident site,427407.7,4585242.78,2.130275,41.413611529
2020S003414    ,Sarriŕ-Sant Gervasi,Sant Gervasi - la Bonanova,Isaac Newton,Sunday,2020-07-26,Laboral,2020,7,July,26,Afternoon,18:00:00,Unknown,Car,Female,20,Passenger,Unknown,Unknown,Unknown,Minor injury: Hospitalization up to 24 hours,427407.7,4585242.78,2.130275,41.413611529
2020S003414    ,Sarriŕ-Sant Gervasi,Sant Gervasi - la Bonanova,Isaac Newton,Sunday,2020-07-26,Laboral,2020,7,July,26,Afternoon,18:00:00,Unknown,Car,Male,57,Driver,Unknown,Unknown,Unknown,Minor injury: Medical assistance at accident site,427407.7,4585242.78,2.130275,41.413611529
2020S003414    ,Sarriŕ-Sant Gervasi,Sant Gervasi - la Bonanova,Isaac Newton,Sunday,2020-07-26,Laboral,2020,7,July,26,Afternoon,18:00:00,Unknown,Car,Female,32,Driver,Unknown,Unknown,Unknown,Minor injury: Hospitalization up to 24 hours,427407.7,4585242.78,2.130275,41.413611529
2020S003415    ,Sant Andreu,la Sagrera,Concepción Arenal,Monday,2020-07-27,Laboral,2020,7,July,27,Morning,09:00:00,Unknown,Ciclomotor,Male,27,Driver,Unknown,Unknown,Other activities,Minor injury: Hospitalization up to 24 hours,431911.32,4586217.57,2.18404769,41.42278555
2020S003415    ,Sant Andreu,la Sagrera,Concepción Arenal,Monday,2020-07-27,Laboral,2020,7,July,27,Morning,09:00:00,Unknown,Motorcycle,Male,30,Driver,Unknown,Unknown,Other activities,Minor injury: Hospitalization up to 24 hours,431911.32,4586217.57,2.18404769,41.42278555
2020S003416    ,Horta-Guinardó,el Carmel,Gran Vista,Sunday,2020-07-26,Laboral,2020,7,July,26,Afternoon,19:00:00,Unknown,Veh. mobilitat personal amb motor,Male,46,Driver,Unknown,Unknown,Unknown,Minor injury: Hospitalization up to 24 hours,429993.42,4585986.97,2.16112492,41.420543699
2020S003417    ,Sarriŕ-Sant Gervasi,Sant Gervasi - la Bonanova,Maó,Monday,2020-07-27,Laboral,2020,7,July,27,Morning,12:00:00,Unknown,Motorcycle,Male,36,Driver,Unknown,Unknown,Unknown,Minor injury: Hospitalization up to 24 hours,427700.53,4584224.7,2.13390016,41.404468521
2020S003417    ,Sarriŕ-Sant Gervasi,Sant Gervasi - la Bonanova,Maó,Monday,2020-07-27,Laboral,2020,7,July,27,Morning,12:00:00,Unknown,Car,Female,69,Driver,Unknown,Unknown,Unknown,Uninjured,427700.53,4584224.7,2.13390016,41.404468521
2020S003418    ,Les Corts,les Corts,Cabestany,Monday,2020-07-27,Laboral,2020,7,July,27,Morning,13:00:00,Unknown,"Camió rígid > 3,5 tones",Male,48,Driver,Unknown,Unknown,Professional goods transport,Uninjured,427565.64,4582194.24,2.13252955,41.386168834
2020S003419    ,Eixample,la Dreta de l'Eixample,Diagonal,Monday,2020-07-27,Laboral,2020,7,July,27,Afternoon,17:00:00,Unknown,Motorcycle,Male,52,Driver,Unknown,Unknown,Leisure and entertainment,Uninjured,430648.16,4583616.69,2.16923104,41.399252203
2020S003419    ,Eixample,la Dreta de l'Eixample,Diagonal,Monday,2020-07-27,Laboral,2020,7,July,27,Afternoon,17:00:00,Unknown,Motorcycle,Male,30,Driver,Unknown,Unknown,Leisure and entertainment,Minor injury: Hospitalization up to 24 hours,430648.16,4583616.69,2.16923104,41.399252203
2020S003420    ,Sant Andreu,Sant Andreu,Meridiana,Monday,2020-07-27,Laboral,2020,7,July,27,Afternoon,18:00:00,Unknown,Furgoneta,Male,70,Driver,Unknown,Unknown,Leisure and entertainment,Uninjured,432184.76,4588513.78,2.18706188,41.443489888
2020S003420    ,Sant Andreu,Sant Andreu,Meridiana,Monday,2020-07-27,Laboral,2020,7,July,27,Afternoon,18:00:00,Unknown,Motorcycle,Male,48,Driver,Unknown,Unknown,Leisure and entertainment,Minor injury: Hospitalization up to 24 hours,432184.76,4588513.78,2.18706188,41.443489888
2020S003421    ,Eixample,la Dreta de l'Eixample,Corts Catalanes,Monday,2020-07-27,Laboral,2020,7,July,27,Afternoon,15:00:00,Unknown,Veh. mobilitat personal amb motor,Male,62,Driver,Unknown,Unknown,Unknown,Minor injury: Hospitalization up to 24 hours,430435.67,4582370.77,2.16683251,41.388012233
2020S003422    ,Sant Andreu,el Bon Pastor,Monterrey,Monday,2020-07-27,Laboral,2020,7,July,27,Afternoon,18:00:00,Unknown,Car,Male,36,Driver,Unknown,Unknown,Unknown,Minor injury: Hospitalization up to 24 hours,433767.29,4588494.32,2.20600665,41.443446813
2020S003422    ,Sant Andreu,el Bon Pastor,Monterrey,Monday,2020-07-27,Laboral,2020,7,July,27,Afternoon,18:00:00,Unknown,Furgoneta,Male,30,Driver,Unknown,Unknown,On a mission,Uninjured,433767.29,4588494.32,2.20600665,41.443446813
2020S003423    ,Horta-Guinardó,Horta,Vall d'Hebron,Monday,2020-07-27,Laboral,2020,7,July,27,Afternoon,20:00:00,Unknown,Furgoneta,Male,41,Driver,Unknown,Unknown,Unknown,Uninjured,429405.45,4588011.51,2.15385301,41.438726439
2020S003423    ,Horta-Guinardó,Horta,Vall d'Hebron,Monday,2020-07-27,Laboral,2020,7,July,27,Afternoon,20:00:00,Unknown,Motorcycle,Male,28,Driver,Unknown,Unknown,Unknown,Minor injury: Medical assistance at accident site,429405.45,4588011.51,2.15385301,41.438726439
2020S003424    ,Sants-Montjuďc,la Marina del Prat Vermell,Zona Franca,Monday,2020-07-27,Laboral,2020,7,July,27,Morning,12:00:00,Unknown,Car,Male,44,Driver,Unknown,Unknown,En prŕctiques d'autoescola,Uninjured,428571.92,4578313.01,2.14502124,41.351301906
2020S003424    ,Sants-Montjuďc,la Marina del Prat Vermell,Zona Franca,Monday,2020-07-27,Laboral,2020,7,July,27,Morning,12:00:00,Unknown,Furgoneta,Male,36,Driver,Unknown,Unknown,Unknown,Uninjured,428571.92,4578313.01,2.14502124,41.351301906
2020S003424    ,Sants-Montjuďc,la Marina del Prat Vermell,Zona Franca,Monday,2020-07-27,Laboral,2020,7,July,27,Morning,12:00:00,Unknown,Car,Female,46,Passenger,Unknown,Unknown,Unknown,Minor injury: Hospitalization up to 24 hours,428571.92,4578313.01,2.14502124,41.351301906
2020S003425    ,Grŕcia,Vallcarca i els Penitents,Vallcarca,Monday,2020-07-27,Laboral,2020,7,July,27,Night,23:00:00,Transitar a peu per la calçada,Motorcycle,Male,30,Driver,Outside the crossing,Unknown,Unknown,Minor injury: Hospitalization up to 24 hours,428404.81,4585495.94,2.14217461,41.415981132
2020S003425    ,Grŕcia,Vallcarca i els Penitents,Vallcarca,Monday,2020-07-27,Laboral,2020,7,July,27,Night,23:00:00,Transitar a peu per la calçada,Motorcycle,Male,42,Pedestrian,Outside the crossing,"Servei de neteja, recollida d'escombraries",Unknown,Minor injury: Medical assistance at accident site,428404.81,4585495.94,2.14217461,41.415981132
2020S003426    ,Grŕcia,la Vila de Grŕcia,Cňrsega,Monday,2020-07-27,Laboral,2020,7,July,27,Night,22:00:00,Unknown,Motorcycle,Male,25,Passenger,Unknown,Unknown,Unknown,Minor injury: Medical assistance at accident site,429961.33,4583478.82,2.16103141,41.397950888
2020S003426    ,Grŕcia,la Vila de Grŕcia,Cňrsega,Monday,2020-07-27,Laboral,2020,7,July,27,Night,22:00:00,Unknown,Motorcycle,Male,24,Driver,Unknown,Unknown,Other activities,Minor injury: Medical assistance at accident site,429961.33,4583478.82,2.16103141,41.397950888
2020S003426    ,Grŕcia,la Vila de Grŕcia,Cňrsega,Monday,2020-07-27,Laboral,2020,7,July,27,Night,22:00:00,Unknown,Car,Male,48,Passenger,Unknown,Unknown,Unknown,Uninjured,429961.33,4583478.82,2.16103141,41.397950888
2020S003426    ,Grŕcia,la Vila de Grŕcia,Cňrsega,Monday,2020-07-27,Laboral,2020,7,July,27,Night,22:00:00,Unknown,Car,Male,45,Driver,Unknown,Unknown,Taxi,Uninjured,429961.33,4583478.82,2.16103141,41.397950888
2020S003427    ,Eixample,Sant Antoni,Paralˇlel,Monday,2020-07-27,Laboral,2020,7,July,27,Night,23:00:00,Unknown,Motorcycle,Male,47,Driver,Unknown,Unknown,In transit (commuting),Minor injury: Medical assistance at accident site,429959.76,4580950.84,2.16130505,41.375182046
2020S003427    ,Eixample,Sant Antoni,Paralˇlel,Monday,2020-07-27,Laboral,2020,7,July,27,Night,23:00:00,Unknown,Car,Male,30,Driver,Unknown,Unknown,Other activities,Uninjured,429959.76,4580950.84,2.16130505,41.375182046
2020S003428    ,Nou Barris,Canyelles,Guineueta Vella,Tuesday,2020-07-28,Laboral,2020,7,July,28,Night,01:00:00,Unknown,Car,Male,28,Driver,Unknown,Unknown,Leisure and entertainment,Uninjured,430710.45,4588610.59,2.16940363,41.444235856
2020S003429    ,Eixample,la Sagrada Família,Consell de Cent,Tuesday,2020-07-28,Laboral,2020,7,July,28,Morning,08:00:00,Unknown,Bicicleta,Male,55,Driver,Unknown,Unknown,Unknown,Uninjured,431597.08,4583953.67,2.18054359,41.402368613
2020S003429    ,Eixample,la Sagrada Família,Consell de Cent,Tuesday,2020-07-28,Laboral,2020,7,July,28,Morning,08:00:00,Unknown,Veh. mobilitat personal amb motor,Male,55,Driver,Unknown,Unknown,In transit (commuting),Minor injury: Hospitalization up to 24 hours,431597.08,4583953.67,2.18054359,41.402368613
2020S003430    ,Eixample,la Sagrada Família,Cňrsega,Tuesday,2020-07-28,Laboral,2020,7,July,28,Morning,09:00:00,Unknown,Car,Female,63,Pedestrian,In crossing regulated by traffic lights,Unknown,Unknown,Minor injury: Hospitalization up to 24 hours,430982.24,4584450.65,2.17313204,41.406792176
2020S003430    ,Eixample,la Sagrada Família,Cňrsega,Tuesday,2020-07-28,Laboral,2020,7,July,28,Morning,09:00:00,Unknown,Car,Male,70,Driver,In crossing regulated by traffic lights,Unknown,Unknown,Uninjured,430982.24,4584450.65,2.17313204,41.406792176
2020S003431    ,Horta-Guinardó,el Baix Guinardó,Guinardó,Tuesday,2020-07-28,Laboral,2020,7,July,28,Morning,09:00:00,Unknown,Motorcycle,Male,44,Driver,Unknown,Unknown,Unknown,Minor injury: Medical assistance at accident site,430563.65,4585070.05,2.16805333,41.412334832
2020S003431    ,Horta-Guinardó,el Baix Guinardó,Guinardó,Tuesday,2020-07-28,Laboral,2020,7,July,28,Morning,09:00:00,Unknown,Car,Female,30,Driver,Unknown,Unknown,Unknown,Uninjured,430563.65,4585070.05,2.16805333,41.412334832
2020S003432    ,Eixample,la Dreta de l'Eixample,Tetuan,Tuesday,2020-07-28,Laboral,2020,7,July,28,Morning,07:00:00,Unknown,Autobús,Female,85,Passenger,Unknown,Unknown,Unknown,Serious injury: Hospitalization over 24 hours,431153.92,4583200.61,2.1753281,41.395548185
2020S003432    ,Eixample,la Dreta de l'Eixample,Tetuan,Tuesday,2020-07-28,Laboral,2020,7,July,28,Morning,07:00:00,Unknown,Autobús,Male,57,Driver,Unknown,Unknown,Urban bus,Uninjured,431153.92,4583200.61,2.1753281,41.395548185
2020S003433    ,Eixample,la Sagrada Família,Provença,Tuesday,2020-07-28,Laboral,2020,7,July,28,Afternoon,15:00:00,Others,Veh. mobilitat personal amb motor,Female,59,Pedestrian,In crossing regulated by traffic lights,Leisure and entertainment,Unknown,Minor injury: Medical assistance at accident site,431150.5,4584265.99,2.17516596,41.40514344
2020S003434    ,Sant Andreu,Sant Andreu,Llenguadoc,Tuesday,2020-07-28,Laboral,2020,7,July,28,Afternoon,17:00:00,Unknown,Motorcycle,Female,39,Driver,Unknown,Unknown,Leisure and entertainment,Minor injury: Hospitalization up to 24 hours,431987.67,4587054.98,2.18486703,41.430334298
2020S003435    ,Sants-Montjuďc,Sants - Badal,Begur,Tuesday,2020-07-28,Laboral,2020,7,July,28,Afternoon,18:00:00,Unknown,Car,Male,41,Driver,Unknown,Unknown,Other activities,Uninjured,427399.8,4580754.11,2.13071887,41.373183174
2020S003435    ,Sants-Montjuďc,Sants - Badal,Begur,Tuesday,2020-07-28,Laboral,2020,7,July,28,Afternoon,18:00:00,Unknown,Motorcycle,Male,33,Driver,Unknown,Unknown,Other activities,Minor injury: Hospitalization up to 24 hours,427399.8,4580754.11,2.13071887,41.373183174
2020S003436    ,Eixample,l'Antiga Esquerra de l'Eixample,Corts Catalanes,Tuesday,2020-07-28,Laboral,2020,7,July,28,Afternoon,18:00:00,Unknown,Car,Male,53,Driver,Unknown,Unknown,Other activities,Uninjured,430197.26,4582210.36,2.16399973,41.386546805
2020S003436    ,Eixample,l'Antiga Esquerra de l'Eixample,Corts Catalanes,Tuesday,2020-07-28,Laboral,2020,7,July,28,Afternoon,18:00:00,Unknown,Motorcycle,Male,55,Driver,Unknown,Unknown,Other activities,Minor injury: Hospitalization up to 24 hours,430197.26,4582210.36,2.16399973,41.386546805
2020S003437    ,Eixample,la Nova Esquerra de l'Eixample,Aragó,Tuesday,2020-07-28,Laboral,2020,7,July,28,Afternoon,16:00:00,Unknown,Furgoneta,Male,46,Driver,Unknown,Unknown,Leisure and entertainment,Uninjured,429091.06,4581650.21,2.15083599,41.381404923
2020S003437    ,Eixample,la Nova Esquerra de l'Eixample,Aragó,Tuesday,2020-07-28,Laboral,2020,7,July,28,Afternoon,16:00:00,Unknown,Motorcycle,Female,44,Passenger,Unknown,Unknown,Unknown,Minor injury: Hospitalization up to 24 hours,429091.06,4581650.21,2.15083599,41.381404923
2020S003437    ,Eixample,la Nova Esquerra de l'Eixample,Aragó,Tuesday,2020-07-28,Laboral,2020,7,July,28,Afternoon,16:00:00,Unknown,Motorcycle,Male,48,Driver,Unknown,Unknown,Leisure and entertainment,Uninjured,429091.06,4581650.21,2.15083599,41.381404923
2020S003438    ,Sarriŕ-Sant Gervasi,les Tres Torres,General Mitre,Tuesday,2020-07-28,Laboral,2020,7,July,28,Afternoon,20:00:00,Unknown,Car,Male,23,Driver,Unknown,Unknown,Unknown,Uninjured,427386.1,4582941.43,2.13029279,41.392882282
2020S003438    ,Sarriŕ-Sant Gervasi,les Tres Torres,General Mitre,Tuesday,2020-07-28,Laboral,2020,7,July,28,Afternoon,20:00:00,Unknown,Car,Female,38,Driver,Unknown,Unknown,Unknown,Minor injury: Hospitalization up to 24 hours,427386.1,4582941.43,2.13029279,41.392882282
2020S003439    ,Sarriŕ-Sant Gervasi,Sant Gervasi - la Bonanova,Maó,Tuesday,2020-07-28,Laboral,2020,7,July,28,Afternoon,18:00:00,Creuar per fora pas de vianants,Car,Male,20,Pedestrian,Outside the crossing,Unknown,Unknown,Minor injury: Hospitalization up to 24 hours,427539.46,4584134.51,2.13198417,41.403641707
2020S003439    ,Sarriŕ-Sant Gervasi,Sant Gervasi - la Bonanova,Maó,Tuesday,2020-07-28,Laboral,2020,7,July,28,Afternoon,18:00:00,Creuar per fora pas de vianants,Car,Male,66,Driver,Outside the crossing,Unknown,Other activities,Uninjured,427539.46,4584134.51,2.13198417,41.403641707
2020S003440    ,Les Corts,les Corts,Nau Santa Maria,Tuesday,2020-07-28,Laboral,2020,7,July,28,Afternoon,21:00:00,Unknown,Motorcycle,Male,19,Driver,Unknown,Unknown,Leisure and entertainment,Minor injury: Hospitalization up to 24 hours,427536.91,4582774.63,2.1321165,41.39139359
2020S003440    ,Les Corts,les Corts,Nau Santa Maria,Tuesday,2020-07-28,Laboral,2020,7,July,28,Afternoon,21:00:00,Unknown,Car,Female,20,Driver,Unknown,Unknown,Leisure and entertainment,Uninjured,427536.91,4582774.63,2.1321165,41.39139359
2020S003441    ,Sants-Montjuďc,la Bordeta,Mossčn Amadeu Oller,Tuesday,2020-07-28,Laboral,2020,7,July,28,Night,23:00:00,Unknown,Taxi,Male,29,Driver,Unknown,Unknown,Taxi,Uninjured,427976.85,4580361.7,2.13766515,41.369700751
2020S003441    ,Sants-Montjuďc,la Bordeta,Mossčn Amadeu Oller,Tuesday,2020-07-28,Laboral,2020,7,July,28,Night,23:00:00,Unknown,Car,Male,59,Driver,Unknown,Unknown,Unknown,Uninjured,427976.85,4580361.7,2.13766515,41.369700751