Case_Number,District_Name,Neighborhood_Name,Street_Name,Day_of_Week,Date,Day_Type_Description,Year,Month_of_Year,Month_Name,Day_of_Month,Shift_Description,Hour_of_Day,Pedestrian_Cause_Description,Involved_Vehicle_Type_Description,Gender_Description,Age,Person_Type_Description,Pedestrian_Accident_Location_Description,Pedestrian_Movement_Reason_Description,Driver_Movement_Reason_Description,Victimization_Description,Coordenada_UTM_X,Coordenada_UTM_Y,Longitud,Latitud
2020S003442    ,Eixample,l'Antiga Esquerra de l'Eixample,Balmes,Tuesday,2020-07-28,Laboral,2020,7,July,28,Night,22:00:00,Unknown,Car,Male,50,Driver,Unknown,Unknown,Other activities,Uninjured,429442.88,4583163.95,2.15486675,41.395069615
2020S003442    ,Eixample,l'Antiga Esquerra de l'Eixample,Balmes,Tuesday,2020-07-28,Laboral,2020,7,July,28,Night,22:00:00,Unknown,Ciclomotor,Male,21,Driver,Unknown,Unknown,Other activities,Minor injury: Hospitalization up to 24 hours,429442.88,4583163.95,2.15486675,41.395069615
2020S003443    ,Sarriŕ-Sant Gervasi,Sant Gervasi - la Bonanova,Tibidabo,Wednesday,2020-07-29,Laboral,2020,7,July,29,Night,00:00:00,Unknown,Car,Female,23,Driver,Unknown,Unknown,Leisure and entertainment,Uninjured,427485.92,4585427.15,2.13118872,41.415279134
2020S003444    ,Eixample,la Dreta de l'Eixample,Bruc,Wednesday,2020-07-29,Laboral,2020,7,July,29,Morning,08:00:00,Unknown,Car,Male,60,Driver,Unknown,Unknown,Unknown,Uninjured,430475.31,4583250.12,2.16720559,41.39593569
2020S003444    ,Eixample,la Dreta de l'Eixample,Bruc,Wednesday,2020-07-29,Laboral,2020,7,July,29,Morning,08:00:00,Unknown,Motorcycle,Male,63,Driver,Unknown,Unknown,Unknown,Minor injury: Hospitalization up to 24 hours,430475.31,4583250.12,2.16720559,41.39593569
2020S003445    ,Ciutat Vella,la Barceloneta,Ginebra,Wednesday,2020-07-29,Laboral,2020,7,July,29,Morning,08:00:00,Unknown,"Camió rígid <= 3,5 tones",Male,55,Driver,Unknown,Unknown,On a mission,Uninjured,432305.22,4581670.69,2.18926986,41.38186639
2020S003446    ,Les Corts,les Corts,Diagonal,Wednesday,2020-07-29,Laboral,2020,7,July,29,Morning,09:00:00,Unknown,Motorcycle,Female,25,Driver,Unknown,Unknown,In transit (commuting),Minor injury: Hospitalization up to 24 hours,427253.12,4582427.17,2.12876411,41.388238526
2020S003446    ,Les Corts,les Corts,Diagonal,Wednesday,2020-07-29,Laboral,2020,7,July,29,Morning,09:00:00,Unknown,Car,Female,42,Driver,Unknown,Unknown,In transit (commuting),Uninjured,427253.12,4582427.17,2.12876411,41.388238526
2020S003447    ,Sant Andreu,el Bon Pastor,Sant Adriŕ,Wednesday,2020-07-29,Laboral,2020,7,July,29,Morning,11:00:00,Unknown,Car,Male,64,Driver,Unknown,Unknown,Other activities,Uninjured,432816.16,4587585.22,2.19472293,41.435179769
2020S003447    ,Sant Andreu,el Bon Pastor,Sant Adriŕ,Wednesday,2020-07-29,Laboral,2020,7,July,29,Morning,11:00:00,Unknown,Bicicleta,Female,36,Driver,Unknown,Unknown,In transit (commuting),Minor injury: Medical assistance at accident site,432816.16,4587585.22,2.19472293,41.435179769
2020S003448    ,Eixample,la Dreta de l'Eixample,Pau Claris,Wednesday,2020-07-29,Laboral,2020,7,July,29,Morning,11:00:00,Unknown,Furgoneta,Male,54,Driver,Unknown,Unknown,On a mission,Uninjured,430023.06,4583354.89,2.16178411,41.39684007
2020S003448    ,Eixample,la Dreta de l'Eixample,Pau Claris,Wednesday,2020-07-29,Laboral,2020,7,July,29,Morning,11:00:00,Unknown,Bicicleta,Female,23,Driver,Unknown,Unknown,Other activities,Minor injury: Medical assistance at accident site,430023.06,4583354.89,2.16178411,41.39684007
2020S003449    ,Eixample,la Dreta de l'Eixample,Rosselló,Wednesday,2020-07-29,Laboral,2020,7,July,29,Morning,12:00:00,Unknown,Motorcycle,Female,30,Driver,Unknown,Unknown,Unknown,Minor injury: Hospitalization up to 24 hours,430409.2,4583691.07,2.16636414,41.399901461
2020S003449    ,Eixample,la Dreta de l'Eixample,Rosselló,Wednesday,2020-07-29,Laboral,2020,7,July,29,Morning,12:00:00,Unknown,Furgoneta,Male,58,Driver,Unknown,Unknown,Professional goods transport,Uninjured,430409.2,4583691.07,2.16636414,41.399901461
2020S003450    ,Sant Andreu,el Congrés i els Indians,Felip II,Wednesday,2020-07-29,Laboral,2020,7,July,29,Morning,13:00:00,Unknown,Bicicleta,Male,34,Driver,Unknown,Unknown,On a mission,Uninjured,431687.33,4586402.97,2.18134647,41.424436361
2020S003450    ,Sant Andreu,el Congrés i els Indians,Felip II,Wednesday,2020-07-29,Laboral,2020,7,July,29,Morning,13:00:00,Unknown,Veh. mobilitat personal amb motor,Female,52,Driver,Unknown,Unknown,In transit (commuting),Minor injury: Hospitalization up to 24 hours,431687.33,4586402.97,2.18134647,41.424436361
2020S003451    ,Eixample,l'Antiga Esquerra de l'Eixample,Aribau,Wednesday,2020-07-29,Laboral,2020,7,July,29,Afternoon,14:00:00,Unknown,Motorcycle,Male,46,Driver,Unknown,Unknown,In transit (commuting),Minor injury: Medical assistance at accident site,429565.34,4582652.89,2.15639094,41.390477413
2020S003451    ,Eixample,l'Antiga Esquerra de l'Eixample,Aribau,Wednesday,2020-07-29,Laboral,2020,7,July,29,Afternoon,14:00:00,Unknown,Motorcycle,Male,60,Driver,Unknown,Unknown,In transit (commuting),Minor injury: Hospitalization up to 24 hours,429565.34,4582652.89,2.15639094,41.390477413
2020S003452    ,Sarriŕ-Sant Gervasi,Sant Gervasi - Galvany,Diagonal,Wednesday,2020-07-29,Laboral,2020,7,July,29,Afternoon,14:00:00,Unknown,Furgoneta,Male,30,Driver,Unknown,Unknown,Professional goods transport,Uninjured,429073.97,4583103.05,2.15046143,41.394488641
2020S003452    ,Sarriŕ-Sant Gervasi,Sant Gervasi - Galvany,Diagonal,Wednesday,2020-07-29,Laboral,2020,7,July,29,Afternoon,14:00:00,Unknown,Ciclomotor,Male,34,Driver,Unknown,Unknown,Leisure and entertainment,Uninjured,429073.97,4583103.05,2.15046143,41.394488641
2020S003453    ,Horta-Guinardó,el Guinardó,Guinardó,Wednesday,2020-07-29,Laboral,2020,7,July,29,Afternoon,18:00:00,Unknown,Autobús articulat,Female,76,Passenger,Unknown,Unknown,Unknown,Minor injury: Hospitalization up to 24 hours,431076.24,4585543.27,2.17413203,41.416641113
2020S003453    ,Horta-Guinardó,el Guinardó,Guinardó,Wednesday,2020-07-29,Laboral,2020,7,July,29,Afternoon,18:00:00,Unknown,Autobús articulat,Male,46,Driver,Unknown,Unknown,Urban bus,Uninjured,431076.24,4585543.27,2.17413203,41.416641113
2020S003454    ,Sarriŕ-Sant Gervasi,Sant Gervasi - la Bonanova,Sant Gervasi,Wednesday,2020-07-29,Laboral,2020,7,July,29,Afternoon,18:00:00,Unknown,Ciclomotor,Female,53,Driver,Unknown,Unknown,Other activities,Minor injury: Hospitalization up to 24 hours,428024.06,4585220.86,2.13765184,41.413469571
2020S003454    ,Sarriŕ-Sant Gervasi,Sant Gervasi - la Bonanova,Sant Gervasi,Wednesday,2020-07-29,Laboral,2020,7,July,29,Afternoon,18:00:00,Unknown,Car,Male,40,Driver,Unknown,Unknown,Other activities,Uninjured,428024.06,4585220.86,2.13765184,41.413469571
2020S003455    ,Eixample,el Fort Pienc,Marina,Wednesday,2020-07-29,Laboral,2020,7,July,29,Afternoon,18:00:00,Unknown,Motorcycle,Male,29,Driver,Unknown,Unknown,Leisure and entertainment,Minor injury: Medical assistance at accident site,431600.45,4583608.3,2.18062295,41.399258255
2020S003455    ,Eixample,el Fort Pienc,Marina,Wednesday,2020-07-29,Laboral,2020,7,July,29,Afternoon,18:00:00,Unknown,Car,Female,50,Driver,Unknown,Unknown,Leisure and entertainment,Uninjured,431600.45,4583608.3,2.18062295,41.399258255
2020S003456    ,Sant Martí,el Parc i la Llacuna del Poblenou,Pamplona,Wednesday,2020-07-29,Laboral,2020,7,July,29,Afternoon,16:00:00,Unknown,"Camió rígid <= 3,5 tones",Male,57,Driver,Unknown,Unknown,Unknown,Uninjured,432499.78,4583326.27,2.19141191,41.396794131
2020S003457    ,Sant Martí,Diagonal Mar i el Front Marítim del Poblenou,Litoral (Llobregat),Wednesday,2020-07-29,Laboral,2020,7,July,29,Afternoon,20:00:00,Unknown,Motorcycle,Female,44,Passenger,Unknown,Unknown,Unknown,Minor injury: Hospitalization up to 24 hours,434803.19,4584402.67,2.21884769,41.406679199
2020S003457    ,Sant Martí,Diagonal Mar i el Front Marítim del Poblenou,Litoral (Llobregat),Wednesday,2020-07-29,Laboral,2020,7,July,29,Afternoon,20:00:00,Unknown,Bicicleta,Male,34,Driver,Unknown,Unknown,Leisure and entertainment,Minor injury: Medical assistance at accident site,434803.19,4584402.67,2.21884769,41.406679199
2020S003457    ,Sant Martí,Diagonal Mar i el Front Marítim del Poblenou,Litoral (Llobregat),Wednesday,2020-07-29,Laboral,2020,7,July,29,Afternoon,20:00:00,Unknown,Motorcycle,Female,47,Driver,Unknown,Unknown,Leisure and entertainment,Minor injury: Hospitalization up to 24 hours,434803.19,4584402.67,2.21884769,41.406679199
2020S003458    ,Eixample,la Dreta de l'Eixample,Roger de Llúria,Wednesday,2020-07-29,Laboral,2020,7,July,29,Afternoon,20:00:00,Unknown,Ciclomotor,Male,24,Driver,Unknown,Unknown,Leisure and entertainment,Minor injury: Medical assistance at accident site,430904.91,4582620.18,2.17241595,41.39029906
2020S003458    ,Eixample,la Dreta de l'Eixample,Roger de Llúria,Wednesday,2020-07-29,Laboral,2020,7,July,29,Afternoon,20:00:00,Unknown,Motorcycle,Male,40,Driver,Unknown,Unknown,Leisure and entertainment,Minor injury: Refused medical assistance,430904.91,4582620.18,2.17241595,41.39029906
2020S003459    ,Eixample,l'Antiga Esquerra de l'Eixample,Muntaner,Wednesday,2020-07-29,Laboral,2020,7,July,29,Afternoon,19:00:00,Unknown,Ciclomotor,Female,19,Driver,Unknown,Unknown,Unknown,Minor injury: Hospitalization up to 24 hours,429803.5,4582217.91,2.15928977,41.386580523
2020S003459    ,Eixample,l'Antiga Esquerra de l'Eixample,Muntaner,Wednesday,2020-07-29,Laboral,2020,7,July,29,Afternoon,19:00:00,Unknown,Ciclomotor,Male,20,Passenger,Unknown,Unknown,Unknown,Minor injury: Hospitalization up to 24 hours,429803.5,4582217.91,2.15928977,41.386580523
2020S003460    ,Sant Martí,Diagonal Mar i el Front Marítim del Poblenou,Litoral (Llobregat),Wednesday,2020-07-29,Laboral,2020,7,July,29,Night,22:00:00,Unknown,Motorcycle,Male,28,Driver,Unknown,Unknown,In transit (commuting),Minor injury: Hospitalization up to 24 hours,434227.97,4583837.28,2.21202774,41.401539977
2020S003460    ,Sant Martí,Diagonal Mar i el Front Marítim del Poblenou,Litoral (Llobregat),Wednesday,2020-07-29,Laboral,2020,7,July,29,Night,22:00:00,Unknown,Car,Male,62,Driver,Unknown,Unknown,Leisure and entertainment,Uninjured,434227.97,4583837.28,2.21202774,41.401539977
2020S003461    ,Sants-Montjuďc,Sants,Cros,Wednesday,2020-07-29,Laboral,2020,7,July,29,Night,22:00:00,Unknown,Motorcycle,Male,37,Driver,Unknown,Unknown,Other activities,Minor injury: Medical assistance at accident site,428017.88,4580870.37,2.13809528,41.374285836
2020S003461    ,Sants-Montjuďc,Sants,Cros,Wednesday,2020-07-29,Laboral,2020,7,July,29,Night,22:00:00,Unknown,Car,Male,72,Driver,Unknown,Unknown,Leisure and entertainment,Uninjured,428017.88,4580870.37,2.13809528,41.374285836
2020S003462    ,Eixample,la Sagrada Família,Mallorca,Wednesday,2020-07-29,Laboral,2020,7,July,29,Night,23:00:00,Unknown,Motorcycle,Male,47,Driver,Unknown,Unknown,Unknown,Minor injury: Hospitalization up to 24 hours,431501.83,4584422.29,2.17935113,41.406581215
2020S003462    ,Eixample,la Sagrada Família,Mallorca,Wednesday,2020-07-29,Laboral,2020,7,July,29,Night,23:00:00,Unknown,Car,Male,20,Driver,Unknown,Unknown,Unknown,Uninjured,431501.83,4584422.29,2.17935113,41.406581215
2020S003462    ,Eixample,la Sagrada Família,Mallorca,Wednesday,2020-07-29,Laboral,2020,7,July,29,Night,23:00:00,Unknown,Motorcycle,Female,51,Passenger,Unknown,Unknown,Unknown,Minor injury: Hospitalization up to 24 hours,431501.83,4584422.29,2.17935113,41.406581215
2020S003463    ,Sarriŕ-Sant Gervasi,Sant Gervasi - la Bonanova,Ganduxer,Thursday,2020-07-30,Laboral,2020,7,July,30,Night,05:00:00,Unknown,Taxi,Male,62,Driver,Unknown,Unknown,Taxi,Uninjured,427630.28,4583823.64,2.13310777,41.400850014
2020S003463    ,Sarriŕ-Sant Gervasi,Sant Gervasi - la Bonanova,Ganduxer,Thursday,2020-07-30,Laboral,2020,7,July,30,Night,05:00:00,Unknown,Veh. mobilitat personal amb motor,Male,21,Passenger,Unknown,Unknown,Unknown,Serious injury: Hospitalization over 24 hours,427630.28,4583823.64,2.13310777,41.400850014
2020S003463    ,Sarriŕ-Sant Gervasi,Sant Gervasi - la Bonanova,Ganduxer,Thursday,2020-07-30,Laboral,2020,7,July,30,Night,05:00:00,Unknown,Veh. mobilitat personal amb motor,Male,21,Driver,Unknown,Unknown,Other activities,Serious injury: Hospitalization over 24 hours,427630.28,4583823.64,2.13310777,41.400850014
2020S003464    ,Sant Martí,Sant Martí de Provençals,Bac de Roda,Thursday,2020-07-30,Laboral,2020,7,July,30,Morning,08:00:00,Unknown,Bicicleta,Male,47,Driver,Unknown,Unknown,In transit (commuting),Minor injury: Refused medical assistance,432827.17,4585283.01,2.19511061,41.414445384
2020S003464    ,Sant Martí,Sant Martí de Provençals,Bac de Roda,Thursday,2020-07-30,Laboral,2020,7,July,30,Morning,08:00:00,Unknown,Motorcycle,Female,57,Driver,Unknown,Unknown,In transit (commuting),Minor injury: Hospitalization up to 24 hours,432827.17,4585283.01,2.19511061,41.414445384
2020S003465    ,Grŕcia,la Vila de Grŕcia,Cňrsega,Thursday,2020-07-30,Laboral,2020,7,July,30,Morning,08:00:00,Unknown,Motorcycle,Female,26,Driver,Unknown,Unknown,Unknown,Minor injury: Hospitalization up to 24 hours,430114.83,4583630.43,2.16284997,41.399329751
2020S003465    ,Grŕcia,la Vila de Grŕcia,Cňrsega,Thursday,2020-07-30,Laboral,2020,7,July,30,Morning,08:00:00,Unknown,Furgoneta,Male,35,Driver,Unknown,Unknown,On a mission,Uninjured,430114.83,4583630.43,2.16284997,41.399329751
2020S003466    ,Sarriŕ-Sant Gervasi,el Putxet i el Farró,República Argentina,Thursday,2020-07-30,Laboral,2020,7,July,30,Morning,09:00:00,Unknown,Motorcycle,Male,22,Driver,Unknown,Unknown,Student heading to educational center,Minor injury: Medical assistance at accident site,428822.98,4584639.53,2.14727866,41.408304951
2020S003466    ,Sarriŕ-Sant Gervasi,el Putxet i el Farró,República Argentina,Thursday,2020-07-30,Laboral,2020,7,July,30,Morning,09:00:00,Unknown,Motorcycle,Male,32,Driver,Unknown,Unknown,In transit (commuting),Uninjured,428822.98,4584639.53,2.14727866,41.408304951
2020S003467    ,Sarriŕ-Sant Gervasi,Sant Gervasi - Galvany,Pau Casals,Thursday,2020-07-30,Laboral,2020,7,July,30,Morning,10:00:00,Unknown,Motorcycle,Male,57,Driver,Unknown,Unknown,Unknown,Minor injury: Hospitalization up to 24 hours,428423.9,4582986.67,2.14269991,41.393382823
2020S003467    ,Sarriŕ-Sant Gervasi,Sant Gervasi - Galvany,Pau Casals,Thursday,2020-07-30,Laboral,2020,7,July,30,Morning,10:00:00,Unknown,Tot terreny,Male,76,Driver,Unknown,Unknown,Unknown,Uninjured,428423.9,4582986.67,2.14269991,41.393382823
2020S003468    ,Sant Martí,el Parc i la Llacuna del Poblenou,Pamplona,Thursday,2020-07-30,Laboral,2020,7,July,30,Morning,12:00:00,Creuar per fora pas de vianants,Furgoneta,Male,49,Driver,At an unmarked crossing,Unknown,On a mission,Uninjured,432549.1,4583246.17,2.19201077,41.396076833
2020S003468    ,Sant Martí,el Parc i la Llacuna del Poblenou,Pamplona,Thursday,2020-07-30,Laboral,2020,7,July,30,Morning,12:00:00,Creuar per fora pas de vianants,Furgoneta,Female,53,Pedestrian,At an unmarked crossing,Unknown,Unknown,Minor injury: Hospitalization up to 24 hours,432549.1,4583246.17,2.19201077,41.396076833
2020S003469    ,Nou Barris,les Roquetes,Dalt (Llobregat),Thursday,2020-07-30,Laboral,2020,7,July,30,Morning,11:00:00,Unknown,Car,Female,29,Driver,Unknown,Unknown,Other activities,Uninjured,431162.96,4588643.52,2.17481637,41.444571395
2020S003469    ,Nou Barris,les Roquetes,Dalt (Llobregat),Thursday,2020-07-30,Laboral,2020,7,July,30,Morning,11:00:00,Unknown,Motorcycle,Male,41,Driver,Unknown,Unknown,Unknown,Minor injury: Hospitalization up to 24 hours,431162.96,4588643.52,2.17481637,41.444571395
2020S003470    ,Sant Martí,el Parc i la Llacuna del Poblenou,Joan d'Ŕustria,Thursday,2020-07-30,Laboral,2020,7,July,30,Morning,11:00:00,Unknown,Car,Male,47,Driver,Unknown,Unknown,Unknown,Uninjured,432235.58,4583172.65,2.18826896,41.395388285
2020S003470    ,Sant Martí,el Parc i la Llacuna del Poblenou,Joan d'Ŕustria,Thursday,2020-07-30,Laboral,2020,7,July,30,Morning,11:00:00,Unknown,Motorcycle,Male,39,Driver,Unknown,Unknown,Unknown,Minor injury: Hospitalization up to 24 hours,432235.58,4583172.65,2.18826896,41.395388285
2020S003471    ,Eixample,la Dreta de l'Eixample,Aragó,Thursday,2020-07-30,Laboral,2020,7,July,30,Afternoon,14:00:00,Unknown,Motorcycle,Male,51,Driver,Unknown,Unknown,Unknown,Minor injury: Hospitalization up to 24 hours,430252.3,4582787.35,2.16459149,41.391748348
2020S003471    ,Eixample,la Dreta de l'Eixample,Aragó,Thursday,2020-07-30,Laboral,2020,7,July,30,Afternoon,14:00:00,Unknown,Car,Male,47,Driver,Unknown,Unknown,Unknown,Uninjured,430252.3,4582787.35,2.16459149,41.391748348
2020S003472    ,Eixample,la Sagrada Família,Aragó,Thursday,2020-07-30,Laboral,2020,7,July,30,Afternoon,14:00:00,Unknown,Ciclomotor,Female,29,Driver,Unknown,Unknown,Unknown,Minor injury: Hospitalization up to 24 hours,431635.26,4584148.88,2.18097825,41.40413006
2020S003473    ,Sarriŕ-Sant Gervasi,Sant Gervasi - Galvany,Augusta,Thursday,2020-07-30,Laboral,2020,7,July,30,Morning,09:00:00,Unknown,Motorcycle,Male,34,Driver,Unknown,Unknown,Servei d'auxili en carretera,Unknown,428167.98,4583468.96,2.13958175,41.397703794
2020S003474    ,Grŕcia,el Camp d'en Grassot i Grŕcia Nova,Sant Joan,Wednesday,2020-07-29,Laboral,2020,7,July,29,Afternoon,20:00:00,Unknown,Bicicleta,Male,19,Driver,Unknown,Unknown,Leisure and entertainment,Uninjured,430244.81,4584038.67,2.16435767,41.403017925
2020S003474    ,Grŕcia,el Camp d'en Grassot i Grŕcia Nova,Sant Joan,Wednesday,2020-07-29,Laboral,2020,7,July,29,Afternoon,20:00:00,Unknown,Bicicleta,Female,25,Driver,Unknown,Unknown,Leisure and entertainment,Minor injury: Medical assistance at accident site,430244.81,4584038.67,2.16435767,41.403017925
2020S003475    ,Horta-Guinardó,el Baix Guinardó,Lepant,Thursday,2020-07-30,Laboral,2020,7,July,30,Afternoon,15:00:00,Unknown,Autobús articulat,Male,88,Passenger,Unknown,Unknown,Unknown,Minor injury: Medical assistance at accident site,430513.1,4584954.86,2.16746179,41.411292984
2020S003475    ,Horta-Guinardó,el Baix Guinardó,Lepant,Thursday,2020-07-30,Laboral,2020,7,July,30,Afternoon,15:00:00,Unknown,Autobús articulat,Male,44,Driver,Unknown,Unknown,Urban bus,Uninjured,430513.1,4584954.86,2.16746179,41.411292984
2020S003476    ,Sants-Montjuďc,la Marina del Prat Vermell,Número 6 Zona Franca,Thursday,2020-07-30,Laboral,2020,7,July,30,Afternoon,17:00:00,Unknown,Furgoneta,Male,31,Driver,Unknown,Unknown,Professional goods transport,Uninjured,427368.13,4575151.66,2.13101092,41.322720904
2020S003476    ,Sants-Montjuďc,la Marina del Prat Vermell,Número 6 Zona Franca,Thursday,2020-07-30,Laboral,2020,7,July,30,Afternoon,17:00:00,Unknown,Car,Male,40,Driver,Unknown,Unknown,Leisure and entertainment,Uninjured,427368.13,4575151.66,2.13101092,41.322720904
2020S003476    ,Sants-Montjuďc,la Marina del Prat Vermell,Número 6 Zona Franca,Thursday,2020-07-30,Laboral,2020,7,July,30,Afternoon,17:00:00,Unknown,Furgoneta,Male,31,Passenger,Unknown,Unknown,Unknown,Minor injury: Medical assistance at accident site,427368.13,4575151.66,2.13101092,41.322720904
2020S003477    ,Ciutat Vella,el Barri Gňtic,Comtessa de Sobradiel,Thursday,2020-07-30,Laboral,2020,7,July,30,Afternoon,15:00:00,Unknown,Car,Male,44,Pedestrian,In pedestrian area,Unknown,Unknown,Minor injury: Hospitalization up to 24 hours,431375.53,4581556.83,2.17816509,41.380762079
2020S003478    ,Eixample,la Nova Esquerra de l'Eixample,Entença,Thursday,2020-07-30,Laboral,2020,7,July,30,Afternoon,15:00:00,Unknown,Furgoneta,Male,27,Driver,Unknown,Unknown,Unknown,Uninjured,428776.48,4581768.81,2.1470602,41.38244531
2020S003478    ,Eixample,la Nova Esquerra de l'Eixample,Entença,Thursday,2020-07-30,Laboral,2020,7,July,30,Afternoon,15:00:00,Unknown,Motorcycle,Male,27,Driver,Unknown,Unknown,Unknown,Minor injury: Hospitalization up to 24 hours,428776.48,4581768.81,2.1470602,41.38244531
2020S003479    ,Sarriŕ-Sant Gervasi,Sarriŕ,Sant Joan Bosco,Thursday,2020-07-30,Laboral,2020,7,July,30,Morning,12:00:00,Desobeir el senyal del semŕfor,Motorcycle,Female,47,Driver,Unknown,Unknown,Other activities,Minor injury: Medical assistance at accident site,427198.57,4583057.24,2.12803594,41.393908373
2020S003480    ,Grŕcia,el Camp d'en Grassot i Grŕcia Nova,Sant Joan,Thursday,2020-07-30,Laboral,2020,7,July,30,Afternoon,19:00:00,Unknown,Ciclomotor,Female,42,Driver,Unknown,Unknown,Leisure and entertainment,Minor injury: Hospitalization up to 24 hours,430374.66,4583905.65,2.16592629,41.40183112
2020S003480    ,Grŕcia,el Camp d'en Grassot i Grŕcia Nova,Sant Joan,Thursday,2020-07-30,Laboral,2020,7,July,30,Afternoon,19:00:00,Unknown,Car,Male,24,Driver,Unknown,Unknown,Leisure and entertainment,Uninjured,430374.66,4583905.65,2.16592629,41.40183112
2020S003481    ,Sant Andreu,el Bon Pastor,Potosí,Thursday,2020-07-30,Laboral,2020,7,July,30,Afternoon,19:00:00,Unknown,Car,Female,17,Passenger,Unknown,Unknown,Unknown,Minor injury: Hospitalization up to 24 hours,433272.5,4588446.56,2.20008937,41.442975657
2020S003481    ,Sant Andreu,el Bon Pastor,Potosí,Thursday,2020-07-30,Laboral,2020,7,July,30,Afternoon,19:00:00,Unknown,Car,Male,46,Driver,Unknown,Unknown,Other activities,Uninjured,433272.5,4588446.56,2.20008937,41.442975657
2020S003481    ,Sant Andreu,el Bon Pastor,Potosí,Thursday,2020-07-30,Laboral,2020,7,July,30,Afternoon,19:00:00,Unknown,Car,Male,19,Driver,Unknown,Unknown,Other activities,Uninjured,433272.5,4588446.56,2.20008937,41.442975657
2020S003482    ,Sant Martí,Sant Martí de Provençals,Bac de Roda,Thursday,2020-07-30,Laboral,2020,7,July,30,Afternoon,20:00:00,Unknown,Motorcycle,Male,50,Driver,Unknown,Unknown,Unknown,Uninjured,432847.49,4585262.44,2.19535601,41.414261815
2020S003483    ,Horta-Guinardó,la Clota,Estatut,Thursday,2020-07-30,Laboral,2020,7,July,30,Afternoon,20:00:00,Unknown,Motorcycle,Male,29,Driver,Unknown,Unknown,Leisure and entertainment,Minor injury: Hospitalization up to 24 hours,429578.58,4586999.63,2.15604315,41.429628058
2020S003483    ,Horta-Guinardó,la Clota,Estatut,Thursday,2020-07-30,Laboral,2020,7,July,30,Afternoon,20:00:00,Unknown,Car,Male,25,Driver,Unknown,Unknown,Leisure and entertainment,Uninjured,429578.58,4586999.63,2.15604315,41.429628058
2020S003484    ,Sarriŕ-Sant Gervasi,Sant Gervasi - Galvany,Diagonal,Thursday,2020-07-30,Laboral,2020,7,July,30,Afternoon,15:00:00,Unknown,Motorcycle,Male,28,Driver,Unknown,Unknown,In transit (commuting),Minor injury: Medical assistance at accident site,428682.75,4582975.99,2.14579714,41.393309641
2020S003484    ,Sarriŕ-Sant Gervasi,Sant Gervasi - Galvany,Diagonal,Thursday,2020-07-30,Laboral,2020,7,July,30,Afternoon,15:00:00,Unknown,Motorcycle,Male,22,Driver,Unknown,Unknown,In transit (commuting),Uninjured,428682.75,4582975.99,2.14579714,41.393309641
2020S003484    ,Sarriŕ-Sant Gervasi,Sant Gervasi - Galvany,Diagonal,Thursday,2020-07-30,Laboral,2020,7,July,30,Afternoon,15:00:00,Unknown,Motorcycle,Male,48,Driver,Unknown,Unknown,In transit (commuting),Minor injury: Hospitalization up to 24 hours,428682.75,4582975.99,2.14579714,41.393309641
2020S003485    ,Eixample,la Dreta de l'Eixample,Grŕcia,Thursday,2020-07-30,Laboral,2020,7,July,30,Afternoon,17:00:00,Unknown,Car,Male,33,Driver,Unknown,Unknown,Other activities,Uninjured,430712.23,4582406.88,2.17013592,41.388361348
2020S003485    ,Eixample,la Dreta de l'Eixample,Grŕcia,Thursday,2020-07-30,Laboral,2020,7,July,30,Afternoon,17:00:00,Unknown,Motorcycle,Female,19,Passenger,Unknown,Unknown,Unknown,Minor injury: Hospitalization up to 24 hours,430712.23,4582406.88,2.17013592,41.388361348
2020S003485    ,Eixample,la Dreta de l'Eixample,Grŕcia,Thursday,2020-07-30,Laboral,2020,7,July,30,Afternoon,17:00:00,Unknown,Motorcycle,Male,51,Driver,Unknown,Unknown,Other activities,Minor injury: Hospitalization up to 24 hours,430712.23,4582406.88,2.17013592,41.388361348
2020S003486    ,Sarriŕ-Sant Gervasi,Sant Gervasi - la Bonanova,Cister,Friday,2020-07-31,Laboral,2020,7,July,31,Night,00:00:00,Others,Motorcycle,Male,26,Pedestrian,Unknown,Unknown,Unknown,Uninjured,427759.38,4584886.12,2.13452516,41.410430949
2020S003486    ,Sarriŕ-Sant Gervasi,Sant Gervasi - la Bonanova,Cister,Friday,2020-07-31,Laboral,2020,7,July,31,Night,00:00:00,Others,Motorcycle,Male,34,Driver,Unknown,Unknown,Unknown,Minor injury: Medical assistance at accident site,427759.38,4584886.12,2.13452516,41.410430949
2020S003487    ,Eixample,el Fort Pienc,Corts Catalanes,Friday,2020-07-31,Laboral,2020,7,July,31,Morning,07:00:00,Unknown,Car,Male,56,Driver,Unknown,Unknown,Unknown,Uninjured,431269.97,4583184.65,2.17671798,41.395414371
2020S003487    ,Eixample,el Fort Pienc,Corts Catalanes,Friday,2020-07-31,Laboral,2020,7,July,31,Morning,07:00:00,Unknown,Motorcycle,Male,21,Driver,Unknown,Unknown,In transit (commuting),Minor injury: Medical assistance at accident site,431269.97,4583184.65,2.17671798,41.395414371
2020S003488    ,Sarriŕ-Sant Gervasi,les Tres Torres,Doctor Fleming,Friday,2020-07-31,Laboral,2020,7,July,31,Morning,10:00:00,Unknown,Furgoneta,Male,64,Driver,Unknown,Unknown,On a mission,Uninjured,427806.23,4582884.6,2.13532447,41.39240828
2020S003488    ,Sarriŕ-Sant Gervasi,les Tres Torres,Doctor Fleming,Friday,2020-07-31,Laboral,2020,7,July,31,Morning,10:00:00,Unknown,Tot terreny,Male,45,Driver,Unknown,Unknown,Unknown,Minor injury: Hospitalization up to 24 hours,427806.23,4582884.6,2.13532447,41.39240828
2020S003489    ,Sarriŕ-Sant Gervasi,Sant Gervasi - la Bonanova,Muntaner,Friday,2020-07-31,Laboral,2020,7,July,31,Morning,10:00:00,Unknown,Furgoneta,Male,19,Driver,Unknown,Unknown,Professional goods transport,Uninjured,427927.73,4584149.74,2.13662697,41.403813798