Case_Number,District_Name,Neighborhood_Name,Street_Name,Day_of_Week,Date,Day_Type_Description,Year,Month_of_Year,Month_Name,Day_of_Month,Shift_Description,Hour_of_Day,Pedestrian_Cause_Description,Involved_Vehicle_Type_Description,Gender_Description,Age,Person_Type_Description,Pedestrian_Accident_Location_Description,Pedestrian_Movement_Reason_Description,Driver_Movement_Reason_Description,Victimization_Description,Coordenada_UTM_X,Coordenada_UTM_Y,Longitud,Latitud
2020S003577    ,Grŕcia,el Camp d'en Grassot i Grŕcia Nova,Sant Antoni Maria Claret,Thursday,2020-08-06,Laboral,2020,8,August,6,Morning,08:00:00,Unknown,Car,Male,36,Driver,Unknown,Unknown,Other activities,Uninjured,430335.42,4584216.08,2.16542115,41.404623658
2020S003577    ,Grŕcia,el Camp d'en Grassot i Grŕcia Nova,Sant Antoni Maria Claret,Thursday,2020-08-06,Laboral,2020,8,August,6,Morning,08:00:00,Unknown,Motorcycle,Female,48,Driver,Unknown,Unknown,Unknown,Minor injury: Hospitalization up to 24 hours,430335.42,4584216.08,2.16542115,41.404623658
2020S003578    ,Eixample,l'Antiga Esquerra de l'Eixample,Villarroel,Thursday,2020-08-06,Laboral,2020,8,August,6,Morning,10:00:00,Unknown,Furgoneta,Male,42,Pedestrian,In crossing regulated by traffic lights,On a mission,Unknown,Minor injury: Hospitalization up to 24 hours,429757.02,4581913.56,2.15876921,41.383835281
2020S003578    ,Eixample,l'Antiga Esquerra de l'Eixample,Villarroel,Thursday,2020-08-06,Laboral,2020,8,August,6,Morning,10:00:00,Unknown,Furgoneta,Male,64,Driver,In crossing regulated by traffic lights,Unknown,In transit (commuting),Uninjured,429757.02,4581913.56,2.15876921,41.383835281
2020S003579    ,Horta-Guinardó,Sant Genís dels Agudells,Vista-rica,Thursday,2020-08-06,Laboral,2020,8,August,6,Morning,11:00:00,Unknown,Motorcycle,Male,21,Driver,Unknown,Unknown,Unknown,Minor injury: Hospitalization up to 24 hours,426851.47,4586908.1,2.12341866,41.428559833
2020S003579    ,Horta-Guinardó,Sant Genís dels Agudells,Vista-rica,Thursday,2020-08-06,Laboral,2020,8,August,6,Morning,11:00:00,Unknown,Car,Female,31,Driver,Unknown,Unknown,Unknown,Uninjured,426851.47,4586908.1,2.12341866,41.428559833
2020S003580    ,Grŕcia,el Camp d'en Grassot i Grŕcia Nova,Sant Joan,Thursday,2020-08-06,Laboral,2020,8,August,6,Morning,12:00:00,Unknown,Motorcycle,Male,55,Driver,Unknown,Unknown,On a mission,Minor injury: Medical assistance at accident site,430166.39,4584192.35,2.16340185,41.404395256
2020S003580    ,Grŕcia,el Camp d'en Grassot i Grŕcia Nova,Sant Joan,Thursday,2020-08-06,Laboral,2020,8,August,6,Morning,12:00:00,Unknown,Furgoneta,Male,39,Driver,Unknown,Unknown,Professional goods transport,Uninjured,430166.39,4584192.35,2.16340185,41.404395256
2020S003581    ,Eixample,la Dreta de l'Eixample,Cňrsega,Thursday,2020-08-06,Laboral,2020,8,August,6,Morning,13:00:00,Unknown,Motorcycle,Female,34,Driver,Unknown,Unknown,Unknown,Minor injury: Hospitalization up to 24 hours,429709.42,4583200.51,2.15805055,41.395422252
2020S003582    ,Sarriŕ-Sant Gervasi,Sant Gervasi - la Bonanova,General Mitre,Thursday,2020-08-06,Laboral,2020,8,August,6,Morning,13:00:00,Unknown,Furgoneta,Male,52,Driver,Unknown,Unknown,On a mission,Uninjured,427882.69,4583897.92,2.1361182,41.401541716
2020S003582    ,Sarriŕ-Sant Gervasi,Sant Gervasi - la Bonanova,General Mitre,Thursday,2020-08-06,Laboral,2020,8,August,6,Morning,13:00:00,Unknown,Motorcycle,Male,51,Driver,Unknown,Unknown,Unknown,Minor injury: Hospitalization up to 24 hours,427882.69,4583897.92,2.1361182,41.401541716
2020S003583    ,Eixample,Sant Antoni,Parlament,Thursday,2020-08-06,Laboral,2020,8,August,6,Morning,13:00:00,Unknown,"Camió rígid <= 3,5 tones",Male,60,Driver,Unknown,Unknown,Unknown,Uninjured,430049.33,4581054.67,2.16236407,41.376125006
2020S003583    ,Eixample,Sant Antoni,Parlament,Thursday,2020-08-06,Laboral,2020,8,August,6,Morning,13:00:00,Unknown,Motorcycle,Male,40,Driver,Unknown,Unknown,Unknown,Minor injury: Hospitalization up to 24 hours,430049.33,4581054.67,2.16236407,41.376125006
2020S003584    ,Eixample,la Dreta de l'Eixample,Aragó,Thursday,2020-08-06,Laboral,2020,8,August,6,Afternoon,14:00:00,Unknown,Motorcycle,Male,33,Driver,Unknown,Unknown,Unknown,Minor injury: Hospitalization up to 24 hours,430482.61,4583013.34,2.1673201,41.39380372
2020S003584    ,Eixample,la Dreta de l'Eixample,Aragó,Thursday,2020-08-06,Laboral,2020,8,August,6,Afternoon,14:00:00,Unknown,Car,Male,28,Driver,Unknown,Unknown,Unknown,Uninjured,430482.61,4583013.34,2.1673201,41.39380372
2020S003585    ,Sant Martí,el Parc i la Llacuna del Poblenou,Marina,Thursday,2020-08-06,Laboral,2020,8,August,6,Afternoon,17:00:00,Unknown,Autobús,Male,60,Driver,Unknown,Unknown,Urban bus,Uninjured,432244.91,4583025.46,2.18839703,41.394063371
2020S003585    ,Sant Martí,el Parc i la Llacuna del Poblenou,Marina,Thursday,2020-08-06,Laboral,2020,8,August,6,Afternoon,17:00:00,Unknown,Autobús,Female,56,Passenger,Unknown,Unknown,Unknown,Minor injury: Hospitalization up to 24 hours,432244.91,4583025.46,2.18839703,41.394063371
2020S003585    ,Sant Martí,el Parc i la Llacuna del Poblenou,Marina,Thursday,2020-08-06,Laboral,2020,8,August,6,Afternoon,17:00:00,Unknown,Autobús,Female,34,Passenger,Unknown,Unknown,Unknown,Minor injury: Hospitalization up to 24 hours,432244.91,4583025.46,2.18839703,41.394063371
2020S003586    ,Sarriŕ-Sant Gervasi,Sant Gervasi - Galvany,Balmes,Thursday,2020-08-06,Laboral,2020,8,August,6,Afternoon,18:00:00,Unknown,Motorcycle,Male,41,Driver,Unknown,Unknown,Other activities,Minor injury: Medical assistance at accident site,429091.47,4583596.52,2.15061292,41.398934691
2020S003586    ,Sarriŕ-Sant Gervasi,Sant Gervasi - Galvany,Balmes,Thursday,2020-08-06,Laboral,2020,8,August,6,Afternoon,18:00:00,Unknown,Furgoneta,Male,45,Driver,Unknown,Unknown,On a mission,Uninjured,429091.47,4583596.52,2.15061292,41.398934691
2020S003587    ,Horta-Guinardó,Montbau,B-20 (Llobregat),Thursday,2020-08-06,Laboral,2020,8,August,6,Afternoon,14:00:00,Unknown,Autobús articulat,Female,21,Passenger,Unknown,Unknown,Unknown,Minor injury: Hospitalization up to 24 hours,428461.5,4586654.83,2.14271573,41.426423822
2020S003587    ,Horta-Guinardó,Montbau,B-20 (Llobregat),Thursday,2020-08-06,Laboral,2020,8,August,6,Afternoon,14:00:00,Unknown,Car,Male,72,Driver,Unknown,Unknown,Unknown,Uninjured,428461.5,4586654.83,2.14271573,41.426423822
2020S003587    ,Horta-Guinardó,Montbau,B-20 (Llobregat),Thursday,2020-08-06,Laboral,2020,8,August,6,Afternoon,14:00:00,Unknown,Autobús articulat,Male,52,Driver,Unknown,Unknown,Urban bus,Uninjured,428461.5,4586654.83,2.14271573,41.426423822
2020S003588    ,Eixample,Sant Antoni,Sant Pau,Thursday,2020-08-06,Laboral,2020,8,August,6,Afternoon,20:00:00,Desobeir el senyal del semŕfor,Bicicleta,Male,46,Driver,In crossing regulated by traffic lights,Unknown,Leisure and entertainment,Minor injury: Hospitalization up to 24 hours,430183.08,4581247.36,2.16394116,41.377872129
2020S003588    ,Eixample,Sant Antoni,Sant Pau,Thursday,2020-08-06,Laboral,2020,8,August,6,Afternoon,20:00:00,Desobeir el senyal del semŕfor,Bicicleta,Male,65,Pedestrian,In crossing regulated by traffic lights,Leisure and entertainment,Unknown,Uninjured,430183.08,4581247.36,2.16394116,41.377872129
2020S003589    ,Les Corts,Pedralbes,Diagonal,Thursday,2020-08-06,Laboral,2020,8,August,6,Night,22:00:00,Unknown,Motorcycle,Male,50,Driver,Unknown,Unknown,Unknown,Minor injury: Medical assistance at accident site,425818.02,4582082.48,2.11164334,41.385002917
2020S003589    ,Les Corts,Pedralbes,Diagonal,Thursday,2020-08-06,Laboral,2020,8,August,6,Night,22:00:00,Unknown,Furgoneta,Male,50,Driver,Unknown,Unknown,Unknown,Uninjured,425818.02,4582082.48,2.11164334,41.385002917
2020S003589    ,Les Corts,Pedralbes,Diagonal,Thursday,2020-08-06,Laboral,2020,8,August,6,Night,22:00:00,Unknown,Motorcycle,Male,19,Passenger,Unknown,Unknown,Unknown,Minor injury: Medical assistance at accident site,425818.02,4582082.48,2.11164334,41.385002917
2020S003590    ,Eixample,la Sagrada Família,Aragó,Thursday,2020-08-06,Laboral,2020,8,August,6,Night,23:00:00,Unknown,Veh. mobilitat personal amb motor,Male,61,Driver,Unknown,Unknown,Leisure and entertainment,Minor injury: Hospitalization up to 24 hours,431343.86,4583894.42,2.17752124,41.40181337
2020S003590    ,Eixample,la Sagrada Família,Aragó,Thursday,2020-08-06,Laboral,2020,8,August,6,Night,23:00:00,Unknown,Bicicleta,Male,29,Driver,Unknown,Unknown,Leisure and entertainment,Uninjured,431343.86,4583894.42,2.17752124,41.40181337
2020S003591    ,Eixample,la Dreta de l'Eixample,Roger de Llúria,Friday,2020-08-07,Laboral,2020,8,August,7,Night,02:00:00,Unknown,Car,Male,50,Driver,Unknown,Unknown,In transit (commuting),Uninjured,430515.85,4583018.04,2.16771713,41.393848925
2020S003591    ,Eixample,la Dreta de l'Eixample,Roger de Llúria,Friday,2020-08-07,Laboral,2020,8,August,7,Night,02:00:00,Unknown,Motorcycle,Male,39,Driver,Unknown,Unknown,Unknown,Minor injury: Medical assistance at accident site,430515.85,4583018.04,2.16771713,41.393848925
2020S003593    ,Eixample,l'Antiga Esquerra de l'Eixample,Consell de Cent,Friday,2020-08-07,Laboral,2020,8,August,7,Morning,08:00:00,Unknown,Veh. mobilitat personal amb motor,Male,50,Driver,Unknown,Unknown,In transit (commuting),Minor injury: Medical assistance at accident site,429817.3,4582181.94,2.15945898,41.386257757
2020S003593    ,Eixample,l'Antiga Esquerra de l'Eixample,Consell de Cent,Friday,2020-08-07,Laboral,2020,8,August,7,Morning,08:00:00,Unknown,Taxi,Male,24,Driver,Unknown,Unknown,On a mission,Uninjured,429817.3,4582181.94,2.15945898,41.386257757
2020S003594    ,Eixample,Sant Antoni,Floridablanca,Friday,2020-08-07,Laboral,2020,8,August,7,Morning,09:00:00,Unknown,Motorcycle,Male,42,Driver,Unknown,Unknown,Leisure and entertainment,Uninjured,430001.97,4581603.85,2.16173431,41.381067182
2020S003594    ,Eixample,Sant Antoni,Floridablanca,Friday,2020-08-07,Laboral,2020,8,August,7,Morning,09:00:00,Unknown,Motorcycle,Male,47,Driver,Unknown,Unknown,In transit (commuting),Minor injury: Refused medical assistance,430001.97,4581603.85,2.16173431,41.381067182
2020S003595    ,Eixample,la Dreta de l'Eixample,Aragó,Friday,2020-08-07,Laboral,2020,8,August,7,Morning,09:00:00,Unknown,"Camió rígid <= 3,5 tones",Male,45,Driver,Unknown,Unknown,Unknown,Uninjured,430640.19,4583167.83,2.16918715,41.395208776
2020S003595    ,Eixample,la Dreta de l'Eixample,Aragó,Friday,2020-08-07,Laboral,2020,8,August,7,Morning,09:00:00,Unknown,Motorcycle,Male,60,Driver,Unknown,Unknown,Unknown,Minor injury: Hospitalization up to 24 hours,430640.19,4583167.83,2.16918715,41.395208776
2020S003596    ,Eixample,l'Antiga Esquerra de l'Eixample,Mallorca,Friday,2020-08-07,Laboral,2020,8,August,7,Morning,13:00:00,Unknown,Motorcycle,Male,68,Driver,Unknown,Unknown,Unknown,Minor injury: Medical assistance at accident site,429284.24,4582250.1,2.15307604,41.386824942
2020S003596    ,Eixample,l'Antiga Esquerra de l'Eixample,Mallorca,Friday,2020-08-07,Laboral,2020,8,August,7,Morning,13:00:00,Unknown,Furgoneta,Male,49,Driver,Unknown,Unknown,Unknown,Uninjured,429284.24,4582250.1,2.15307604,41.386824942
2020S003597    ,Sants-Montjuďc,el Poble-sec,Paralˇlel,Friday,2020-08-07,Laboral,2020,8,August,7,Afternoon,14:00:00,Unknown,Car,Male,41,Driver,Unknown,Unknown,Leisure and entertainment,Uninjured,430253.29,4580904.94,2.16482013,41.374794146
2020S003597    ,Sants-Montjuďc,el Poble-sec,Paralˇlel,Friday,2020-08-07,Laboral,2020,8,August,7,Afternoon,14:00:00,Unknown,Motorcycle,Male,23,Driver,Unknown,Unknown,Leisure and entertainment,Minor injury: Hospitalization up to 24 hours,430253.29,4580904.94,2.16482013,41.374794146
2020S003598    ,Eixample,la Dreta de l'Eixample,Sant Pere,Friday,2020-08-07,Laboral,2020,8,August,7,Afternoon,15:00:00,Unknown,Car,Female,22,Driver,Unknown,Unknown,Unknown,Uninjured,430862.66,4582420.54,2.17193344,41.38849733
2020S003598    ,Eixample,la Dreta de l'Eixample,Sant Pere,Friday,2020-08-07,Laboral,2020,8,August,7,Afternoon,15:00:00,Unknown,Motorcycle,Male,30,Driver,Unknown,Unknown,Unknown,Minor injury: Hospitalization up to 24 hours,430862.66,4582420.54,2.17193344,41.38849733
2020S003599    ,Eixample,el Fort Pienc,Diputació,Friday,2020-08-07,Laboral,2020,8,August,7,Morning,13:00:00,Unknown,Car,Female,89,Passenger,Unknown,Unknown,Unknown,Minor injury: Hospitalization up to 24 hours,431485.13,4583655.26,2.17923821,41.399671386
2020S003599    ,Eixample,el Fort Pienc,Diputació,Friday,2020-08-07,Laboral,2020,8,August,7,Morning,13:00:00,Unknown,Car,Female,59,Driver,Unknown,Unknown,Leisure and entertainment,Minor injury: Hospitalization up to 24 hours,431485.13,4583655.26,2.17923821,41.399671386
2020S003600    ,Eixample,la Dreta de l'Eixample,Corts Catalanes,Friday,2020-08-07,Laboral,2020,8,August,7,Afternoon,17:00:00,Unknown,Car,Male,61,Driver,Unknown,Unknown,Unknown,Uninjured,430942.6,4582939.19,2.17283033,41.393175526
2020S003600    ,Eixample,la Dreta de l'Eixample,Corts Catalanes,Friday,2020-08-07,Laboral,2020,8,August,7,Afternoon,17:00:00,Unknown,Car,Male,44,Driver,Unknown,Unknown,Unknown,Uninjured,430942.6,4582939.19,2.17283033,41.393175526
2020S003600    ,Eixample,la Dreta de l'Eixample,Corts Catalanes,Friday,2020-08-07,Laboral,2020,8,August,7,Afternoon,17:00:00,Unknown,Car,Female,60,Passenger,Unknown,Unknown,Unknown,Minor injury: Hospitalization up to 24 hours,430942.6,4582939.19,2.17283033,41.393175526
2020S003601    ,Sarriŕ-Sant Gervasi,Sarriŕ,Sant Joan Bosco,Friday,2020-08-07,Laboral,2020,8,August,7,Afternoon,17:00:00,Unknown,Furgoneta,Male,50,Driver,Unknown,Unknown,In transit (commuting),Uninjured,427162.34,4583095.24,2.12759804,41.394247341
2020S003601    ,Sarriŕ-Sant Gervasi,Sarriŕ,Sant Joan Bosco,Friday,2020-08-07,Laboral,2020,8,August,7,Afternoon,17:00:00,Unknown,Car,Female,27,Driver,Unknown,Unknown,Leisure and entertainment,Minor injury: Hospitalization up to 24 hours,427162.34,4583095.24,2.12759804,41.394247341
2020S003602    ,Sants-Montjuďc,la Marina del Prat Vermell,A Zona Franca,Friday,2020-08-07,Laboral,2020,8,August,7,Afternoon,15:00:00,Unknown,Tractor camió,Male,27,Driver,Unknown,Unknown,On a mission,Uninjured,427802.19,4575859.56,2.13611271,41.329135766
2020S003602    ,Sants-Montjuďc,la Marina del Prat Vermell,A Zona Franca,Friday,2020-08-07,Laboral,2020,8,August,7,Afternoon,15:00:00,Unknown,Car,Female,46,Driver,Unknown,Unknown,Leisure and entertainment,Minor injury: Medical assistance at accident site,427802.19,4575859.56,2.13611271,41.329135766
2020S003603    ,Sant Andreu,la Trinitat Vella,Ribes,Friday,2020-08-07,Laboral,2020,8,August,7,Afternoon,16:00:00,Unknown,Motorcycle,Female,32,Driver,Unknown,Unknown,Unknown,Minor injury: Hospitalization up to 24 hours,432396.14,4589129.11,2.18952315,41.449049788
2020S003604    ,Horta-Guinardó,el Guinardó,Sant Quintí,Saturday,2020-08-08,Laboral,2020,8,August,8,Night,00:00:00,Unknown,Motorcycle,Female,50,Driver,Unknown,Unknown,Unknown,Uninjured,431191.96,4585421.52,2.17553046,41.415554475
2020S003605    ,Eixample,la Dreta de l'Eixample,Sant Joan,Friday,2020-08-07,Laboral,2020,8,August,7,Night,23:00:00,Unknown,Bicicleta,Male,17,Driver,Unknown,Unknown,Unknown,Minor injury: Medical assistance at accident site,430920.13,4583421.71,2.1725065,41.397519504
2020S003605    ,Eixample,la Dreta de l'Eixample,Sant Joan,Friday,2020-08-07,Laboral,2020,8,August,7,Night,23:00:00,Unknown,Motorcycle,Female,24,Passenger,Unknown,Unknown,Unknown,Minor injury: Hospitalization up to 24 hours,430920.13,4583421.71,2.1725065,41.397519504
2020S003605    ,Eixample,la Dreta de l'Eixample,Sant Joan,Friday,2020-08-07,Laboral,2020,8,August,7,Night,23:00:00,Unknown,Motorcycle,Male,25,Driver,Unknown,Unknown,Unknown,Minor injury: Hospitalization up to 24 hours,430920.13,4583421.71,2.1725065,41.397519504
2020S003606    ,Horta-Guinardó,Sant Genís dels Agudells,Sant Cugat,Friday,2020-08-07,Laboral,2020,8,August,7,Night,23:00:00,Unknown,Ciclomotor,Male,15,Passenger,Unknown,Unknown,Unknown,Minor injury: Hospitalization up to 24 hours,427101.5,4587210.28,2.12637428,41.431304169
2020S003606    ,Horta-Guinardó,Sant Genís dels Agudells,Sant Cugat,Friday,2020-08-07,Laboral,2020,8,August,7,Night,23:00:00,Unknown,Ciclomotor,Male,16,Driver,Unknown,Unknown,Leisure and entertainment,Minor injury: Hospitalization up to 24 hours,427101.5,4587210.28,2.12637428,41.431304169
2020S003606    ,Horta-Guinardó,Sant Genís dels Agudells,Sant Cugat,Friday,2020-08-07,Laboral,2020,8,August,7,Night,23:00:00,Unknown,Ciclomotor,Male,17,Driver,Unknown,Unknown,Leisure and entertainment,Minor injury: Hospitalization up to 24 hours,427101.5,4587210.28,2.12637428,41.431304169
2020S003607    ,Les Corts,les Corts,Mig (Ascendent),Saturday,2020-08-08,Laboral,2020,8,August,8,Morning,10:00:00,Unknown,Motorcycle,Female,45,Passenger,Unknown,Unknown,Unknown,Minor injury: Medical assistance at accident site,427123.32,4582225.98,2.12723598,41.386414733
2020S003607    ,Les Corts,les Corts,Mig (Ascendent),Saturday,2020-08-08,Laboral,2020,8,August,8,Morning,10:00:00,Unknown,Motorcycle,Male,55,Driver,Unknown,Unknown,Leisure and entertainment,Minor injury: Medical assistance at accident site,427123.32,4582225.98,2.12723598,41.386414733
2020S003607    ,Les Corts,les Corts,Mig (Ascendent),Saturday,2020-08-08,Laboral,2020,8,August,8,Morning,10:00:00,Unknown,Car,Female,20,Driver,Unknown,Unknown,In transit (commuting),Uninjured,427123.32,4582225.98,2.12723598,41.386414733
2020S003608    ,Eixample,la Dreta de l'Eixample,Bailčn,Saturday,2020-08-08,Laboral,2020,8,August,8,Morning,11:00:00,Unknown,Car,Female,26,Passenger,Unknown,Unknown,Unknown,Minor injury: Medical assistance at accident site,430665.17,4583439.12,2.16945485,41.397654354
2020S003608    ,Eixample,la Dreta de l'Eixample,Bailčn,Saturday,2020-08-08,Laboral,2020,8,August,8,Morning,11:00:00,Unknown,Car,Male,53,Driver,Unknown,Unknown,Unknown,Uninjured,430665.17,4583439.12,2.16945485,41.397654354
2020S003608    ,Eixample,la Dreta de l'Eixample,Bailčn,Saturday,2020-08-08,Laboral,2020,8,August,8,Morning,11:00:00,Unknown,Car,Male,34,Driver,Unknown,Unknown,Leisure and entertainment,Uninjured,430665.17,4583439.12,2.16945485,41.397654354
2020S003608    ,Eixample,la Dreta de l'Eixample,Bailčn,Saturday,2020-08-08,Laboral,2020,8,August,8,Morning,11:00:00,Unknown,Car,Female,30,Passenger,Unknown,Unknown,Unknown,Minor injury: Medical assistance at accident site,430665.17,4583439.12,2.16945485,41.397654354
2020S003609    ,Eixample,la Nova Esquerra de l'Eixample,Provença,Saturday,2020-08-08,Laboral,2020,8,August,8,Afternoon,15:00:00,Unknown,Veh. mobilitat personal amb motor,Female,37,Driver,Unknown,Unknown,Unknown,Minor injury: Hospitalization up to 24 hours,428680.35,4581812.81,2.14590545,41.382833082
2020S003609    ,Eixample,la Nova Esquerra de l'Eixample,Provença,Saturday,2020-08-08,Laboral,2020,8,August,8,Afternoon,15:00:00,Unknown,Car,Male,36,Driver,Unknown,Unknown,Taxi,Uninjured,428680.35,4581812.81,2.14590545,41.382833082
2020S003610    ,Grŕcia,Vallcarca i els Penitents,Dalt (Besňs),Saturday,2020-08-08,Laboral,2020,8,August,8,Afternoon,18:00:00,Unknown,Car,Male,53,Driver,Unknown,Unknown,In transit (commuting),Uninjured,428041.37,4585531.96,2.13782191,41.416273069
2020S003611    ,Unknown,Unknown,Unknown,Saturday,2020-08-08,Laboral,2020,8,August,8,Afternoon,19:00:00,Unknown,Car,Male,47,Driver,Unknown,Unknown,In transit (commuting),Uninjured,-1.0,-1.0,-1.4885764,-9.019e-06
2020S003612    ,Eixample,la Sagrada Família,Rosselló,Saturday,2020-08-08,Laboral,2020,8,August,8,Night,22:00:00,Unknown,Motorcycle,Male,3,Pedestrian,In crossing regulated by traffic lights,Unknown,Unknown,Minor injury: Medical assistance at accident site,431190.47,4584495.65,2.17561798,41.407215338
2020S003612    ,Eixample,la Sagrada Família,Rosselló,Saturday,2020-08-08,Laboral,2020,8,August,8,Night,22:00:00,Unknown,Motorcycle,Female,24,Driver,In crossing regulated by traffic lights,Unknown,Leisure and entertainment,Uninjured,431190.47,4584495.65,2.17561798,41.407215338
2020S003612    ,Eixample,la Sagrada Família,Rosselló,Saturday,2020-08-08,Laboral,2020,8,August,8,Night,22:00:00,Unknown,Motorcycle,Female,42,Pedestrian,In crossing regulated by traffic lights,Unknown,Unknown,Minor injury: Medical assistance at accident site,431190.47,4584495.65,2.17561798,41.407215338
2020S003613    ,Eixample,la Sagrada Família,Padilla,Saturday,2020-08-08,Laboral,2020,8,August,8,Night,22:00:00,Unknown,Car,Male,32,Driver,Unknown,Unknown,Leisure and entertainment,Uninjured,430915.31,4584726.19,2.17229988,41.409268122
2020S003613    ,Eixample,la Sagrada Família,Padilla,Saturday,2020-08-08,Laboral,2020,8,August,8,Night,22:00:00,Unknown,Car,Male,42,Driver,Unknown,Unknown,Unknown,Uninjured,430915.31,4584726.19,2.17229988,41.409268122
2020S003613    ,Eixample,la Sagrada Família,Padilla,Saturday,2020-08-08,Laboral,2020,8,August,8,Night,22:00:00,Unknown,Car,Female,35,Passenger,Unknown,Unknown,Unknown,Minor injury: Refused medical assistance,430915.31,4584726.19,2.17229988,41.409268122
2020S003614    ,Eixample,el Fort Pienc,Diagonal,Saturday,2020-08-08,Laboral,2020,8,August,8,Night,22:00:00,Unknown,Car,Male,26,Driver,Unknown,Unknown,Leisure and entertainment,Uninjured,431167.21,4583735.85,2.17542617,41.400370067
2020S003614    ,Eixample,el Fort Pienc,Diagonal,Saturday,2020-08-08,Laboral,2020,8,August,8,Night,22:00:00,Unknown,Motorcycle,Male,30,Driver,Unknown,Unknown,Leisure and entertainment,Minor injury: Hospitalization up to 24 hours,431167.21,4583735.85,2.17542617,41.400370067
2020S003615    ,Eixample,la Sagrada Família,Valčncia,Sunday,2020-08-09,Laboral,2020,8,August,9,Night,03:00:00,Unknown,Car,Male,35,Driver,Unknown,Unknown,Leisure and entertainment,Uninjured,431168.82,4583870.15,2.17543015,41.401579803
2020S003615    ,Eixample,la Sagrada Família,Valčncia,Sunday,2020-08-09,Laboral,2020,8,August,9,Night,03:00:00,Unknown,Car,Male,44,Driver,Unknown,Unknown,Taxi,Minor injury: Hospitalization up to 24 hours,431168.82,4583870.15,2.17543015,41.401579803
2020S003616    ,Ciutat Vella,la Barceloneta,Litoral (Llobregat),Sunday,2020-08-09,Laboral,2020,8,August,9,Afternoon,16:00:00,Unknown,Car,Female,34,Passenger,Unknown,Unknown,Unknown,Minor injury: Hospitalization up to 24 hours,432786.88,4582237.77,2.19496685,41.387014349
2020S003616    ,Ciutat Vella,la Barceloneta,Litoral (Llobregat),Sunday,2020-08-09,Laboral,2020,8,August,9,Afternoon,16:00:00,Unknown,Car,Male,59,Driver,Unknown,Unknown,Unknown,Uninjured,432786.88,4582237.77,2.19496685,41.387014349
2020S003616    ,Ciutat Vella,la Barceloneta,Litoral (Llobregat),Sunday,2020-08-09,Laboral,2020,8,August,9,Afternoon,16:00:00,Unknown,Car,Male,19,Driver,Unknown,Unknown,Unknown,Minor injury: Hospitalization up to 24 hours,432786.88,4582237.77,2.19496685,41.387014349
2020S003616    ,Ciutat Vella,la Barceloneta,Litoral (Llobregat),Sunday,2020-08-09,Laboral,2020,8,August,9,Afternoon,16:00:00,Unknown,Car,Female,15,Passenger,Unknown,Unknown,Unknown,Minor injury: Hospitalization up to 24 hours,432786.88,4582237.77,2.19496685,41.387014349
2020S003616    ,Ciutat Vella,la Barceloneta,Litoral (Llobregat),Sunday,2020-08-09,Laboral,2020,8,August,9,Afternoon,16:00:00,Unknown,Car,Male,21,Driver,Unknown,Unknown,Unknown,Uninjured,432786.88,4582237.77,2.19496685,41.387014349
2020S003617    ,Eixample,la Nova Esquerra de l'Eixample,Corts Catalanes,Sunday,2020-08-09,Laboral,2020,8,August,9,Afternoon,17:00:00,Desobeir el senyal del semŕfor,Motorcycle,Female,90,Pedestrian,In crossing regulated by traffic lights,Other activities,Unknown,Minor injury: Hospitalization up to 24 hours,429358.53,4581388.6,2.15406499,41.379072228
2020S003617    ,Eixample,la Nova Esquerra de l'Eixample,Corts Catalanes,Sunday,2020-08-09,Laboral,2020,8,August,9,Afternoon,17:00:00,Desobeir el senyal del semŕfor,Motorcycle,Male,33,Driver,In crossing regulated by traffic lights,Unknown,Other activities,Uninjured,429358.53,4581388.6,2.15406499,41.379072228
2020S003618    ,Sant Martí,Provençals del Poblenou,C-31,Sunday,2020-08-09,Laboral,2020,8,August,9,Afternoon,20:00:00,Unknown,Car,Male,51,Driver,Unknown,Unknown,Leisure and entertainment,Uninjured,433081.94,4584971.32,2.1981933,41.411659346
2020S003618    ,Sant Martí,Provençals del Poblenou,C-31,Sunday,2020-08-09,Laboral,2020,8,August,9,Afternoon,20:00:00,Unknown,Motorcycle,Male,52,Driver,Unknown,Unknown,Unknown,Minor injury: Hospitalization up to 24 hours,433081.94,4584971.32,2.1981933,41.411659346
2020S003619    ,Ciutat Vella,el Raval,Paralˇlel,Sunday,2020-08-09,Laboral,2020,8,August,9,Night,00:00:00,Unknown,Car,Female,27,Driver,Unknown,Unknown,Leisure and entertainment,Uninjured,430591.58,4580942.16,2.16886085,41.37515864
2020S003620    ,Sant Andreu,Sant Andreu,B-20 (Besňs),Sunday,2020-08-09,Laboral,2020,8,August,9,Afternoon,20:00:00,Unknown,Car,Male,59,Driver,Unknown,Unknown,Other activities,Uninjured,432814.38,4588964.17,2.19454819,41.447599367
2020S003620    ,Sant Andreu,Sant Andreu,B-20 (Besňs),Sunday,2020-08-09,Laboral,2020,8,August,9,Afternoon,20:00:00,Unknown,Car,Female,52,Passenger,Unknown,Unknown,Unknown,Minor injury: Hospitalization up to 24 hours,432814.38,4588964.17,2.19454819,41.447599367
2020S003620    ,Sant Andreu,Sant Andreu,B-20 (Besňs),Sunday,2020-08-09,Laboral,2020,8,August,9,Afternoon,20:00:00,Unknown,Car,Female,6,Passenger,Unknown,Unknown,Unknown,Minor injury: Hospitalization up to 24 hours,432814.38,4588964.17,2.19454819,41.447599367
2020S003620    ,Sant Andreu,Sant Andreu,B-20 (Besňs),Sunday,2020-08-09,Laboral,2020,8,August,9,Afternoon,20:00:00,Unknown,Car,Female,33,Driver,Unknown,Unknown,Other activities,Uninjured,432814.38,4588964.17,2.19454819,41.447599367