Case_Number,District_Name,Neighborhood_Name,Street_Name,Day_of_Week,Date,Day_Type_Description,Year,Month_of_Year,Month_Name,Day_of_Month,Shift_Description,Hour_of_Day,Pedestrian_Cause_Description,Involved_Vehicle_Type_Description,Gender_Description,Age,Person_Type_Description,Pedestrian_Accident_Location_Description,Pedestrian_Movement_Reason_Description,Driver_Movement_Reason_Description,Victimization_Description,Coordenada_UTM_X,Coordenada_UTM_Y,Longitud,Latitud
2020S003622    ,Horta-Guinardó,Horta,Horta a Cerdanyola,Monday,2020-08-10,Laboral,2020,8,August,10,Morning,07:00:00,Unknown,Car,Male,54,Driver,Unknown,Unknown,Unknown,Uninjured,429406.67,4587985.02,2.15387071,41.438487962
2020S003622    ,Horta-Guinardó,Horta,Horta a Cerdanyola,Monday,2020-08-10,Laboral,2020,8,August,10,Morning,07:00:00,Unknown,Furgoneta,Male,53,Driver,Unknown,Unknown,Unknown,Minor injury: Medical assistance at accident site,429406.67,4587985.02,2.15387071,41.438487962
2020S003623    ,Sant Martí,el Parc i la Llacuna del Poblenou,Tŕnger,Monday,2020-08-10,Laboral,2020,8,August,10,Morning,11:00:00,Unknown,Motorcycle,Male,36,Driver,Unknown,Unknown,Unknown,Minor injury: Hospitalization up to 24 hours,432257.48,4583590.66,2.18848411,41.399155032
2020S003624    ,Ciutat Vella,el Raval,Litoral (Llobregat),Monday,2020-08-10,Laboral,2020,8,August,10,Morning,11:00:00,Unknown,Motorcycle,Male,41,Driver,Unknown,Unknown,Unknown,Minor injury: Medical assistance at accident site,431245.82,4580721.31,2.17670881,41.373225696
2020S003624    ,Ciutat Vella,el Raval,Litoral (Llobregat),Monday,2020-08-10,Laboral,2020,8,August,10,Morning,11:00:00,Unknown,Motorcycle,Male,11,Passenger,Unknown,Unknown,Unknown,Minor injury: Medical assistance at accident site,431245.82,4580721.31,2.17670881,41.373225696
2020S003624    ,Ciutat Vella,el Raval,Litoral (Llobregat),Monday,2020-08-10,Laboral,2020,8,August,10,Morning,11:00:00,Unknown,Car,Male,43,Driver,Unknown,Unknown,Unknown,Uninjured,431245.82,4580721.31,2.17670881,41.373225696
2020S003625    ,Nou Barris,la Prosperitat,Argullós,Monday,2020-08-10,Laboral,2020,8,August,10,Morning,10:00:00,Desobeir el senyal del semŕfor,Furgoneta,Male,85,Pedestrian,In crossing regulated by traffic lights,Leisure and entertainment,Unknown,Minor injury: Hospitalization up to 24 hours,431721.27,4588312.52,2.18153676,41.441637904
2020S003625    ,Nou Barris,la Prosperitat,Argullós,Monday,2020-08-10,Laboral,2020,8,August,10,Morning,10:00:00,Desobeir el senyal del semŕfor,Furgoneta,Male,44,Driver,In crossing regulated by traffic lights,Unknown,On a mission,Uninjured,431721.27,4588312.52,2.18153676,41.441637904
2020S003626    ,Nou Barris,Porta,Pintor Alsamora,Monday,2020-08-10,Laboral,2020,8,August,10,Morning,13:00:00,Unknown,Car,Male,72,Driver,Unknown,Unknown,Leisure and entertainment,Uninjured,431223.83,4587728.27,2.17564923,41.436333298
2020S003626    ,Nou Barris,Porta,Pintor Alsamora,Monday,2020-08-10,Laboral,2020,8,August,10,Morning,13:00:00,Unknown,Motorcycle,Male,49,Driver,Unknown,Unknown,Unknown,Minor injury: Medical assistance at accident site,431223.83,4587728.27,2.17564923,41.436333298
2020S003627    ,Sants-Montjuďc,Hostafrancs,Corts Catalanes,Monday,2020-08-10,Laboral,2020,8,August,10,Morning,11:00:00,Unknown,"Camió rígid <= 3,5 tones",Male,28,Driver,Unknown,Unknown,Unknown,Uninjured,428397.94,4580448.66,2.14268948,41.37052156
2020S003628    ,Sant Martí,el Poblenou,Llull,Monday,2020-08-10,Laboral,2020,8,August,10,Morning,12:00:00,Unknown,Motorcycle,Male,52,Driver,Unknown,Unknown,Other activities,Uninjured,433286.57,4583685.26,2.20078334,41.400093162
2020S003628    ,Sant Martí,el Poblenou,Llull,Monday,2020-08-10,Laboral,2020,8,August,10,Morning,12:00:00,Unknown,Motorcycle,Male,51,Driver,Unknown,Unknown,On a mission,Minor injury: Hospitalization up to 24 hours,433286.57,4583685.26,2.20078334,41.400093162
2020S003629    ,Eixample,l'Antiga Esquerra de l'Eixample,Casanova,Monday,2020-08-10,Laboral,2020,8,August,10,Morning,12:00:00,Unknown,Car,Male,56,Driver,Unknown,Unknown,On a mission,Uninjured,429017.65,4582862.0,2.14981607,41.392312618
2020S003629    ,Eixample,l'Antiga Esquerra de l'Eixample,Casanova,Monday,2020-08-10,Laboral,2020,8,August,10,Morning,12:00:00,Unknown,Motorcycle,Male,47,Driver,Unknown,Unknown,Unknown,Minor injury: Medical assistance at accident site,429017.65,4582862.0,2.14981607,41.392312618
2020S003630    ,Horta-Guinardó,el Guinardó,Sant Antoni Maria Claret,Saturday,2020-08-08,Laboral,2020,8,August,8,Afternoon,16:00:00,Unknown,Motorcycle,Female,40,Driver,Unknown,Unknown,Other activities,Minor injury: Hospitalization up to 24 hours,431584.59,4585440.38,2.18022601,41.415757882
2020S003630    ,Horta-Guinardó,el Guinardó,Sant Antoni Maria Claret,Saturday,2020-08-08,Laboral,2020,8,August,8,Afternoon,16:00:00,Unknown,Car,Male,49,Driver,Unknown,Unknown,Leisure and entertainment,Uninjured,431584.59,4585440.38,2.18022601,41.415757882
2020S003631    ,Nou Barris,la Prosperitat,Meridiana,Monday,2020-08-10,Laboral,2020,8,August,10,Afternoon,19:00:00,Unknown,Car,Female,48,Driver,Unknown,Unknown,Unknown,Uninjured,432100.65,4588569.31,2.18604885,41.443982913
2020S003631    ,Nou Barris,la Prosperitat,Meridiana,Monday,2020-08-10,Laboral,2020,8,August,10,Afternoon,19:00:00,Unknown,Motorcycle,Male,45,Driver,Unknown,Unknown,Unknown,Minor injury: Medical assistance at accident site,432100.65,4588569.31,2.18604885,41.443982913
2020S003632    ,Eixample,l'Antiga Esquerra de l'Eixample,Casanova,Monday,2020-08-10,Laboral,2020,8,August,10,Afternoon,20:00:00,Unknown,Motorcycle,Male,28,Driver,Unknown,Unknown,Unknown,Minor injury: Medical assistance at accident site,429017.65,4582862.0,2.14981607,41.392312618
2020S003633    ,Eixample,la Dreta de l'Eixample,Consell de Cent,Monday,2020-08-10,Laboral,2020,8,August,10,Afternoon,17:00:00,Unknown,Motorcycle,Male,25,Driver,Unknown,Unknown,Leisure and entertainment,Uninjured,430113.64,4582513.89,2.16296465,41.389273339
2020S003633    ,Eixample,la Dreta de l'Eixample,Consell de Cent,Monday,2020-08-10,Laboral,2020,8,August,10,Afternoon,17:00:00,Unknown,Ciclomotor,Male,29,Driver,Unknown,Unknown,Leisure and entertainment,Minor injury: Hospitalization up to 24 hours,430113.64,4582513.89,2.16296465,41.389273339
2020S003633    ,Eixample,la Dreta de l'Eixample,Consell de Cent,Monday,2020-08-10,Laboral,2020,8,August,10,Afternoon,17:00:00,Unknown,Ciclomotor,Male,24,Passenger,Unknown,Unknown,Unknown,Minor injury: Hospitalization up to 24 hours,430113.64,4582513.89,2.16296465,41.389273339
2020S003634    ,Horta-Guinardó,Horta,Horta a Cerdanyola,Monday,2020-08-10,Laboral,2020,8,August,10,Afternoon,20:00:00,Unknown,Motorcycle,Male,20,Driver,Unknown,Unknown,Leisure and entertainment,Minor injury: Hospitalization up to 24 hours,429464.51,4588182.77,2.15453989,41.440274099
2020S003634    ,Horta-Guinardó,Horta,Horta a Cerdanyola,Monday,2020-08-10,Laboral,2020,8,August,10,Afternoon,20:00:00,Unknown,Car,Male,25,Driver,Unknown,Unknown,Leisure and entertainment,Uninjured,429464.51,4588182.77,2.15453989,41.440274099
2020S003635    ,Eixample,la Dreta de l'Eixample,Urquinaona,Monday,2020-08-10,Laboral,2020,8,August,10,Night,23:00:00,Unknown,Ciclomotor,Male,30,Driver,Unknown,Unknown,Leisure and entertainment,Minor injury: Medical assistance at accident site,430958.17,4582539.07,2.17306219,41.389573103
2020S003635    ,Eixample,la Dreta de l'Eixample,Urquinaona,Monday,2020-08-10,Laboral,2020,8,August,10,Night,23:00:00,Unknown,Car,Female,26,Driver,Unknown,Unknown,Leisure and entertainment,Uninjured,430958.17,4582539.07,2.17306219,41.389573103
2020S003636    ,Horta-Guinardó,Horta,Cal Notari,Tuesday,2020-08-11,Laboral,2020,8,August,11,Night,05:00:00,Unknown,Car,Male,21,Passenger,Unknown,Unknown,Unknown,Uninjured,429255.16,4588043.96,2.15205042,41.439005468
2020S003636    ,Horta-Guinardó,Horta,Cal Notari,Tuesday,2020-08-11,Laboral,2020,8,August,11,Night,05:00:00,Unknown,Car,Male,20,Passenger,Unknown,Unknown,Unknown,Minor injury: Hospitalization up to 24 hours,429255.16,4588043.96,2.15205042,41.439005468
2020S003636    ,Horta-Guinardó,Horta,Cal Notari,Tuesday,2020-08-11,Laboral,2020,8,August,11,Night,05:00:00,Unknown,Car,Male,25,Driver,Unknown,Unknown,Leisure and entertainment,Uninjured,429255.16,4588043.96,2.15205042,41.439005468
2020S003637    ,Les Corts,les Corts,Diagonal,Tuesday,2020-08-11,Laboral,2020,8,August,11,Morning,09:00:00,Unknown,Car,Male,40,Driver,Unknown,Unknown,Unknown,Uninjured,427253.12,4582427.17,2.12876411,41.388238526
2020S003637    ,Les Corts,les Corts,Diagonal,Tuesday,2020-08-11,Laboral,2020,8,August,11,Morning,09:00:00,Unknown,Veh. mobilitat personal amb motor,Female,28,Driver,Unknown,Unknown,In transit (commuting),Minor injury: Hospitalization up to 24 hours,427253.12,4582427.17,2.12876411,41.388238526
2020S003638    ,Sant Martí,el Clot,Aragó,Tuesday,2020-08-11,Laboral,2020,8,August,11,Morning,13:00:00,Unknown,Car,Male,73,Driver,Unknown,Unknown,Unknown,Uninjured,431862.75,4584367.6,2.18367498,41.40611933
2020S003638    ,Sant Martí,el Clot,Aragó,Tuesday,2020-08-11,Laboral,2020,8,August,11,Morning,13:00:00,Unknown,Motorcycle,Male,51,Driver,Unknown,Unknown,Other activities,Minor injury: Hospitalization up to 24 hours,431862.75,4584367.6,2.18367498,41.40611933
2020S003639    ,Eixample,l'Antiga Esquerra de l'Eixample,Comte d'Urgell,Tuesday,2020-08-11,Laboral,2020,8,August,11,Afternoon,14:00:00,Unknown,Car,Male,47,Driver,Unknown,Unknown,Leisure and entertainment,Uninjured,429572.56,4581917.94,2.15656278,41.383858595
2020S003639    ,Eixample,l'Antiga Esquerra de l'Eixample,Comte d'Urgell,Tuesday,2020-08-11,Laboral,2020,8,August,11,Afternoon,14:00:00,Unknown,Motorcycle,Male,57,Driver,Unknown,Unknown,Leisure and entertainment,Minor injury: Hospitalization up to 24 hours,429572.56,4581917.94,2.15656278,41.383858595
2020S003640    ,Horta-Guinardó,Horta,Dante Alighieri,Tuesday,2020-08-11,Laboral,2020,8,August,11,Afternoon,15:00:00,Unknown,Motorcycle,Male,45,Driver,Unknown,Unknown,Unknown,Minor injury: Medical assistance at accident site,429974.97,4586911.46,2.16079703,41.42886862
2020S003641    ,Eixample,la Sagrada Família,Castillejos,Tuesday,2020-08-11,Laboral,2020,8,August,11,Afternoon,16:00:00,Unknown,Motorcycle,Female,71,Passenger,Unknown,Unknown,Unknown,Minor injury: Hospitalization up to 24 hours,431670.57,4584174.28,2.18139778,41.404361833
2020S003641    ,Eixample,la Sagrada Família,Castillejos,Tuesday,2020-08-11,Laboral,2020,8,August,11,Afternoon,16:00:00,Unknown,Motorcycle,Male,59,Driver,Unknown,Unknown,Leisure and entertainment,Minor injury: Medical assistance at accident site,431670.57,4584174.28,2.18139778,41.404361833
2020S003641    ,Eixample,la Sagrada Família,Castillejos,Tuesday,2020-08-11,Laboral,2020,8,August,11,Afternoon,16:00:00,Unknown,Car,Male,33,Driver,Unknown,Unknown,Leisure and entertainment,Uninjured,431670.57,4584174.28,2.18139778,41.404361833
2020S003642    ,Sarriŕ-Sant Gervasi,Sarriŕ,Dalt (Besňs),Tuesday,2020-08-11,Laboral,2020,8,August,11,Afternoon,18:00:00,Unknown,Furgoneta,Male,49,Driver,Unknown,Unknown,Unknown,Minor injury: Refused medical assistance,426262.38,4584142.67,2.11670638,41.403599021
2020S003642    ,Sarriŕ-Sant Gervasi,Sarriŕ,Dalt (Besňs),Tuesday,2020-08-11,Laboral,2020,8,August,11,Afternoon,18:00:00,Unknown,Car,Male,38,Driver,Unknown,Unknown,Unknown,Minor injury: Refused medical assistance,426262.38,4584142.67,2.11670638,41.403599021
2020S003642    ,Sarriŕ-Sant Gervasi,Sarriŕ,Dalt (Besňs),Tuesday,2020-08-11,Laboral,2020,8,August,11,Afternoon,18:00:00,Unknown,Car,Female,38,Passenger,Unknown,Unknown,Unknown,Minor injury: Hospitalization up to 24 hours,426262.38,4584142.67,2.11670638,41.403599021
2020S003642    ,Sarriŕ-Sant Gervasi,Sarriŕ,Dalt (Besňs),Tuesday,2020-08-11,Laboral,2020,8,August,11,Afternoon,18:00:00,Unknown,Car,Female,41,Driver,Unknown,Unknown,Unknown,Uninjured,426262.38,4584142.67,2.11670638,41.403599021
2020S003643    ,Ciutat Vella,"Sant Pere, Santa Caterina i la Ribera",Isabel II,Tuesday,2020-08-11,Laboral,2020,8,August,11,Afternoon,19:00:00,Unknown,Motorcycle,Female,5,Pedestrian,In crossing regulated by traffic lights,Leisure and entertainment,Unknown,Minor injury: Hospitalization up to 24 hours,431742.93,4581619.47,2.1825515,41.381357531
2020S003643    ,Ciutat Vella,"Sant Pere, Santa Caterina i la Ribera",Isabel II,Tuesday,2020-08-11,Laboral,2020,8,August,11,Afternoon,19:00:00,Unknown,Motorcycle,Female,39,Driver,In crossing regulated by traffic lights,Unknown,Leisure and entertainment,Uninjured,431742.93,4581619.47,2.1825515,41.381357531
2020S003644    ,Horta-Guinardó,el Carmel,Llobregós,Tuesday,2020-08-11,Laboral,2020,8,August,11,Afternoon,18:00:00,Unknown,Veh. mobilitat personal amb motor,Male,14,Driver,On the sidewalk,Unknown,Leisure and entertainment,Uninjured,429492.82,4586332.5,2.15509468,41.423611955
2020S003644    ,Horta-Guinardó,el Carmel,Llobregós,Tuesday,2020-08-11,Laboral,2020,8,August,11,Afternoon,18:00:00,Unknown,Veh. mobilitat personal amb motor,Male,44,Pedestrian,On the sidewalk,Unknown,Unknown,Minor injury: Hospitalization up to 24 hours,429492.82,4586332.5,2.15509468,41.423611955
2020S003645    ,Horta-Guinardó,Horta,Vall d'Hebron,Tuesday,2020-08-11,Laboral,2020,8,August,11,Afternoon,19:00:00,Unknown,Car,Female,47,Passenger,Unknown,Unknown,Unknown,Minor injury: Hospitalization up to 24 hours,429209.12,4587926.74,2.15151311,41.437945657
2020S003645    ,Horta-Guinardó,Horta,Vall d'Hebron,Tuesday,2020-08-11,Laboral,2020,8,August,11,Afternoon,19:00:00,Unknown,Car,Female,14,Passenger,Unknown,Unknown,Unknown,Minor injury: Hospitalization up to 24 hours,429209.12,4587926.74,2.15151311,41.437945657
2020S003645    ,Horta-Guinardó,Horta,Vall d'Hebron,Tuesday,2020-08-11,Laboral,2020,8,August,11,Afternoon,19:00:00,Unknown,Car,Male,45,Driver,Unknown,Unknown,Unknown,Minor injury: Hospitalization up to 24 hours,429209.12,4587926.74,2.15151311,41.437945657
2020S003645    ,Horta-Guinardó,Horta,Vall d'Hebron,Tuesday,2020-08-11,Laboral,2020,8,August,11,Afternoon,19:00:00,Unknown,Car,Male,34,Driver,Unknown,Unknown,Leisure and entertainment,Uninjured,429209.12,4587926.74,2.15151311,41.437945657
2020S003645    ,Horta-Guinardó,Horta,Vall d'Hebron,Tuesday,2020-08-11,Laboral,2020,8,August,11,Afternoon,19:00:00,Unknown,Car,Female,45,Passenger,Unknown,Unknown,Unknown,Minor injury: Hospitalization up to 24 hours,429209.12,4587926.74,2.15151311,41.437945657
2020S003645    ,Horta-Guinardó,Horta,Vall d'Hebron,Tuesday,2020-08-11,Laboral,2020,8,August,11,Afternoon,19:00:00,Unknown,Car,Male,29,Driver,Unknown,Unknown,Unknown,Minor injury: Hospitalization up to 24 hours,429209.12,4587926.74,2.15151311,41.437945657
2020S003645    ,Horta-Guinardó,Horta,Vall d'Hebron,Tuesday,2020-08-11,Laboral,2020,8,August,11,Afternoon,19:00:00,Unknown,Car,Male,11,Passenger,Unknown,Unknown,Unknown,Minor injury: Hospitalization up to 24 hours,429209.12,4587926.74,2.15151311,41.437945657
2020S003646    ,Sant Martí,el Parc i la Llacuna del Poblenou,Marina,Tuesday,2020-08-11,Laboral,2020,8,August,11,Afternoon,18:00:00,Unknown,Tren o tramvia,Male,53,Driver,Unknown,Unknown,Other activities,Uninjured,432167.77,4583095.09,2.18746657,41.394684003
2020S003646    ,Sant Martí,el Parc i la Llacuna del Poblenou,Marina,Tuesday,2020-08-11,Laboral,2020,8,August,11,Afternoon,18:00:00,Unknown,Tren o tramvia,Female,37,Passenger,Unknown,Unknown,Unknown,Minor injury: Hospitalization up to 24 hours,432167.77,4583095.09,2.18746657,41.394684003
2020S003647    ,Sant Andreu,el Bon Pastor,Potosí,Tuesday,2020-08-11,Laboral,2020,8,August,11,Afternoon,15:00:00,Unknown,Car,Male,35,Driver,Unknown,Unknown,Leisure and entertainment,Uninjured,433428.2,4588467.99,2.2019507,41.443181604
2020S003647    ,Sant Andreu,el Bon Pastor,Potosí,Tuesday,2020-08-11,Laboral,2020,8,August,11,Afternoon,15:00:00,Unknown,Veh. mobilitat personal sense motor,Male,34,Driver,Unknown,Unknown,Leisure and entertainment,Minor injury: Hospitalization up to 24 hours,433428.2,4588467.99,2.2019507,41.443181604
2020S003648    ,Sant Martí,el Clot,Espronceda,Tuesday,2020-08-11,Laboral,2020,8,August,11,Afternoon,19:00:00,Desobeir el senyal del semŕfor,Car,Male,4,Pedestrian,In crossing regulated by traffic lights,Leisure and entertainment,Unknown,Minor injury: Hospitalization up to 24 hours,432612.96,4585269.06,2.19254925,41.414301797
2020S003648    ,Sant Martí,el Clot,Espronceda,Tuesday,2020-08-11,Laboral,2020,8,August,11,Afternoon,19:00:00,Desobeir el senyal del semŕfor,Car,Male,42,Driver,In crossing regulated by traffic lights,Unknown,Unknown,Uninjured,432612.96,4585269.06,2.19254925,41.414301797
2020S003648    ,Sant Martí,el Clot,Espronceda,Tuesday,2020-08-11,Laboral,2020,8,August,11,Afternoon,19:00:00,Desobeir el senyal del semŕfor,Car,Female,42,Pedestrian,In crossing regulated by traffic lights,Unknown,Unknown,Uninjured,432612.96,4585269.06,2.19254925,41.414301797
2020S003649    ,Nou Barris,Torre Baró,Sant Quirze Safaja,Tuesday,2020-08-11,Laboral,2020,8,August,11,Afternoon,20:00:00,Unknown,Furgoneta,Female,62,Passenger,Unknown,Unknown,Unknown,Minor injury: Hospitalization up to 24 hours,431362.48,4589972.93,2.17705343,41.456561973
2020S003649    ,Nou Barris,Torre Baró,Sant Quirze Safaja,Tuesday,2020-08-11,Laboral,2020,8,August,11,Afternoon,20:00:00,Unknown,Furgoneta,Female,32,Passenger,Unknown,Unknown,Unknown,Minor injury: Hospitalization up to 24 hours,431362.48,4589972.93,2.17705343,41.456561973
2020S003649    ,Nou Barris,Torre Baró,Sant Quirze Safaja,Tuesday,2020-08-11,Laboral,2020,8,August,11,Afternoon,20:00:00,Unknown,Furgoneta,Male,65,Passenger,Unknown,Unknown,Unknown,Minor injury: Hospitalization up to 24 hours,431362.48,4589972.93,2.17705343,41.456561973
2020S003649    ,Nou Barris,Torre Baró,Sant Quirze Safaja,Tuesday,2020-08-11,Laboral,2020,8,August,11,Afternoon,20:00:00,Unknown,Furgoneta,Male,44,Driver,Unknown,Unknown,Unknown,Minor injury: Hospitalization up to 24 hours,431362.48,4589972.93,2.17705343,41.456561973
2020S003650    ,Eixample,l'Antiga Esquerra de l'Eixample,Casanova,Wednesday,2020-08-12,Laboral,2020,8,August,12,Morning,10:00:00,Unknown,Car,Male,41,Driver,Unknown,Unknown,Taxi,Uninjured,429383.64,4582487.93,2.15423706,41.388975733
2020S003650    ,Eixample,l'Antiga Esquerra de l'Eixample,Casanova,Wednesday,2020-08-12,Laboral,2020,8,August,12,Morning,10:00:00,Unknown,Bicicleta,Female,28,Driver,Unknown,Unknown,In transit (commuting),Minor injury: Hospitalization up to 24 hours,429383.64,4582487.93,2.15423706,41.388975733
2020S003651    ,Sants-Montjuďc,la Marina del Prat Vermell,Zona Franca,Wednesday,2020-08-12,Laboral,2020,8,August,12,Morning,12:00:00,Unknown,Car,Male,20,Driver,Unknown,Unknown,Unknown,Unknown,428571.92,4578313.01,2.14502124,41.351301906
2020S003652    ,Eixample,la Nova Esquerra de l'Eixample,Roma,Wednesday,2020-08-12,Laboral,2020,8,August,12,Afternoon,16:00:00,Unknown,Veh. mobilitat personal amb motor,Male,48,Driver,Unknown,Unknown,On a mission,Minor injury: Hospitalization up to 24 hours,429033.03,4581850.37,2.1501186,41.383202577
2020S003652    ,Eixample,la Nova Esquerra de l'Eixample,Roma,Wednesday,2020-08-12,Laboral,2020,8,August,12,Afternoon,16:00:00,Unknown,"Camió rígid <= 3,5 tones",Male,64,Driver,Unknown,Unknown,Cleaning or garbage collection service,Uninjured,429033.03,4581850.37,2.1501186,41.383202577
2020S003653    ,Sant Martí,el Camp de l'Arpa del Clot,Independčncia,Wednesday,2020-08-12,Laboral,2020,8,August,12,Afternoon,17:00:00,Unknown,Motorcycle,Male,26,Driver,Unknown,Unknown,Unknown,Minor injury: Refused medical assistance,431597.91,4584786.89,2.1804593,41.40987324
2020S003654    ,Sant Martí,el Parc i la Llacuna del Poblenou,Diagonal,Wednesday,2020-08-12,Laboral,2020,8,August,12,Afternoon,18:00:00,Unknown,Furgoneta,Male,34,Driver,Unknown,Unknown,Unknown,Minor injury: Hospitalization up to 24 hours,432432.33,4584176.43,2.19051019,41.40444562
2020S003654    ,Sant Martí,el Parc i la Llacuna del Poblenou,Diagonal,Wednesday,2020-08-12,Laboral,2020,8,August,12,Afternoon,18:00:00,Unknown,Ciclomotor,Male,35,Driver,Unknown,Unknown,Unknown,Minor injury: Hospitalization up to 24 hours,432432.33,4584176.43,2.19051019,41.40444562
2020S003655    ,Sarriŕ-Sant Gervasi,Sant Gervasi - Galvany,Galˇla Placídia,Wednesday,2020-08-12,Laboral,2020,8,August,12,Afternoon,14:00:00,Unknown,Autobús,Male,67,Passenger,Unknown,Unknown,Unknown,Minor injury: Hospitalization up to 24 hours,429210.1,4583657.7,2.15202476,41.399496176
2020S003655    ,Sarriŕ-Sant Gervasi,Sant Gervasi - Galvany,Galˇla Placídia,Wednesday,2020-08-12,Laboral,2020,8,August,12,Afternoon,14:00:00,Unknown,Autobús,Female,42,Driver,Unknown,Unknown,Urban bus,Uninjured,429210.1,4583657.7,2.15202476,41.399496176
2020S003656    ,Eixample,la Nova Esquerra de l'Eixample,Corts Catalanes,Wednesday,2020-08-12,Laboral,2020,8,August,12,Afternoon,20:00:00,Unknown,Motorcycle,Male,56,Driver,Unknown,Unknown,Professional goods transport,Minor injury: Medical assistance at accident site,429130.78,4581173.87,2.15136671,41.377118188
2020S003656    ,Eixample,la Nova Esquerra de l'Eixample,Corts Catalanes,Wednesday,2020-08-12,Laboral,2020,8,August,12,Afternoon,20:00:00,Unknown,Car,Male,61,Driver,Unknown,Unknown,Taxi,Uninjured,429130.78,4581173.87,2.15136671,41.377118188
2020S003657    ,Sant Andreu,Navas,Las Navas de Tolosa,Wednesday,2020-08-12,Laboral,2020,8,August,12,Afternoon,21:00:00,Desobeir el senyal del semŕfor,Veh. mobilitat personal amb motor,Male,49,Pedestrian,In crossing regulated by traffic lights,Unknown,Unknown,Uninjured,431923.31,4585620.14,2.18425845,41.417405706
2020S003657    ,Sant Andreu,Navas,Las Navas de Tolosa,Wednesday,2020-08-12,Laboral,2020,8,August,12,Afternoon,21:00:00,Desobeir el senyal del semŕfor,Veh. mobilitat personal amb motor,Male,16,Driver,In crossing regulated by traffic lights,Unknown,Unknown,Minor injury: Hospitalization up to 24 hours,431923.31,4585620.14,2.18425845,41.417405706
2020S003658    ,Sant Andreu,la Trinitat Vella,Favčncia,Wednesday,2020-08-12,Laboral,2020,8,August,12,Afternoon,21:00:00,Unknown,Motorcycle,Male,32,Driver,Unknown,Unknown,Unknown,Minor injury: Medical assistance at accident site,432296.89,4588924.11,2.18835803,41.447195055
2020S003658    ,Sant Andreu,la Trinitat Vella,Favčncia,Wednesday,2020-08-12,Laboral,2020,8,August,12,Afternoon,21:00:00,Unknown,Motorcycle,Female,26,Passenger,Unknown,Unknown,Unknown,Minor injury: Hospitalization up to 24 hours,432296.89,4588924.11,2.18835803,41.447195055
2020S003659    ,Eixample,la Dreta de l'Eixample,Grŕcia,Wednesday,2020-08-12,Laboral,2020,8,August,12,Night,22:00:00,Unknown,Car,Male,33,Driver,Unknown,Unknown,Leisure and entertainment,Uninjured,429875.2,4583228.37,2.16003019,41.395687659
2020S003659    ,Eixample,la Dreta de l'Eixample,Grŕcia,Wednesday,2020-08-12,Laboral,2020,8,August,12,Night,22:00:00,Unknown,Motorcycle,Female,34,Driver,Unknown,Unknown,Leisure and entertainment,Serious injury: Hospitalization over 24 hours,429875.2,4583228.37,2.16003019,41.395687659
2020S003660    ,Nou Barris,Porta,Jardins d'Alfŕbia,Thursday,2020-08-13,Laboral,2020,8,August,13,Night,00:00:00,Unknown,Car,Male,39,Driver,Unknown,Unknown,Unknown,Uninjured,431160.97,4587794.38,2.17488936,41.436923337
2020S003661    ,Eixample,la Dreta de l'Eixample,Valčncia,Thursday,2020-08-13,Laboral,2020,8,August,13,Morning,07:00:00,Unknown,Bicicleta,Male,47,Driver,Unknown,Unknown,In transit (commuting),Minor injury: Medical assistance at accident site,430932.58,4583647.89,2.17262961,41.399557707
2020S003661    ,Eixample,la Dreta de l'Eixample,Valčncia,Thursday,2020-08-13,Laboral,2020,8,August,13,Morning,07:00:00,Unknown,Veh. mobilitat personal amb motor,Male,47,Driver,Unknown,Unknown,In transit (commuting),Minor injury: Medical assistance at accident site,430932.58,4583647.89,2.17262961,41.399557707
2020S003662    ,Horta-Guinardó,Montbau,Dalt (Besňs),Thursday,2020-08-13,Laboral,2020,8,August,13,Morning,07:00:00,Unknown,Autobús,Female,37,Passenger,Unknown,Unknown,Unknown,Minor injury: Hospitalization up to 24 hours,428543.18,4586839.61,2.1436713,41.428095331
2020S003662    ,Horta-Guinardó,Montbau,Dalt (Besňs),Thursday,2020-08-13,Laboral,2020,8,August,13,Morning,07:00:00,Unknown,Autobús,Male,43,Driver,Unknown,Unknown,Urban bus,Uninjured,428543.18,4586839.61,2.1436713,41.428095331
2020S003663    ,Horta-Guinardó,la Clota,Estatut,Thursday,2020-08-13,Laboral,2020,8,August,13,Morning,08:00:00,Unknown,Autobús,Female,40,Driver,Unknown,Unknown,Regular line bus,Uninjured,429539.69,4587049.33,2.15557195,41.430072274
2020S003664    ,Eixample,l'Antiga Esquerra de l'Eixample,Villarroel,Thursday,2020-08-13,Laboral,2020,8,August,13,Morning,09:00:00,Unknown,Motorcycle,Male,36,Driver,Unknown,Unknown,Other activities,Minor injury: Hospitalization up to 24 hours,429546.49,4582097.17,2.15623017,41.385470576
2020S003664    ,Eixample,l'Antiga Esquerra de l'Eixample,Villarroel,Thursday,2020-08-13,Laboral,2020,8,August,13,Morning,09:00:00,Unknown,Car,Male,41,Driver,Unknown,Unknown,Other activities,Uninjured,429546.49,4582097.17,2.15623017,41.385470576
2020S003665    ,Eixample,la Sagrada Família,Lepant,Thursday,2020-08-13,Laboral,2020,8,August,13,Morning,10:00:00,Desobeir el senyal del semŕfor,Motorcycle,Male,70,Driver,In crossing regulated by traffic lights,Unknown,Unknown,Uninjured,431398.84,4584077.09,2.17815821,41.403463318
2020S003665    ,Eixample,la Sagrada Família,Lepant,Thursday,2020-08-13,Laboral,2020,8,August,13,Morning,10:00:00,Others,Motorcycle,Female,59,Passenger,In crossing regulated by traffic lights,Unknown,Unknown,Uninjured,431398.84,4584077.09,2.17815821,41.403463318