Case_Number,District_Name,Neighborhood_Name,Street_Name,Day_of_Week,Date,Day_Type_Description,Year,Month_of_Year,Month_Name,Day_of_Month,Shift_Description,Hour_of_Day,Pedestrian_Cause_Description,Involved_Vehicle_Type_Description,Gender_Description,Age,Person_Type_Description,Pedestrian_Accident_Location_Description,Pedestrian_Movement_Reason_Description,Driver_Movement_Reason_Description,Victimization_Description,Coordenada_UTM_X,Coordenada_UTM_Y,Longitud,Latitud
2020S003665    ,Eixample,la Sagrada Família,Lepant,Thursday,2020-08-13,Laboral,2020,8,August,13,Morning,10:00:00,Others,Motorcycle,Female,88,Pedestrian,In crossing regulated by traffic lights,Other activities,Unknown,Minor injury: Hospitalization up to 24 hours,431398.84,4584077.09,2.17815821,41.403463318
2020S003665    ,Eixample,la Sagrada Família,Lepant,Thursday,2020-08-13,Laboral,2020,8,August,13,Morning,10:00:00,Desobeir el senyal del semŕfor,Motorcycle,Female,88,Pedestrian,In crossing regulated by traffic lights,Other activities,Unknown,Minor injury: Hospitalization up to 24 hours,431398.84,4584077.09,2.17815821,41.403463318
2020S003665    ,Eixample,la Sagrada Família,Lepant,Thursday,2020-08-13,Laboral,2020,8,August,13,Morning,10:00:00,Desobeir el senyal del semŕfor,Motorcycle,Female,59,Passenger,In crossing regulated by traffic lights,Unknown,Unknown,Uninjured,431398.84,4584077.09,2.17815821,41.403463318
2020S003665    ,Eixample,la Sagrada Família,Lepant,Thursday,2020-08-13,Laboral,2020,8,August,13,Morning,10:00:00,Others,Motorcycle,Male,70,Driver,In crossing regulated by traffic lights,Unknown,Unknown,Uninjured,431398.84,4584077.09,2.17815821,41.403463318
2020S003667    ,Horta-Guinardó,Horta,Porto,Thursday,2020-08-13,Laboral,2020,8,August,13,Morning,11:00:00,Unknown,Car,Male,37,Driver,Unknown,Unknown,Leisure and entertainment,Uninjured,429650.78,4587036.23,2.15690291,41.42996403
2020S003667    ,Horta-Guinardó,Horta,Porto,Thursday,2020-08-13,Laboral,2020,8,August,13,Morning,11:00:00,Unknown,Car,Male,36,Driver,Unknown,Unknown,Leisure and entertainment,Minor injury: Hospitalization up to 24 hours,429650.78,4587036.23,2.15690291,41.42996403
2020S003668    ,Nou Barris,les Roquetes,Dalt (Llobregat),Thursday,2020-08-13,Laboral,2020,8,August,13,Afternoon,14:00:00,Unknown,Furgoneta,Male,26,Driver,Unknown,Unknown,On a mission,Minor injury: Refused medical assistance,431434.24,4588765.12,2.17804977,41.445689829
2020S003668    ,Nou Barris,les Roquetes,Dalt (Llobregat),Thursday,2020-08-13,Laboral,2020,8,August,13,Afternoon,14:00:00,Unknown,Car,Male,10,Passenger,Unknown,Unknown,Unknown,Minor injury: Refused medical assistance,431434.24,4588765.12,2.17804977,41.445689829
2020S003668    ,Nou Barris,les Roquetes,Dalt (Llobregat),Thursday,2020-08-13,Laboral,2020,8,August,13,Afternoon,14:00:00,Unknown,Car,Male,42,Driver,Unknown,Unknown,Leisure and entertainment,Uninjured,431434.24,4588765.12,2.17804977,41.445689829
2020S003669    ,Nou Barris,la Guineueta,Fabra i Puig,Thursday,2020-08-13,Laboral,2020,8,August,13,Afternoon,14:00:00,Unknown,Motorcycle,Female,26,Driver,Unknown,Unknown,Unknown,Minor injury: Medical assistance at accident site,430428.51,4587989.09,2.16610045,41.438613854
2020S003669    ,Nou Barris,la Guineueta,Fabra i Puig,Thursday,2020-08-13,Laboral,2020,8,August,13,Afternoon,14:00:00,Unknown,Car,Male,29,Driver,Unknown,Unknown,In transit (commuting),Uninjured,430428.51,4587989.09,2.16610045,41.438613854
2020S003670    ,Ciutat Vella,el Raval,Raval,Thursday,2020-08-13,Laboral,2020,8,August,13,Afternoon,15:00:00,Unknown,Motorcycle,Male,28,Driver,Unknown,Unknown,In transit (commuting),Minor injury: Hospitalization up to 24 hours,430558.93,4581376.24,2.16842069,41.379065455
2020S003671    ,Eixample,Sant Antoni,Calŕbria,Thursday,2020-08-13,Laboral,2020,8,August,13,Afternoon,17:00:00,Unknown,Motorcycle,Male,49,Driver,Unknown,Unknown,Unknown,Minor injury: Hospitalization up to 24 hours,429538.83,4581371.59,2.15622298,41.378934842
2020S003672    ,Les Corts,les Corts,Bordeus,Thursday,2020-08-13,Laboral,2020,8,August,13,Afternoon,17:00:00,Unknown,Car,Female,32,Driver,Unknown,Unknown,Leisure and entertainment,Uninjured,428224.82,4582516.85,2.14037453,41.389133579
2020S003673    ,Sant Andreu,Sant Andreu,Meridiana,Thursday,2020-08-13,Laboral,2020,8,August,13,Afternoon,16:00:00,Unknown,Motorcycle,Male,28,Driver,Unknown,Unknown,On a mission,Minor injury: Hospitalization up to 24 hours,432099.64,4588176.63,2.18608093,41.440446097
2020S003673    ,Sant Andreu,Sant Andreu,Meridiana,Thursday,2020-08-13,Laboral,2020,8,August,13,Afternoon,16:00:00,Unknown,Car,Male,41,Driver,Unknown,Unknown,On a mission,Uninjured,432099.64,4588176.63,2.18608093,41.440446097
2020S003674    ,Eixample,la Dreta de l'Eixample,Aragó,Thursday,2020-08-13,Laboral,2020,8,August,13,Afternoon,17:00:00,Unknown,Car,Male,31,Driver,Unknown,Unknown,Other activities,Minor injury: Hospitalization up to 24 hours,430181.9,4582762.7,2.16375233,41.391520222
2020S003674    ,Eixample,la Dreta de l'Eixample,Aragó,Thursday,2020-08-13,Laboral,2020,8,August,13,Afternoon,17:00:00,Unknown,Furgoneta,Male,32,Driver,Unknown,Unknown,On a mission,Uninjured,430181.9,4582762.7,2.16375233,41.391520222
2020S003675    ,Les Corts,Pedralbes,Dalt (Besňs),Thursday,2020-08-13,Laboral,2020,8,August,13,Afternoon,19:00:00,Unknown,Motorcycle,Male,56,Driver,Unknown,Unknown,Other activities,Minor injury: Hospitalization up to 24 hours,425648.78,4583019.77,2.10950432,41.393429037
2020S003675    ,Les Corts,Pedralbes,Dalt (Besňs),Thursday,2020-08-13,Laboral,2020,8,August,13,Afternoon,19:00:00,Unknown,Furgoneta,Male,37,Driver,Unknown,Unknown,In transit (commuting),Uninjured,425648.78,4583019.77,2.10950432,41.393429037
2020S003676    ,Sant Martí,el Besňs i el Maresme,Prim,Thursday,2020-08-13,Laboral,2020,8,August,13,Afternoon,20:00:00,Unknown,Veh. mobilitat personal amb motor,Female,40,Driver,On the sidewalk,Unknown,Leisure and entertainment,Uninjured,434188.16,4585630.47,2.21135639,41.417687542
2020S003676    ,Sant Martí,el Besňs i el Maresme,Prim,Thursday,2020-08-13,Laboral,2020,8,August,13,Afternoon,20:00:00,Unknown,Veh. mobilitat personal amb motor,Female,6,Pedestrian,On the sidewalk,Unknown,Unknown,Minor injury: Hospitalization up to 24 hours,434188.16,4585630.47,2.21135639,41.417687542
2020S003677    ,Eixample,la Sagrada Família,Marina,Thursday,2020-08-13,Laboral,2020,8,August,13,Afternoon,18:00:00,Unknown,Bicicleta,Male,43,Pedestrian,In pedestrian area,Leisure and entertainment,Unknown,Minor injury: Hospitalization up to 24 hours,431152.1,4584144.57,2.17519892,41.404049985
2020S003677    ,Eixample,la Sagrada Família,Marina,Thursday,2020-08-13,Laboral,2020,8,August,13,Afternoon,18:00:00,Unknown,Bicicleta,Male,17,Driver,In pedestrian area,Unknown,Unknown,Uninjured,431152.1,4584144.57,2.17519892,41.404049985
2020S003678    ,Eixample,la Sagrada Família,Castillejos,Thursday,2020-08-13,Laboral,2020,8,August,13,Morning,12:00:00,Unknown,Motorcycle,Female,48,Driver,Unknown,Unknown,Unknown,Uninjured,431543.4,4584297.51,2.17986255,41.405460903
2020S003678    ,Eixample,la Sagrada Família,Castillejos,Thursday,2020-08-13,Laboral,2020,8,August,13,Morning,12:00:00,Unknown,Bicicleta,Male,41,Driver,Unknown,Unknown,Unknown,Minor injury: Hospitalization up to 24 hours,431543.4,4584297.51,2.17986255,41.405460903
2020S003679    ,Eixample,l'Antiga Esquerra de l'Eixample,Balmes,Friday,2020-08-14,Laboral,2020,8,August,14,Morning,11:00:00,Unknown,Car,Female,28,Passenger,Unknown,Unknown,Unknown,Minor injury: Hospitalization up to 24 hours,429442.88,4583163.95,2.15486675,41.395069615
2020S003679    ,Eixample,l'Antiga Esquerra de l'Eixample,Balmes,Friday,2020-08-14,Laboral,2020,8,August,14,Morning,11:00:00,Unknown,Car,Male,51,Driver,Unknown,Unknown,Taxi,Minor injury: Medical assistance at accident site,429442.88,4583163.95,2.15486675,41.395069615
2020S003679    ,Eixample,l'Antiga Esquerra de l'Eixample,Balmes,Friday,2020-08-14,Laboral,2020,8,August,14,Morning,11:00:00,Unknown,Car,Female,60,Driver,Unknown,Unknown,Unknown,Minor injury: Hospitalization up to 24 hours,429442.88,4583163.95,2.15486675,41.395069615
2020S003680    ,Ciutat Vella,la Barceloneta,Litoral (Besňs),Friday,2020-08-14,Laboral,2020,8,August,14,Morning,11:00:00,Unknown,Ciclomotor,Male,59,Driver,Unknown,Unknown,Unknown,Minor injury: Medical assistance at accident site,431949.84,4581626.15,2.18502506,41.381435233
2020S003680    ,Ciutat Vella,la Barceloneta,Litoral (Besňs),Friday,2020-08-14,Laboral,2020,8,August,14,Morning,11:00:00,Unknown,Motorcycle,Male,38,Driver,Unknown,Unknown,Unknown,Minor injury: Medical assistance at accident site,431949.84,4581626.15,2.18502506,41.381435233
2020S003680    ,Ciutat Vella,la Barceloneta,Litoral (Besňs),Friday,2020-08-14,Laboral,2020,8,August,14,Morning,11:00:00,Unknown,Ciclomotor,Female,64,Passenger,Unknown,Unknown,Unknown,Minor injury: Medical assistance at accident site,431949.84,4581626.15,2.18502506,41.381435233
2020S003680    ,Ciutat Vella,la Barceloneta,Litoral (Besňs),Friday,2020-08-14,Laboral,2020,8,August,14,Morning,11:00:00,Unknown,Car,Male,45,Driver,Unknown,Unknown,Unknown,Uninjured,431949.84,4581626.15,2.18502506,41.381435233
2020S003681    ,Sant Martí,el Clot,Aragó,Friday,2020-08-14,Laboral,2020,8,August,14,Afternoon,16:00:00,Unknown,Car,Female,33,Driver,Unknown,Unknown,Unknown,Uninjured,431960.49,4584458.91,2.18483396,41.406950015
2020S003681    ,Sant Martí,el Clot,Aragó,Friday,2020-08-14,Laboral,2020,8,August,14,Afternoon,16:00:00,Unknown,Motorcycle,Male,40,Driver,Unknown,Unknown,Unknown,Minor injury: Hospitalization up to 24 hours,431960.49,4584458.91,2.18483396,41.406950015
2020S003682    ,Sant Martí,el Poblenou,Calvell,Friday,2020-08-14,Laboral,2020,8,August,14,Afternoon,17:00:00,Unknown,Motorcycle,Male,36,Driver,Unknown,Unknown,Unknown,Uninjured,433655.47,4583299.55,2.20523836,41.396649707
2020S003682    ,Sant Martí,el Poblenou,Calvell,Friday,2020-08-14,Laboral,2020,8,August,14,Afternoon,17:00:00,Unknown,Motorcycle,Male,59,Driver,Unknown,Unknown,Other activities,Minor injury: Hospitalization up to 24 hours,433655.47,4583299.55,2.20523836,41.396649707
2020S003683    ,Horta-Guinardó,el Guinardó,Guinardó,Friday,2020-08-14,Laboral,2020,8,August,14,Afternoon,17:00:00,Unknown,Autobús,Female,83,Pedestrian,Unknown,Unknown,Unknown,Minor injury: Hospitalization up to 24 hours,430904.68,4585374.48,2.17209864,41.415106138
2020S003683    ,Horta-Guinardó,el Guinardó,Guinardó,Friday,2020-08-14,Laboral,2020,8,August,14,Afternoon,17:00:00,Unknown,Autobús,Male,44,Driver,Unknown,Unknown,Regular line bus,Uninjured,430904.68,4585374.48,2.17209864,41.415106138
2020S003684    ,Nou Barris,la Prosperitat,Joaquim Valls,Friday,2020-08-14,Laboral,2020,8,August,14,Afternoon,18:00:00,Unknown,Veh. mobilitat personal amb motor,Female,14,Passenger,Unknown,Unknown,Unknown,Minor injury: Hospitalization up to 24 hours,431941.98,4588336.34,2.18417585,41.441871192
2020S003685    ,Nou Barris,Porta,Piferrer,Friday,2020-08-14,Laboral,2020,8,August,14,Afternoon,19:00:00,Unknown,Motorcycle,Male,87,Pedestrian,In crossing regulated by traffic lights,Leisure and entertainment,Unknown,Minor injury: Hospitalization up to 24 hours,431434.84,4587371.52,2.17821519,41.433138233
2020S003685    ,Nou Barris,Porta,Piferrer,Friday,2020-08-14,Laboral,2020,8,August,14,Afternoon,19:00:00,Unknown,Motorcycle,Male,21,Driver,In crossing regulated by traffic lights,Unknown,Leisure and entertainment,Uninjured,431434.84,4587371.52,2.17821519,41.433138233
2020S003686    ,Sarriŕ-Sant Gervasi,"Vallvidrera, el Tibidabo i les Planes",Sarriŕ a Vallvidrera,Friday,2020-08-14,Laboral,2020,8,August,14,Afternoon,18:00:00,Unknown,Car,Female,33,Driver,Unknown,Unknown,Unknown,Uninjured,425252.58,4585062.36,2.10451327,41.411788919
2020S003686    ,Sarriŕ-Sant Gervasi,"Vallvidrera, el Tibidabo i les Planes",Sarriŕ a Vallvidrera,Friday,2020-08-14,Laboral,2020,8,August,14,Afternoon,18:00:00,Unknown,Bicicleta,Female,30,Driver,Unknown,Unknown,Leisure and entertainment,Minor injury: Hospitalization up to 24 hours,425252.58,4585062.36,2.10451327,41.411788919
2020S003687    ,Eixample,la Dreta de l'Eixample,Aragó,Friday,2020-08-14,Laboral,2020,8,August,14,Night,22:00:00,Unknown,Ciclomotor,Female,41,Driver,Unknown,Unknown,In transit (commuting),Minor injury: Hospitalization up to 24 hours,430023.71,4582612.51,2.16187771,41.390153755
2020S003687    ,Eixample,la Dreta de l'Eixample,Aragó,Friday,2020-08-14,Laboral,2020,8,August,14,Night,22:00:00,Unknown,Car,Male,28,Driver,Unknown,Unknown,Leisure and entertainment,Uninjured,430023.71,4582612.51,2.16187771,41.390153755
2020S003688    ,Sants-Montjuďc,la Marina de Port,Mineria,Saturday,2020-08-15,Laboral,2020,8,August,15,Night,03:00:00,Unknown,Car,Female,26,Driver,Unknown,Unknown,Leisure and entertainment,Uninjured,428040.09,4579874.09,2.13847915,41.365314675
2020S003689    ,Sant Martí,el Clot,Clot,Saturday,2020-08-15,Laboral,2020,8,August,15,Night,03:00:00,Unknown,Ciclomotor,Female,29,Driver,Unknown,Unknown,On a mission,Serious injury: Hospitalization over 24 hours,432167.66,4584332.63,2.18732652,41.405830167
2020S003690    ,Horta-Guinardó,el Guinardó,Panorama,Saturday,2020-08-15,Laboral,2020,8,August,15,Morning,07:00:00,Unknown,Car,Male,19,Driver,Unknown,Unknown,Leisure and entertainment,Uninjured,430353.39,4585941.4,2.1654374,41.420164567
2020S003691    ,Eixample,la Dreta de l'Eixample,Diagonal,Saturday,2020-08-15,Laboral,2020,8,August,15,Morning,13:00:00,Unknown,Car,Male,15,Passenger,Unknown,Unknown,Unknown,Minor injury: Medical assistance at accident site,429990.74,4583398.96,2.16139243,41.397234179
2020S003691    ,Eixample,la Dreta de l'Eixample,Diagonal,Saturday,2020-08-15,Laboral,2020,8,August,15,Morning,13:00:00,Unknown,Tot terreny,Male,42,Passenger,Unknown,Unknown,Unknown,Minor injury: Medical assistance at accident site,429990.74,4583398.96,2.16139243,41.397234179
2020S003691    ,Eixample,la Dreta de l'Eixample,Diagonal,Saturday,2020-08-15,Laboral,2020,8,August,15,Morning,13:00:00,Unknown,Tot terreny,Male,33,Driver,Unknown,Unknown,Other activities,Minor injury: Hospitalization up to 24 hours,429990.74,4583398.96,2.16139243,41.397234179
2020S003691    ,Eixample,la Dreta de l'Eixample,Diagonal,Saturday,2020-08-15,Laboral,2020,8,August,15,Morning,13:00:00,Unknown,Car,Male,13,Passenger,Unknown,Unknown,Unknown,Minor injury: Medical assistance at accident site,429990.74,4583398.96,2.16139243,41.397234179
2020S003691    ,Eixample,la Dreta de l'Eixample,Diagonal,Saturday,2020-08-15,Laboral,2020,8,August,15,Morning,13:00:00,Unknown,Car,Male,34,Driver,Unknown,Unknown,Leisure and entertainment,Minor injury: Medical assistance at accident site,429990.74,4583398.96,2.16139243,41.397234179
2020S003691    ,Eixample,la Dreta de l'Eixample,Diagonal,Saturday,2020-08-15,Laboral,2020,8,August,15,Morning,13:00:00,Unknown,Car,Male,35,Passenger,Unknown,Unknown,Unknown,Minor injury: Medical assistance at accident site,429990.74,4583398.96,2.16139243,41.397234179
2020S003692    ,Ciutat Vella,la Barceloneta,Marítim de la Barceloneta,Saturday,2020-08-15,Laboral,2020,8,August,15,Morning,12:00:00,Unknown,Bicicleta,Male,48,Driver,Unknown,Unknown,Leisure and entertainment,Minor injury: Medical assistance at accident site,432960.64,4582104.47,2.19705969,41.385828256
2020S003692    ,Ciutat Vella,la Barceloneta,Marítim de la Barceloneta,Saturday,2020-08-15,Laboral,2020,8,August,15,Morning,12:00:00,Unknown,Bicicleta,Female,29,Driver,Unknown,Unknown,Leisure and entertainment,Minor injury: Hospitalization up to 24 hours,432960.64,4582104.47,2.19705969,41.385828256
2020S003693    ,Sants-Montjuďc,la Font de la Guatlla,Corts Catalanes,Saturday,2020-08-15,Laboral,2020,8,August,15,Afternoon,14:00:00,Unknown,Tot terreny,Male,20,Driver,Unknown,Unknown,Leisure and entertainment,Uninjured,428492.14,4580467.21,2.14381357,41.370697013
2020S003693    ,Sants-Montjuďc,la Font de la Guatlla,Corts Catalanes,Saturday,2020-08-15,Laboral,2020,8,August,15,Afternoon,14:00:00,Unknown,Car,Female,31,Driver,Unknown,Unknown,Leisure and entertainment,Minor injury: Medical assistance at accident site,428492.14,4580467.21,2.14381357,41.370697013
2020S003694    ,Sarriŕ-Sant Gervasi,Sant Gervasi - Galvany,Santa Peronella,Saturday,2020-08-15,Laboral,2020,8,August,15,Afternoon,15:00:00,Unknown,"Camió rígid > 3,5 tones",Male,59,Driver,Unknown,Unknown,Cleaning or garbage collection service,Unknown,428966.34,4583411.11,2.14913794,41.397253721
2020S003695    ,Eixample,la Nova Esquerra de l'Eixample,Diputació,Saturday,2020-08-15,Laboral,2020,8,August,15,Afternoon,16:00:00,Creuar per fora pas de vianants,Veh. mobilitat personal amb motor,Female,64,Pedestrian,Outside the crossing,Other activities,Unknown,Minor injury: Hospitalization up to 24 hours,428925.53,4581120.33,2.14891871,41.376617858
2020S003695    ,Eixample,la Nova Esquerra de l'Eixample,Diputació,Saturday,2020-08-15,Laboral,2020,8,August,15,Afternoon,16:00:00,Creuar per fora pas de vianants,Veh. mobilitat personal amb motor,Male,26,Driver,Outside the crossing,Unknown,In transit (commuting),Minor injury: Medical assistance at accident site,428925.53,4581120.33,2.14891871,41.376617858
2020S003696    ,Eixample,la Dreta de l'Eixample,Corts Catalanes,Sunday,2020-08-16,Laboral,2020,8,August,16,Night,03:00:00,Unknown,Motorcycle,Male,33,Passenger,Unknown,Unknown,Unknown,Serious injury: Hospitalization over 24 hours,431040.34,4583035.03,2.17398844,41.394047119
2020S003696    ,Eixample,la Dreta de l'Eixample,Corts Catalanes,Sunday,2020-08-16,Laboral,2020,8,August,16,Night,03:00:00,Unknown,Motorcycle,Male,31,Driver,Unknown,Unknown,Leisure and entertainment,Minor injury: Medical assistance at accident site,431040.34,4583035.03,2.17398844,41.394047119
2020S003697    ,Grŕcia,Vallcarca i els Penitents,Dalt (Besňs),Sunday,2020-08-16,Laboral,2020,8,August,16,Night,05:00:00,Unknown,Car,Male,34,Driver,Unknown,Unknown,Leisure and entertainment,Minor injury: Medical assistance at accident site,428089.88,4585613.77,2.13839259,41.417014242
2020S003698    ,Sarriŕ-Sant Gervasi,"Vallvidrera, el Tibidabo i les Planes",Vallvidrera al Tibidabo,Sunday,2020-08-16,Laboral,2020,8,August,16,Morning,12:00:00,Unknown,Motorcycle,Female,57,Passenger,Unknown,Unknown,Unknown,Minor injury: Medical assistance at accident site,426243.09,4585813.24,2.11627189,41.418643298
2020S003698    ,Sarriŕ-Sant Gervasi,"Vallvidrera, el Tibidabo i les Planes",Vallvidrera al Tibidabo,Sunday,2020-08-16,Laboral,2020,8,August,16,Morning,12:00:00,Unknown,Motorcycle,Male,57,Driver,Unknown,Unknown,Other activities,Minor injury: Medical assistance at accident site,426243.09,4585813.24,2.11627189,41.418643298
2020S003699    ,Ciutat Vella,el Barri Gňtic,Colom,Sunday,2020-08-16,Laboral,2020,8,August,16,Morning,11:00:00,Unknown,Car,Male,28,Driver,Unknown,Unknown,Leisure and entertainment,Uninjured,431507.05,4581243.74,2.17977324,41.377953374
2020S003699    ,Ciutat Vella,el Barri Gňtic,Colom,Sunday,2020-08-16,Laboral,2020,8,August,16,Morning,11:00:00,Unknown,Motorcycle,Male,57,Driver,Unknown,Unknown,Leisure and entertainment,Minor injury: Medical assistance at accident site,431507.05,4581243.74,2.17977324,41.377953374
2020S003700    ,Eixample,la Nova Esquerra de l'Eixample,Nicaragua,Sunday,2020-08-16,Laboral,2020,8,August,16,Afternoon,14:00:00,Unknown,Motorcycle,Female,28,Driver,Unknown,Unknown,Other activities,Minor injury: Hospitalization up to 24 hours,428531.71,4581637.03,2.14414868,41.381236697
2020S003700    ,Eixample,la Nova Esquerra de l'Eixample,Nicaragua,Sunday,2020-08-16,Laboral,2020,8,August,16,Afternoon,14:00:00,Unknown,Motorcycle,Male,35,Passenger,Unknown,Unknown,Unknown,Minor injury: Hospitalization up to 24 hours,428531.71,4581637.03,2.14414868,41.381236697
2020S003700    ,Eixample,la Nova Esquerra de l'Eixample,Nicaragua,Sunday,2020-08-16,Laboral,2020,8,August,16,Afternoon,14:00:00,Unknown,Car,Male,28,Driver,Unknown,Unknown,Other activities,Uninjured,428531.71,4581637.03,2.14414868,41.381236697
2020S003701    ,Eixample,la Nova Esquerra de l'Eixample,Roma,Sunday,2020-08-16,Laboral,2020,8,August,16,Afternoon,14:00:00,Unknown,Motorcycle,Male,60,Driver,Unknown,Unknown,Other activities,Minor injury: Medical assistance at accident site,428668.56,4581644.66,2.14578427,41.381317568
2020S003701    ,Eixample,la Nova Esquerra de l'Eixample,Roma,Sunday,2020-08-16,Laboral,2020,8,August,16,Afternoon,14:00:00,Unknown,Car,Male,68,Driver,Unknown,Unknown,Other activities,Uninjured,428668.56,4581644.66,2.14578427,41.381317568
2020S003702    ,Horta-Guinardó,el Baix Guinardó,Padilla,Sunday,2020-08-16,Laboral,2020,8,August,16,Afternoon,17:00:00,Unknown,Motorcycle,Male,53,Driver,Unknown,Unknown,Other activities,Uninjured,430861.25,4584780.26,2.17164696,41.409750461
2020S003702    ,Horta-Guinardó,el Baix Guinardó,Padilla,Sunday,2020-08-16,Laboral,2020,8,August,16,Afternoon,17:00:00,Unknown,Motorcycle,Male,40,Driver,Unknown,Unknown,Other activities,Minor injury: Refused medical assistance,430861.25,4584780.26,2.17164696,41.409750461
2020S003702    ,Horta-Guinardó,el Baix Guinardó,Padilla,Sunday,2020-08-16,Laboral,2020,8,August,16,Afternoon,17:00:00,Unknown,Motorcycle,Female,50,Passenger,Unknown,Unknown,Unknown,Minor injury: Hospitalization up to 24 hours,430861.25,4584780.26,2.17164696,41.409750461
2020S003703    ,Eixample,la Sagrada Família,Padilla,Sunday,2020-08-16,Laboral,2020,8,August,16,Afternoon,18:00:00,Unknown,Motorcycle,Male,26,Driver,Unknown,Unknown,Unknown,Minor injury: Hospitalization up to 24 hours,431243.97,4584389.35,2.17627009,41.406262508
2020S003703    ,Eixample,la Sagrada Família,Padilla,Sunday,2020-08-16,Laboral,2020,8,August,16,Afternoon,18:00:00,Unknown,Car,Male,25,Driver,Unknown,Unknown,Unknown,Uninjured,431243.97,4584389.35,2.17627009,41.406262508
2020S003704    ,Sants-Montjuďc,la Font de la Guatlla,Corts Catalanes,Sunday,2020-08-16,Laboral,2020,8,August,16,Night,22:00:00,Unknown,Autobús,Female,40,Passenger,Unknown,Unknown,Unknown,Minor injury: Hospitalization up to 24 hours,428450.49,4580427.22,2.14332031,41.370333133
2020S003704    ,Sants-Montjuďc,la Font de la Guatlla,Corts Catalanes,Sunday,2020-08-16,Laboral,2020,8,August,16,Night,22:00:00,Unknown,Autobús,Female,36,Passenger,Unknown,Unknown,Unknown,Minor injury: Medical assistance at accident site,428450.49,4580427.22,2.14332031,41.370333133
2020S003704    ,Sants-Montjuďc,la Font de la Guatlla,Corts Catalanes,Sunday,2020-08-16,Laboral,2020,8,August,16,Night,22:00:00,Unknown,Autobús,Male,48,Driver,Unknown,Unknown,Urban bus,Uninjured,428450.49,4580427.22,2.14332031,41.370333133
2020S003704    ,Sants-Montjuďc,la Font de la Guatlla,Corts Catalanes,Sunday,2020-08-16,Laboral,2020,8,August,16,Night,22:00:00,Unknown,Autobús,Female,38,Passenger,Unknown,Unknown,Unknown,Minor injury: Medical assistance at accident site,428450.49,4580427.22,2.14332031,41.370333133
2020S003705    ,Eixample,Sant Antoni,Muntaner,Monday,2020-08-17,Laboral,2020,8,August,17,Night,00:00:00,Unknown,Car,Female,29,Driver,Unknown,Unknown,Leisure and entertainment,Unknown,430103.27,4581911.22,2.1629102,41.38384438
2020S003705    ,Eixample,Sant Antoni,Muntaner,Monday,2020-08-17,Laboral,2020,8,August,17,Night,00:00:00,Unknown,Car,Male,28,Driver,Unknown,Unknown,Leisure and entertainment,Uninjured,430103.27,4581911.22,2.1629102,41.38384438
2020S003706    ,Sarriŕ-Sant Gervasi,Sant Gervasi - la Bonanova,Isaac Newton,Monday,2020-08-17,Laboral,2020,8,August,17,Morning,11:00:00,Unknown,Car,Male,23,Driver,Unknown,Unknown,Unknown,Uninjured,427097.08,4584894.92,2.12660064,41.410450375
2020S003706    ,Sarriŕ-Sant Gervasi,Sant Gervasi - la Bonanova,Isaac Newton,Monday,2020-08-17,Laboral,2020,8,August,17,Morning,11:00:00,Unknown,Furgoneta,Male,35,Driver,Unknown,Unknown,In transit (commuting),Minor injury: Refused medical assistance,427097.08,4584894.92,2.12660064,41.410450375
2020S003707    ,Les Corts,les Corts,Joan Güell,Monday,2020-08-17,Laboral,2020,8,August,17,Morning,11:00:00,Unknown,Car,Male,81,Driver,Unknown,Unknown,Leisure and entertainment,Minor injury: Medical assistance at accident site,427397.11,4582007.65,2.13053645,41.38447309
2020S003707    ,Les Corts,les Corts,Joan Güell,Monday,2020-08-17,Laboral,2020,8,August,17,Morning,11:00:00,Unknown,Furgoneta,Male,46,Driver,Unknown,Unknown,"Firefighters, police, ambulance",Uninjured,427397.11,4582007.65,2.13053645,41.38447309
2020S003708    ,Ciutat Vella,el Barri Gňtic,Laietana,Monday,2020-08-17,Laboral,2020,8,August,17,Morning,12:00:00,Unknown,Bicicleta,Male,44,Driver,Unknown,Unknown,Unknown,Minor injury: Hospitalization up to 24 hours,431061.98,4582258.7,2.17433567,41.387056802
2020S003709    ,Sarriŕ-Sant Gervasi,Sant Gervasi - la Bonanova,Isaac Newton,Monday,2020-08-17,Laboral,2020,8,August,17,Afternoon,14:00:00,Unknown,Car,Male,61,Driver,Unknown,Unknown,On a mission,Minor injury: Hospitalization up to 24 hours,427897.57,4585385.95,2.13611881,41.414945123
2020S003709    ,Sarriŕ-Sant Gervasi,Sant Gervasi - la Bonanova,Isaac Newton,Monday,2020-08-17,Laboral,2020,8,August,17,Afternoon,14:00:00,Unknown,Car,Female,39,Driver,Unknown,Unknown,On a mission,Uninjured,427897.57,4585385.95,2.13611881,41.414945123
2020S003710    ,Nou Barris,Torre Baró,Llerona,Monday,2020-08-17,Laboral,2020,8,August,17,Night,01:00:00,Unknown,Car,Male,60,Driver,Unknown,Unknown,Unknown,Uninjured,431629.25,4589929.95,2.18025212,41.456197655