Case_Number,District_Name,Neighborhood_Name,Street_Name,Day_of_Week,Date,Day_Type_Description,Year,Month_of_Year,Month_Name,Day_of_Month,Shift_Description,Hour_of_Day,Pedestrian_Cause_Description,Involved_Vehicle_Type_Description,Gender_Description,Age,Person_Type_Description,Pedestrian_Accident_Location_Description,Pedestrian_Movement_Reason_Description,Driver_Movement_Reason_Description,Victimization_Description,Coordenada_UTM_X,Coordenada_UTM_Y,Longitud,Latitud
2020S003851    ,Eixample,la Sagrada Família,Mallorca,Thursday,2020-08-27,Laboral,2020,8,August,27,Afternoon,19:00:00,Unknown,Motorcycle,Male,54,Driver,Unknown,Unknown,In transit (commuting),Minor injury: Hospitalization up to 24 hours,431101.01,4583996.53,2.17460461,41.402712256
2020S003852    ,Eixample,la Dreta de l'Eixample,Tetuan,Friday,2020-08-28,Laboral,2020,8,August,28,Morning,10:00:00,Unknown,Motorcycle,Male,57,Driver,Unknown,Unknown,Leisure and entertainment,Minor injury: Medical assistance at accident site,431161.99,4583081.48,2.17543817,41.394475908
2020S003852    ,Eixample,la Dreta de l'Eixample,Tetuan,Friday,2020-08-28,Laboral,2020,8,August,28,Morning,10:00:00,Unknown,Car,Male,52,Driver,Unknown,Unknown,Taxi,Uninjured,431161.99,4583081.48,2.17543817,41.394475908
2020S003853    ,Eixample,la Dreta de l'Eixample,Diputació,Friday,2020-08-28,Laboral,2020,8,August,28,Morning,11:00:00,Unknown,Furgoneta,Male,54,Driver,Unknown,Unknown,Other activities,Uninjured,430619.19,4582780.66,2.16898035,41.391719845
2020S003853    ,Eixample,la Dreta de l'Eixample,Diputació,Friday,2020-08-28,Laboral,2020,8,August,28,Morning,11:00:00,Unknown,Furgoneta,Male,61,Driver,Unknown,Unknown,Unknown,Minor injury: Hospitalization up to 24 hours,430619.19,4582780.66,2.16898035,41.391719845
2020S003853    ,Eixample,la Dreta de l'Eixample,Diputació,Friday,2020-08-28,Laboral,2020,8,August,28,Morning,11:00:00,Unknown,Motorcycle,Male,39,Driver,Unknown,Unknown,Unknown,Minor injury: Hospitalization up to 24 hours,430619.19,4582780.66,2.16898035,41.391719845
2020S003854    ,Grŕcia,el Camp d'en Grassot i Grŕcia Nova,Sardenya,Friday,2020-08-28,Laboral,2020,8,August,28,Morning,12:00:00,Unknown,Motorcycle,Male,72,Driver,Unknown,Unknown,Leisure and entertainment,Uninjured,430225.86,4584847.99,2.16403763,41.410305545
2020S003854    ,Grŕcia,el Camp d'en Grassot i Grŕcia Nova,Sardenya,Friday,2020-08-28,Laboral,2020,8,August,28,Morning,12:00:00,Unknown,Bicicleta,Male,29,Driver,Unknown,Unknown,Leisure and entertainment,Minor injury: Medical assistance at accident site,430225.86,4584847.99,2.16403763,41.410305545
2020S003855    ,Sarriŕ-Sant Gervasi,Sant Gervasi - Galvany,Muntaner,Friday,2020-08-28,Laboral,2020,8,August,28,Morning,12:00:00,Unknown,Motorcycle,Male,55,Driver,Unknown,Unknown,Unknown,Minor injury: Hospitalization up to 24 hours,428857.02,4583186.39,2.14785676,41.39522008
2020S003855    ,Sarriŕ-Sant Gervasi,Sant Gervasi - Galvany,Muntaner,Friday,2020-08-28,Laboral,2020,8,August,28,Morning,12:00:00,Unknown,Autobús,Male,49,Driver,Unknown,Unknown,Urban bus,Uninjured,428857.02,4583186.39,2.14785676,41.39522008
2020S003856    ,Nou Barris,Canyelles,Guineueta Vella,Friday,2020-08-28,Laboral,2020,8,August,28,Morning,12:00:00,Unknown,Autobús,Male,41,Driver,Unknown,Unknown,Urban bus,Uninjured,430534.06,4588679.14,2.16728437,41.444838007
2020S003856    ,Nou Barris,Canyelles,Guineueta Vella,Friday,2020-08-28,Laboral,2020,8,August,28,Morning,12:00:00,Unknown,Autobús,Female,72,Passenger,Unknown,Unknown,Unknown,Minor injury: Hospitalization up to 24 hours,430534.06,4588679.14,2.16728437,41.444838007
2020S003857    ,Sant Martí,Sant Martí de Provençals,Andrade,Friday,2020-08-28,Laboral,2020,8,August,28,Afternoon,14:00:00,Unknown,Furgoneta,Male,20,Driver,Unknown,Unknown,Unknown,Minor injury: Hospitalization up to 24 hours,433156.25,4585219.24,2.19905494,41.413898481
2020S003858    ,Eixample,la Dreta de l'Eixample,Aragó,Friday,2020-08-28,Laboral,2020,8,August,28,Afternoon,15:00:00,Unknown,Tot terreny,Male,30,Driver,Unknown,Unknown,Unknown,Uninjured,430031.15,4582615.31,2.16196637,41.390179621
2020S003858    ,Eixample,la Dreta de l'Eixample,Aragó,Friday,2020-08-28,Laboral,2020,8,August,28,Afternoon,15:00:00,Unknown,Motorcycle,Male,23,Driver,Unknown,Unknown,Unknown,Minor injury: Medical assistance at accident site,430031.15,4582615.31,2.16196637,41.390179621
2020S003859    ,Sant Martí,Diagonal Mar i el Front Marítim del Poblenou,Litoral (Llobregat),Friday,2020-08-28,Laboral,2020,8,August,28,Afternoon,18:00:00,Unknown,Car,Male,52,Driver,Unknown,Unknown,Unknown,Uninjured,434299.84,4583908.15,2.21287977,41.402184166
2020S003859    ,Sant Martí,Diagonal Mar i el Front Marítim del Poblenou,Litoral (Llobregat),Friday,2020-08-28,Laboral,2020,8,August,28,Afternoon,18:00:00,Unknown,Car,Female,12,Passenger,Unknown,Unknown,Unknown,Minor injury: Hospitalization up to 24 hours,434299.84,4583908.15,2.21287977,41.402184166
2020S003859    ,Sant Martí,Diagonal Mar i el Front Marítim del Poblenou,Litoral (Llobregat),Friday,2020-08-28,Laboral,2020,8,August,28,Afternoon,18:00:00,Unknown,Car,Female,37,Driver,Unknown,Unknown,Unknown,Minor injury: Hospitalization up to 24 hours,434299.84,4583908.15,2.21287977,41.402184166
2020S003859    ,Sant Martí,Diagonal Mar i el Front Marítim del Poblenou,Litoral (Llobregat),Friday,2020-08-28,Laboral,2020,8,August,28,Afternoon,18:00:00,Unknown,Taxi,Male,34,Driver,Unknown,Unknown,Taxi,Uninjured,434299.84,4583908.15,2.21287977,41.402184166
2020S003859    ,Sant Martí,Diagonal Mar i el Front Marítim del Poblenou,Litoral (Llobregat),Friday,2020-08-28,Laboral,2020,8,August,28,Afternoon,18:00:00,Unknown,Car,Female,47,Passenger,Unknown,Unknown,Unknown,Minor injury: Hospitalization up to 24 hours,434299.84,4583908.15,2.21287977,41.402184166
2020S003859    ,Sant Martí,Diagonal Mar i el Front Marítim del Poblenou,Litoral (Llobregat),Friday,2020-08-28,Laboral,2020,8,August,28,Afternoon,18:00:00,Unknown,Car,Male,49,Driver,Unknown,Unknown,Unknown,Minor injury: Hospitalization up to 24 hours,434299.84,4583908.15,2.21287977,41.402184166
2020S003860    ,Sants-Montjuďc,Hostafrancs,Rector Triadó,Friday,2020-08-28,Laboral,2020,8,August,28,Afternoon,18:00:00,Creuar per fora pas de vianants,Furgoneta,Male,57,Driver,Outside the crossing,Unknown,On a mission,Uninjured,428413.66,4581325.62,2.14277381,41.378421436
2020S003860    ,Sants-Montjuďc,Hostafrancs,Rector Triadó,Friday,2020-08-28,Laboral,2020,8,August,28,Afternoon,18:00:00,Creuar per fora pas de vianants,Furgoneta,Female,5,Pedestrian,Outside the crossing,Leisure and entertainment,Unknown,Minor injury: Hospitalization up to 24 hours,428413.66,4581325.62,2.14277381,41.378421436
2020S003860    ,Sants-Montjuďc,Hostafrancs,Rector Triadó,Friday,2020-08-28,Laboral,2020,8,August,28,Afternoon,18:00:00,Creuar per fora pas de vianants,Furgoneta,Male,44,Pedestrian,Outside the crossing,Unknown,Unknown,Uninjured,428413.66,4581325.62,2.14277381,41.378421436
2020S003861    ,Horta-Guinardó,el Carmel,Llobregós,Friday,2020-08-28,Laboral,2020,8,August,28,Afternoon,19:00:00,Unknown,Car,Male,44,Driver,Unknown,Unknown,Other activities,Uninjured,429471.94,4586344.51,2.15484343,41.423718291
2020S003861    ,Horta-Guinardó,el Carmel,Llobregós,Friday,2020-08-28,Laboral,2020,8,August,28,Afternoon,19:00:00,Unknown,Motorcycle,Female,40,Driver,Unknown,Unknown,Other activities,Minor injury: Hospitalization up to 24 hours,429471.94,4586344.51,2.15484343,41.423718291
2020S003862    ,Sarriŕ-Sant Gervasi,Sant Gervasi - Galvany,Muntaner,Friday,2020-08-28,Laboral,2020,8,August,28,Afternoon,18:00:00,Unknown,Car,Male,30,Driver,Unknown,Unknown,"Firefighters, police, ambulance",Uninjured,428624.42,4583426.46,2.14504636,41.397361679
2020S003862    ,Sarriŕ-Sant Gervasi,Sant Gervasi - Galvany,Muntaner,Friday,2020-08-28,Laboral,2020,8,August,28,Afternoon,18:00:00,Unknown,Motorcycle,Male,57,Driver,Unknown,Unknown,Other activities,Minor injury: Hospitalization up to 24 hours,428624.42,4583426.46,2.14504636,41.397361679
2020S003863    ,Eixample,la Dreta de l'Eixample,Bailčn,Friday,2020-08-28,Laboral,2020,8,August,28,Afternoon,19:00:00,Unknown,Motorcycle,Male,43,Driver,Unknown,Unknown,Unknown,Serious injury: Hospitalization over 24 hours,430665.17,4583439.12,2.16945485,41.397654354
2020S003863    ,Eixample,la Dreta de l'Eixample,Bailčn,Friday,2020-08-28,Laboral,2020,8,August,28,Afternoon,19:00:00,Unknown,Motorcycle,Female,65,Passenger,Unknown,Unknown,Unknown,Serious injury: Hospitalization over 24 hours,430665.17,4583439.12,2.16945485,41.397654354
2020S003863    ,Eixample,la Dreta de l'Eixample,Bailčn,Friday,2020-08-28,Laboral,2020,8,August,28,Afternoon,19:00:00,Unknown,Veh. mobilitat personal amb motor,Male,23,Driver,Unknown,Unknown,Unknown,Serious injury: Hospitalization over 24 hours,430665.17,4583439.12,2.16945485,41.397654354
2020S003864    ,Nou Barris,Porta,Pintor Alsamora,Friday,2020-08-28,Laboral,2020,8,August,28,Afternoon,20:00:00,Unknown,Motorcycle,Male,47,Driver,Unknown,Unknown,Unknown,Minor injury: Medical assistance at accident site,431539.31,4587570.09,2.17944297,41.4349356
2020S003864    ,Nou Barris,Porta,Pintor Alsamora,Friday,2020-08-28,Laboral,2020,8,August,28,Afternoon,20:00:00,Unknown,Motorcycle,Male,61,Driver,Unknown,Unknown,Unknown,Uninjured,431539.31,4587570.09,2.17944297,41.4349356
2020S003865    ,Sarriŕ-Sant Gervasi,Sant Gervasi - la Bonanova,Teodora Lamadrid,Friday,2020-08-28,Laboral,2020,8,August,28,Afternoon,21:00:00,Unknown,Car,Male,44,Driver,Unknown,Unknown,Unknown,Minor injury: Hospitalization up to 24 hours,427906.4,4584497.71,2.13633034,41.406945908
2020S003866    ,Nou Barris,la Prosperitat,Argullós,Friday,2020-08-28,Laboral,2020,8,August,28,Afternoon,20:00:00,Unknown,Car,Male,48,Driver,Unknown,Unknown,Unknown,Uninjured,432006.22,4588150.92,2.18496565,41.440206626
2020S003866    ,Nou Barris,la Prosperitat,Argullós,Friday,2020-08-28,Laboral,2020,8,August,28,Afternoon,20:00:00,Unknown,Car,Male,30,Driver,Unknown,Unknown,Unknown,Minor injury: Hospitalization up to 24 hours,432006.22,4588150.92,2.18496565,41.440206626
2020S003866    ,Nou Barris,la Prosperitat,Argullós,Friday,2020-08-28,Laboral,2020,8,August,28,Afternoon,20:00:00,Unknown,Car,Female,27,Passenger,Unknown,Unknown,Unknown,Minor injury: Hospitalization up to 24 hours,432006.22,4588150.92,2.18496565,41.440206626
2020S003866    ,Nou Barris,la Prosperitat,Argullós,Friday,2020-08-28,Laboral,2020,8,August,28,Afternoon,20:00:00,Unknown,Car,Female,55,Passenger,Unknown,Unknown,Unknown,Minor injury: Hospitalization up to 24 hours,432006.22,4588150.92,2.18496565,41.440206626
2020S003867    ,Ciutat Vella,el Barri Gňtic,Templers,Friday,2020-08-28,Laboral,2020,8,August,28,Night,23:00:00,Unknown,"Camió rígid <= 3,5 tones",Male,55,Driver,Unknown,Unknown,Cleaning or garbage collection service,Uninjured,431383.27,4581676.79,2.17824405,41.381843186
2020S003868    ,Nou Barris,la Guineueta,Valldaura,Saturday,2020-08-29,Laboral,2020,8,August,29,Morning,09:00:00,Unknown,Motorcycle,Female,27,Driver,Unknown,Unknown,In transit (commuting),Minor injury: Hospitalization up to 24 hours,430967.88,4587961.69,2.17255922,41.43841365
2020S003868    ,Nou Barris,la Guineueta,Valldaura,Saturday,2020-08-29,Laboral,2020,8,August,29,Morning,09:00:00,Unknown,Car,Male,34,Driver,Unknown,Unknown,Leisure and entertainment,Uninjured,430967.88,4587961.69,2.17255922,41.43841365
2020S003869    ,Eixample,la Dreta de l'Eixample,Cňrsega,Friday,2020-08-28,Laboral,2020,8,August,28,Afternoon,17:00:00,Unknown,Bicicleta,Male,28,Driver,Unknown,Unknown,Leisure and entertainment,Minor injury: Refused medical assistance,430293.0,4583773.61,2.16496467,41.4006348
2020S003870    ,Eixample,el Fort Pienc,Aragó,Saturday,2020-08-29,Laboral,2020,8,August,29,Morning,13:00:00,Unknown,Motorcycle,Female,58,Driver,Unknown,Unknown,Leisure and entertainment,Minor injury: Hospitalization up to 24 hours,431127.16,4583644.55,2.17495749,41.399544324
2020S003870    ,Eixample,el Fort Pienc,Aragó,Saturday,2020-08-29,Laboral,2020,8,August,29,Morning,13:00:00,Unknown,Car,Male,43,Driver,Unknown,Unknown,Leisure and entertainment,Uninjured,431127.16,4583644.55,2.17495749,41.399544324
2020S003871    ,Eixample,la Nova Esquerra de l'Eixample,Aragó,Saturday,2020-08-29,Laboral,2020,8,August,29,Afternoon,14:00:00,Unknown,Car,Female,62,Driver,Unknown,Unknown,On a mission,Uninjured,429175.89,4581770.69,2.15183632,41.382497521
2020S003871    ,Eixample,la Nova Esquerra de l'Eixample,Aragó,Saturday,2020-08-29,Laboral,2020,8,August,29,Afternoon,14:00:00,Unknown,Motorcycle,Male,25,Driver,Unknown,Unknown,Other activities,Minor injury: Hospitalization up to 24 hours,429175.89,4581770.69,2.15183632,41.382497521
2020S003872    ,Sants-Montjuďc,la Marina del Prat Vermell,Cal Cisó,Saturday,2020-08-29,Laboral,2020,8,August,29,Afternoon,17:00:00,Unknown,Motorcycle,Female,29,Driver,Unknown,Unknown,In transit (commuting),Minor injury: Hospitalization up to 24 hours,428353.16,4578280.38,2.14241031,41.350988577
2020S003872    ,Sants-Montjuďc,la Marina del Prat Vermell,Cal Cisó,Saturday,2020-08-29,Laboral,2020,8,August,29,Afternoon,17:00:00,Unknown,Car,Female,29,Driver,Unknown,Unknown,Unknown,Uninjured,428353.16,4578280.38,2.14241031,41.350988577
2020S003873    ,Sarriŕ-Sant Gervasi,el Putxet i el Farró,Lucŕ,Saturday,2020-08-29,Laboral,2020,8,August,29,Afternoon,17:00:00,Unknown,Car,Male,60,Pedestrian,Outside the crossing,Other activities,Unknown,Minor injury: Hospitalization up to 24 hours,428177.44,4584921.26,2.13952248,41.410784927
2020S003873    ,Sarriŕ-Sant Gervasi,el Putxet i el Farró,Lucŕ,Saturday,2020-08-29,Laboral,2020,8,August,29,Afternoon,17:00:00,Unknown,Car,Female,73,Driver,Outside the crossing,Unknown,Unknown,Uninjured,428177.44,4584921.26,2.13952248,41.410784927
2020S003874    ,Eixample,l'Antiga Esquerra de l'Eixample,Aragó,Saturday,2020-08-29,Laboral,2020,8,August,29,Afternoon,19:00:00,Unknown,Ciclomotor,Male,47,Driver,Unknown,Unknown,Other activities,Minor injury: Hospitalization up to 24 hours,429632.24,4582185.05,2.15724544,41.386269592
2020S003875    ,Eixample,la Dreta de l'Eixample,Diagonal,Saturday,2020-08-29,Laboral,2020,8,August,29,Night,23:00:00,Transitar a peu per la calçada,Motorcycle,Male,35,Driver,Outside the crossing,Unknown,Unknown,Minor injury: Hospitalization up to 24 hours,430532.93,4583519.64,2.16786384,41.398368152
2020S003875    ,Eixample,la Dreta de l'Eixample,Diagonal,Saturday,2020-08-29,Laboral,2020,8,August,29,Night,23:00:00,Transitar a peu per la calçada,Motorcycle,Female,29,Passenger,Outside the crossing,Unknown,Unknown,Minor injury: Hospitalization up to 24 hours,430532.93,4583519.64,2.16786384,41.398368152
2020S003875    ,Eixample,la Dreta de l'Eixample,Diagonal,Saturday,2020-08-29,Laboral,2020,8,August,29,Night,23:00:00,Transitar a peu per la calçada,Motorcycle,Male,50,Pedestrian,Outside the crossing,Unknown,Unknown,Serious injury: Hospitalization over 24 hours,430532.93,4583519.64,2.16786384,41.398368152
2020S003876    ,Sant Martí,Diagonal Mar i el Front Marítim del Poblenou,Litoral (Llobregat),Sunday,2020-08-30,Laboral,2020,8,August,30,Night,00:00:00,Unknown,Car,Female,18,Passenger,Unknown,Unknown,Unknown,Minor injury: Hospitalization up to 24 hours,434227.97,4583837.28,2.21202774,41.401539977
2020S003876    ,Sant Martí,Diagonal Mar i el Front Marítim del Poblenou,Litoral (Llobregat),Sunday,2020-08-30,Laboral,2020,8,August,30,Night,00:00:00,Unknown,Car,Female,23,Passenger,Unknown,Unknown,Unknown,Minor injury: Hospitalization up to 24 hours,434227.97,4583837.28,2.21202774,41.401539977
2020S003876    ,Sant Martí,Diagonal Mar i el Front Marítim del Poblenou,Litoral (Llobregat),Sunday,2020-08-30,Laboral,2020,8,August,30,Night,00:00:00,Unknown,Car,Male,21,Driver,Unknown,Unknown,Unknown,Minor injury: Hospitalization up to 24 hours,434227.97,4583837.28,2.21202774,41.401539977
2020S003876    ,Sant Martí,Diagonal Mar i el Front Marítim del Poblenou,Litoral (Llobregat),Sunday,2020-08-30,Laboral,2020,8,August,30,Night,00:00:00,Unknown,Car,Male,17,Passenger,Unknown,Unknown,Unknown,Minor injury: Hospitalization up to 24 hours,434227.97,4583837.28,2.21202774,41.401539977
2020S003876    ,Sant Martí,Diagonal Mar i el Front Marítim del Poblenou,Litoral (Llobregat),Sunday,2020-08-30,Laboral,2020,8,August,30,Night,00:00:00,Unknown,Car,Female,14,Passenger,Unknown,Unknown,Unknown,Minor injury: Hospitalization up to 24 hours,434227.97,4583837.28,2.21202774,41.401539977
2020S003876    ,Sant Martí,Diagonal Mar i el Front Marítim del Poblenou,Litoral (Llobregat),Sunday,2020-08-30,Laboral,2020,8,August,30,Night,00:00:00,Unknown,Car,Male,14,Passenger,Unknown,Unknown,Unknown,Minor injury: Hospitalization up to 24 hours,434227.97,4583837.28,2.21202774,41.401539977
2020S003876    ,Sant Martí,Diagonal Mar i el Front Marítim del Poblenou,Litoral (Llobregat),Sunday,2020-08-30,Laboral,2020,8,August,30,Night,00:00:00,Unknown,Car,Female,15,Passenger,Unknown,Unknown,Unknown,Minor injury: Hospitalization up to 24 hours,434227.97,4583837.28,2.21202774,41.401539977
2020S003876    ,Sant Martí,Diagonal Mar i el Front Marítim del Poblenou,Litoral (Llobregat),Sunday,2020-08-30,Laboral,2020,8,August,30,Night,00:00:00,Unknown,Car,Male,22,Driver,Unknown,Unknown,Unknown,Minor injury: Hospitalization up to 24 hours,434227.97,4583837.28,2.21202774,41.401539977
2020S003876    ,Sant Martí,Diagonal Mar i el Front Marítim del Poblenou,Litoral (Llobregat),Sunday,2020-08-30,Laboral,2020,8,August,30,Night,00:00:00,Unknown,Car,Female,31,Driver,Unknown,Unknown,Unknown,Minor injury: Hospitalization up to 24 hours,434227.97,4583837.28,2.21202774,41.401539977
2020S003876    ,Sant Martí,Diagonal Mar i el Front Marítim del Poblenou,Litoral (Llobregat),Sunday,2020-08-30,Laboral,2020,8,August,30,Night,00:00:00,Unknown,Car,Male,15,Passenger,Unknown,Unknown,Unknown,Minor injury: Hospitalization up to 24 hours,434227.97,4583837.28,2.21202774,41.401539977
2020S003877    ,Sant Andreu,Navas,Olesa,Sunday,2020-08-30,Laboral,2020,8,August,30,Night,01:00:00,Unknown,Car,Male,35,Driver,Unknown,Unknown,Leisure and entertainment,Uninjured,431948.73,4586125.96,2.18450565,41.42196362
2020S003877    ,Sant Andreu,Navas,Olesa,Sunday,2020-08-30,Laboral,2020,8,August,30,Night,01:00:00,Unknown,Car,Male,23,Driver,Unknown,Unknown,Leisure and entertainment,Minor injury: Medical assistance at accident site,431948.73,4586125.96,2.18450565,41.42196362
2020S003877    ,Sant Andreu,Navas,Olesa,Sunday,2020-08-30,Laboral,2020,8,August,30,Night,01:00:00,Unknown,Car,Male,24,Passenger,Unknown,Unknown,Unknown,Minor injury: Hospitalization up to 24 hours,431948.73,4586125.96,2.18450565,41.42196362
2020S003878    ,Ciutat Vella,"Sant Pere, Santa Caterina i la Ribera",Picasso,Sunday,2020-08-30,Laboral,2020,8,August,30,Morning,13:00:00,Unknown,Taxi,Male,63,Driver,Unknown,Unknown,Taxi,Uninjured,431950.46,4582209.0,2.18496697,41.386684862
2020S003878    ,Ciutat Vella,"Sant Pere, Santa Caterina i la Ribera",Picasso,Sunday,2020-08-30,Laboral,2020,8,August,30,Morning,13:00:00,Unknown,Bicicleta,Male,22,Driver,Unknown,Unknown,Leisure and entertainment,Minor injury: Medical assistance at accident site,431950.46,4582209.0,2.18496697,41.386684862
2020S003879    ,Sant Martí,Diagonal Mar i el Front Marítim del Poblenou,Marítim de la Mar Bella,Saturday,2020-08-29,Laboral,2020,8,August,29,Afternoon,17:00:00,Unknown,Veh. mobilitat personal amb motor,Male,20,Driver,Unknown,Unknown,Leisure and entertainment,Uninjured,434159.94,4583439.98,2.21125719,41.397956015
2020S003879    ,Sant Martí,Diagonal Mar i el Front Marítim del Poblenou,Marítim de la Mar Bella,Saturday,2020-08-29,Laboral,2020,8,August,29,Afternoon,17:00:00,Unknown,Bicicleta,Male,40,Driver,Unknown,Unknown,Leisure and entertainment,Minor injury: Hospitalization up to 24 hours,434159.94,4583439.98,2.21125719,41.397956015
2020S003880    ,Horta-Guinardó,el Guinardó,Guinardó,Sunday,2020-08-30,Laboral,2020,8,August,30,Afternoon,18:00:00,Unknown,Veh. mobilitat personal amb motor,Female,35,Pedestrian,In crossing regulated by traffic lights,Unknown,Unknown,Minor injury: Medical assistance at accident site,431112.73,4585575.94,2.17456491,41.416938492
2020S003880    ,Horta-Guinardó,el Guinardó,Guinardó,Sunday,2020-08-30,Laboral,2020,8,August,30,Afternoon,18:00:00,Unknown,Veh. mobilitat personal amb motor,Male,22,Driver,In crossing regulated by traffic lights,Unknown,Leisure and entertainment,Uninjured,431112.73,4585575.94,2.17456491,41.416938492
2020S003881    ,Les Corts,la Maternitat i Sant Ramon,Diagonal,Sunday,2020-08-30,Laboral,2020,8,August,30,Afternoon,19:00:00,Unknown,Car,Male,30,Driver,Unknown,Unknown,Leisure and entertainment,Minor injury: Refused medical assistance,427027.69,4582353.2,2.126077,41.387551878
2020S003881    ,Les Corts,la Maternitat i Sant Ramon,Diagonal,Sunday,2020-08-30,Laboral,2020,8,August,30,Afternoon,19:00:00,Unknown,Car,Female,58,Passenger,Unknown,Unknown,Unknown,Minor injury: Refused medical assistance,427027.69,4582353.2,2.126077,41.387551878
2020S003881    ,Les Corts,la Maternitat i Sant Ramon,Diagonal,Sunday,2020-08-30,Laboral,2020,8,August,30,Afternoon,19:00:00,Unknown,Car,Male,25,Driver,Unknown,Unknown,Leisure and entertainment,Uninjured,427027.69,4582353.2,2.126077,41.387551878
2020S003881    ,Les Corts,la Maternitat i Sant Ramon,Diagonal,Sunday,2020-08-30,Laboral,2020,8,August,30,Afternoon,19:00:00,Unknown,Car,Male,23,Driver,Unknown,Unknown,Leisure and entertainment,Minor injury: Medical assistance at accident site,427027.69,4582353.2,2.126077,41.387551878
2020S003881    ,Les Corts,la Maternitat i Sant Ramon,Diagonal,Sunday,2020-08-30,Laboral,2020,8,August,30,Afternoon,19:00:00,Unknown,Car,Male,26,Driver,Unknown,Unknown,Leisure and entertainment,Uninjured,427027.69,4582353.2,2.126077,41.387551878
2020S003882    ,Sant Martí,Diagonal Mar i el Front Marítim del Poblenou,Litoral (Besňs),Sunday,2020-08-30,Laboral,2020,8,August,30,Afternoon,21:00:00,Unknown,Motorcycle,Male,23,Driver,Unknown,Unknown,Unknown,Minor injury: Hospitalization up to 24 hours,434241.83,4583823.22,2.21219507,41.401414476
2020S003882    ,Sant Martí,Diagonal Mar i el Front Marítim del Poblenou,Litoral (Besňs),Sunday,2020-08-30,Laboral,2020,8,August,30,Afternoon,21:00:00,Unknown,Car,Male,31,Driver,Unknown,Unknown,Unknown,Uninjured,434241.83,4583823.22,2.21219507,41.401414476
2020S003883    ,Horta-Guinardó,Montbau,Dalt (Besňs),Sunday,2020-08-30,Laboral,2020,8,August,30,Night,22:00:00,Unknown,Car,Female,30,Driver,Unknown,Unknown,Leisure and entertainment,Minor injury: Refused medical assistance,428643.58,4587123.26,2.14483927,41.430658976
2020S003883    ,Horta-Guinardó,Montbau,Dalt (Besňs),Sunday,2020-08-30,Laboral,2020,8,August,30,Night,22:00:00,Unknown,Car,Male,33,Driver,Unknown,Unknown,Leisure and entertainment,Minor injury: Refused medical assistance,428643.58,4587123.26,2.14483927,41.430658976
2020S003883    ,Horta-Guinardó,Montbau,Dalt (Besňs),Sunday,2020-08-30,Laboral,2020,8,August,30,Night,22:00:00,Unknown,Car,Female,34,Passenger,Unknown,Unknown,Unknown,Minor injury: Refused medical assistance,428643.58,4587123.26,2.14483927,41.430658976
2020S003883    ,Horta-Guinardó,Montbau,Dalt (Besňs),Sunday,2020-08-30,Laboral,2020,8,August,30,Night,22:00:00,Unknown,Car,Female,53,Driver,Unknown,Unknown,Leisure and entertainment,Uninjured,428643.58,4587123.26,2.14483927,41.430658976
2020S003884    ,Ciutat Vella,la Barceloneta,Litoral (Llobregat),Sunday,2020-08-30,Laboral,2020,8,August,30,Night,23:00:00,Unknown,Car,Male,29,Driver,Unknown,Unknown,Leisure and entertainment,Unknown,432275.46,4581857.73,2.18889306,41.383548507
2020S003884    ,Ciutat Vella,la Barceloneta,Litoral (Llobregat),Sunday,2020-08-30,Laboral,2020,8,August,30,Night,23:00:00,Unknown,Car,Male,56,Driver,Unknown,Unknown,Leisure and entertainment,Unknown,432275.46,4581857.73,2.18889306,41.383548507
2020S003885    ,Eixample,el Fort Pienc,Marina,Monday,2020-08-31,Laboral,2020,8,August,31,Night,00:00:00,Unknown,Motorcycle,Male,29,Driver,Unknown,Unknown,Unknown,Minor injury: Hospitalization up to 24 hours,431672.65,4583534.27,2.18149494,41.398597631
2020S003886    ,Eixample,la Sagrada Família,Sardenya,Monday,2020-08-31,Laboral,2020,8,August,31,Night,00:00:00,Unknown,Bicicleta,Female,32,Driver,Unknown,Unknown,In transit (commuting),Serious injury: Hospitalization over 24 hours,430927.04,4584158.7,2.17250502,41.404157933
2020S003887    ,Eixample,el Fort Pienc,Aragó,Monday,2020-08-31,Laboral,2020,8,August,31,Morning,08:00:00,Unknown,Car,Female,55,Driver,Unknown,Unknown,In transit (commuting),Uninjured,431083.01,4583646.05,2.17442921,41.399554049
2020S003887    ,Eixample,el Fort Pienc,Aragó,Monday,2020-08-31,Laboral,2020,8,August,31,Morning,08:00:00,Unknown,Motorcycle,Female,25,Driver,Unknown,Unknown,In transit (commuting),Minor injury: Hospitalization up to 24 hours,431083.01,4583646.05,2.17442921,41.399554049
2020S003888    ,Ciutat Vella,el Raval,Portal de Santa Madrona,Monday,2020-08-31,Laboral,2020,8,August,31,Morning,08:00:00,Unknown,"Camió rígid > 3,5 tones",Male,52,Driver,Unknown,Unknown,On a mission,Unknown,431139.29,4581105.97,2.17539132,41.376681112
2020S003889    ,Grŕcia,Vallcarca i els Penitents,Lesseps,Monday,2020-08-31,Laboral,2020,8,August,31,Morning,10:00:00,Unknown,Autobús,Male,58,Driver,Unknown,Unknown,Urban bus,Uninjured,428959.1,4584445.8,2.14892985,41.406572148
2020S003889    ,Grŕcia,Vallcarca i els Penitents,Lesseps,Monday,2020-08-31,Laboral,2020,8,August,31,Morning,10:00:00,Unknown,Autobús,Female,81,Passenger,Unknown,Unknown,Unknown,Minor injury: Hospitalization up to 24 hours,428959.1,4584445.8,2.14892985,41.406572148