Case_Number,District_Name,Neighborhood_Name,Street_Name,Day_of_Week,Date,Day_Type_Description,Year,Month_of_Year,Month_Name,Day_of_Month,Shift_Description,Hour_of_Day,Pedestrian_Cause_Description,Involved_Vehicle_Type_Description,Gender_Description,Age,Person_Type_Description,Pedestrian_Accident_Location_Description,Pedestrian_Movement_Reason_Description,Driver_Movement_Reason_Description,Victimization_Description,Coordenada_UTM_X,Coordenada_UTM_Y,Longitud,Latitud
2020S003977    ,Les Corts,les Corts,Diagonal,Thursday,2020-09-03,Laboral,2020,9,September,3,Afternoon,14:00:00,Unknown,Car,Female,27,Driver,Unknown,Unknown,Leisure and entertainment,Uninjured,427557.22,4582526.09,2.13238915,41.389156919
2020S003978    ,Grŕcia,el Camp d'en Grassot i Grŕcia Nova,Sant Joan,Monday,2020-08-31,Laboral,2020,8,August,31,Afternoon,18:00:00,Unknown,Motorcycle,Male,39,Driver,Unknown,Unknown,Other activities,Minor injury: Hospitalization up to 24 hours,430465.5,4583886.59,2.16701511,41.401667319
2020S003978    ,Grŕcia,el Camp d'en Grassot i Grŕcia Nova,Sant Joan,Monday,2020-08-31,Laboral,2020,8,August,31,Afternoon,18:00:00,Unknown,Car,Male,36,Driver,Unknown,Unknown,Taxi,Uninjured,430465.5,4583886.59,2.16701511,41.401667319
2020S003979    ,Les Corts,la Maternitat i Sant Ramon,Diagonal,Thursday,2020-09-03,Laboral,2020,9,September,3,Afternoon,15:00:00,Unknown,Car,Male,41,Driver,Unknown,Unknown,Other activities,Minor injury: Medical assistance at accident site,426268.3,4582116.22,2.11702406,41.385348216
2020S003979    ,Les Corts,la Maternitat i Sant Ramon,Diagonal,Thursday,2020-09-03,Laboral,2020,9,September,3,Afternoon,15:00:00,Unknown,Car,Male,33,Driver,Unknown,Unknown,Other activities,Uninjured,426268.3,4582116.22,2.11702406,41.385348216
2020S003980    ,Ciutat Vella,el Barri Gňtic,Portal de la Pau,Thursday,2020-09-03,Laboral,2020,9,September,3,Afternoon,14:00:00,Unknown,Autobús,Female,60,Passenger,Unknown,Unknown,Unknown,Minor injury: Medical assistance at accident site,431350.48,4580999.18,2.17792873,41.375737337
2020S003980    ,Ciutat Vella,el Barri Gňtic,Portal de la Pau,Thursday,2020-09-03,Laboral,2020,9,September,3,Afternoon,14:00:00,Unknown,Autobús,Female,60,Passenger,Unknown,Unknown,Unknown,Minor injury: Hospitalization up to 24 hours,431350.48,4580999.18,2.17792873,41.375737337
2020S003980    ,Ciutat Vella,el Barri Gňtic,Portal de la Pau,Thursday,2020-09-03,Laboral,2020,9,September,3,Afternoon,14:00:00,Unknown,Car,Male,0,Passenger,Unknown,Unknown,Unknown,Minor injury: Hospitalization up to 24 hours,431350.48,4580999.18,2.17792873,41.375737337
2020S003980    ,Ciutat Vella,el Barri Gňtic,Portal de la Pau,Thursday,2020-09-03,Laboral,2020,9,September,3,Afternoon,14:00:00,Unknown,Autobús,Female,28,Passenger,Unknown,Unknown,Unknown,Minor injury: Medical assistance at accident site,431350.48,4580999.18,2.17792873,41.375737337
2020S003980    ,Ciutat Vella,el Barri Gňtic,Portal de la Pau,Thursday,2020-09-03,Laboral,2020,9,September,3,Afternoon,14:00:00,Unknown,Autobús,Male,60,Driver,Unknown,Unknown,Urban bus,Uninjured,431350.48,4580999.18,2.17792873,41.375737337
2020S003980    ,Ciutat Vella,el Barri Gňtic,Portal de la Pau,Thursday,2020-09-03,Laboral,2020,9,September,3,Afternoon,14:00:00,Unknown,Car,Male,31,Driver,Unknown,Unknown,Leisure and entertainment,Minor injury: Refused medical assistance,431350.48,4580999.18,2.17792873,41.375737337
2020S003980    ,Ciutat Vella,el Barri Gňtic,Portal de la Pau,Thursday,2020-09-03,Laboral,2020,9,September,3,Afternoon,14:00:00,Unknown,Autobús,Female,66,Passenger,Unknown,Unknown,Unknown,Minor injury: Medical assistance at accident site,431350.48,4580999.18,2.17792873,41.375737337
2020S003981    ,Sants-Montjuďc,la Bordeta,Carrilet,Thursday,2020-09-03,Laboral,2020,9,September,3,Afternoon,14:00:00,Unknown,Motorcycle,Female,41,Driver,Unknown,Unknown,In transit (commuting),Minor injury: Hospitalization up to 24 hours,427570.01,4579940.1,2.13285131,41.365867024
2020S003981    ,Sants-Montjuďc,la Bordeta,Carrilet,Thursday,2020-09-03,Laboral,2020,9,September,3,Afternoon,14:00:00,Unknown,Car,Male,35,Driver,Unknown,Unknown,On a mission,Uninjured,427570.01,4579940.1,2.13285131,41.365867024
2020S003982    ,Sant Martí,Provençals del Poblenou,Selva de Mar,Thursday,2020-09-03,Laboral,2020,9,September,3,Afternoon,14:00:00,Unknown,Ciclomotor,Male,76,Driver,Unknown,Unknown,Other activities,Minor injury: Hospitalization up to 24 hours,433589.72,4585033.33,2.20426157,41.412259996
2020S003983    ,Eixample,Sant Antoni,Sant Antoni,Thursday,2020-09-03,Laboral,2020,9,September,3,Afternoon,18:00:00,Unknown,Bicicleta,Female,40,Pedestrian,In pedestrian area,Unknown,Unknown,Uninjured,430106.01,4581420.89,2.16299956,41.379428367
2020S003983    ,Eixample,Sant Antoni,Sant Antoni,Thursday,2020-09-03,Laboral,2020,9,September,3,Afternoon,18:00:00,Unknown,Bicicleta,Male,7,Driver,In pedestrian area,Unknown,Unknown,Uninjured,430106.01,4581420.89,2.16299956,41.379428367
2020S003983    ,Eixample,Sant Antoni,Sant Antoni,Thursday,2020-09-03,Laboral,2020,9,September,3,Afternoon,18:00:00,Unknown,Bicicleta,Female,55,Pedestrian,In pedestrian area,Unknown,Unknown,Minor injury: Hospitalization up to 24 hours,430106.01,4581420.89,2.16299956,41.379428367
2020S003984    ,Nou Barris,Porta,Meridiana,Thursday,2020-09-03,Laboral,2020,9,September,3,Afternoon,14:00:00,Unknown,Car,Male,42,Driver,Unknown,Unknown,In transit (commuting),Minor injury: Medical assistance at accident site,431791.13,4587315.35,2.18248557,41.432662685
2020S003984    ,Nou Barris,Porta,Meridiana,Thursday,2020-09-03,Laboral,2020,9,September,3,Afternoon,14:00:00,Unknown,Furgoneta,Male,36,Driver,Unknown,Unknown,On a mission,Uninjured,431791.13,4587315.35,2.18248557,41.432662685
2020S003985    ,Sant Martí,Diagonal Mar i el Front Marítim del Poblenou,Selva de Mar,Thursday,2020-09-03,Laboral,2020,9,September,3,Afternoon,16:00:00,Unknown,Bicicleta,Male,25,Driver,Unknown,Unknown,Leisure and entertainment,Minor injury: Hospitalization up to 24 hours,434351.06,4584267.17,2.21345351,41.405421963
2020S003985    ,Sant Martí,Diagonal Mar i el Front Marítim del Poblenou,Selva de Mar,Thursday,2020-09-03,Laboral,2020,9,September,3,Afternoon,16:00:00,Unknown,Car,Male,51,Driver,Unknown,Unknown,Leisure and entertainment,Uninjured,434351.06,4584267.17,2.21345351,41.405421963
2020S003986    ,Nou Barris,Porta,Meridiana,Thursday,2020-09-03,Laboral,2020,9,September,3,Morning,13:00:00,Unknown,Motorcycle,Female,39,Driver,Unknown,Unknown,Leisure and entertainment,Minor injury: Hospitalization up to 24 hours,431958.92,4587888.62,2.18442907,41.437840172
2020S003986    ,Nou Barris,Porta,Meridiana,Thursday,2020-09-03,Laboral,2020,9,September,3,Morning,13:00:00,Unknown,Motorcycle,Female,38,Passenger,Unknown,Unknown,Unknown,Minor injury: Hospitalization up to 24 hours,431958.92,4587888.62,2.18442907,41.437840172
2020S003987    ,Sants-Montjuďc,Sants - Badal,Canalejas,Thursday,2020-09-03,Laboral,2020,9,September,3,Afternoon,18:00:00,Unknown,Car,Female,37,Driver,Unknown,Unknown,Unknown,Uninjured,427129.31,4580596.76,2.12750361,41.371741523
2020S003987    ,Sants-Montjuďc,Sants - Badal,Canalejas,Thursday,2020-09-03,Laboral,2020,9,September,3,Afternoon,18:00:00,Unknown,Motorcycle,Female,41,Passenger,Unknown,Unknown,Unknown,Minor injury: Medical assistance at accident site,427129.31,4580596.76,2.12750361,41.371741523
2020S003987    ,Sants-Montjuďc,Sants - Badal,Canalejas,Thursday,2020-09-03,Laboral,2020,9,September,3,Afternoon,18:00:00,Unknown,Motorcycle,Male,59,Driver,Unknown,Unknown,Unknown,Minor injury: Refused medical assistance,427129.31,4580596.76,2.12750361,41.371741523
2020S003988    ,Eixample,la Dreta de l'Eixample,Catalunya,Thursday,2020-09-03,Laboral,2020,9,September,3,Afternoon,15:00:00,Unknown,Ciclomotor,Male,22,Driver,Unknown,Unknown,Other activities,Minor injury: Hospitalization up to 24 hours,430536.43,4582314.91,2.16804396,41.387517831
2020S003988    ,Eixample,la Dreta de l'Eixample,Catalunya,Thursday,2020-09-03,Laboral,2020,9,September,3,Afternoon,15:00:00,Unknown,Car,Male,63,Driver,Unknown,Unknown,Other activities,Uninjured,430536.43,4582314.91,2.16804396,41.387517831
2020S003989    ,Nou Barris,la Prosperitat,Rio de Janeiro,Thursday,2020-09-03,Laboral,2020,9,September,3,Afternoon,17:00:00,Unknown,"Camió rígid <= 3,5 tones",Male,58,Driver,Unknown,Unknown,Professional goods transport,Uninjured,431967.9,4588350.51,2.18448451,41.442001015
2020S003990    ,Sant Martí,el Parc i la Llacuna del Poblenou,Pallars,Thursday,2020-09-03,Laboral,2020,9,September,3,Afternoon,17:00:00,Unknown,Ciclomotor,Male,28,Driver,Unknown,Unknown,Unknown,Minor injury: Hospitalization up to 24 hours,432705.25,4583500.67,2.1938502,41.398382137
2020S003991    ,Nou Barris,Verdun,Almagro,Thursday,2020-09-03,Laboral,2020,9,September,3,Afternoon,15:00:00,Unknown,Ciclomotor,Male,34,Driver,Unknown,Unknown,Unknown,Minor injury: Hospitalization up to 24 hours,431044.7,4588480.61,2.17341941,41.443093972
2020S003991    ,Nou Barris,Verdun,Almagro,Thursday,2020-09-03,Laboral,2020,9,September,3,Afternoon,15:00:00,Unknown,Furgoneta,Male,58,Driver,Unknown,Unknown,Unknown,Uninjured,431044.7,4588480.61,2.17341941,41.443093972
2020S003992    ,Nou Barris,Ciutat Meridiana,C-17 (Barcelona),Friday,2020-09-04,Laboral,2020,9,September,4,Night,04:00:00,Unknown,Car,Female,19,Passenger,Unknown,Unknown,Unknown,Minor injury: Hospitalization up to 24 hours,431568.59,4590758.85,2.17943186,41.463658058
2020S003992    ,Nou Barris,Ciutat Meridiana,C-17 (Barcelona),Friday,2020-09-04,Laboral,2020,9,September,4,Night,04:00:00,Unknown,Car,Male,21,Driver,Unknown,Unknown,Leisure and entertainment,Minor injury: Refused medical assistance,431568.59,4590758.85,2.17943186,41.463658058
2020S003992    ,Nou Barris,Ciutat Meridiana,C-17 (Barcelona),Friday,2020-09-04,Laboral,2020,9,September,4,Night,04:00:00,Unknown,Car,Male,20,Passenger,Unknown,Unknown,Unknown,Minor injury: Hospitalization up to 24 hours,431568.59,4590758.85,2.17943186,41.463658058
2020S003993    ,Sant Andreu,el Bon Pastor,Guayaquil,Friday,2020-09-04,Laboral,2020,9,September,4,Morning,09:00:00,Unknown,Car,Female,13,Passenger,Unknown,Unknown,Unknown,Minor injury: Medical assistance at accident site,433663.63,4588619.35,2.20475211,41.444564355
2020S003993    ,Sant Andreu,el Bon Pastor,Guayaquil,Friday,2020-09-04,Laboral,2020,9,September,4,Morning,09:00:00,Unknown,Car,Female,41,Driver,Unknown,Unknown,In transit (commuting),Uninjured,433663.63,4588619.35,2.20475211,41.444564355
2020S003993    ,Sant Andreu,el Bon Pastor,Guayaquil,Friday,2020-09-04,Laboral,2020,9,September,4,Morning,09:00:00,Unknown,Car,Male,39,Driver,Unknown,Unknown,Leisure and entertainment,Uninjured,433663.63,4588619.35,2.20475211,41.444564355
2020S003993    ,Sant Andreu,el Bon Pastor,Guayaquil,Friday,2020-09-04,Laboral,2020,9,September,4,Morning,09:00:00,Unknown,Car,Female,47,Driver,Unknown,Unknown,In transit (commuting),Minor injury: Medical assistance at accident site,433663.63,4588619.35,2.20475211,41.444564355
2020S003994    ,Eixample,la Dreta de l'Eixample,Mallorca,Friday,2020-09-04,Laboral,2020,9,September,4,Morning,09:00:00,Unknown,Veh. mobilitat personal amb motor,Female,30,Driver,Unknown,Unknown,In transit (commuting),Minor injury: Hospitalization up to 24 hours,430491.26,4583403.95,2.1673787,41.397322567
2020S003994    ,Eixample,la Dreta de l'Eixample,Mallorca,Friday,2020-09-04,Laboral,2020,9,September,4,Morning,09:00:00,Unknown,Furgoneta,Male,41,Driver,Unknown,Unknown,On a mission,Uninjured,430491.26,4583403.95,2.1673787,41.397322567
2020S003995    ,Sants-Montjuďc,la Marina del Prat Vermell,Litoral (Besňs),Friday,2020-09-04,Laboral,2020,9,September,4,Morning,08:00:00,Unknown,Motorcycle,Male,49,Driver,Unknown,Unknown,On a mission,Minor injury: Medical assistance at accident site,426266.65,4577015.89,2.11762464,41.339411361
2020S003995    ,Sants-Montjuďc,la Marina del Prat Vermell,Litoral (Besňs),Friday,2020-09-04,Laboral,2020,9,September,4,Morning,08:00:00,Unknown,Motorcycle,Female,43,Passenger,Unknown,Unknown,Unknown,Minor injury: Medical assistance at accident site,426266.65,4577015.89,2.11762464,41.339411361
2020S003996    ,Ciutat Vella,el Raval,Paralˇlel,Friday,2020-09-04,Laboral,2020,9,September,4,Morning,09:00:00,Unknown,Autobús articulat,Female,76,Passenger,Unknown,Unknown,Unknown,Minor injury: Hospitalization up to 24 hours,430543.62,4580942.83,2.16828731,41.375160534
2020S003996    ,Ciutat Vella,el Raval,Paralˇlel,Friday,2020-09-04,Laboral,2020,9,September,4,Morning,09:00:00,Unknown,Autobús articulat,Male,48,Driver,Unknown,Unknown,Urban bus,Minor injury: Medical assistance at accident site,430543.62,4580942.83,2.16828731,41.375160534
2020S003996    ,Ciutat Vella,el Raval,Paralˇlel,Friday,2020-09-04,Laboral,2020,9,September,4,Morning,09:00:00,Unknown,Car,Female,52,Driver,Unknown,Unknown,Other activities,Uninjured,430543.62,4580942.83,2.16828731,41.375160534
2020S003997    ,Eixample,la Dreta de l'Eixample,Grŕcia,Friday,2020-09-04,Laboral,2020,9,September,4,Morning,12:00:00,Unknown,Furgoneta,Female,35,Driver,Unknown,Unknown,On a mission,Uninjured,430136.94,4583035.01,2.16318317,41.393968923
2020S003997    ,Eixample,la Dreta de l'Eixample,Grŕcia,Friday,2020-09-04,Laboral,2020,9,September,4,Morning,12:00:00,Unknown,Motorcycle,Male,44,Driver,Unknown,Unknown,In transit (commuting),Minor injury: Medical assistance at accident site,430136.94,4583035.01,2.16318317,41.393968923
2020S003998    ,Sant Andreu,Sant Andreu,Torras i Bages,Friday,2020-09-04,Laboral,2020,9,September,4,Morning,10:00:00,Unknown,Veh. mobilitat personal amb motor,Male,32,Driver,On the sidewalk,Unknown,On a mission,Minor injury: Medical assistance at accident site,432537.55,4587800.27,2.19136443,41.437093283
2020S003998    ,Sant Andreu,Sant Andreu,Torras i Bages,Friday,2020-09-04,Laboral,2020,9,September,4,Morning,10:00:00,Unknown,Veh. mobilitat personal amb motor,Female,83,Pedestrian,On the sidewalk,Leisure and entertainment,Unknown,Minor injury: Hospitalization up to 24 hours,432537.55,4587800.27,2.19136443,41.437093283
2020S003999    ,Sarriŕ-Sant Gervasi,Sant Gervasi - la Bonanova,Muntaner,Friday,2020-09-04,Laboral,2020,9,September,4,Morning,11:00:00,Unknown,Motorcycle,Female,52,Driver,Unknown,Unknown,Unknown,Minor injury: Medical assistance at accident site,427978.74,4584087.4,2.13724459,41.403256901
2020S003999    ,Sarriŕ-Sant Gervasi,Sant Gervasi - la Bonanova,Muntaner,Friday,2020-09-04,Laboral,2020,9,September,4,Morning,11:00:00,Unknown,Taxi,Male,52,Driver,Unknown,Unknown,Unknown,Uninjured,427978.74,4584087.4,2.13724459,41.403256901
2020S004000    ,Horta-Guinardó,Horta,Maragall,Friday,2020-09-04,Laboral,2020,9,September,4,Morning,11:00:00,Unknown,Motorcycle,Male,50,Driver,Unknown,Unknown,On a mission,Minor injury: Hospitalization up to 24 hours,430171.84,4586848.7,2.16316024,41.428320513
2020S004000    ,Horta-Guinardó,Horta,Maragall,Friday,2020-09-04,Laboral,2020,9,September,4,Morning,11:00:00,Unknown,Furgoneta,Male,60,Driver,Unknown,Unknown,Professional goods transport,Uninjured,430171.84,4586848.7,2.16316024,41.428320513
2020S004001    ,Les Corts,la Maternitat i Sant Ramon,Pintor Tapiró,Friday,2020-09-04,Laboral,2020,9,September,4,Morning,13:00:00,Unknown,Motorcycle,Male,51,Driver,Unknown,Unknown,Leisure and entertainment,Minor injury: Refused medical assistance,426315.14,4581354.46,2.11767689,41.378491654
2020S004001    ,Les Corts,la Maternitat i Sant Ramon,Pintor Tapiró,Friday,2020-09-04,Laboral,2020,9,September,4,Morning,13:00:00,Unknown,Veh. mobilitat personal amb motor,Female,21,Driver,Unknown,Unknown,Leisure and entertainment,Minor injury: Refused medical assistance,426315.14,4581354.46,2.11767689,41.378491654
2020S004002    ,Horta-Guinardó,el Baix Guinardó,Lepant,Friday,2020-09-04,Laboral,2020,9,September,4,Morning,13:00:00,Unknown,Motorcycle,Male,27,Driver,Unknown,Unknown,Leisure and entertainment,Uninjured,430572.43,4584893.25,2.16817867,41.410743214
2020S004002    ,Horta-Guinardó,el Baix Guinardó,Lepant,Friday,2020-09-04,Laboral,2020,9,September,4,Morning,13:00:00,Unknown,Motorcycle,Male,30,Passenger,Unknown,Unknown,Unknown,Minor injury: Hospitalization up to 24 hours,430572.43,4584893.25,2.16817867,41.410743214
2020S004003    ,Sants-Montjuďc,el Poble-sec,Rius i Taulet,Friday,2020-09-04,Laboral,2020,9,September,4,Afternoon,14:00:00,Desobeir el senyal del semŕfor,Furgoneta,Male,59,Passenger,Unknown,Unknown,Unknown,Minor injury: Hospitalization up to 24 hours,429160.34,4580595.3,2.15178782,41.371909799
2020S004003    ,Sants-Montjuďc,el Poble-sec,Rius i Taulet,Friday,2020-09-04,Laboral,2020,9,September,4,Afternoon,14:00:00,Desobeir el senyal del semŕfor,Car,Male,47,Driver,Unknown,Unknown,Taxi,Minor injury: Medical assistance at accident site,429160.34,4580595.3,2.15178782,41.371909799
2020S004003    ,Sants-Montjuďc,el Poble-sec,Rius i Taulet,Friday,2020-09-04,Laboral,2020,9,September,4,Afternoon,14:00:00,Desobeir el senyal del semŕfor,Furgoneta,Female,54,Driver,Unknown,Unknown,On a mission,Uninjured,429160.34,4580595.3,2.15178782,41.371909799
2020S004004    ,Nou Barris,la Trinitat Nova,Aiguablava,Friday,2020-09-04,Laboral,2020,9,September,4,Afternoon,15:00:00,Unknown,Car,Female,21,Passenger,Unknown,Unknown,Unknown,Minor injury: Hospitalization up to 24 hours,431618.01,4588855.59,2.18023929,41.446520343
2020S004004    ,Nou Barris,la Trinitat Nova,Aiguablava,Friday,2020-09-04,Laboral,2020,9,September,4,Afternoon,15:00:00,Unknown,Car,Male,20,Driver,Unknown,Unknown,Leisure and entertainment,Minor injury: Hospitalization up to 24 hours,431618.01,4588855.59,2.18023929,41.446520343
2020S004004    ,Nou Barris,la Trinitat Nova,Aiguablava,Friday,2020-09-04,Laboral,2020,9,September,4,Afternoon,15:00:00,Unknown,Car,Male,52,Driver,Unknown,Unknown,Leisure and entertainment,Minor injury: Refused medical assistance,431618.01,4588855.59,2.18023929,41.446520343
2020S004005    ,Sant Andreu,el Bon Pastor,Havana,Thursday,2020-09-03,Laboral,2020,9,September,3,Afternoon,18:00:00,Unknown,Car,Female,60,Driver,Unknown,Unknown,Unknown,Unknown,433013.55,4587861.15,2.19705475,41.437681482
2020S004006    ,Sant Andreu,el Bon Pastor,Potosí,Friday,2020-09-04,Laboral,2020,9,September,4,Afternoon,17:00:00,Unknown,Motorcycle,Male,14,Passenger,Unknown,Unknown,Unknown,Minor injury: Hospitalization up to 24 hours,433350.12,4588457.04,2.20101731,41.443076499
2020S004006    ,Sant Andreu,el Bon Pastor,Potosí,Friday,2020-09-04,Laboral,2020,9,September,4,Afternoon,17:00:00,Unknown,Car,Male,19,Driver,Unknown,Unknown,Leisure and entertainment,Uninjured,433350.12,4588457.04,2.20101731,41.443076499
2020S004006    ,Sant Andreu,el Bon Pastor,Potosí,Friday,2020-09-04,Laboral,2020,9,September,4,Afternoon,17:00:00,Unknown,Motorcycle,Male,49,Driver,Unknown,Unknown,Leisure and entertainment,Minor injury: Hospitalization up to 24 hours,433350.12,4588457.04,2.20101731,41.443076499
2020S004007    ,Nou Barris,Torre Baró,Escolapi Cŕncer,Friday,2020-09-04,Laboral,2020,9,September,4,Afternoon,17:00:00,Unknown,Car,Male,28,Driver,Unknown,Unknown,Leisure and entertainment,Uninjured,431656.93,4590302.25,2.18054133,41.459553176
2020S004007    ,Nou Barris,Torre Baró,Escolapi Cŕncer,Friday,2020-09-04,Laboral,2020,9,September,4,Afternoon,17:00:00,Unknown,Car,Male,45,Driver,Unknown,Unknown,Leisure and entertainment,Uninjured,431656.93,4590302.25,2.18054133,41.459553176
2020S004008    ,Horta-Guinardó,el Carmel,Llobregós,Friday,2020-09-04,Laboral,2020,9,September,4,Afternoon,17:00:00,Unknown,Motorcycle,Female,72,Pedestrian,In an unregulated crossing,Unknown,Unknown,Minor injury: Hospitalization up to 24 hours,429595.93,4586432.37,2.15631687,41.424520493
2020S004008    ,Horta-Guinardó,el Carmel,Llobregós,Friday,2020-09-04,Laboral,2020,9,September,4,Afternoon,17:00:00,Unknown,Motorcycle,Female,37,Driver,In an unregulated crossing,Unknown,Unknown,Minor injury: Medical assistance at accident site,429595.93,4586432.37,2.15631687,41.424520493
2020S004009    ,Sant Martí,el Poblenou,Calvell,Friday,2020-09-04,Laboral,2020,9,September,4,Afternoon,18:00:00,Unknown,"Camió rígid > 3,5 tones",Male,47,Driver,Unknown,Unknown,Professional goods transport,Uninjured,433655.47,4583299.55,2.20523836,41.396649707
2020S004009    ,Sant Martí,el Poblenou,Calvell,Friday,2020-09-04,Laboral,2020,9,September,4,Afternoon,18:00:00,Unknown,Car,Female,11,Passenger,Unknown,Unknown,Unknown,Minor injury: Hospitalization up to 24 hours,433655.47,4583299.55,2.20523836,41.396649707
2020S004009    ,Sant Martí,el Poblenou,Calvell,Friday,2020-09-04,Laboral,2020,9,September,4,Afternoon,18:00:00,Unknown,Car,Female,12,Passenger,Unknown,Unknown,Unknown,Minor injury: Hospitalization up to 24 hours,433655.47,4583299.55,2.20523836,41.396649707
2020S004009    ,Sant Martí,el Poblenou,Calvell,Friday,2020-09-04,Laboral,2020,9,September,4,Afternoon,18:00:00,Unknown,Car,Female,64,Driver,Unknown,Unknown,Leisure and entertainment,Uninjured,433655.47,4583299.55,2.20523836,41.396649707
2020S004010    ,Sant Andreu,Navas,Espronceda,Friday,2020-09-04,Laboral,2020,9,September,4,Afternoon,15:00:00,Unknown,Motorcycle,Male,43,Driver,Unknown,Unknown,Leisure and entertainment,Minor injury: Hospitalization up to 24 hours,432215.33,4585705.47,2.1877429,41.418198948
2020S004010    ,Sant Andreu,Navas,Espronceda,Friday,2020-09-04,Laboral,2020,9,September,4,Afternoon,15:00:00,Unknown,Motorcycle,Male,37,Driver,Unknown,Unknown,Leisure and entertainment,Uninjured,432215.33,4585705.47,2.1877429,41.418198948
2020S004011    ,Eixample,l'Antiga Esquerra de l'Eixample,Aragó,Friday,2020-09-04,Laboral,2020,9,September,4,Afternoon,16:00:00,Unknown,Car,Male,54,Driver,Unknown,Unknown,Unknown,Uninjured,429538.23,4582094.86,2.15613165,41.385449047
2020S004011    ,Eixample,l'Antiga Esquerra de l'Eixample,Aragó,Friday,2020-09-04,Laboral,2020,9,September,4,Afternoon,16:00:00,Unknown,Motorcycle,Female,41,Driver,Unknown,Unknown,Other activities,Minor injury: Hospitalization up to 24 hours,429538.23,4582094.86,2.15613165,41.385449047
2020S004012    ,Sants-Montjuďc,Sants,Berlín,Friday,2020-09-04,Laboral,2020,9,September,4,Afternoon,19:00:00,Unknown,Car,Male,66,Driver,Unknown,Unknown,Unknown,Uninjured,428363.12,4582059.67,2.14208264,41.385028262
2020S004012    ,Sants-Montjuďc,Sants,Berlín,Friday,2020-09-04,Laboral,2020,9,September,4,Afternoon,19:00:00,Unknown,Motorcycle,Female,51,Driver,Unknown,Unknown,Other activities,Minor injury: Hospitalization up to 24 hours,428363.12,4582059.67,2.14208264,41.385028262
2020S004013    ,Sant Martí,Provençals del Poblenou,Perú,Friday,2020-09-04,Laboral,2020,9,September,4,Afternoon,18:00:00,Unknown,Bicicleta,Male,38,Driver,Unknown,Unknown,Unknown,Minor injury: Hospitalization up to 24 hours,433174.22,4584862.13,2.1993094,41.410683584
2020S004013    ,Sant Martí,Provençals del Poblenou,Perú,Friday,2020-09-04,Laboral,2020,9,September,4,Afternoon,18:00:00,Unknown,Veh. mobilitat personal amb motor,Male,16,Driver,Unknown,Unknown,Unknown,Uninjured,433174.22,4584862.13,2.1993094,41.410683584
2020S004014    ,Sant Andreu,Sant Andreu,Dublín,Friday,2020-09-04,Laboral,2020,9,September,4,Afternoon,20:00:00,Unknown,Bicicleta,Male,27,Driver,On the sidewalk,Unknown,Other activities,Uninjured,431973.19,4586878.8,2.18471358,41.428746276
2020S004014    ,Sant Andreu,Sant Andreu,Dublín,Friday,2020-09-04,Laboral,2020,9,September,4,Afternoon,20:00:00,Unknown,Bicicleta,Female,51,Pedestrian,On the sidewalk,Other activities,Unknown,Uninjured,431973.19,4586878.8,2.18471358,41.428746276
2020S004015    ,Les Corts,les Corts,Diagonal,Saturday,2020-09-05,Laboral,2020,9,September,5,Night,01:00:00,Unknown,Taxi,Male,31,Driver,Unknown,Unknown,Taxi,Minor injury: Hospitalization up to 24 hours,427583.38,4582648.24,2.1326874,41.390259433
2020S004015    ,Les Corts,les Corts,Diagonal,Saturday,2020-09-05,Laboral,2020,9,September,5,Night,01:00:00,Unknown,Car,Male,27,Passenger,Unknown,Unknown,Unknown,Minor injury: Hospitalization up to 24 hours,427583.38,4582648.24,2.1326874,41.390259433
2020S004015    ,Les Corts,les Corts,Diagonal,Saturday,2020-09-05,Laboral,2020,9,September,5,Night,01:00:00,Unknown,Car,Male,25,Passenger,Unknown,Unknown,Unknown,Minor injury: Hospitalization up to 24 hours,427583.38,4582648.24,2.1326874,41.390259433
2020S004015    ,Les Corts,les Corts,Diagonal,Saturday,2020-09-05,Laboral,2020,9,September,5,Night,01:00:00,Unknown,Car,Male,27,Driver,Unknown,Unknown,Other activities,Minor injury: Medical assistance at accident site,427583.38,4582648.24,2.1326874,41.390259433
2020S004015    ,Les Corts,les Corts,Diagonal,Saturday,2020-09-05,Laboral,2020,9,September,5,Night,01:00:00,Unknown,Taxi,Female,30,Passenger,Unknown,Unknown,Unknown,Minor injury: Medical assistance at accident site,427583.38,4582648.24,2.1326874,41.390259433
2020S004015    ,Les Corts,les Corts,Diagonal,Saturday,2020-09-05,Laboral,2020,9,September,5,Night,01:00:00,Unknown,Taxi,Male,25,Passenger,Unknown,Unknown,Unknown,Minor injury: Medical assistance at accident site,427583.38,4582648.24,2.1326874,41.390259433
2020S004016    ,Sarriŕ-Sant Gervasi,Sant Gervasi - Galvany,Jacinto Benavente,Saturday,2020-09-05,Laboral,2020,9,September,5,Night,01:00:00,Transitar a peu per la calçada,Motorcycle,Female,16,Pedestrian,Outside the crossing,Leisure and entertainment,Unknown,Minor injury: Hospitalization up to 24 hours,427912.13,4583178.96,2.13655601,41.39506897
2020S004016    ,Sarriŕ-Sant Gervasi,Sant Gervasi - Galvany,Jacinto Benavente,Saturday,2020-09-05,Laboral,2020,9,September,5,Night,01:00:00,Transitar a peu per la calçada,Motorcycle,Male,35,Driver,Outside the crossing,Unknown,Leisure and entertainment,Uninjured,427912.13,4583178.96,2.13655601,41.39506897