Case_Number,District_Name,Neighborhood_Name,Street_Name,Day_of_Week,Date,Day_Type_Description,Year,Month_of_Year,Month_Name,Day_of_Month,Shift_Description,Hour_of_Day,Pedestrian_Cause_Description,Involved_Vehicle_Type_Description,Gender_Description,Age,Person_Type_Description,Pedestrian_Accident_Location_Description,Pedestrian_Movement_Reason_Description,Driver_Movement_Reason_Description,Victimization_Description,Coordenada_UTM_X,Coordenada_UTM_Y,Longitud,Latitud
2020S004017    ,Sant Andreu,el Bon Pastor,Monterrey,Saturday,2020-09-05,Laboral,2020,9,September,5,Morning,11:00:00,Unknown,Car,Male,27,Driver,Unknown,Unknown,Unknown,Uninjured,433767.29,4588494.32,2.20600665,41.443446813
2020S004017    ,Sant Andreu,el Bon Pastor,Monterrey,Saturday,2020-09-05,Laboral,2020,9,September,5,Morning,11:00:00,Unknown,Motorcycle,Male,54,Driver,Unknown,Unknown,Unknown,Minor injury: Hospitalization up to 24 hours,433767.29,4588494.32,2.20600665,41.443446813
2020S004018    ,Les Corts,les Corts,Comtes de Bell-lloc,Saturday,2020-09-05,Laboral,2020,9,September,5,Morning,12:00:00,Unknown,Motorcycle,Male,29,Driver,Unknown,Unknown,Other activities,Minor injury: Hospitalization up to 24 hours,427813.99,4581876.85,2.13553743,41.383332558
2020S004018    ,Les Corts,les Corts,Comtes de Bell-lloc,Saturday,2020-09-05,Laboral,2020,9,September,5,Morning,12:00:00,Unknown,Car,Male,45,Driver,Unknown,Unknown,Other activities,Uninjured,427813.99,4581876.85,2.13553743,41.383332558
2020S004019    ,Nou Barris,la Guineueta,Favčncia,Saturday,2020-09-05,Laboral,2020,9,September,5,Afternoon,14:00:00,Unknown,Car,Male,40,Driver,Others,Unknown,Leisure and entertainment,Minor injury: Hospitalization up to 24 hours,430346.94,4588204.83,2.16509927,41.440549863
2020S004019    ,Nou Barris,la Guineueta,Favčncia,Saturday,2020-09-05,Laboral,2020,9,September,5,Afternoon,14:00:00,Unknown,Furgoneta,Male,47,Driver,Others,Unknown,On a mission,Uninjured,430346.94,4588204.83,2.16509927,41.440549863
2020S004020    ,Eixample,la Nova Esquerra de l'Eixample,Corts Catalanes,Saturday,2020-09-05,Laboral,2020,9,September,5,Afternoon,14:00:00,Unknown,Ciclomotor,Female,30,Driver,Unknown,Unknown,Unknown,Minor injury: Hospitalization up to 24 hours,429086.52,4581122.44,2.15084349,41.376651073
2020S004021    ,Eixample,l'Antiga Esquerra de l'Eixample,Aragó,Saturday,2020-09-05,Laboral,2020,9,September,5,Afternoon,16:00:00,Unknown,Ciclomotor,Female,22,Driver,Unknown,Unknown,Leisure and entertainment,Minor injury: Hospitalization up to 24 hours,429564.42,4582120.73,2.15644185,41.385684345
2020S004021    ,Eixample,l'Antiga Esquerra de l'Eixample,Aragó,Saturday,2020-09-05,Laboral,2020,9,September,5,Afternoon,16:00:00,Unknown,Car,Male,32,Driver,Unknown,Unknown,Leisure and entertainment,Uninjured,429564.42,4582120.73,2.15644185,41.385684345
2020S004022    ,Horta-Guinardó,Horta,Vall d'Hebron,Saturday,2020-09-05,Laboral,2020,9,September,5,Afternoon,14:00:00,Unknown,Bicicleta,Male,50,Driver,Unknown,Unknown,Unknown,Serious injury: Hospitalization over 24 hours,430025.32,4588189.77,2.16125148,41.440386243
2020S004022    ,Horta-Guinardó,Horta,Vall d'Hebron,Saturday,2020-09-05,Laboral,2020,9,September,5,Afternoon,14:00:00,Unknown,Motorcycle,Male,47,Driver,Unknown,Unknown,In transit (commuting),Death (within 24 hours of accident),430025.32,4588189.77,2.16125148,41.440386243
2020S004023    ,Ciutat Vella,el Raval,Rambla,Saturday,2020-09-05,Laboral,2020,9,September,5,Afternoon,18:00:00,Transitar a peu per la calçada,Car,Male,31,Pedestrian,Others,Unknown,Unknown,Minor injury: Hospitalization up to 24 hours,430772.49,4581907.58,2.17091369,41.383869493
2020S004023    ,Ciutat Vella,el Raval,Rambla,Saturday,2020-09-05,Laboral,2020,9,September,5,Afternoon,18:00:00,Transitar a peu per la calçada,Car,Male,46,Driver,Others,Unknown,Unknown,Uninjured,430772.49,4581907.58,2.17091369,41.383869493
2020S004024    ,Sant Andreu,la Trinitat Vella,B-20 (Llobregat),Saturday,2020-09-05,Laboral,2020,9,September,5,Afternoon,19:00:00,Unknown,Motorcycle,Female,27,Passenger,Unknown,Unknown,Unknown,Minor injury: Medical assistance at accident site,432746.62,4589002.94,2.19373274,41.447942877
2020S004024    ,Sant Andreu,la Trinitat Vella,B-20 (Llobregat),Saturday,2020-09-05,Laboral,2020,9,September,5,Afternoon,19:00:00,Unknown,Car,Male,27,Driver,Unknown,Unknown,Leisure and entertainment,Uninjured,432746.62,4589002.94,2.19373274,41.447942877
2020S004024    ,Sant Andreu,la Trinitat Vella,B-20 (Llobregat),Saturday,2020-09-05,Laboral,2020,9,September,5,Afternoon,19:00:00,Unknown,Motorcycle,Male,28,Driver,Unknown,Unknown,Leisure and entertainment,Minor injury: Medical assistance at accident site,432746.62,4589002.94,2.19373274,41.447942877
2020S004025    ,Sant Andreu,Baró de Viver,Clarŕ,Saturday,2020-09-05,Laboral,2020,9,September,5,Afternoon,20:00:00,Unknown,Car,Male,30,Pedestrian,In an unregulated crossing,Unknown,Unknown,Uninjured,433181.93,4588886.55,2.19895657,41.446930966
2020S004025    ,Sant Andreu,Baró de Viver,Clarŕ,Saturday,2020-09-05,Laboral,2020,9,September,5,Afternoon,20:00:00,Unknown,Car,Male,5,Pedestrian,In an unregulated crossing,Unknown,Unknown,Minor injury: Medical assistance at accident site,433181.93,4588886.55,2.19895657,41.446930966
2020S004025    ,Sant Andreu,Baró de Viver,Clarŕ,Saturday,2020-09-05,Laboral,2020,9,September,5,Afternoon,20:00:00,Unknown,Car,Male,25,Driver,In an unregulated crossing,Unknown,Unknown,Uninjured,433181.93,4588886.55,2.19895657,41.446930966
2020S004026    ,Nou Barris,Porta,Fabra i Puig,Saturday,2020-09-05,Laboral,2020,9,September,5,Afternoon,17:00:00,Unknown,Furgoneta,Female,54,Driver,Unknown,Unknown,Leisure and entertainment,Uninjured,431162.93,4587074.92,2.1749948,41.43044359
2020S004026    ,Nou Barris,Porta,Fabra i Puig,Saturday,2020-09-05,Laboral,2020,9,September,5,Afternoon,17:00:00,Unknown,"Camió rígid > 3,5 tones",Male,44,Driver,Unknown,Unknown,Professional goods transport,Uninjured,431162.93,4587074.92,2.1749948,41.43044359
2020S004026    ,Nou Barris,Porta,Fabra i Puig,Saturday,2020-09-05,Laboral,2020,9,September,5,Afternoon,17:00:00,Unknown,Furgoneta,Female,33,Passenger,Unknown,Unknown,Unknown,Minor injury: Hospitalization up to 24 hours,431162.93,4587074.92,2.1749948,41.43044359
2020S004027    ,Eixample,el Fort Pienc,Marina,Saturday,2020-09-05,Laboral,2020,9,September,5,Afternoon,20:00:00,Unknown,Motorcycle,Female,34,Passenger,Unknown,Unknown,Unknown,Minor injury: Hospitalization up to 24 hours,431495.18,4583791.03,2.17934306,41.400895082
2020S004027    ,Eixample,el Fort Pienc,Marina,Saturday,2020-09-05,Laboral,2020,9,September,5,Afternoon,20:00:00,Unknown,Motorcycle,Male,41,Driver,Unknown,Unknown,Other activities,Uninjured,431495.18,4583791.03,2.17934306,41.400895082
2020S004027    ,Eixample,el Fort Pienc,Marina,Saturday,2020-09-05,Laboral,2020,9,September,5,Afternoon,20:00:00,Unknown,Car,Male,38,Driver,Unknown,Unknown,Other activities,Uninjured,431495.18,4583791.03,2.17934306,41.400895082
2020S004028    ,Sarriŕ-Sant Gervasi,Sant Gervasi - Galvany,Galˇla Placídia,Saturday,2020-09-05,Laboral,2020,9,September,5,Afternoon,21:00:00,Unknown,Furgoneta,Male,51,Driver,Unknown,Unknown,Unknown,Uninjured,429231.99,4583627.58,2.15229012,41.399226824
2020S004028    ,Sarriŕ-Sant Gervasi,Sant Gervasi - Galvany,Galˇla Placídia,Saturday,2020-09-05,Laboral,2020,9,September,5,Afternoon,21:00:00,Unknown,Motorcycle,Male,47,Driver,Unknown,Unknown,Unknown,Minor injury: Hospitalization up to 24 hours,429231.99,4583627.58,2.15229012,41.399226824
2020S004029    ,Nou Barris,Porta,Rio de Janeiro,Saturday,2020-09-05,Laboral,2020,9,September,5,Afternoon,21:00:00,Unknown,Car,Male,51,Driver,Unknown,Unknown,Other activities,Uninjured,431694.8,4588010.93,2.18125405,41.438919338
2020S004029    ,Nou Barris,Porta,Rio de Janeiro,Saturday,2020-09-05,Laboral,2020,9,September,5,Afternoon,21:00:00,Unknown,Car,Female,6,Passenger,Unknown,Unknown,Unknown,Minor injury: Medical assistance at accident site,431694.8,4588010.93,2.18125405,41.438919338
2020S004029    ,Nou Barris,Porta,Rio de Janeiro,Saturday,2020-09-05,Laboral,2020,9,September,5,Afternoon,21:00:00,Unknown,Car,Female,47,Passenger,Unknown,Unknown,Unknown,Minor injury: Medical assistance at accident site,431694.8,4588010.93,2.18125405,41.438919338
2020S004029    ,Nou Barris,Porta,Rio de Janeiro,Saturday,2020-09-05,Laboral,2020,9,September,5,Afternoon,21:00:00,Unknown,Car,Male,29,Driver,Unknown,Unknown,Other activities,Uninjured,431694.8,4588010.93,2.18125405,41.438919338
2020S004030    ,Sant Martí,el Camp de l'Arpa del Clot,Meridiana,Saturday,2020-09-05,Laboral,2020,9,September,5,Night,22:00:00,Unknown,Ciclomotor,Male,31,Driver,Unknown,Unknown,On a mission,Minor injury: Hospitalization up to 24 hours,432101.88,4584634.03,2.18650577,41.408539231
2020S004030    ,Sant Martí,el Camp de l'Arpa del Clot,Meridiana,Saturday,2020-09-05,Laboral,2020,9,September,5,Night,22:00:00,Unknown,Car,Male,64,Driver,Unknown,Unknown,Leisure and entertainment,Uninjured,432101.88,4584634.03,2.18650577,41.408539231
2020S004031    ,Eixample,la Sagrada Família,Aragó,Saturday,2020-09-05,Laboral,2020,9,September,5,Night,23:00:00,Unknown,Ciclomotor,Female,30,Passenger,Unknown,Unknown,Unknown,Minor injury: Hospitalization up to 24 hours,431290.27,4583841.68,2.17688618,41.401333776
2020S004031    ,Eixample,la Sagrada Família,Aragó,Saturday,2020-09-05,Laboral,2020,9,September,5,Night,23:00:00,Unknown,Ciclomotor,Male,26,Driver,Unknown,Unknown,Unknown,Uninjured,431290.27,4583841.68,2.17688618,41.401333776
2020S004032    ,Sants-Montjuďc,el Poble-sec,Santa Madrona,Sunday,2020-09-06,Laboral,2020,9,September,6,Night,01:00:00,Unknown,Motorcycle,Male,33,Driver,Unknown,Unknown,Unknown,Minor injury: Hospitalization up to 24 hours,429507.12,4580274.7,2.15597142,41.369052718
2020S004032    ,Sants-Montjuďc,el Poble-sec,Santa Madrona,Sunday,2020-09-06,Laboral,2020,9,September,6,Night,01:00:00,Unknown,Car,Male,43,Driver,Unknown,Unknown,Unknown,Uninjured,429507.12,4580274.7,2.15597142,41.369052718
2020S004033    ,Sants-Montjuďc,el Poble-sec,Paralˇlel,Sunday,2020-09-06,Laboral,2020,9,September,6,Night,02:00:00,Unknown,Veh. mobilitat personal amb motor,Female,20,Driver,Unknown,Unknown,Other activities,Minor injury: Hospitalization up to 24 hours,430458.67,4580907.57,2.16727559,41.374835617
2020S004033    ,Sants-Montjuďc,el Poble-sec,Paralˇlel,Sunday,2020-09-06,Laboral,2020,9,September,6,Night,02:00:00,Unknown,Veh. mobilitat personal amb motor,Female,21,Passenger,Unknown,Unknown,Unknown,Minor injury: Hospitalization up to 24 hours,430458.67,4580907.57,2.16727559,41.374835617
2020S004034    ,Sants-Montjuďc,Sants - Badal,Canalejas,Sunday,2020-09-06,Laboral,2020,9,September,6,Morning,07:00:00,Unknown,Car,Male,79,Driver,Unknown,Unknown,Leisure and entertainment,Uninjured,427336.45,4580702.9,2.12996755,41.372716225
2020S004035    ,Sants-Montjuďc,el Poble-sec,Estadi,Sunday,2020-09-06,Laboral,2020,9,September,6,Morning,12:00:00,Unknown,Car,Female,22,Pedestrian,In an unregulated crossing,Unknown,Unknown,Minor injury: Hospitalization up to 24 hours,429525.89,4579976.96,2.15623045,41.366372708
2020S004035    ,Sants-Montjuďc,el Poble-sec,Estadi,Sunday,2020-09-06,Laboral,2020,9,September,6,Morning,12:00:00,Unknown,Car,Male,59,Driver,In an unregulated crossing,Unknown,Other activities,Uninjured,429525.89,4579976.96,2.15623045,41.366372708
2020S004035    ,Sants-Montjuďc,el Poble-sec,Estadi,Sunday,2020-09-06,Laboral,2020,9,September,6,Morning,12:00:00,Unknown,Car,Male,23,Pedestrian,In an unregulated crossing,Unknown,Unknown,Minor injury: Hospitalization up to 24 hours,429525.89,4579976.96,2.15623045,41.366372708
2020S004036    ,Eixample,l'Antiga Esquerra de l'Eixample,Mallorca,Sunday,2020-09-06,Laboral,2020,9,September,6,Morning,13:00:00,Unknown,Ciclomotor,Male,35,Driver,Unknown,Unknown,Unknown,Minor injury: Hospitalization up to 24 hours,429602.06,4582562.82,2.15684059,41.389669399
2020S004036    ,Eixample,l'Antiga Esquerra de l'Eixample,Mallorca,Sunday,2020-09-06,Laboral,2020,9,September,6,Morning,13:00:00,Unknown,Car,Male,58,Driver,Unknown,Unknown,Unknown,Uninjured,429602.06,4582562.82,2.15684059,41.389669399
2020S004037    ,Sants-Montjuďc,Sants - Badal,Sants,Sunday,2020-09-06,Laboral,2020,9,September,6,Morning,13:00:00,Unknown,Autobús,Female,86,Passenger,Unknown,Unknown,Unknown,Minor injury: Hospitalization up to 24 hours,426861.5,4581021.73,2.12425026,41.375544759
2020S004037    ,Sants-Montjuďc,Sants - Badal,Sants,Sunday,2020-09-06,Laboral,2020,9,September,6,Morning,13:00:00,Unknown,Autobús,Female,48,Driver,Unknown,Unknown,Urban bus,Uninjured,426861.5,4581021.73,2.12425026,41.375544759
2020S004038    ,Grŕcia,la Vila de Grŕcia,Bailčn,Sunday,2020-09-06,Laboral,2020,9,September,6,Afternoon,14:00:00,Unknown,Motorcycle,Male,46,Driver,Unknown,Unknown,Leisure and entertainment,Minor injury: Hospitalization up to 24 hours,430285.02,4583828.72,2.16486287,41.401130465
2020S004038    ,Grŕcia,la Vila de Grŕcia,Bailčn,Sunday,2020-09-06,Laboral,2020,9,September,6,Afternoon,14:00:00,Unknown,Car,Male,61,Driver,Unknown,Unknown,Taxi,Uninjured,430285.02,4583828.72,2.16486287,41.401130465
2020S004039    ,Eixample,el Fort Pienc,Corts Catalanes,Sunday,2020-09-06,Laboral,2020,9,September,6,Afternoon,19:00:00,Unknown,Taxi,Male,41,Driver,Unknown,Unknown,Taxi,Uninjured,431593.63,4583575.67,2.18054506,41.398963786
2020S004039    ,Eixample,el Fort Pienc,Corts Catalanes,Sunday,2020-09-06,Laboral,2020,9,September,6,Afternoon,19:00:00,Unknown,Car,Male,47,Driver,Unknown,Unknown,Leisure and entertainment,Uninjured,431593.63,4583575.67,2.18054506,41.398963786
2020S004039    ,Eixample,el Fort Pienc,Corts Catalanes,Sunday,2020-09-06,Laboral,2020,9,September,6,Afternoon,19:00:00,Unknown,Taxi,Male,36,Passenger,Unknown,Unknown,Unknown,Minor injury: Hospitalization up to 24 hours,431593.63,4583575.67,2.18054506,41.398963786
2020S004039    ,Eixample,el Fort Pienc,Corts Catalanes,Sunday,2020-09-06,Laboral,2020,9,September,6,Afternoon,19:00:00,Unknown,Taxi,Female,52,Passenger,Unknown,Unknown,Unknown,Minor injury: Hospitalization up to 24 hours,431593.63,4583575.67,2.18054506,41.398963786
2020S004040    ,Sant Andreu,Sant Andreu,Meridiana,Sunday,2020-09-06,Laboral,2020,9,September,6,Afternoon,21:00:00,Unknown,Ciclomotor,Female,47,Driver,Unknown,Unknown,Unknown,Minor injury: Hospitalization up to 24 hours,431903.19,4587439.25,2.18381271,41.433788125
2020S004040    ,Sant Andreu,Sant Andreu,Meridiana,Sunday,2020-09-06,Laboral,2020,9,September,6,Afternoon,21:00:00,Unknown,Car,Female,25,Driver,Unknown,Unknown,Unknown,Uninjured,431903.19,4587439.25,2.18381271,41.433788125
2020S004041    ,Sant Andreu,Sant Andreu,Segre,Sunday,2020-09-06,Laboral,2020,9,September,6,Night,22:00:00,Unknown,Motorcycle,Male,42,Driver,Unknown,Unknown,Other activities,Minor injury: Medical assistance at accident site,432565.14,4587555.93,2.19172192,41.434894912
2020S004041    ,Sant Andreu,Sant Andreu,Segre,Sunday,2020-09-06,Laboral,2020,9,September,6,Night,22:00:00,Unknown,Motorcycle,Female,37,Passenger,Unknown,Unknown,Unknown,Minor injury: Hospitalization up to 24 hours,432565.14,4587555.93,2.19172192,41.434894912
2020S004041    ,Sant Andreu,Sant Andreu,Segre,Sunday,2020-09-06,Laboral,2020,9,September,6,Night,22:00:00,Unknown,Car,Male,21,Driver,Unknown,Unknown,Other activities,Uninjured,432565.14,4587555.93,2.19172192,41.434894912
2020S004042    ,Ciutat Vella,el Barri Gňtic,Litoral (Llobregat),Sunday,2020-09-06,Laboral,2020,9,September,6,Night,23:00:00,Unknown,Car,Male,22,Driver,Unknown,Unknown,Leisure and entertainment,Minor injury: Hospitalization up to 24 hours,431627.7,4581413.57,2.18119678,41.379493255
2020S004042    ,Ciutat Vella,el Barri Gňtic,Litoral (Llobregat),Sunday,2020-09-06,Laboral,2020,9,September,6,Night,23:00:00,Unknown,Car,Female,19,Passenger,Unknown,Unknown,Unknown,Minor injury: Hospitalization up to 24 hours,431627.7,4581413.57,2.18119678,41.379493255
2020S004042    ,Ciutat Vella,el Barri Gňtic,Litoral (Llobregat),Sunday,2020-09-06,Laboral,2020,9,September,6,Night,23:00:00,Unknown,Car,Male,28,Driver,Unknown,Unknown,Leisure and entertainment,Uninjured,431627.7,4581413.57,2.18119678,41.379493255
2020S004043    ,Sants-Montjuďc,la Marina del Prat Vermell,A Zona Franca,Monday,2020-09-07,Laboral,2020,9,September,7,Night,00:00:00,Unknown,"Camió rígid > 3,5 tones",Male,57,Driver,Unknown,Unknown,Professional goods transport,Minor injury: Hospitalization up to 24 hours,427866.73,4575780.14,2.13689331,41.328426234
2020S004043    ,Sants-Montjuďc,la Marina del Prat Vermell,A Zona Franca,Monday,2020-09-07,Laboral,2020,9,September,7,Night,00:00:00,Unknown,"Camió rígid > 3,5 tones",Male,43,Passenger,Unknown,Unknown,Unknown,Minor injury: Medical assistance at accident site,427866.73,4575780.14,2.13689331,41.328426234
2020S004044    ,Les Corts,la Maternitat i Sant Ramon,Diagonal,Monday,2020-09-07,Laboral,2020,9,September,7,Night,00:00:00,Unknown,Veh. mobilitat personal amb motor,Female,21,Driver,Unknown,Unknown,In transit (commuting),Minor injury: Hospitalization up to 24 hours,426268.3,4582116.22,2.11702406,41.385348216
2020S004044    ,Les Corts,la Maternitat i Sant Ramon,Diagonal,Monday,2020-09-07,Laboral,2020,9,September,7,Night,00:00:00,Unknown,Car,Male,40,Driver,Unknown,Unknown,Other activities,Uninjured,426268.3,4582116.22,2.11702406,41.385348216
2020S004045    ,Eixample,la Dreta de l'Eixample,Sant Joan,Monday,2020-09-07,Laboral,2020,9,September,7,Night,02:00:00,Unknown,Ciclomotor,Male,35,Driver,Unknown,Unknown,Leisure and entertainment,Minor injury: Hospitalization up to 24 hours,430926.67,4583340.38,2.17259401,41.396787552
2020S004046    ,Nou Barris,la Guineueta,Caçador,Monday,2020-09-07,Laboral,2020,9,September,7,Morning,08:00:00,Unknown,Car,Male,27,Driver,Unknown,Unknown,Other activities,Uninjured,430485.77,4588271.35,2.16675329,41.441161021
2020S004046    ,Nou Barris,la Guineueta,Caçador,Monday,2020-09-07,Laboral,2020,9,September,7,Morning,08:00:00,Unknown,Motorcycle,Male,49,Driver,Unknown,Unknown,In transit (commuting),Minor injury: Hospitalization up to 24 hours,430485.77,4588271.35,2.16675329,41.441161021
2020S004047    ,Sant Martí,el Camp de l'Arpa del Clot,Maragall,Monday,2020-09-07,Laboral,2020,9,September,7,Morning,07:00:00,Unknown,Ciclomotor,Male,24,Driver,Unknown,Unknown,In transit (commuting),Minor injury: Medical assistance at accident site,431670.57,4585221.79,2.18127943,41.413796431
2020S004047    ,Sant Martí,el Camp de l'Arpa del Clot,Maragall,Monday,2020-09-07,Laboral,2020,9,September,7,Morning,07:00:00,Unknown,Car,Male,63,Driver,Unknown,Unknown,In transit (commuting),Uninjured,431670.57,4585221.79,2.18127943,41.413796431
2020S004048    ,Sant Martí,Provençals del Poblenou,Perú,Monday,2020-09-07,Laboral,2020,9,September,7,Morning,08:00:00,Unknown,Car,Female,31,Driver,Unknown,Unknown,Unknown,Uninjured,432864.21,4584602.18,2.19562936,41.408316437
2020S004048    ,Sant Martí,Provençals del Poblenou,Perú,Monday,2020-09-07,Laboral,2020,9,September,7,Morning,08:00:00,Unknown,Motorcycle,Male,53,Driver,Unknown,Unknown,Unknown,Minor injury: Hospitalization up to 24 hours,432864.21,4584602.18,2.19562936,41.408316437
2020S004049    ,Nou Barris,la Guineueta,Marie Curie,Monday,2020-09-07,Laboral,2020,9,September,7,Morning,08:00:00,Unknown,"Camió rígid <= 3,5 tones",Male,54,Driver,Unknown,Unknown,Unknown,Uninjured,430748.54,4587810.55,2.16995131,41.437033492
2020S004050    ,Sarriŕ-Sant Gervasi,Sant Gervasi - Galvany,Diagonal,Monday,2020-09-07,Laboral,2020,9,September,7,Morning,09:00:00,Unknown,Car,Female,25,Driver,Unknown,Unknown,Other activities,Uninjured,429165.67,4583133.11,2.15155471,41.394767467
2020S004050    ,Sarriŕ-Sant Gervasi,Sant Gervasi - Galvany,Diagonal,Monday,2020-09-07,Laboral,2020,9,September,7,Morning,09:00:00,Unknown,Motorcycle,Female,25,Driver,Unknown,Unknown,In transit (commuting),Minor injury: Hospitalization up to 24 hours,429165.67,4583133.11,2.15155471,41.394767467
2020S004051    ,Eixample,l'Antiga Esquerra de l'Eixample,Muntaner,Monday,2020-09-07,Laboral,2020,9,September,7,Morning,10:00:00,Unknown,Bicicleta,Male,50,Driver,Unknown,Unknown,Leisure and entertainment,Minor injury: Hospitalization up to 24 hours,429016.55,4583022.79,2.14978406,41.393760699
2020S004051    ,Eixample,l'Antiga Esquerra de l'Eixample,Muntaner,Monday,2020-09-07,Laboral,2020,9,September,7,Morning,10:00:00,Unknown,Bicicleta,Male,21,Driver,Unknown,Unknown,On a mission,Minor injury: Hospitalization up to 24 hours,429016.55,4583022.79,2.14978406,41.393760699
2020S004052    ,Les Corts,la Maternitat i Sant Ramon,Xile,Monday,2020-09-07,Laboral,2020,9,September,7,Morning,12:00:00,Unknown,Car,Female,62,Driver,Unknown,Unknown,Unknown,Minor injury: Hospitalization up to 24 hours,426101.96,4581600.21,2.11509778,41.380685462
2020S004052    ,Les Corts,la Maternitat i Sant Ramon,Xile,Monday,2020-09-07,Laboral,2020,9,September,7,Morning,12:00:00,Unknown,Car,Female,46,Driver,Unknown,Unknown,Unknown,Uninjured,426101.96,4581600.21,2.11509778,41.380685462
2020S004053    ,Sant Andreu,la Sagrera,Meridiana,Monday,2020-09-07,Laboral,2020,9,September,7,Morning,09:00:00,Unknown,Autobús,Female,51,Passenger,Unknown,Unknown,Unknown,Minor injury: Hospitalization up to 24 hours,432111.76,4586065.61,2.18646322,41.421433867
2020S004053    ,Sant Andreu,la Sagrera,Meridiana,Monday,2020-09-07,Laboral,2020,9,September,7,Morning,09:00:00,Unknown,Autobús,Male,46,Driver,Unknown,Unknown,Regular line bus,Uninjured,432111.76,4586065.61,2.18646322,41.421433867
2020S004054    ,Sants-Montjuďc,el Poble-sec,Vallhonrat,Monday,2020-09-07,Laboral,2020,9,September,7,Afternoon,14:00:00,Unknown,Car,Male,51,Driver,Unknown,Unknown,Unknown,Uninjured,429568.06,4580791.48,2.15663995,41.373712534
2020S004054    ,Sants-Montjuďc,el Poble-sec,Vallhonrat,Monday,2020-09-07,Laboral,2020,9,September,7,Afternoon,14:00:00,Unknown,Motorcycle,Male,22,Driver,Unknown,Unknown,Unknown,Minor injury: Medical assistance at accident site,429568.06,4580791.48,2.15663995,41.373712534
2020S004055    ,Sants-Montjuďc,la Font de la Guatlla,Corts Catalanes,Monday,2020-09-07,Laboral,2020,9,September,7,Morning,13:00:00,Unknown,Motorcycle,Female,27,Passenger,Unknown,Unknown,Unknown,Minor injury: Hospitalization up to 24 hours,428492.14,4580467.21,2.14381357,41.370697013
2020S004055    ,Sants-Montjuďc,la Font de la Guatlla,Corts Catalanes,Monday,2020-09-07,Laboral,2020,9,September,7,Morning,13:00:00,Unknown,Motorcycle,Male,29,Driver,Unknown,Unknown,Unknown,Minor injury: Hospitalization up to 24 hours,428492.14,4580467.21,2.14381357,41.370697013
2020S004055    ,Sants-Montjuďc,la Font de la Guatlla,Corts Catalanes,Monday,2020-09-07,Laboral,2020,9,September,7,Morning,13:00:00,Unknown,Car,Male,21,Driver,Unknown,Unknown,Unknown,Uninjured,428492.14,4580467.21,2.14381357,41.370697013
2020S004056    ,Sants-Montjuďc,la Marina del Prat Vermell,Litoral (Llobregat),Monday,2020-09-07,Laboral,2020,9,September,7,Morning,13:00:00,Unknown,Car,Male,26,Driver,Unknown,Unknown,Leisure and entertainment,Minor injury: Hospitalization up to 24 hours,426266.65,4577042.75,2.11762138,41.33965328
2020S004056    ,Sants-Montjuďc,la Marina del Prat Vermell,Litoral (Llobregat),Monday,2020-09-07,Laboral,2020,9,September,7,Morning,13:00:00,Unknown,Tractor camió,Male,44,Driver,Unknown,Unknown,Professional goods transport,Uninjured,426266.65,4577042.75,2.11762138,41.33965328
2020S004057    ,Eixample,l'Antiga Esquerra de l'Eixample,Corts Catalanes,Monday,2020-09-07,Laboral,2020,9,September,7,Afternoon,15:00:00,Unknown,Car,Male,37,Driver,Unknown,Unknown,Unknown,Uninjured,429790.86,4581812.21,2.15918564,41.38292541
2020S004057    ,Eixample,l'Antiga Esquerra de l'Eixample,Corts Catalanes,Monday,2020-09-07,Laboral,2020,9,September,7,Afternoon,15:00:00,Unknown,Car,Male,36,Driver,Unknown,Unknown,Unknown,Minor injury: Hospitalization up to 24 hours,429790.86,4581812.21,2.15918564,41.38292541
2020S004058    ,Sant Martí,Sant Martí de Provençals,Cantŕbria,Monday,2020-09-07,Laboral,2020,9,September,7,Afternoon,16:00:00,Unknown,Veh. mobilitat personal amb motor,Male,24,Driver,Unknown,Unknown,Unknown,Uninjured,433314.71,4585878.56,2.20087809,41.419849964
2020S004058    ,Sant Martí,Sant Martí de Provençals,Cantŕbria,Monday,2020-09-07,Laboral,2020,9,September,7,Afternoon,16:00:00,Unknown,Bicicleta,Male,38,Driver,Unknown,Unknown,Leisure and entertainment,Minor injury: Hospitalization up to 24 hours,433314.71,4585878.56,2.20087809,41.419849964
2020S004059    ,Sarriŕ-Sant Gervasi,Sant Gervasi - Galvany,Augusta,Monday,2020-09-07,Laboral,2020,9,September,7,Afternoon,15:00:00,Unknown,Motorcycle,Female,47,Driver,Unknown,Unknown,Other activities,Uninjured,428603.81,4583685.53,2.14476927,41.399693194
2020S004059    ,Sarriŕ-Sant Gervasi,Sant Gervasi - Galvany,Augusta,Monday,2020-09-07,Laboral,2020,9,September,7,Afternoon,15:00:00,Unknown,Motorcycle,Female,45,Driver,Unknown,Unknown,Other activities,Minor injury: Hospitalization up to 24 hours,428603.81,4583685.53,2.14476927,41.399693194
2020S004060    ,Grŕcia,la Salut,Dalt,Monday,2020-09-07,Laboral,2020,9,September,7,Afternoon,16:00:00,Creuar per fora pas de vianants,Motorcycle,Male,43,Pedestrian,Unknown,Leisure and entertainment,Unknown,Uninjured,429137.17,4584625.31,2.15103906,41.408204652
2020S004060    ,Grŕcia,la Salut,Dalt,Monday,2020-09-07,Laboral,2020,9,September,7,Afternoon,16:00:00,Creuar per fora pas de vianants,Motorcycle,Male,69,Driver,Unknown,Unknown,Leisure and entertainment,Minor injury: Hospitalization up to 24 hours,429137.17,4584625.31,2.15103906,41.408204652