Case_Number,District_Name,Neighborhood_Name,Street_Name,Day_of_Week,Date,Day_Type_Description,Year,Month_of_Year,Month_Name,Day_of_Month,Shift_Description,Hour_of_Day,Pedestrian_Cause_Description,Involved_Vehicle_Type_Description,Gender_Description,Age,Person_Type_Description,Pedestrian_Accident_Location_Description,Pedestrian_Movement_Reason_Description,Driver_Movement_Reason_Description,Victimization_Description,Coordenada_UTM_X,Coordenada_UTM_Y,Longitud,Latitud
2020S004104    ,Eixample,l'Antiga Esquerra de l'Eixample,Diagonal,Thursday,2020-09-10,Laboral,2020,9,September,10,Morning,10:00:00,Unknown,Veh. mobilitat personal amb motor,Female,47,Pedestrian,On the sidewalk,Unknown,Unknown,Minor injury: Medical assistance at accident site,429284.09,4583117.06,2.15297297,41.394633338
2020S004105    ,Ciutat Vella,el Barri Gňtic,Colom,Thursday,2020-09-10,Laboral,2020,9,September,10,Morning,12:00:00,Unknown,Bicicleta,Female,39,Driver,Unknown,Unknown,Leisure and entertainment,Minor injury: Medical assistance at accident site,431653.31,4581582.41,2.18148397,41.381016129
2020S004105    ,Ciutat Vella,el Barri Gňtic,Colom,Thursday,2020-09-10,Laboral,2020,9,September,10,Morning,12:00:00,Unknown,Bicicleta,Male,5,Passenger,Unknown,Unknown,Unknown,Uninjured,431653.31,4581582.41,2.18148397,41.381016129
2020S004105    ,Ciutat Vella,el Barri Gňtic,Colom,Thursday,2020-09-10,Laboral,2020,9,September,10,Morning,12:00:00,Unknown,Motorcycle,Male,51,Driver,Unknown,Unknown,Leisure and entertainment,Minor injury: Medical assistance at accident site,431653.31,4581582.41,2.18148397,41.381016129
2020S004106    ,Eixample,el Fort Pienc,Consell de Cent,Thursday,2020-09-10,Laboral,2020,9,September,10,Morning,12:00:00,Unknown,Taxi,Female,43,Passenger,Unknown,Unknown,Unknown,Uninjured,431325.96,4583688.9,2.17733045,41.399960785
2020S004106    ,Eixample,el Fort Pienc,Consell de Cent,Thursday,2020-09-10,Laboral,2020,9,September,10,Morning,12:00:00,Unknown,Taxi,Male,55,Driver,Unknown,Unknown,Taxi,Uninjured,431325.96,4583688.9,2.17733045,41.399960785
2020S004106    ,Eixample,el Fort Pienc,Consell de Cent,Thursday,2020-09-10,Laboral,2020,9,September,10,Morning,12:00:00,Unknown,Motorcycle,Male,42,Driver,Unknown,Unknown,Unknown,Minor injury: Hospitalization up to 24 hours,431325.96,4583688.9,2.17733045,41.399960785
2020S004107    ,Eixample,l'Antiga Esquerra de l'Eixample,Corts Catalanes,Thursday,2020-09-10,Laboral,2020,9,September,10,Morning,12:00:00,Unknown,Motorcycle,Male,61,Driver,Unknown,Unknown,Unknown,Minor injury: Hospitalization up to 24 hours,430080.36,4582095.48,2.16261495,41.38550196
2020S004107    ,Eixample,l'Antiga Esquerra de l'Eixample,Corts Catalanes,Thursday,2020-09-10,Laboral,2020,9,September,10,Morning,12:00:00,Unknown,Car,Male,51,Driver,Unknown,Unknown,Unknown,Uninjured,430080.36,4582095.48,2.16261495,41.38550196
2020S004108    ,Sarriŕ-Sant Gervasi,Sant Gervasi - Galvany,Augusta,Thursday,2020-09-10,Laboral,2020,9,September,10,Morning,13:00:00,Unknown,Motorcycle,Male,71,Driver,Unknown,Unknown,Leisure and entertainment,Minor injury: Refused medical assistance,429171.15,4583706.66,2.15155312,41.399933709
2020S004108    ,Sarriŕ-Sant Gervasi,Sant Gervasi - Galvany,Augusta,Thursday,2020-09-10,Laboral,2020,9,September,10,Morning,13:00:00,Unknown,Car,Male,73,Driver,Unknown,Unknown,Leisure and entertainment,Uninjured,429171.15,4583706.66,2.15155312,41.399933709
2020S004109    ,Eixample,la Dreta de l'Eixample,Corts Catalanes,Thursday,2020-09-10,Laboral,2020,9,September,10,Afternoon,14:00:00,Unknown,Bicicleta,Male,30,Driver,On the sidewalk,Unknown,Unknown,Minor injury: Medical assistance at accident site,431269.17,4583259.14,2.17669995,41.396085211
2020S004109    ,Eixample,la Dreta de l'Eixample,Corts Catalanes,Thursday,2020-09-10,Laboral,2020,9,September,10,Afternoon,14:00:00,Unknown,Bicicleta,Female,22,Pedestrian,On the sidewalk,Unknown,Unknown,Minor injury: Medical assistance at accident site,431269.17,4583259.14,2.17669995,41.396085211
2020S004110    ,Eixample,l'Antiga Esquerra de l'Eixample,Aribau,Thursday,2020-09-10,Laboral,2020,9,September,10,Afternoon,14:00:00,Unknown,Motorcycle,Female,42,Driver,Unknown,Unknown,Leisure and entertainment,Minor injury: Hospitalization up to 24 hours,429751.71,4582462.44,2.15864203,41.388778401
2020S004111    ,Ciutat Vella,el Raval,Abat Safont,Thursday,2020-09-10,Laboral,2020,9,September,10,Morning,12:00:00,Unknown,Furgoneta,Male,62,Pedestrian,In an unregulated crossing,Unknown,Unknown,Minor injury: Hospitalization up to 24 hours,430596.73,4581016.95,2.16891386,41.375832696
2020S004111    ,Ciutat Vella,el Raval,Abat Safont,Thursday,2020-09-10,Laboral,2020,9,September,10,Morning,12:00:00,Unknown,Furgoneta,Male,29,Driver,In an unregulated crossing,Unknown,On a mission,Uninjured,430596.73,4581016.95,2.16891386,41.375832696
2020S004112    ,Nou Barris,la Prosperitat,Favčncia,Thursday,2020-09-10,Laboral,2020,9,September,10,Afternoon,16:00:00,Unknown,Car,Female,40,Driver,Unknown,Unknown,Leisure and entertainment,Uninjured,431678.68,4588792.97,2.18097261,41.445961517
2020S004112    ,Nou Barris,la Prosperitat,Favčncia,Thursday,2020-09-10,Laboral,2020,9,September,10,Afternoon,16:00:00,Unknown,Car,Male,41,Driver,Unknown,Unknown,Leisure and entertainment,Uninjured,431678.68,4588792.97,2.18097261,41.445961517
2020S004113    ,Sant Andreu,Sant Andreu,Fabra i Puig,Thursday,2020-09-10,Laboral,2020,9,September,10,Afternoon,14:00:00,Others,Bicicleta,Female,15,Driver,On the sidewalk,Unknown,Leisure and entertainment,Uninjured,431904.26,4587052.76,2.18386909,41.430307232
2020S004113    ,Sant Andreu,Sant Andreu,Fabra i Puig,Thursday,2020-09-10,Laboral,2020,9,September,10,Afternoon,14:00:00,Others,Bicicleta,Female,56,Pedestrian,On the sidewalk,Leisure and entertainment,Unknown,Minor injury: Hospitalization up to 24 hours,431904.26,4587052.76,2.18386909,41.430307232
2020S004114    ,Ciutat Vella,el Raval,Litoral (Besňs),Thursday,2020-09-10,Laboral,2020,9,September,10,Afternoon,17:00:00,Unknown,Car,Male,21,Driver,Unknown,Unknown,Unknown,Uninjured,431320.52,4580791.56,2.17759403,41.373864801
2020S004114    ,Ciutat Vella,el Raval,Litoral (Besňs),Thursday,2020-09-10,Laboral,2020,9,September,10,Afternoon,17:00:00,Unknown,Car,Male,33,Driver,Unknown,Unknown,On a mission,Uninjured,431320.52,4580791.56,2.17759403,41.373864801
2020S004114    ,Ciutat Vella,el Raval,Litoral (Besňs),Thursday,2020-09-10,Laboral,2020,9,September,10,Afternoon,17:00:00,Unknown,Car,Female,21,Passenger,Unknown,Unknown,Unknown,Minor injury: Hospitalization up to 24 hours,431320.52,4580791.56,2.17759403,41.373864801
2020S004114    ,Ciutat Vella,el Raval,Litoral (Besňs),Thursday,2020-09-10,Laboral,2020,9,September,10,Afternoon,17:00:00,Unknown,Furgoneta,Male,48,Driver,Unknown,Unknown,Unknown,Uninjured,431320.52,4580791.56,2.17759403,41.373864801
2020S004115    ,Grŕcia,el Camp d'en Grassot i Grŕcia Nova,Sant Joan,Thursday,2020-09-10,Laboral,2020,9,September,10,Afternoon,18:00:00,Unknown,Car,Female,13,Passenger,Unknown,Unknown,Unknown,Minor injury: Refused medical assistance,430505.02,4583846.74,2.16749243,41.401311822
2020S004115    ,Grŕcia,el Camp d'en Grassot i Grŕcia Nova,Sant Joan,Thursday,2020-09-10,Laboral,2020,9,September,10,Afternoon,18:00:00,Unknown,Car,Male,57,Driver,Unknown,Unknown,Unknown,Uninjured,430505.02,4583846.74,2.16749243,41.401311822
2020S004115    ,Grŕcia,el Camp d'en Grassot i Grŕcia Nova,Sant Joan,Thursday,2020-09-10,Laboral,2020,9,September,10,Afternoon,18:00:00,Unknown,Car,Male,72,Driver,Unknown,Unknown,Unknown,Uninjured,430505.02,4583846.74,2.16749243,41.401311822
2020S004116    ,Sant Martí,la Vila Olímpica del Poblenou,Litoral (Llobregat),Thursday,2020-09-10,Laboral,2020,9,September,10,Afternoon,14:00:00,Unknown,Car,Male,23,Driver,Unknown,Unknown,Unknown,Uninjured,433114.82,4582556.54,2.19885363,41.389912785
2020S004116    ,Sant Martí,la Vila Olímpica del Poblenou,Litoral (Llobregat),Thursday,2020-09-10,Laboral,2020,9,September,10,Afternoon,14:00:00,Unknown,Car,Male,39,Driver,Unknown,Unknown,In transit (commuting),Minor injury: Hospitalization up to 24 hours,433114.82,4582556.54,2.19885363,41.389912785
2020S004117    ,Eixample,l'Antiga Esquerra de l'Eixample,Corts Catalanes,Thursday,2020-09-10,Laboral,2020,9,September,10,Afternoon,16:00:00,Unknown,Bicicleta,Female,23,Driver,Unknown,Unknown,Unknown,Uninjured,429743.17,4581765.09,2.1586208,41.382496849
2020S004117    ,Eixample,l'Antiga Esquerra de l'Eixample,Corts Catalanes,Thursday,2020-09-10,Laboral,2020,9,September,10,Afternoon,16:00:00,Unknown,Autobús,Male,55,Driver,Unknown,Unknown,Urban bus,Uninjured,429743.17,4581765.09,2.1586208,41.382496849
2020S004117    ,Eixample,l'Antiga Esquerra de l'Eixample,Corts Catalanes,Thursday,2020-09-10,Laboral,2020,9,September,10,Afternoon,16:00:00,Unknown,Autobús,Female,72,Passenger,Unknown,Unknown,Unknown,Minor injury: Hospitalization up to 24 hours,429743.17,4581765.09,2.1586208,41.382496849
2020S004118    ,Grŕcia,Vallcarca i els Penitents,Vall d'Hebron,Thursday,2020-09-10,Laboral,2020,9,September,10,Afternoon,20:00:00,Unknown,Motorcycle,Female,19,Passenger,Unknown,Unknown,Unknown,Minor injury: Medical assistance at accident site,428001.24,4585565.52,2.13733777,41.416571734
2020S004118    ,Grŕcia,Vallcarca i els Penitents,Vall d'Hebron,Thursday,2020-09-10,Laboral,2020,9,September,10,Afternoon,20:00:00,Unknown,Motorcycle,Male,23,Driver,Unknown,Unknown,Unknown,Minor injury: Medical assistance at accident site,428001.24,4585565.52,2.13733777,41.416571734
2020S004118    ,Grŕcia,Vallcarca i els Penitents,Vall d'Hebron,Thursday,2020-09-10,Laboral,2020,9,September,10,Afternoon,20:00:00,Unknown,Motorcycle,Male,19,Driver,Unknown,Unknown,Unknown,Minor injury: Medical assistance at accident site,428001.24,4585565.52,2.13733777,41.416571734
2020S004119    ,Sants-Montjuďc,la Marina del Prat Vermell,Litoral (Besňs),Wednesday,2020-09-09,Laboral,2020,9,September,9,Night,05:00:00,Unknown,Tractor camió,Male,36,Driver,Unknown,Unknown,Professional goods transport,Minor injury: Hospitalization up to 24 hours,426606.28,4576959.66,2.1216902,41.33893594
2020S004120    ,Eixample,la Dreta de l'Eixample,Grŕcia,Thursday,2020-09-10,Laboral,2020,9,September,10,Afternoon,15:00:00,Unknown,Bicicleta,Male,26,Driver,Unknown,Unknown,Unknown,Unknown,430181.98,4582892.43,2.16373833,41.392688665
2020S004121    ,Sarriŕ-Sant Gervasi,Sarriŕ,Augusta,Friday,2020-09-11,Laboral,2020,9,September,11,Morning,09:00:00,Unknown,Car,Male,46,Driver,Unknown,Unknown,Leisure and entertainment,Uninjured,426858.74,4583667.33,2.12389767,41.399372344
2020S004121    ,Sarriŕ-Sant Gervasi,Sarriŕ,Augusta,Friday,2020-09-11,Laboral,2020,9,September,11,Morning,09:00:00,Unknown,Motorcycle,Female,26,Driver,Unknown,Unknown,In transit (commuting),Minor injury: Hospitalization up to 24 hours,426858.74,4583667.33,2.12389767,41.399372344
2020S004122    ,Sants-Montjuďc,la Marina del Prat Vermell,Litoral (Besňs),Monday,2020-09-07,Laboral,2020,9,September,7,Night,03:00:00,Unknown,Furgoneta,Male,45,Driver,Unknown,Unknown,Unknown,Uninjured,427752.67,4577596.2,2.13531432,41.344772718
2020S004123    ,Sarriŕ-Sant Gervasi,Sarriŕ,Terré,Friday,2020-09-11,Laboral,2020,9,September,11,Morning,13:00:00,Unknown,Car,Male,78,Driver,Unknown,Unknown,Other activities,Uninjured,426550.63,4584419.08,2.12012095,41.406114923
2020S004123    ,Sarriŕ-Sant Gervasi,Sarriŕ,Terré,Friday,2020-09-11,Laboral,2020,9,September,11,Morning,13:00:00,Unknown,Motorcycle,Male,18,Driver,Unknown,Unknown,Other activities,Minor injury: Medical assistance at accident site,426550.63,4584419.08,2.12012095,41.406114923
2020S004124    ,Eixample,la Nova Esquerra de l'Eixample,Consell de Cent,Friday,2020-09-11,Laboral,2020,9,September,11,Afternoon,14:00:00,Unknown,Car,Male,26,Driver,Unknown,Unknown,Taxi,Uninjured,429184.62,4581553.63,2.1519661,41.380543303
2020S004124    ,Eixample,la Nova Esquerra de l'Eixample,Consell de Cent,Friday,2020-09-11,Laboral,2020,9,September,11,Afternoon,14:00:00,Unknown,Motorcycle,Male,44,Driver,Unknown,Unknown,On a mission,Minor injury: Hospitalization up to 24 hours,429184.62,4581553.63,2.1519661,41.380543303
2020S004125    ,Ciutat Vella,"Sant Pere, Santa Caterina i la Ribera",Jonqueres,Friday,2020-09-11,Laboral,2020,9,September,11,Afternoon,17:00:00,Unknown,Motorcycle,Male,40,Driver,Unknown,Unknown,Leisure and entertainment,Minor injury: Hospitalization up to 24 hours,431071.77,4582318.92,2.1744459,41.387600025
2020S004126    ,Ciutat Vella,la Barceloneta,Marítim de la Barceloneta,Friday,2020-09-11,Laboral,2020,9,September,11,Afternoon,16:00:00,Unknown,Veh. mobilitat personal amb motor,Male,27,Driver,Unknown,Unknown,Unknown,Minor injury: Hospitalization up to 24 hours,432685.92,4581684.57,2.19382092,41.382023364
2020S004126    ,Ciutat Vella,la Barceloneta,Marítim de la Barceloneta,Friday,2020-09-11,Laboral,2020,9,September,11,Afternoon,16:00:00,Unknown,Veh. mobilitat personal amb motor,Male,36,Driver,Unknown,Unknown,On a mission,Minor injury: Hospitalization up to 24 hours,432685.92,4581684.57,2.19382092,41.382023364
2020S004127    ,Ciutat Vella,la Barceloneta,Marítim de la Barceloneta,Friday,2020-09-11,Laboral,2020,9,September,11,Afternoon,19:00:00,Unknown,Bicicleta,Male,5,Pedestrian,On the sidewalk,Unknown,Unknown,Minor injury: Medical assistance at accident site,432854.54,4582008.83,2.19580142,41.384957996
2020S004127    ,Ciutat Vella,la Barceloneta,Marítim de la Barceloneta,Friday,2020-09-11,Laboral,2020,9,September,11,Afternoon,19:00:00,Unknown,Bicicleta,Male,30,Driver,On the sidewalk,Unknown,Leisure and entertainment,Uninjured,432854.54,4582008.83,2.19580142,41.384957996
2020S004128    ,Sant Andreu,la Sagrera,Felip II,Friday,2020-09-11,Laboral,2020,9,September,11,Afternoon,19:00:00,Unknown,"Camió rígid <= 3,5 tones",Male,49,Driver,Unknown,Unknown,On a mission,Uninjured,432187.53,4585932.19,2.18738483,41.420238597
2020S004129    ,Horta-Guinardó,el Baix Guinardó,Guinardó,Friday,2020-09-11,Laboral,2020,9,September,11,Afternoon,19:00:00,Others,Motorcycle,Male,22,Driver,Unknown,Unknown,Other activities,Minor injury: Medical assistance at accident site,430572.05,4585073.97,2.16815338,41.412370864
2020S004129    ,Horta-Guinardó,el Baix Guinardó,Guinardó,Friday,2020-09-11,Laboral,2020,9,September,11,Afternoon,19:00:00,Others,Motorcycle,Female,35,Pedestrian,Unknown,Other activities,Unknown,Uninjured,430572.05,4585073.97,2.16815338,41.412370864
2020S004130    ,Sarriŕ-Sant Gervasi,les Tres Torres,Anglí,Friday,2020-09-11,Laboral,2020,9,September,11,Afternoon,20:00:00,Unknown,Motorcycle,Male,26,Driver,Unknown,Unknown,Leisure and entertainment,Minor injury: Medical assistance at accident site,427207.74,4583515.56,2.1280905,41.398037103
2020S004130    ,Sarriŕ-Sant Gervasi,les Tres Torres,Anglí,Friday,2020-09-11,Laboral,2020,9,September,11,Afternoon,20:00:00,Unknown,Car,Female,54,Driver,Unknown,Unknown,Leisure and entertainment,Uninjured,427207.74,4583515.56,2.1280905,41.398037103
2020S004131    ,Sant Martí,el Clot,Consell de Cent,Friday,2020-09-11,Laboral,2020,9,September,11,Afternoon,20:00:00,Unknown,Motorcycle,Male,63,Driver,Unknown,Unknown,Leisure and entertainment,Minor injury: Hospitalization up to 24 hours,432099.66,4584443.77,2.18650057,41.406825428
2020S004131    ,Sant Martí,el Clot,Consell de Cent,Friday,2020-09-11,Laboral,2020,9,September,11,Afternoon,20:00:00,Unknown,Car,Male,43,Driver,Unknown,Unknown,Leisure and entertainment,Uninjured,432099.66,4584443.77,2.18650057,41.406825428
2020S004132    ,Eixample,la Dreta de l'Eixample,Diputació,Friday,2020-09-11,Laboral,2020,9,September,11,Afternoon,21:00:00,Unknown,Taxi,Male,35,Driver,Unknown,Unknown,Taxi,Uninjured,430233.87,4582397.29,2.16441602,41.388233603
2020S004132    ,Eixample,la Dreta de l'Eixample,Diputació,Friday,2020-09-11,Laboral,2020,9,September,11,Afternoon,21:00:00,Unknown,Motorcycle,Male,47,Driver,Unknown,Unknown,Other activities,Uninjured,430233.87,4582397.29,2.16441602,41.388233603
2020S004132    ,Eixample,la Dreta de l'Eixample,Diputació,Friday,2020-09-11,Laboral,2020,9,September,11,Afternoon,21:00:00,Unknown,Motorcycle,Female,35,Passenger,Unknown,Unknown,Unknown,Minor injury: Medical assistance at accident site,430233.87,4582397.29,2.16441602,41.388233603
2020S004133    ,Sarriŕ-Sant Gervasi,Sant Gervasi - Galvany,Bori i Fontestŕ,Saturday,2020-09-12,Laboral,2020,9,September,12,Night,01:00:00,Unknown,Car,Male,22,Driver,Unknown,Unknown,Leisure and entertainment,Uninjured,428308.89,4583010.24,2.14132155,41.39358486
2020S004134    ,Sant Martí,Diagonal Mar i el Front Marítim del Poblenou,Selva de Mar,Saturday,2020-09-12,Laboral,2020,9,September,12,Night,03:00:00,Unknown,Car,Male,24,Driver,Unknown,Unknown,Unknown,Uninjured,434183.38,4584426.15,2.21143028,41.406840139
2020S004135    ,Les Corts,la Maternitat i Sant Ramon,Sants,Saturday,2020-09-12,Laboral,2020,9,September,12,Morning,06:00:00,Unknown,Veh. mobilitat personal amb motor,Female,27,Driver,Unknown,Unknown,In transit (commuting),Minor injury: Hospitalization up to 24 hours,426689.46,4581055.03,2.12218912,41.375829016
2020S004136    ,Nou Barris,la Prosperitat,Dalt (Llobregat),Sunday,2020-09-06,Laboral,2020,9,September,6,Afternoon,19:00:00,Unknown,Car,Male,24,Passenger,Unknown,Unknown,Unknown,Minor injury: Refused medical assistance,431822.1,4588840.2,2.18268405,41.446399101
2020S004136    ,Nou Barris,la Prosperitat,Dalt (Llobregat),Sunday,2020-09-06,Laboral,2020,9,September,6,Afternoon,19:00:00,Unknown,Car,Male,26,Driver,Unknown,Unknown,Leisure and entertainment,Uninjured,431822.1,4588840.2,2.18268405,41.446399101
2020S004136    ,Nou Barris,la Prosperitat,Dalt (Llobregat),Sunday,2020-09-06,Laboral,2020,9,September,6,Afternoon,19:00:00,Unknown,Car,Female,37,Passenger,Unknown,Unknown,Unknown,Minor injury: Refused medical assistance,431822.1,4588840.2,2.18268405,41.446399101
2020S004136    ,Nou Barris,la Prosperitat,Dalt (Llobregat),Sunday,2020-09-06,Laboral,2020,9,September,6,Afternoon,19:00:00,Unknown,Car,Female,33,Driver,Unknown,Unknown,Leisure and entertainment,Minor injury: Refused medical assistance,431822.1,4588840.2,2.18268405,41.446399101
2020S004137    ,Horta-Guinardó,el Carmel,Gran Vista,Saturday,2020-09-12,Laboral,2020,9,September,12,Morning,11:00:00,Unknown,Motorcycle,Male,55,Driver,Unknown,Unknown,Leisure and entertainment,Minor injury: Refused medical assistance,429947.47,4585922.31,2.1605826,41.419957323
2020S004137    ,Horta-Guinardó,el Carmel,Gran Vista,Saturday,2020-09-12,Laboral,2020,9,September,12,Morning,11:00:00,Unknown,Motorcycle,Male,19,Passenger,Unknown,Unknown,Unknown,Minor injury: Medical assistance at accident site,429947.47,4585922.31,2.1605826,41.419957323
2020S004138    ,Sant Martí,el Clot,Meridiana,Saturday,2020-09-12,Laboral,2020,9,September,12,Morning,13:00:00,Unknown,Car,Male,34,Driver,Unknown,Unknown,Unknown,Uninjured,432154.14,4584227.32,2.18717659,41.404880528
2020S004138    ,Sant Martí,el Clot,Meridiana,Saturday,2020-09-12,Laboral,2020,9,September,12,Morning,13:00:00,Unknown,Motorcycle,Male,34,Driver,Unknown,Unknown,On a mission,Minor injury: Hospitalization up to 24 hours,432154.14,4584227.32,2.18717659,41.404880528
2020S004139    ,Sant Martí,Provençals del Poblenou,Perú,Saturday,2020-09-12,Laboral,2020,9,September,12,Afternoon,14:00:00,Unknown,Car,Female,47,Driver,Unknown,Unknown,Leisure and entertainment,Uninjured,433174.22,4584862.13,2.1993094,41.410683584
2020S004139    ,Sant Martí,Provençals del Poblenou,Perú,Saturday,2020-09-12,Laboral,2020,9,September,12,Afternoon,14:00:00,Unknown,Veh. mobilitat personal amb motor,Female,22,Driver,Unknown,Unknown,Leisure and entertainment,Minor injury: Hospitalization up to 24 hours,433174.22,4584862.13,2.1993094,41.410683584
2020S004140    ,Sant Martí,el Besňs i el Maresme,Llull,Saturday,2020-09-12,Laboral,2020,9,September,12,Afternoon,15:00:00,Unknown,Motorcycle,Female,42,Driver,Unknown,Unknown,Unknown,Minor injury: Hospitalization up to 24 hours,434806.97,4585147.3,2.21881264,41.413386218
2020S004140    ,Sant Martí,el Besňs i el Maresme,Llull,Saturday,2020-09-12,Laboral,2020,9,September,12,Afternoon,15:00:00,Unknown,Car,Male,47,Driver,Unknown,Unknown,Unknown,Uninjured,434806.97,4585147.3,2.21881264,41.413386218
2020S004141    ,Eixample,la Nova Esquerra de l'Eixample,París,Saturday,2020-09-12,Laboral,2020,9,September,12,Afternoon,17:00:00,Unknown,Furgoneta,Male,38,Driver,Unknown,Unknown,On a mission,Minor injury: Hospitalization up to 24 hours,428670.09,4582404.88,2.14571301,41.388164737
2020S004141    ,Eixample,la Nova Esquerra de l'Eixample,París,Saturday,2020-09-12,Laboral,2020,9,September,12,Afternoon,17:00:00,Unknown,Autobús,Male,37,Driver,Unknown,Unknown,Urban bus,Minor injury: Medical assistance at accident site,428670.09,4582404.88,2.14571301,41.388164737
2020S004142    ,Sants-Montjuďc,Sants,Galileu,Saturday,2020-09-12,Laboral,2020,9,September,12,Afternoon,17:00:00,Unknown,Veh. mobilitat personal amb motor,Male,7,Passenger,Unknown,Unknown,Unknown,Minor injury: Hospitalization up to 24 hours,427646.23,4581616.08,2.13356241,41.380968823
2020S004142    ,Sants-Montjuďc,Sants,Galileu,Saturday,2020-09-12,Laboral,2020,9,September,12,Afternoon,17:00:00,Unknown,Veh. mobilitat personal amb motor,Male,17,Driver,Unknown,Unknown,Unknown,Uninjured,427646.23,4581616.08,2.13356241,41.380968823
2020S004142    ,Sants-Montjuďc,Sants,Galileu,Saturday,2020-09-12,Laboral,2020,9,September,12,Afternoon,17:00:00,Unknown,Car,Male,58,Driver,Unknown,Unknown,Unknown,Uninjured,427646.23,4581616.08,2.13356241,41.380968823
2020S004143    ,Horta-Guinardó,Sant Genís dels Agudells,Sant Cugat,Saturday,2020-09-12,Laboral,2020,9,September,12,Afternoon,17:00:00,Unknown,Motorcycle,Male,27,Driver,Unknown,Unknown,Unknown,Minor injury: Hospitalization up to 24 hours,427726.31,4587253.54,2.13384645,41.431750289
2020S004144    ,Sants-Montjuďc,el Poble-sec,Antiga de Montjuďc,Saturday,2020-09-12,Laboral,2020,9,September,12,Afternoon,21:00:00,Unknown,Car,Male,39,Driver,Unknown,Unknown,On a mission,Minor injury: Refused medical assistance,430684.45,4580389.28,2.17003457,41.370187013
2020S004146    ,Sant Martí,el Poblenou,Litoral (Besňs),Sunday,2020-09-13,Laboral,2020,9,September,13,Night,00:00:00,Unknown,Car,Male,21,Driver,Unknown,Unknown,On a mission,Uninjured,433600.12,4582986.31,2.20461068,41.393823857
2020S004146    ,Sant Martí,el Poblenou,Litoral (Besňs),Sunday,2020-09-13,Laboral,2020,9,September,13,Night,00:00:00,Unknown,Motorcycle,Female,24,Passenger,Unknown,Unknown,Unknown,Minor injury: Hospitalization up to 24 hours,433600.12,4582986.31,2.20461068,41.393823857
2020S004146    ,Sant Martí,el Poblenou,Litoral (Besňs),Sunday,2020-09-13,Laboral,2020,9,September,13,Night,00:00:00,Unknown,Car,Male,27,Driver,Unknown,Unknown,On a mission,Uninjured,433600.12,4582986.31,2.20461068,41.393823857
2020S004146    ,Sant Martí,el Poblenou,Litoral (Besňs),Sunday,2020-09-13,Laboral,2020,9,September,13,Night,00:00:00,Unknown,Motorcycle,Female,23,Driver,Unknown,Unknown,On a mission,Minor injury: Hospitalization up to 24 hours,433600.12,4582986.31,2.20461068,41.393823857
2020S004147    ,Ciutat Vella,el Raval,Rambla,Sunday,2020-09-13,Laboral,2020,9,September,13,Night,02:00:00,Unknown,Motorcycle,Male,44,Driver,Unknown,Unknown,Unknown,Minor injury: Hospitalization up to 24 hours,430726.77,4581991.79,2.1703573,41.384624009
2020S004147    ,Ciutat Vella,el Raval,Rambla,Sunday,2020-09-13,Laboral,2020,9,September,13,Night,02:00:00,Unknown,Car,Male,35,Driver,Unknown,Unknown,Taxi,Uninjured,430726.77,4581991.79,2.1703573,41.384624009
2020S004148    ,Horta-Guinardó,la Teixonera,Santa Rosalia,Sunday,2020-09-13,Laboral,2020,9,September,13,Night,02:00:00,Unknown,Car,Male,27,Driver,Unknown,Unknown,Leisure and entertainment,Unknown,428823.39,4586136.4,2.14710736,41.421786701
2020S004149    ,Eixample,el Fort Pienc,Lepant,Sunday,2020-09-13,Laboral,2020,9,September,13,Morning,08:00:00,Unknown,Motorcycle,Male,34,Driver,Unknown,Unknown,Leisure and entertainment,Minor injury: Medical assistance at accident site,431737.46,4583730.04,2.18224808,41.400366382
2020S004149    ,Eixample,el Fort Pienc,Lepant,Sunday,2020-09-13,Laboral,2020,9,September,13,Morning,08:00:00,Unknown,Car,Male,44,Driver,Unknown,Unknown,In transit (commuting),Uninjured,431737.46,4583730.04,2.18224808,41.400366382
2020S004150    ,Sant Andreu,la Sagrera,Doctor Cararach Mauri,Sunday,2020-09-13,Laboral,2020,9,September,13,Morning,08:00:00,Unknown,"Camió rígid > 3,5 tones",Male,39,Driver,Unknown,Unknown,Cleaning or garbage collection service,Uninjured,432508.57,4586707.62,2.19113965,41.427249702
2020S004151    ,Sants-Montjuďc,la Marina de Port,Zona Franca,Sunday,2020-09-13,Laboral,2020,9,September,13,Morning,09:00:00,Desobeir el senyal del semŕfor,Motorcycle,Male,24,Driver,In crossing regulated by traffic lights,Unknown,Unknown,Uninjured,428060.46,4579292.81,2.13879166,41.360081102
2020S004151    ,Sants-Montjuďc,la Marina de Port,Zona Franca,Sunday,2020-09-13,Laboral,2020,9,September,13,Morning,09:00:00,Desobeir el senyal del semŕfor,Motorcycle,Female,57,Pedestrian,In crossing regulated by traffic lights,Unknown,Unknown,Minor injury: Hospitalization up to 24 hours,428060.46,4579292.81,2.13879166,41.360081102
2020S004152    ,Sant Martí,el Poblenou,Marítim de la Mar Bella,Sunday,2020-09-13,Laboral,2020,9,September,13,Morning,11:00:00,Unknown,Veh. mobilitat personal amb motor,Male,60,Driver,Unknown,Unknown,Leisure and entertainment,Minor injury: Hospitalization up to 24 hours,434065.22,4583343.1,2.21013475,41.397075673