Case_Number,District_Name,Neighborhood_Name,Street_Name,Day_of_Week,Date,Day_Type_Description,Year,Month_of_Year,Month_Name,Day_of_Month,Shift_Description,Hour_of_Day,Pedestrian_Cause_Description,Involved_Vehicle_Type_Description,Gender_Description,Age,Person_Type_Description,Pedestrian_Accident_Location_Description,Pedestrian_Movement_Reason_Description,Driver_Movement_Reason_Description,Victimization_Description,Coordenada_UTM_X,Coordenada_UTM_Y,Longitud,Latitud
2020S004200    ,Sants-Montjuďc,Hostafrancs,Creu Coberta,Wednesday,2020-09-16,Laboral,2020,9,September,16,Morning,11:00:00,Unknown,Autobús,Female,82,Passenger,Unknown,Unknown,Unknown,Minor injury: Hospitalization up to 24 hours,428671.49,4580977.26,2.14589789,41.375306785
2020S004201    ,Sants-Montjuďc,la Bordeta,Corts Catalanes,Wednesday,2020-09-16,Laboral,2020,9,September,16,Morning,12:00:00,Unknown,Car,Male,54,Driver,Unknown,Unknown,Unknown,Uninjured,427647.52,4579751.26,2.13380051,41.364173182
2020S004201    ,Sants-Montjuďc,la Bordeta,Corts Catalanes,Wednesday,2020-09-16,Laboral,2020,9,September,16,Morning,12:00:00,Unknown,Motorcycle,Male,37,Driver,Unknown,Unknown,Unknown,Minor injury: Medical assistance at accident site,427647.52,4579751.26,2.13380051,41.364173182
2020S004202    ,Sant Martí,Diagonal Mar i el Front Marítim del Poblenou,Litoral (Besňs),Thursday,2020-09-17,Laboral,2020,9,September,17,Morning,08:00:00,Unknown,Motorcycle,Male,54,Driver,Unknown,Unknown,Unknown,Minor injury: Hospitalization up to 24 hours,434814.7,4584391.21,2.21898663,41.406576915
2020S004203    ,Eixample,l'Antiga Esquerra de l'Eixample,Diagonal,Wednesday,2020-09-16,Laboral,2020,9,September,16,Afternoon,15:00:00,Unknown,Motorcycle,Female,43,Driver,Unknown,Unknown,Leisure and entertainment,Minor injury: Hospitalization up to 24 hours,428835.99,4582971.16,2.14763053,41.39327972
2020S004203    ,Eixample,l'Antiga Esquerra de l'Eixample,Diagonal,Wednesday,2020-09-16,Laboral,2020,9,September,16,Afternoon,15:00:00,Unknown,Car,Male,29,Driver,Unknown,Unknown,Leisure and entertainment,Uninjured,428835.99,4582971.16,2.14763053,41.39327972
2020S004204    ,Sants-Montjuďc,la Marina del Prat Vermell,Nou,Wednesday,2020-09-16,Laboral,2020,9,September,16,Morning,13:00:00,Unknown,Veh. mobilitat personal amb motor,Male,39,Driver,Unknown,Unknown,In transit (commuting),Minor injury: Refused medical assistance,428314.54,4578517.02,2.14192073,41.353116482
2020S004204    ,Sants-Montjuďc,la Marina del Prat Vermell,Nou,Wednesday,2020-09-16,Laboral,2020,9,September,16,Morning,13:00:00,Unknown,Car,Female,32,Driver,Unknown,Unknown,In transit (commuting),Uninjured,428314.54,4578517.02,2.14192073,41.353116482
2020S004205    ,Sarriŕ-Sant Gervasi,Sant Gervasi - la Bonanova,Dalt (Llobregat),Wednesday,2020-09-16,Laboral,2020,9,September,16,Afternoon,17:00:00,Unknown,Car,Male,45,Driver,Unknown,Unknown,Unknown,Uninjured,426719.86,4584525.75,2.12213248,41.407091105
2020S004205    ,Sarriŕ-Sant Gervasi,Sant Gervasi - la Bonanova,Dalt (Llobregat),Wednesday,2020-09-16,Laboral,2020,9,September,16,Afternoon,17:00:00,Unknown,Furgoneta,Male,52,Driver,Unknown,Unknown,Unknown,Uninjured,426719.86,4584525.75,2.12213248,41.407091105
2020S004205    ,Sarriŕ-Sant Gervasi,Sant Gervasi - la Bonanova,Dalt (Llobregat),Wednesday,2020-09-16,Laboral,2020,9,September,16,Afternoon,17:00:00,Unknown,Car,Female,60,Passenger,Unknown,Unknown,Unknown,Minor injury: Hospitalization up to 24 hours,426719.86,4584525.75,2.12213248,41.407091105
2020S004205    ,Sarriŕ-Sant Gervasi,Sant Gervasi - la Bonanova,Dalt (Llobregat),Wednesday,2020-09-16,Laboral,2020,9,September,16,Afternoon,17:00:00,Unknown,Car,Female,48,Passenger,Unknown,Unknown,Unknown,Minor injury: Hospitalization up to 24 hours,426719.86,4584525.75,2.12213248,41.407091105
2020S004205    ,Sarriŕ-Sant Gervasi,Sant Gervasi - la Bonanova,Dalt (Llobregat),Wednesday,2020-09-16,Laboral,2020,9,September,16,Afternoon,17:00:00,Unknown,Car,Female,48,Driver,Unknown,Unknown,Unknown,Uninjured,426719.86,4584525.75,2.12213248,41.407091105
2020S004205    ,Sarriŕ-Sant Gervasi,Sant Gervasi - la Bonanova,Dalt (Llobregat),Wednesday,2020-09-16,Laboral,2020,9,September,16,Afternoon,17:00:00,Unknown,Car,Female,80,Passenger,Unknown,Unknown,Unknown,Minor injury: Hospitalization up to 24 hours,426719.86,4584525.75,2.12213248,41.407091105
2020S004206    ,Eixample,el Fort Pienc,Meridiana,Wednesday,2020-09-16,Laboral,2020,9,September,16,Afternoon,17:00:00,Unknown,Car,Female,31,Driver,Unknown,Unknown,Leisure and entertainment,Uninjured,432107.91,4583490.3,2.18670626,41.398238495
2020S004206    ,Eixample,el Fort Pienc,Meridiana,Wednesday,2020-09-16,Laboral,2020,9,September,16,Afternoon,17:00:00,Unknown,Motorcycle,Female,32,Driver,Unknown,Unknown,Leisure and entertainment,Minor injury: Hospitalization up to 24 hours,432107.91,4583490.3,2.18670626,41.398238495
2020S004207    ,Sant Martí,el Camp de l'Arpa del Clot,Joan de Peguera,Wednesday,2020-09-16,Laboral,2020,9,September,16,Afternoon,18:00:00,Unknown,Car,Female,46,Driver,Unknown,Unknown,Unknown,Uninjured,431830.47,4585377.79,2.18317494,41.415215061
2020S004207    ,Sant Martí,el Camp de l'Arpa del Clot,Joan de Peguera,Wednesday,2020-09-16,Laboral,2020,9,September,16,Afternoon,18:00:00,Unknown,Bicicleta,Female,32,Driver,Unknown,Unknown,In transit (commuting),Minor injury: Hospitalization up to 24 hours,431830.47,4585377.79,2.18317494,41.415215061
2020S004208    ,Sarriŕ-Sant Gervasi,el Putxet i el Farró,Augusta,Wednesday,2020-09-16,Laboral,2020,9,September,16,Morning,09:00:00,Unknown,Motorcycle,Male,31,Driver,Unknown,Unknown,Unknown,Minor injury: Hospitalization up to 24 hours,428992.77,4583855.54,2.14940192,41.401258874
2020S004209    ,Les Corts,les Corts,Diagonal,Wednesday,2020-09-16,Laboral,2020,9,September,16,Afternoon,19:00:00,Unknown,Motorcycle,Female,23,Passenger,Unknown,Unknown,Unknown,Minor injury: Hospitalization up to 24 hours,427431.53,4582484.52,2.13089092,41.388771179
2020S004209    ,Les Corts,les Corts,Diagonal,Wednesday,2020-09-16,Laboral,2020,9,September,16,Afternoon,19:00:00,Unknown,Motorcycle,Male,37,Driver,Unknown,Unknown,Leisure and entertainment,Uninjured,427431.53,4582484.52,2.13089092,41.388771179
2020S004210    ,Horta-Guinardó,el Guinardó,Santa Joaquima de Vedruna,Wednesday,2020-09-16,Laboral,2020,9,September,16,Afternoon,17:00:00,Unknown,Autobús,Female,73,Passenger,Unknown,Unknown,Unknown,Minor injury: Hospitalization up to 24 hours,431578.08,4586011.8,2.18008344,41.420903921
2020S004210    ,Horta-Guinardó,el Guinardó,Santa Joaquima de Vedruna,Wednesday,2020-09-16,Laboral,2020,9,September,16,Afternoon,17:00:00,Unknown,Autobús,Male,48,Driver,Unknown,Unknown,Urban bus,Uninjured,431578.08,4586011.8,2.18008344,41.420903921
2020S004211    ,Sarriŕ-Sant Gervasi,"Vallvidrera, el Tibidabo i les Planes",Vallvidrera al Tibidabo,Wednesday,2020-09-16,Laboral,2020,9,September,16,Afternoon,19:00:00,Unknown,Car,Male,37,Driver,Unknown,Unknown,Leisure and entertainment,Uninjured,425988.83,4585589.37,2.11325707,41.416603617
2020S004211    ,Sarriŕ-Sant Gervasi,"Vallvidrera, el Tibidabo i les Planes",Vallvidrera al Tibidabo,Wednesday,2020-09-16,Laboral,2020,9,September,16,Afternoon,19:00:00,Unknown,Bicicleta,Male,61,Driver,Unknown,Unknown,Leisure and entertainment,Minor injury: Hospitalization up to 24 hours,425988.83,4585589.37,2.11325707,41.416603617
2020S004212    ,Nou Barris,Vilapicina i la Torre Llobeta,Ramon Albó,Wednesday,2020-09-16,Laboral,2020,9,September,16,Afternoon,19:00:00,Unknown,Motorcycle,Male,25,Passenger,Unknown,Unknown,Unknown,Minor injury: Hospitalization up to 24 hours,431329.08,4586763.12,2.17701862,41.427649547
2020S004212    ,Nou Barris,Vilapicina i la Torre Llobeta,Ramon Albó,Wednesday,2020-09-16,Laboral,2020,9,September,16,Afternoon,19:00:00,Unknown,Motorcycle,Male,52,Driver,Unknown,Unknown,Unknown,Minor injury: Hospitalization up to 24 hours,431329.08,4586763.12,2.17701862,41.427649547
2020S004212    ,Nou Barris,Vilapicina i la Torre Llobeta,Ramon Albó,Wednesday,2020-09-16,Laboral,2020,9,September,16,Afternoon,19:00:00,Unknown,Motorcycle,Male,42,Driver,Unknown,Unknown,Unknown,Minor injury: Hospitalization up to 24 hours,431329.08,4586763.12,2.17701862,41.427649547
2020S004213    ,Eixample,la Dreta de l'Eixample,Diputació,Wednesday,2020-09-16,Laboral,2020,9,September,16,Afternoon,21:00:00,Unknown,Motorcycle,Female,57,Driver,Unknown,Unknown,Unknown,Minor injury: Hospitalization up to 24 hours,430680.32,4582841.24,2.16970455,41.392270744
2020S004213    ,Eixample,la Dreta de l'Eixample,Diputació,Wednesday,2020-09-16,Laboral,2020,9,September,16,Afternoon,21:00:00,Unknown,Motorcycle,Male,25,Driver,Unknown,Unknown,Unknown,Uninjured,430680.32,4582841.24,2.16970455,41.392270744
2020S004214    ,Ciutat Vella,el Raval,Rambla,Wednesday,2020-09-16,Laboral,2020,9,September,16,Afternoon,20:00:00,Desobeir el senyal del semŕfor,Motorcycle,Female,25,Pedestrian,In crossing regulated by traffic lights,Unknown,Unknown,Minor injury: Hospitalization up to 24 hours,430732.23,4581982.19,2.17042369,41.384538015
2020S004214    ,Ciutat Vella,el Raval,Rambla,Wednesday,2020-09-16,Laboral,2020,9,September,16,Afternoon,20:00:00,Desobeir el senyal del semŕfor,Motorcycle,Male,33,Driver,In crossing regulated by traffic lights,Unknown,Unknown,Minor injury: Medical assistance at accident site,430732.23,4581982.19,2.17042369,41.384538015
2020S004215    ,Eixample,la Sagrada Família,Cňrsega,Wednesday,2020-09-16,Laboral,2020,9,September,16,Afternoon,21:00:00,Unknown,Car,Male,34,Driver,Unknown,Unknown,Unknown,Uninjured,431111.96,4584576.68,2.17466953,41.407938421
2020S004215    ,Eixample,la Sagrada Família,Cňrsega,Wednesday,2020-09-16,Laboral,2020,9,September,16,Afternoon,21:00:00,Unknown,Motorcycle,Female,50,Driver,Unknown,Unknown,Unknown,Minor injury: Hospitalization up to 24 hours,431111.96,4584576.68,2.17466953,41.407938421
2020S004216    ,Grŕcia,Vallcarca i els Penitents,Esteve Terradas,Thursday,2020-09-17,Laboral,2020,9,September,17,Night,00:00:00,Others,Motorcycle,Female,49,Driver,Outside the crossing,Unknown,In transit (commuting),Minor injury: Medical assistance at accident site,428227.48,4585290.07,2.14007737,41.414111119
2020S004217    ,Sarriŕ-Sant Gervasi,Sant Gervasi - Galvany,Diagonal,Thursday,2020-09-17,Laboral,2020,9,September,17,Night,01:00:00,Unknown,Car,Female,36,Driver,Unknown,Unknown,"Firefighters, police, ambulance",Uninjured,428626.71,4582957.56,2.14512905,41.393138674
2020S004217    ,Sarriŕ-Sant Gervasi,Sant Gervasi - Galvany,Diagonal,Thursday,2020-09-17,Laboral,2020,9,September,17,Night,01:00:00,Unknown,Motorcycle,Male,39,Driver,Unknown,Unknown,Unknown,Uninjured,428626.71,4582957.56,2.14512905,41.393138674
2020S004218    ,Sant Martí,el Camp de l'Arpa del Clot,Las Navas de Tolosa,Thursday,2020-09-17,Laboral,2020,9,September,17,Morning,08:00:00,Unknown,Bicicleta,Male,25,Driver,Unknown,Unknown,In transit (commuting),Minor injury: Hospitalization up to 24 hours,432114.03,4585395.18,2.18656567,41.415395705
2020S004218    ,Sant Martí,el Camp de l'Arpa del Clot,Las Navas de Tolosa,Thursday,2020-09-17,Laboral,2020,9,September,17,Morning,08:00:00,Unknown,Car,Male,22,Driver,Unknown,Unknown,In transit (commuting),Uninjured,432114.03,4585395.18,2.18656567,41.415395705
2020S004219    ,Sants-Montjuďc,la Marina de Port,Segura,Thursday,2020-09-17,Laboral,2020,9,September,17,Morning,06:00:00,Unknown,Car,Male,24,Driver,Unknown,Unknown,Leisure and entertainment,Uninjured,428183.15,4579802.62,2.14019794,41.364683751
2020S004220    ,Sarriŕ-Sant Gervasi,Sarriŕ,Dalt (Besňs),Thursday,2020-09-17,Laboral,2020,9,September,17,Morning,09:00:00,Unknown,Car,Female,40,Driver,Unknown,Unknown,Unknown,Uninjured,426191.44,4584068.24,2.11586686,41.402922151
2020S004220    ,Sarriŕ-Sant Gervasi,Sarriŕ,Dalt (Besňs),Thursday,2020-09-17,Laboral,2020,9,September,17,Morning,09:00:00,Unknown,Motorcycle,Male,45,Driver,Unknown,Unknown,Unknown,Minor injury: Hospitalization up to 24 hours,426191.44,4584068.24,2.11586686,41.402922151
2020S004221    ,Eixample,la Nova Esquerra de l'Eixample,Comte d'Urgell,Thursday,2020-09-17,Laboral,2020,9,September,17,Morning,09:00:00,Unknown,Car,Male,31,Driver,Unknown,Unknown,Unknown,Uninjured,429367.17,4582092.47,2.15408622,41.385412512
2020S004221    ,Eixample,la Nova Esquerra de l'Eixample,Comte d'Urgell,Thursday,2020-09-17,Laboral,2020,9,September,17,Morning,09:00:00,Unknown,Ciclomotor,Male,35,Driver,Unknown,Unknown,Unknown,Minor injury: Hospitalization up to 24 hours,429367.17,4582092.47,2.15408622,41.385412512
2020S004222    ,Sants-Montjuďc,Hostafrancs,Béjar,Thursday,2020-09-17,Laboral,2020,9,September,17,Morning,10:00:00,Unknown,Car,Male,55,Driver,Unknown,Unknown,In transit (commuting),Uninjured,428524.51,4581307.99,2.14410141,41.378272508
2020S004222    ,Sants-Montjuďc,Hostafrancs,Béjar,Thursday,2020-09-17,Laboral,2020,9,September,17,Morning,10:00:00,Unknown,Motorcycle,Male,60,Driver,Unknown,Unknown,On a mission,Minor injury: Hospitalization up to 24 hours,428524.51,4581307.99,2.14410141,41.378272508
2020S004223    ,Sant Andreu,Sant Andreu,Llenguadoc,Thursday,2020-09-17,Laboral,2020,9,September,17,Morning,11:00:00,Unknown,Furgoneta,Male,31,Driver,Unknown,Unknown,Professional goods transport,Uninjured,432054.09,4587063.72,2.18566093,41.430418641
2020S004224    ,Les Corts,la Maternitat i Sant Ramon,Arístides Maillol,Thursday,2020-09-17,Laboral,2020,9,September,17,Morning,11:00:00,Unknown,Autobús,Female,44,Passenger,Unknown,Unknown,Unknown,Minor injury: Medical assistance at accident site,426627.26,4581326.15,2.12141255,41.378265214
2020S004224    ,Les Corts,la Maternitat i Sant Ramon,Arístides Maillol,Thursday,2020-09-17,Laboral,2020,9,September,17,Morning,11:00:00,Unknown,Autobús,Female,48,Driver,Unknown,Unknown,Urban bus,Uninjured,426627.26,4581326.15,2.12141255,41.378265214
2020S004225    ,Sarriŕ-Sant Gervasi,Sarriŕ,Manuel Girona,Thursday,2020-09-17,Laboral,2020,9,September,17,Morning,12:00:00,Unknown,Motorcycle,Female,49,Driver,Unknown,Unknown,Unknown,Minor injury: Hospitalization up to 24 hours,427289.06,4582900.0,2.12913714,41.392500367
2020S004225    ,Sarriŕ-Sant Gervasi,Sarriŕ,Manuel Girona,Thursday,2020-09-17,Laboral,2020,9,September,17,Morning,12:00:00,Unknown,Car,Female,21,Driver,Unknown,Unknown,Unknown,Uninjured,427289.06,4582900.0,2.12913714,41.392500367
2020S004226    ,Sarriŕ-Sant Gervasi,Sarriŕ,Augusta,Thursday,2020-09-17,Laboral,2020,9,September,17,Morning,09:00:00,Unknown,"Camió rígid <= 3,5 tones",Male,29,Driver,Unknown,Unknown,In transit (commuting),Uninjured,426879.02,4583639.48,2.12414361,41.399123356
2020S004226    ,Sarriŕ-Sant Gervasi,Sarriŕ,Augusta,Thursday,2020-09-17,Laboral,2020,9,September,17,Morning,09:00:00,Unknown,Bicicleta,Female,45,Driver,Unknown,Unknown,Unknown,Minor injury: Medical assistance at accident site,426879.02,4583639.48,2.12414361,41.399123356
2020S004227    ,Eixample,la Dreta de l'Eixample,Rosselló,Thursday,2020-09-17,Laboral,2020,9,September,17,Morning,12:00:00,Unknown,Car,Male,78,Driver,Unknown,Unknown,Unknown,Uninjured,430289.45,4583616.74,2.16494028,41.399221617
2020S004227    ,Eixample,la Dreta de l'Eixample,Rosselló,Thursday,2020-09-17,Laboral,2020,9,September,17,Morning,12:00:00,Unknown,Motorcycle,Male,38,Driver,Unknown,Unknown,Unknown,Minor injury: Medical assistance at accident site,430289.45,4583616.74,2.16494028,41.399221617
2020S004228    ,Horta-Guinardó,el Baix Guinardó,Guinardó,Thursday,2020-09-17,Laboral,2020,9,September,17,Morning,12:00:00,Unknown,Maquinŕria d'obres i serveis,Female,34,Driver,Unknown,Unknown,On a mission,Uninjured,430563.65,4585070.05,2.16805333,41.412334832
2020S004228    ,Horta-Guinardó,el Baix Guinardó,Guinardó,Thursday,2020-09-17,Laboral,2020,9,September,17,Morning,12:00:00,Unknown,Ciclomotor,Female,22,Driver,Unknown,Unknown,Unknown,Minor injury: Hospitalization up to 24 hours,430563.65,4585070.05,2.16805333,41.412334832
2020S004229    ,Grŕcia,la Vila de Grŕcia,Providčncia,Thursday,2020-09-17,Laboral,2020,9,September,17,Morning,12:00:00,Creuar per fora pas de vianants,Car,Female,38,Driver,Outside the crossing,Unknown,In transit (commuting),Uninjured,429560.29,4584393.77,2.1561279,41.406156466
2020S004229    ,Grŕcia,la Vila de Grŕcia,Providčncia,Thursday,2020-09-17,Laboral,2020,9,September,17,Morning,12:00:00,Creuar per fora pas de vianants,Car,Female,77,Pedestrian,Outside the crossing,Other activities,Unknown,Minor injury: Hospitalization up to 24 hours,429560.29,4584393.77,2.1561279,41.406156466
2020S004230    ,Nou Barris,la Trinitat Nova,Aiguablava,Thursday,2020-09-17,Laboral,2020,9,September,17,Morning,13:00:00,Unknown,Ciclomotor,Female,33,Driver,Unknown,Unknown,Unknown,Minor injury: Hospitalization up to 24 hours,431652.0,4588922.35,2.1806386,41.447124522
2020S004231    ,Sant Andreu,el Bon Pastor,Havana,Thursday,2020-09-17,Laboral,2020,9,September,17,Afternoon,14:00:00,Unknown,Car,Male,40,Driver,Unknown,Unknown,Leisure and entertainment,Uninjured,433148.55,4587948.56,2.19866086,41.438480013
2020S004231    ,Sant Andreu,el Bon Pastor,Havana,Thursday,2020-09-17,Laboral,2020,9,September,17,Afternoon,14:00:00,Unknown,Car,Male,47,Driver,Unknown,Unknown,Taxi,Minor injury: Hospitalization up to 24 hours,433148.55,4587948.56,2.19866086,41.438480013
2020S004232    ,Sant Martí,el Poblenou,Pujades,Thursday,2020-09-17,Laboral,2020,9,September,17,Afternoon,16:00:00,Unknown,Furgoneta,Female,38,Driver,Unknown,Unknown,Other activities,Uninjured,433309.24,4583904.87,2.2010303,41.402073016
2020S004232    ,Sant Martí,el Poblenou,Pujades,Thursday,2020-09-17,Laboral,2020,9,September,17,Afternoon,16:00:00,Unknown,Bicicleta,Female,28,Driver,Unknown,Unknown,Unknown,Minor injury: Medical assistance at accident site,433309.24,4583904.87,2.2010303,41.402073016
2020S004233    ,Nou Barris,el Turó de la Peira,Montmajor,Thursday,2020-09-17,Laboral,2020,9,September,17,Afternoon,15:00:00,Unknown,Motorcycle,Male,43,Driver,Unknown,Unknown,Unknown,Minor injury: Hospitalization up to 24 hours,430774.57,4587219.96,2.17033054,41.431716515
2020S004233    ,Nou Barris,el Turó de la Peira,Montmajor,Thursday,2020-09-17,Laboral,2020,9,September,17,Afternoon,15:00:00,Unknown,Car,Male,36,Driver,Unknown,Unknown,Unknown,Uninjured,430774.57,4587219.96,2.17033054,41.431716515
2020S004234    ,Horta-Guinardó,el Baix Guinardó,Alcalde de Móstoles,Thursday,2020-09-17,Laboral,2020,9,September,17,Afternoon,16:00:00,Unknown,Motorcycle,Female,32,Driver,Unknown,Unknown,Unknown,Minor injury: Hospitalization up to 24 hours,430315.65,4584977.42,2.16509693,41.41147907
2020S004234    ,Horta-Guinardó,el Baix Guinardó,Alcalde de Móstoles,Thursday,2020-09-17,Laboral,2020,9,September,17,Afternoon,16:00:00,Unknown,Car,Male,37,Driver,Unknown,Unknown,Unknown,Uninjured,430315.65,4584977.42,2.16509693,41.41147907
2020S004235    ,Eixample,el Fort Pienc,Marina,Thursday,2020-09-17,Laboral,2020,9,September,17,Afternoon,18:00:00,Unknown,Motorcycle,Male,37,Driver,Unknown,Unknown,On a mission,Uninjured,431696.26,4583593.37,2.18177068,41.399131934
2020S004235    ,Eixample,el Fort Pienc,Marina,Thursday,2020-09-17,Laboral,2020,9,September,17,Afternoon,18:00:00,Unknown,Tractor camió,Male,49,Driver,Unknown,Unknown,On a mission,Uninjured,431696.26,4583593.37,2.18177068,41.399131934
2020S004235    ,Eixample,el Fort Pienc,Marina,Thursday,2020-09-17,Laboral,2020,9,September,17,Afternoon,18:00:00,Unknown,Motorcycle,Female,48,Passenger,Unknown,Unknown,Unknown,Minor injury: Hospitalization up to 24 hours,431696.26,4583593.37,2.18177068,41.399131934
2020S004236    ,Sant Andreu,la Sagrera,Meridiana,Thursday,2020-09-17,Laboral,2020,9,September,17,Afternoon,15:00:00,Unknown,Car,Male,68,Driver,Unknown,Unknown,Other activities,Uninjured,431964.57,4586733.43,2.1846268,41.427436246
2020S004236    ,Sant Andreu,la Sagrera,Meridiana,Thursday,2020-09-17,Laboral,2020,9,September,17,Afternoon,15:00:00,Unknown,Motorcycle,Female,26,Driver,Unknown,Unknown,Other activities,Minor injury: Hospitalization up to 24 hours,431964.57,4586733.43,2.1846268,41.427436246
2020S004237    ,Eixample,el Fort Pienc,Corts Catalanes,Thursday,2020-09-17,Laboral,2020,9,September,17,Afternoon,18:00:00,Unknown,Car,Female,62,Pedestrian,In crossing regulated by traffic lights,In transit (commuting),Unknown,Minor injury: Hospitalization up to 24 hours,431423.03,4583422.12,2.17852181,41.397566267
2020S004237    ,Eixample,el Fort Pienc,Corts Catalanes,Thursday,2020-09-17,Laboral,2020,9,September,17,Afternoon,18:00:00,Unknown,Car,Female,25,Driver,In crossing regulated by traffic lights,Unknown,Unknown,Uninjured,431423.03,4583422.12,2.17852181,41.397566267
2020S004238    ,Eixample,la Nova Esquerra de l'Eixample,Provença,Thursday,2020-09-17,Laboral,2020,9,September,17,Afternoon,17:00:00,Unknown,Bicicleta,Male,64,Driver,Unknown,Unknown,In transit (commuting),Minor injury: Hospitalization up to 24 hours,429126.13,4582253.82,2.15118472,41.386844525
2020S004238    ,Eixample,la Nova Esquerra de l'Eixample,Provença,Thursday,2020-09-17,Laboral,2020,9,September,17,Afternoon,17:00:00,Unknown,Car,Male,65,Driver,Unknown,Unknown,On a mission,Uninjured,429126.13,4582253.82,2.15118472,41.386844525
2020S004239    ,Sants-Montjuďc,la Marina del Prat Vermell,Litoral (Besňs),Thursday,2020-09-17,Laboral,2020,9,September,17,Afternoon,18:00:00,Unknown,Motorcycle,Male,43,Driver,Unknown,Unknown,Unknown,Uninjured,430303.25,4579227.37,2.16561043,41.359689073
2020S004239    ,Sants-Montjuďc,la Marina del Prat Vermell,Litoral (Besňs),Thursday,2020-09-17,Laboral,2020,9,September,17,Afternoon,18:00:00,Unknown,Car,Male,32,Driver,Unknown,Unknown,Unknown,Uninjured,430303.25,4579227.37,2.16561043,41.359689073
2020S004239    ,Sants-Montjuďc,la Marina del Prat Vermell,Litoral (Besňs),Thursday,2020-09-17,Laboral,2020,9,September,17,Afternoon,18:00:00,Unknown,Motorcycle,Male,49,Driver,Unknown,Unknown,Unknown,Minor injury: Hospitalization up to 24 hours,430303.25,4579227.37,2.16561043,41.359689073
2020S004239    ,Sants-Montjuďc,la Marina del Prat Vermell,Litoral (Besňs),Thursday,2020-09-17,Laboral,2020,9,September,17,Afternoon,18:00:00,Unknown,Car,Male,39,Driver,Unknown,Unknown,Unknown,Uninjured,430303.25,4579227.37,2.16561043,41.359689073
2020S004239    ,Sants-Montjuďc,la Marina del Prat Vermell,Litoral (Besňs),Thursday,2020-09-17,Laboral,2020,9,September,17,Afternoon,18:00:00,Unknown,Motorcycle,Male,49,Passenger,Unknown,Unknown,Unknown,Minor injury: Hospitalization up to 24 hours,430303.25,4579227.37,2.16561043,41.359689073
2020S004240    ,Les Corts,Pedralbes,Cavallers,Thursday,2020-09-17,Laboral,2020,9,September,17,Afternoon,21:00:00,Transitar a peu per la calçada,Bicicleta,Male,39,Driver,Outside the crossing,Unknown,Other activities,Minor injury: Hospitalization up to 24 hours,425783.75,4582649.82,2.11116397,41.390109536
2020S004240    ,Les Corts,Pedralbes,Cavallers,Thursday,2020-09-17,Laboral,2020,9,September,17,Afternoon,21:00:00,Transitar a peu per la calçada,Bicicleta,Female,15,Pedestrian,Outside the crossing,Unknown,Unknown,Minor injury: Medical assistance at accident site,425783.75,4582649.82,2.11116397,41.390109536
2020S004241    ,Eixample,la Dreta de l'Eixample,Corts Catalanes,Thursday,2020-09-17,Laboral,2020,9,September,17,Afternoon,21:00:00,Unknown,Motorcycle,Female,30,Driver,Unknown,Unknown,Other activities,Uninjured,430795.1,4582761.18,2.17108651,41.391559558
2020S004241    ,Eixample,la Dreta de l'Eixample,Corts Catalanes,Thursday,2020-09-17,Laboral,2020,9,September,17,Afternoon,21:00:00,Unknown,Motorcycle,Female,27,Driver,Unknown,Unknown,Unknown,Serious injury: Hospitalization over 24 hours,430795.1,4582761.18,2.17108651,41.391559558
2020S004241    ,Eixample,la Dreta de l'Eixample,Corts Catalanes,Thursday,2020-09-17,Laboral,2020,9,September,17,Afternoon,21:00:00,Unknown,Motorcycle,Male,26,Passenger,Unknown,Unknown,Unknown,Serious injury: Hospitalization over 24 hours,430795.1,4582761.18,2.17108651,41.391559558
2020S004242    ,Sarriŕ-Sant Gervasi,Sant Gervasi - Galvany,Calvet,Thursday,2020-09-17,Laboral,2020,9,September,17,Afternoon,17:00:00,Unknown,Car,Male,54,Driver,Unknown,Unknown,In transit (commuting),Uninjured,428629.27,4582971.48,2.14515803,41.393264274
2020S004242    ,Sarriŕ-Sant Gervasi,Sant Gervasi - Galvany,Calvet,Thursday,2020-09-17,Laboral,2020,9,September,17,Afternoon,17:00:00,Unknown,Car,Male,47,Driver,Unknown,Unknown,Unknown,Uninjured,428629.27,4582971.48,2.14515803,41.393264274
2020S004242    ,Sarriŕ-Sant Gervasi,Sant Gervasi - Galvany,Calvet,Thursday,2020-09-17,Laboral,2020,9,September,17,Afternoon,17:00:00,Unknown,Motorcycle,Male,35,Driver,Unknown,Unknown,Unknown,Minor injury: Medical assistance at accident site,428629.27,4582971.48,2.14515803,41.393264274
2020S004243    ,Eixample,la Dreta de l'Eixample,Corts Catalanes,Thursday,2020-09-17,Laboral,2020,9,September,17,Afternoon,19:00:00,Unknown,Car,Male,46,Driver,Unknown,Unknown,Unknown,Uninjured,430283.7,4582221.75,2.16503218,41.386656892
2020S004243    ,Eixample,la Dreta de l'Eixample,Corts Catalanes,Thursday,2020-09-17,Laboral,2020,9,September,17,Afternoon,19:00:00,Unknown,Ciclomotor,Male,46,Driver,Unknown,Unknown,Unknown,Minor injury: Medical assistance at accident site,430283.7,4582221.75,2.16503218,41.386656892
2020S004244    ,Sarriŕ-Sant Gervasi,Sant Gervasi - Galvany,Diagonal,Thursday,2020-09-17,Laboral,2020,9,September,17,Afternoon,20:00:00,Desobeir el senyal del semŕfor,Motorcycle,Male,41,Pedestrian,Outside the crossing,Unknown,Unknown,Minor injury: Hospitalization up to 24 hours,429482.03,4583236.02,2.15532662,41.39572216