Case_Number,District_Name,Neighborhood_Name,Street_Name,Day_of_Week,Date,Day_Type_Description,Year,Month_of_Year,Month_Name,Day_of_Month,Shift_Description,Hour_of_Day,Pedestrian_Cause_Description,Involved_Vehicle_Type_Description,Gender_Description,Age,Person_Type_Description,Pedestrian_Accident_Location_Description,Pedestrian_Movement_Reason_Description,Driver_Movement_Reason_Description,Victimization_Description,Coordenada_UTM_X,Coordenada_UTM_Y,Longitud,Latitud
2020S004244    ,Sarriŕ-Sant Gervasi,Sant Gervasi - Galvany,Diagonal,Thursday,2020-09-17,Laboral,2020,9,September,17,Afternoon,20:00:00,Desobeir el senyal del semŕfor,Motorcycle,Male,20,Driver,Outside the crossing,Unknown,Unknown,Uninjured,429482.03,4583236.02,2.15532662,41.39572216
2020S004245    ,Sants-Montjuďc,Sants,Sant Antoni,Thursday,2020-09-17,Laboral,2020,9,September,17,Night,22:00:00,Unknown,Veh. mobilitat personal amb motor,Female,31,Driver,Unknown,Unknown,Leisure and entertainment,Minor injury: Hospitalization up to 24 hours,428238.97,4581335.0,2.14068381,41.37849035
2020S004246    ,Eixample,la Nova Esquerra de l'Eixample,Corts Catalanes,Friday,2020-09-18,Laboral,2020,9,September,18,Night,03:00:00,Unknown,Ciclomotor,Male,40,Driver,Unknown,Unknown,Unknown,Minor injury: Hospitalization up to 24 hours,429223.68,4581256.55,2.1524679,41.37787104
2020S004247    ,Eixample,la Nova Esquerra de l'Eixample,Josep Tarradellas,Thursday,2020-09-17,Laboral,2020,9,September,17,Afternoon,20:00:00,Unknown,Veh. mobilitat personal amb motor,Male,32,Driver,Unknown,Unknown,Unknown,Uninjured,428425.93,4582216.39,2.14281526,41.386445376
2020S004247    ,Eixample,la Nova Esquerra de l'Eixample,Josep Tarradellas,Thursday,2020-09-17,Laboral,2020,9,September,17,Afternoon,20:00:00,Unknown,Veh. mobilitat personal amb motor,Female,23,Driver,Unknown,Unknown,Unknown,Minor injury: Hospitalization up to 24 hours,428425.93,4582216.39,2.14281526,41.386445376
2020S004248    ,Eixample,la Dreta de l'Eixample,Mossčn Jacint Verdaguer,Friday,2020-09-18,Laboral,2020,9,September,18,Morning,08:00:00,Unknown,Motorcycle,Female,22,Driver,Unknown,Unknown,In transit (commuting),Minor injury: Medical assistance at accident site,430706.56,4583594.99,2.16993208,41.399061796
2020S004249    ,Nou Barris,Canyelles,Dalt (Llobregat),Friday,2020-09-18,Laboral,2020,9,September,18,Morning,07:00:00,Unknown,Car,Male,43,Driver,Unknown,Unknown,Unknown,Uninjured,430361.27,4588243.81,2.16526629,41.440902185
2020S004249    ,Nou Barris,Canyelles,Dalt (Llobregat),Friday,2020-09-18,Laboral,2020,9,September,18,Morning,07:00:00,Unknown,Motorcycle,Male,49,Driver,Unknown,Unknown,Unknown,Minor injury: Medical assistance at accident site,430361.27,4588243.81,2.16526629,41.440902185
2020S004250    ,Nou Barris,Vilapicina i la Torre Llobeta,Meridiana,Friday,2020-09-18,Laboral,2020,9,September,18,Morning,11:00:00,Unknown,Bicicleta,Male,18,Driver,Unknown,Unknown,Unknown,Minor injury: Hospitalization up to 24 hours,431913.45,4586839.15,2.18400314,41.428384097
2020S004250    ,Nou Barris,Vilapicina i la Torre Llobeta,Meridiana,Friday,2020-09-18,Laboral,2020,9,September,18,Morning,11:00:00,Unknown,Car,Male,41,Driver,Unknown,Unknown,Unknown,Uninjured,431913.45,4586839.15,2.18400314,41.428384097
2020S004251    ,Eixample,la Nova Esquerra de l'Eixample,Valčncia,Friday,2020-09-18,Laboral,2020,9,September,18,Morning,10:00:00,Unknown,Car,Female,84,Pedestrian,In crossing regulated by traffic lights,Unknown,Unknown,Minor injury: Medical assistance at accident site,429330.66,4582109.02,2.15364766,41.385558364
2020S004251    ,Eixample,la Nova Esquerra de l'Eixample,Valčncia,Friday,2020-09-18,Laboral,2020,9,September,18,Morning,10:00:00,Unknown,Car,Male,90,Driver,In crossing regulated by traffic lights,Unknown,Leisure and entertainment,Uninjured,429330.66,4582109.02,2.15364766,41.385558364
2020S004252    ,Les Corts,les Corts,Mig (Ascendent),Friday,2020-09-18,Laboral,2020,9,September,18,Morning,11:00:00,Unknown,Taxi,Male,61,Driver,Unknown,Unknown,Taxi,Uninjured,427354.46,4582898.6,2.12991951,41.392493671
2020S004252    ,Les Corts,les Corts,Mig (Ascendent),Friday,2020-09-18,Laboral,2020,9,September,18,Morning,11:00:00,Unknown,Autobús,Female,67,Passenger,Unknown,Unknown,Unknown,Minor injury: Medical assistance at accident site,427354.46,4582898.6,2.12991951,41.392493671
2020S004252    ,Les Corts,les Corts,Mig (Ascendent),Friday,2020-09-18,Laboral,2020,9,September,18,Morning,11:00:00,Unknown,Autobús,Male,65,Passenger,Unknown,Unknown,Unknown,Minor injury: Refused medical assistance,427354.46,4582898.6,2.12991951,41.392493671
2020S004252    ,Les Corts,les Corts,Mig (Ascendent),Friday,2020-09-18,Laboral,2020,9,September,18,Morning,11:00:00,Unknown,Autobús,Male,60,Driver,Unknown,Unknown,Urban bus,Uninjured,427354.46,4582898.6,2.12991951,41.392493671
2020S004252    ,Les Corts,les Corts,Mig (Ascendent),Friday,2020-09-18,Laboral,2020,9,September,18,Morning,11:00:00,Unknown,Autobús,Female,57,Passenger,Unknown,Unknown,Unknown,Minor injury: Refused medical assistance,427354.46,4582898.6,2.12991951,41.392493671
2020S004253    ,Eixample,Sant Antoni,Calŕbria,Friday,2020-09-18,Laboral,2020,9,September,18,Night,04:00:00,Unknown,Car,Male,56,Driver,Unknown,Unknown,Unknown,Uninjured,429623.66,4581253.63,2.15725107,41.377879842
2020S004253    ,Eixample,Sant Antoni,Calŕbria,Friday,2020-09-18,Laboral,2020,9,September,18,Night,04:00:00,Unknown,Car,Male,59,Driver,Unknown,Unknown,Unknown,Uninjured,429623.66,4581253.63,2.15725107,41.377879842
2020S004253    ,Eixample,Sant Antoni,Calŕbria,Friday,2020-09-18,Laboral,2020,9,September,18,Night,04:00:00,Unknown,Car,Female,43,Passenger,Unknown,Unknown,Unknown,Minor injury: Medical assistance at accident site,429623.66,4581253.63,2.15725107,41.377879842
2020S004254    ,Sant Andreu,Navas,Juan de Garay,Friday,2020-09-18,Laboral,2020,9,September,18,Morning,08:00:00,Unknown,"Camió rígid <= 3,5 tones",Female,31,Driver,Unknown,Unknown,Professional goods transport,Uninjured,431825.09,4585867.17,2.18305538,41.419622294
2020S004255    ,Les Corts,les Corts,Montnegre,Friday,2020-09-18,Laboral,2020,9,September,18,Morning,13:00:00,Others,Car,Female,62,Pedestrian,In crossing regulated by traffic lights,Unknown,Unknown,Minor injury: Hospitalization up to 24 hours,428142.19,4582412.37,2.1393987,41.388185185
2020S004255    ,Les Corts,les Corts,Montnegre,Friday,2020-09-18,Laboral,2020,9,September,18,Morning,13:00:00,Others,Car,Male,55,Driver,In crossing regulated by traffic lights,Unknown,Unknown,Uninjured,428142.19,4582412.37,2.1393987,41.388185185
2020S004256    ,Les Corts,les Corts,Corts,Friday,2020-09-18,Laboral,2020,9,September,18,Afternoon,14:00:00,Unknown,"Camió rígid > 3,5 tones",Male,33,Driver,Unknown,Unknown,On a mission,Uninjured,427846.3,4582300.04,2.13587339,41.387146971
2020S004256    ,Les Corts,les Corts,Corts,Friday,2020-09-18,Laboral,2020,9,September,18,Afternoon,14:00:00,Unknown,Motorcycle,Female,33,Driver,Unknown,Unknown,Unknown,Minor injury: Hospitalization up to 24 hours,427846.3,4582300.04,2.13587339,41.387146971
2020S004257    ,Les Corts,les Corts,Pau Romeva,Friday,2020-09-18,Laboral,2020,9,September,18,Afternoon,14:00:00,Unknown,Autobús,Male,44,Driver,Unknown,Unknown,Urban bus,Uninjured,427979.02,4582575.84,2.13742782,41.389642897
2020S004257    ,Les Corts,les Corts,Pau Romeva,Friday,2020-09-18,Laboral,2020,9,September,18,Afternoon,14:00:00,Unknown,Motorcycle,Female,49,Driver,Unknown,Unknown,Unknown,Minor injury: Hospitalization up to 24 hours,427979.02,4582575.84,2.13742782,41.389642897
2020S004258    ,Grŕcia,el Camp d'en Grassot i Grŕcia Nova,Sardenya,Friday,2020-09-18,Laboral,2020,9,September,18,Afternoon,14:00:00,Unknown,Furgoneta,Male,29,Driver,Unknown,Unknown,On a mission,Minor injury: Medical assistance at accident site,430672.68,4584387.5,2.16943601,41.406196752
2020S004258    ,Grŕcia,el Camp d'en Grassot i Grŕcia Nova,Sardenya,Friday,2020-09-18,Laboral,2020,9,September,18,Afternoon,14:00:00,Unknown,Car,Male,60,Pedestrian,Unknown,Leisure and entertainment,Unknown,Minor injury: Medical assistance at accident site,430672.68,4584387.5,2.16943601,41.406196752
2020S004258    ,Grŕcia,el Camp d'en Grassot i Grŕcia Nova,Sardenya,Friday,2020-09-18,Laboral,2020,9,September,18,Afternoon,14:00:00,Unknown,Car,Male,24,Driver,Unknown,Unknown,Taxi,Minor injury: Medical assistance at accident site,430672.68,4584387.5,2.16943601,41.406196752
2020S004259    ,Horta-Guinardó,el Guinardó,Guinardó,Friday,2020-09-18,Laboral,2020,9,September,18,Afternoon,15:00:00,Desobeir el senyal del semŕfor,Motorcycle,Female,37,Driver,Unknown,Unknown,Leisure and entertainment,Minor injury: Refused medical assistance,431281.04,4585798.72,2.17655339,41.418959416
2020S004260    ,Sants-Montjuďc,Sants,Badal,Friday,2020-09-18,Laboral,2020,9,September,18,Afternoon,15:00:00,Unknown,Motorcycle,Female,42,Driver,Unknown,Unknown,Leisure and entertainment,Minor injury: Hospitalization up to 24 hours,427539.94,4580521.03,2.13242235,41.371096544
2020S004260    ,Sants-Montjuďc,Sants,Badal,Friday,2020-09-18,Laboral,2020,9,September,18,Afternoon,15:00:00,Unknown,Car,Male,27,Driver,Unknown,Unknown,Unknown,Uninjured,427539.94,4580521.03,2.13242235,41.371096544
2020S004260    ,Sants-Montjuďc,Sants,Badal,Friday,2020-09-18,Laboral,2020,9,September,18,Afternoon,15:00:00,Unknown,Motorcycle,Male,47,Driver,Unknown,Unknown,Leisure and entertainment,Uninjured,427539.94,4580521.03,2.13242235,41.371096544
2020S004261    ,Eixample,la Dreta de l'Eixample,Universitat,Friday,2020-09-18,Laboral,2020,9,September,18,Afternoon,15:00:00,Transitar a peu per la calçada,Bicicleta,Female,22,Driver,Outside the crossing,Unknown,Leisure and entertainment,Minor injury: Hospitalization up to 24 hours,430328.76,4582160.96,2.16557806,41.386113281
2020S004261    ,Eixample,la Dreta de l'Eixample,Universitat,Friday,2020-09-18,Laboral,2020,9,September,18,Afternoon,15:00:00,Transitar a peu per la calçada,Motorcycle,Male,28,Driver,Outside the crossing,Unknown,In transit (commuting),Minor injury: Hospitalization up to 24 hours,430328.76,4582160.96,2.16557806,41.386113281
2020S004262    ,Eixample,la Nova Esquerra de l'Eixample,Aragó,Friday,2020-09-18,Laboral,2020,9,September,18,Afternoon,16:00:00,Unknown,Bicicleta,Male,30,Driver,Unknown,Unknown,On a mission,Minor injury: Hospitalization up to 24 hours,429150.9,4581714.88,2.15154401,41.381992658
2020S004262    ,Eixample,la Nova Esquerra de l'Eixample,Aragó,Friday,2020-09-18,Laboral,2020,9,September,18,Afternoon,16:00:00,Unknown,Car,Male,29,Driver,Unknown,Unknown,On a mission,Uninjured,429150.9,4581714.88,2.15154401,41.381992658
2020S004263    ,Horta-Guinardó,la Teixonera,Vall d'Hebron,Friday,2020-09-18,Laboral,2020,9,September,18,Afternoon,14:00:00,Unknown,Autobús articulat,Male,37,Driver,Unknown,Unknown,Urban bus,Uninjured,428340.81,4586195.67,2.14132593,41.422277601
2020S004263    ,Horta-Guinardó,la Teixonera,Vall d'Hebron,Friday,2020-09-18,Laboral,2020,9,September,18,Afternoon,14:00:00,Unknown,Autobús articulat,Female,56,Passenger,Unknown,Unknown,Unknown,Minor injury: Hospitalization up to 24 hours,428340.81,4586195.67,2.14132593,41.422277601
2020S004264    ,Horta-Guinardó,el Baix Guinardó,Alfons el Savi,Friday,2020-09-18,Laboral,2020,9,September,18,Afternoon,14:00:00,Unknown,Motorcycle,Female,31,Driver,Unknown,Unknown,Unknown,Minor injury: Hospitalization up to 24 hours,430300.51,4584980.21,2.16491547,41.411502885
2020S004265    ,Sant Martí,Diagonal Mar i el Front Marítim del Poblenou,Litoral (Besňs),Friday,2020-09-18,Laboral,2020,9,September,18,Afternoon,18:00:00,Unknown,Autobús,Female,65,Passenger,Unknown,Unknown,Unknown,Minor injury: Hospitalization up to 24 hours,434522.9,4584101.32,2.21552717,41.403942213
2020S004265    ,Sant Martí,Diagonal Mar i el Front Marítim del Poblenou,Litoral (Besňs),Friday,2020-09-18,Laboral,2020,9,September,18,Afternoon,18:00:00,Unknown,Autobús,Male,50,Driver,Unknown,Unknown,Urban bus,Uninjured,434522.9,4584101.32,2.21552717,41.403942213
2020S004266    ,Eixample,la Dreta de l'Eixample,Corts Catalanes,Friday,2020-09-11,Laboral,2020,9,September,11,Afternoon,19:00:00,Unknown,Car,Male,60,Driver,Unknown,Unknown,Taxi,Uninjured,430692.29,4582621.69,2.16987285,41.390294357
2020S004266    ,Eixample,la Dreta de l'Eixample,Corts Catalanes,Friday,2020-09-11,Laboral,2020,9,September,11,Afternoon,19:00:00,Unknown,Ciclomotor,Female,28,Driver,Unknown,Unknown,Unknown,Minor injury: Medical assistance at accident site,430692.29,4582621.69,2.16987285,41.390294357
2020S004267    ,Eixample,l'Antiga Esquerra de l'Eixample,Mallorca,Friday,2020-09-18,Laboral,2020,9,September,18,Afternoon,14:00:00,Unknown,Autobús,Female,78,Passenger,Unknown,Unknown,Unknown,Minor injury: Medical assistance at accident site,429284.24,4582250.1,2.15307604,41.386824942
2020S004267    ,Eixample,l'Antiga Esquerra de l'Eixample,Mallorca,Friday,2020-09-18,Laboral,2020,9,September,18,Afternoon,14:00:00,Unknown,Autobús,Male,54,Driver,Unknown,Unknown,Urban bus,Uninjured,429284.24,4582250.1,2.15307604,41.386824942
2020S004268    ,Sants-Montjuďc,el Poble-sec,Paralˇlel,Friday,2020-09-18,Laboral,2020,9,September,18,Afternoon,18:00:00,Unknown,Motorcycle,Female,26,Driver,Unknown,Unknown,Unknown,Minor injury: Hospitalization up to 24 hours,431060.72,4580864.45,2.17447931,41.374499076
2020S004268    ,Sants-Montjuďc,el Poble-sec,Paralˇlel,Friday,2020-09-18,Laboral,2020,9,September,18,Afternoon,18:00:00,Unknown,Car,Female,27,Driver,Unknown,Unknown,Unknown,Uninjured,431060.72,4580864.45,2.17447931,41.374499076
2020S004269    ,Ciutat Vella,el Barri Gňtic,Litoral (Besňs),Friday,2020-09-18,Laboral,2020,9,September,18,Afternoon,21:00:00,Unknown,Furgoneta,Male,32,Driver,Unknown,Unknown,Unknown,Unknown,431585.19,4581321.69,2.18069882,41.3786621
2020S004270    ,Sarriŕ-Sant Gervasi,Sant Gervasi - Galvany,Calaf,Friday,2020-09-18,Laboral,2020,9,September,18,Afternoon,20:00:00,Unknown,Car,Female,48,Driver,Unknown,Unknown,Unknown,Uninjured,428507.17,4583404.31,2.14364653,41.397151761
2020S004270    ,Sarriŕ-Sant Gervasi,Sant Gervasi - Galvany,Calaf,Friday,2020-09-18,Laboral,2020,9,September,18,Afternoon,20:00:00,Unknown,Ciclomotor,Male,38,Driver,Unknown,Unknown,Unknown,Minor injury: Medical assistance at accident site,428507.17,4583404.31,2.14364653,41.397151761
2020S004271    ,Les Corts,la Maternitat i Sant Ramon,Diagonal,Friday,2020-09-18,Laboral,2020,9,September,18,Night,22:00:00,Unknown,Veh. mobilitat personal amb motor,Female,34,Driver,Unknown,Unknown,Unknown,Minor injury: Medical assistance at accident site,425960.02,4582013.56,2.11334992,41.384395273
2020S004271    ,Les Corts,la Maternitat i Sant Ramon,Diagonal,Friday,2020-09-18,Laboral,2020,9,September,18,Night,22:00:00,Unknown,Car,Male,34,Driver,Unknown,Unknown,Unknown,Uninjured,425960.02,4582013.56,2.11334992,41.384395273
2020S004273    ,Sant Andreu,el Congrés i els Indians,Doctor Modrego,Saturday,2020-09-19,Laboral,2020,9,September,19,Night,01:00:00,Unknown,Veh. mobilitat personal amb motor,Male,16,Driver,Unknown,Unknown,Leisure and entertainment,Minor injury: Hospitalization up to 24 hours,431582.6,4586504.13,2.18008179,41.425338558
2020S004273    ,Sant Andreu,el Congrés i els Indians,Doctor Modrego,Saturday,2020-09-19,Laboral,2020,9,September,19,Night,01:00:00,Unknown,Car,Male,21,Driver,Unknown,Unknown,Leisure and entertainment,Minor injury: Medical assistance at accident site,431582.6,4586504.13,2.18008179,41.425338558
2020S004273    ,Sant Andreu,el Congrés i els Indians,Doctor Modrego,Saturday,2020-09-19,Laboral,2020,9,September,19,Night,01:00:00,Unknown,Veh. mobilitat personal amb motor,Male,18,Passenger,Unknown,Unknown,Unknown,Uninjured,431582.6,4586504.13,2.18008179,41.425338558
2020S004274    ,Sants-Montjuďc,la Marina de Port,Mineria,Saturday,2020-09-19,Laboral,2020,9,September,19,Night,01:00:00,Unknown,Taxi,Male,57,Driver,Unknown,Unknown,In transit (commuting),Uninjured,427899.85,4579692.16,2.13682417,41.363663539
2020S004274    ,Sants-Montjuďc,la Marina de Port,Mineria,Saturday,2020-09-19,Laboral,2020,9,September,19,Night,01:00:00,Unknown,Bicicleta,Female,19,Driver,Unknown,Unknown,Leisure and entertainment,Minor injury: Refused medical assistance,427899.85,4579692.16,2.13682417,41.363663539
2020S004275    ,Eixample,la Dreta de l'Eixample,Valčncia,Saturday,2020-09-19,Laboral,2020,9,September,19,Night,01:00:00,Unknown,Car,Male,27,Driver,Unknown,Unknown,Unknown,Uninjured,430848.76,4583597.11,2.17163278,41.399093139
2020S004275    ,Eixample,la Dreta de l'Eixample,Valčncia,Saturday,2020-09-19,Laboral,2020,9,September,19,Night,01:00:00,Unknown,Car,Male,56,Driver,Unknown,Unknown,Other activities,Minor injury: Medical assistance at accident site,430848.76,4583597.11,2.17163278,41.399093139
2020S004275    ,Eixample,la Dreta de l'Eixample,Valčncia,Saturday,2020-09-19,Laboral,2020,9,September,19,Night,01:00:00,Unknown,Car,Female,50,Passenger,Unknown,Unknown,Unknown,Minor injury: Medical assistance at accident site,430848.76,4583597.11,2.17163278,41.399093139
2020S004276    ,Horta-Guinardó,Horta,Horta a Cerdanyola,Saturday,2020-09-19,Laboral,2020,9,September,19,Night,00:00:00,Unknown,Car,Male,21,Driver,Unknown,Unknown,Unknown,Minor injury: Hospitalization up to 24 hours,429470.41,4588469.73,2.15457699,41.442859145
2020S004276    ,Horta-Guinardó,Horta,Horta a Cerdanyola,Saturday,2020-09-19,Laboral,2020,9,September,19,Night,00:00:00,Unknown,Car,Male,20,Passenger,Unknown,Unknown,Unknown,Minor injury: Hospitalization up to 24 hours,429470.41,4588469.73,2.15457699,41.442859145
2020S004277    ,Sants-Montjuďc,la Marina de Port,Mare de Déu de Port,Saturday,2020-09-19,Laboral,2020,9,September,19,Night,02:00:00,Unknown,Veh. mobilitat personal sense motor,Male,32,Passenger,Unknown,Unknown,Unknown,Minor injury: Hospitalization up to 24 hours,428112.88,4579612.96,2.13938034,41.362969271
2020S004277    ,Sants-Montjuďc,la Marina de Port,Mare de Déu de Port,Saturday,2020-09-19,Laboral,2020,9,September,19,Night,02:00:00,Unknown,Veh. mobilitat personal sense motor,Female,23,Driver,Unknown,Unknown,Unknown,Minor injury: Refused medical assistance,428112.88,4579612.96,2.13938034,41.362969271
2020S004278    ,Eixample,el Fort Pienc,Corts Catalanes,Saturday,2020-09-19,Laboral,2020,9,September,19,Morning,07:00:00,Unknown,Car,Male,34,Driver,Unknown,Unknown,Leisure and entertainment,Uninjured,431970.14,4583869.67,2.18501567,41.401643721
2020S004278    ,Eixample,el Fort Pienc,Corts Catalanes,Saturday,2020-09-19,Laboral,2020,9,September,19,Morning,07:00:00,Unknown,Bicicleta,Male,23,Driver,Unknown,Unknown,Leisure and entertainment,Minor injury: Hospitalization up to 24 hours,431970.14,4583869.67,2.18501567,41.401643721
2020S004279    ,Sant Martí,el Clot,Corts Catalanes,Saturday,2020-09-19,Laboral,2020,9,September,19,Morning,07:00:00,Unknown,Motorcycle,Male,56,Driver,Unknown,Unknown,Unknown,Minor injury: Hospitalization up to 24 hours,432514.82,4584476.45,2.19146351,41.407154748
2020S004279    ,Sant Martí,el Clot,Corts Catalanes,Saturday,2020-09-19,Laboral,2020,9,September,19,Morning,07:00:00,Unknown,Car,Male,27,Driver,Unknown,Unknown,Unknown,Uninjured,432514.82,4584476.45,2.19146351,41.407154748
2020S004280    ,Eixample,la Dreta de l'Eixample,Corts Catalanes,Saturday,2020-09-19,Laboral,2020,9,September,19,Morning,10:00:00,Unknown,Car,Female,24,Driver,Unknown,Unknown,Leisure and entertainment,Uninjured,430307.64,4582245.3,2.16531577,41.386871075
2020S004280    ,Eixample,la Dreta de l'Eixample,Corts Catalanes,Saturday,2020-09-19,Laboral,2020,9,September,19,Morning,10:00:00,Unknown,Motorcycle,Female,25,Driver,Unknown,Unknown,Leisure and entertainment,Minor injury: Medical assistance at accident site,430307.64,4582245.3,2.16531577,41.386871075
2020S004281    ,Eixample,la Dreta de l'Eixample,Consell de Cent,Saturday,2020-09-19,Laboral,2020,9,September,19,Morning,13:00:00,Unknown,Motorcycle,Male,38,Driver,Unknown,Unknown,Unknown,Minor injury: Hospitalization up to 24 hours,430113.64,4582513.89,2.16296465,41.389273339
2020S004281    ,Eixample,la Dreta de l'Eixample,Consell de Cent,Saturday,2020-09-19,Laboral,2020,9,September,19,Morning,13:00:00,Unknown,Car,Female,43,Driver,Unknown,Unknown,Taxi,Uninjured,430113.64,4582513.89,2.16296465,41.389273339
2020S004282    ,Eixample,la Dreta de l'Eixample,Grŕcia,Friday,2020-09-18,Laboral,2020,9,September,18,Afternoon,16:00:00,Unknown,Motorcycle,Male,26,Driver,Unknown,Unknown,Other activities,Minor injury: Refused medical assistance,430093.14,4582988.91,2.16266462,41.393549908
2020S004282    ,Eixample,la Dreta de l'Eixample,Grŕcia,Friday,2020-09-18,Laboral,2020,9,September,18,Afternoon,16:00:00,Unknown,Car,Male,50,Driver,Unknown,Unknown,Taxi,Uninjured,430093.14,4582988.91,2.16266462,41.393549908
2020S004283    ,Ciutat Vella,el Barri Gňtic,Laietana,Saturday,2020-09-19,Laboral,2020,9,September,19,Afternoon,14:00:00,Unknown,Car,Male,50,Driver,Unknown,Unknown,Unknown,Uninjured,431025.12,4582306.12,2.17388945,41.387480738
2020S004283    ,Ciutat Vella,el Barri Gňtic,Laietana,Saturday,2020-09-19,Laboral,2020,9,September,19,Afternoon,14:00:00,Unknown,Motorcycle,Male,24,Driver,Unknown,Unknown,Unknown,Minor injury: Medical assistance at accident site,431025.12,4582306.12,2.17388945,41.387480738
2020S004284    ,Eixample,la Dreta de l'Eixample,Valčncia,Saturday,2020-09-19,Laboral,2020,9,September,19,Afternoon,15:00:00,Unknown,Motorcycle,Male,47,Driver,Unknown,Unknown,Leisure and entertainment,Uninjured,430932.58,4583647.89,2.17262961,41.399557707
2020S004284    ,Eixample,la Dreta de l'Eixample,Valčncia,Saturday,2020-09-19,Laboral,2020,9,September,19,Afternoon,15:00:00,Unknown,Ciclomotor,Male,21,Passenger,Unknown,Unknown,Unknown,Minor injury: Medical assistance at accident site,430932.58,4583647.89,2.17262961,41.399557707
2020S004284    ,Eixample,la Dreta de l'Eixample,Valčncia,Saturday,2020-09-19,Laboral,2020,9,September,19,Afternoon,15:00:00,Unknown,Ciclomotor,Male,22,Driver,Unknown,Unknown,Leisure and entertainment,Minor injury: Medical assistance at accident site,430932.58,4583647.89,2.17262961,41.399557707
2020S004285    ,Sant Martí,la Verneda i la Pau,Santander,Saturday,2020-09-19,Laboral,2020,9,September,19,Afternoon,17:00:00,Unknown,Motorcycle,Male,38,Driver,Unknown,Unknown,Unknown,Death (within 24 hours of accident),433475.99,4586760.69,2.20271078,41.427808435
2020S004285    ,Sant Martí,la Verneda i la Pau,Santander,Saturday,2020-09-19,Laboral,2020,9,September,19,Afternoon,17:00:00,Unknown,Car,Male,38,Driver,Unknown,Unknown,Other activities,Uninjured,433475.99,4586760.69,2.20271078,41.427808435
2020S004286    ,Sants-Montjuďc,la Marina de Port,Prat,Saturday,2020-09-19,Laboral,2020,9,September,19,Afternoon,19:00:00,Unknown,Motorcycle,Male,32,Driver,Unknown,Unknown,Unknown,Uninjured,427686.8,4579351.82,2.13431776,41.360579095
2020S004286    ,Sants-Montjuďc,la Marina de Port,Prat,Saturday,2020-09-19,Laboral,2020,9,September,19,Afternoon,19:00:00,Unknown,Furgoneta,Male,51,Driver,Unknown,Unknown,Unknown,Uninjured,427686.8,4579351.82,2.13431776,41.360579095
2020S004286    ,Sants-Montjuďc,la Marina de Port,Prat,Saturday,2020-09-19,Laboral,2020,9,September,19,Afternoon,19:00:00,Unknown,Motorcycle,Female,28,Passenger,Unknown,Unknown,Unknown,Minor injury: Refused medical assistance,427686.8,4579351.82,2.13431776,41.360579095
2020S004287    ,Nou Barris,la Prosperitat,Meridiana,Saturday,2020-09-19,Laboral,2020,9,September,19,Afternoon,16:00:00,Unknown,Car,Female,37,Passenger,Unknown,Unknown,Unknown,Minor injury: Medical assistance at accident site,432110.09,4588605.39,2.18615779,41.444308672
2020S004287    ,Nou Barris,la Prosperitat,Meridiana,Saturday,2020-09-19,Laboral,2020,9,September,19,Afternoon,16:00:00,Unknown,Car,Female,24,Driver,Unknown,Unknown,Unknown,Uninjured,432110.09,4588605.39,2.18615779,41.444308672
2020S004287    ,Nou Barris,la Prosperitat,Meridiana,Saturday,2020-09-19,Laboral,2020,9,September,19,Afternoon,16:00:00,Unknown,Car,Female,50,Passenger,Unknown,Unknown,Unknown,Minor injury: Medical assistance at accident site,432110.09,4588605.39,2.18615779,41.444308672
2020S004287    ,Nou Barris,la Prosperitat,Meridiana,Saturday,2020-09-19,Laboral,2020,9,September,19,Afternoon,16:00:00,Unknown,Car,Male,54,Driver,Unknown,Unknown,Unknown,Uninjured,432110.09,4588605.39,2.18615779,41.444308672
2020S004288    ,Eixample,la Nova Esquerra de l'Eixample,Roma,Saturday,2020-09-19,Laboral,2020,9,September,19,Afternoon,19:00:00,Unknown,Bicicleta,Male,18,Driver,Unknown,Unknown,Leisure and entertainment,Minor injury: Hospitalization up to 24 hours,428616.03,4581673.99,2.14515264,41.381577072
2020S004288    ,Eixample,la Nova Esquerra de l'Eixample,Roma,Saturday,2020-09-19,Laboral,2020,9,September,19,Afternoon,19:00:00,Unknown,Car,Male,42,Driver,Unknown,Unknown,Leisure and entertainment,Uninjured,428616.03,4581673.99,2.14515264,41.381577072
2020S004289    ,Ciutat Vella,el Barri Gňtic,Litoral (Llobregat),Saturday,2020-09-19,Laboral,2020,9,September,19,Afternoon,20:00:00,Unknown,Motorcycle,Male,26,Driver,Unknown,Unknown,Unknown,Minor injury: Hospitalization up to 24 hours,431410.4,4581077.37,2.17863636,41.376446686
2020S004289    ,Ciutat Vella,el Barri Gňtic,Litoral (Llobregat),Saturday,2020-09-19,Laboral,2020,9,September,19,Afternoon,20:00:00,Unknown,Car,Male,26,Driver,Unknown,Unknown,Leisure and entertainment,Uninjured,431410.4,4581077.37,2.17863636,41.376446686
2020S004290    ,Les Corts,Pedralbes,Diagonal,Saturday,2020-09-19,Laboral,2020,9,September,19,Afternoon,17:00:00,Unknown,Motorcycle,Male,39,Driver,Unknown,Unknown,Unknown,Minor injury: Hospitalization up to 24 hours,426812.69,4582391.29,2.12350113,41.387875396