Case_Number,District_Name,Neighborhood_Name,Street_Name,Day_of_Week,Date,Day_Type_Description,Year,Month_of_Year,Month_Name,Day_of_Month,Shift_Description,Hour_of_Day,Pedestrian_Cause_Description,Involved_Vehicle_Type_Description,Gender_Description,Age,Person_Type_Description,Pedestrian_Accident_Location_Description,Pedestrian_Movement_Reason_Description,Driver_Movement_Reason_Description,Victimization_Description,Coordenada_UTM_X,Coordenada_UTM_Y,Longitud,Latitud
2020S004290    ,Les Corts,Pedralbes,Diagonal,Saturday,2020-09-19,Laboral,2020,9,September,19,Afternoon,17:00:00,Unknown,Car,Male,43,Driver,Unknown,Unknown,Unknown,Uninjured,426812.69,4582391.29,2.12350113,41.387875396
2020S004291    ,Eixample,la Dreta de l'Eixample,Roger de Llúria,Saturday,2020-09-19,Laboral,2020,9,September,19,Afternoon,17:00:00,Unknown,Car,Male,48,Driver,Unknown,Unknown,Leisure and entertainment,Uninjured,430564.57,4582968.19,2.16830557,41.393404152
2020S004291    ,Eixample,la Dreta de l'Eixample,Roger de Llúria,Saturday,2020-09-19,Laboral,2020,9,September,19,Afternoon,17:00:00,Unknown,Car,Male,34,Driver,Unknown,Unknown,"Firefighters, police, ambulance",Uninjured,430564.57,4582968.19,2.16830557,41.393404152
2020S004291    ,Eixample,la Dreta de l'Eixample,Roger de Llúria,Saturday,2020-09-19,Laboral,2020,9,September,19,Afternoon,17:00:00,Unknown,Car,Female,0,Passenger,Unknown,Unknown,Unknown,Minor injury: Hospitalization up to 24 hours,430564.57,4582968.19,2.16830557,41.393404152
2020S004291    ,Eixample,la Dreta de l'Eixample,Roger de Llúria,Saturday,2020-09-19,Laboral,2020,9,September,19,Afternoon,17:00:00,Unknown,Car,Female,45,Passenger,Unknown,Unknown,Unknown,Uninjured,430564.57,4582968.19,2.16830557,41.393404152
2020S004292    ,Horta-Guinardó,el Carmel,Hortal,Saturday,2020-09-19,Laboral,2020,9,September,19,Afternoon,20:00:00,Unknown,Car,Male,33,Driver,Unknown,Unknown,Leisure and entertainment,Uninjured,429193.57,4586053.94,2.15154648,41.421076743
2020S004292    ,Horta-Guinardó,el Carmel,Hortal,Saturday,2020-09-19,Laboral,2020,9,September,19,Afternoon,20:00:00,Unknown,Veh. mobilitat personal amb motor,Male,18,Driver,Unknown,Unknown,Leisure and entertainment,Minor injury: Hospitalization up to 24 hours,429193.57,4586053.94,2.15154648,41.421076743
2020S004292    ,Horta-Guinardó,el Carmel,Hortal,Saturday,2020-09-19,Laboral,2020,9,September,19,Afternoon,20:00:00,Unknown,Veh. mobilitat personal amb motor,Female,17,Passenger,Unknown,Unknown,Unknown,Minor injury: Hospitalization up to 24 hours,429193.57,4586053.94,2.15154648,41.421076743
2020S004293    ,Sants-Montjuďc,Sants - Badal,Blanca,Saturday,2020-09-19,Laboral,2020,9,September,19,Afternoon,21:00:00,Unknown,Car,Female,28,Pedestrian,In crossing regulated by traffic lights,Unknown,Unknown,Minor injury: Hospitalization up to 24 hours,426908.37,4580778.34,2.12484005,41.3733569
2020S004293    ,Sants-Montjuďc,Sants - Badal,Blanca,Saturday,2020-09-19,Laboral,2020,9,September,19,Afternoon,21:00:00,Unknown,Car,Male,24,Driver,In crossing regulated by traffic lights,Unknown,Unknown,Uninjured,426908.37,4580778.34,2.12484005,41.3733569
2020S004294    ,Sant Andreu,el Congrés i els Indians,Felip II,Saturday,2020-09-19,Laboral,2020,9,September,19,Afternoon,21:00:00,Unknown,Car,Male,39,Driver,Unknown,Unknown,Unknown,Uninjured,431399.54,4586746.59,2.17786368,41.427506691
2020S004294    ,Sant Andreu,el Congrés i els Indians,Felip II,Saturday,2020-09-19,Laboral,2020,9,September,19,Afternoon,21:00:00,Unknown,Motorcycle,Female,36,Driver,Unknown,Unknown,Unknown,Minor injury: Hospitalization up to 24 hours,431399.54,4586746.59,2.17786368,41.427506691
2020S004295    ,Sants-Montjuďc,el Poble-sec,Paralˇlel,Saturday,2020-09-19,Laboral,2020,9,September,19,Night,23:00:00,Unknown,Furgoneta,Male,45,Driver,Unknown,Unknown,Leisure and entertainment,Uninjured,431082.07,4580862.2,2.17473485,41.37448064
2020S004295    ,Sants-Montjuďc,el Poble-sec,Paralˇlel,Saturday,2020-09-19,Laboral,2020,9,September,19,Night,23:00:00,Unknown,Car,Female,28,Driver,Unknown,Unknown,Leisure and entertainment,Uninjured,431082.07,4580862.2,2.17473485,41.37448064
2020S004296    ,Sant Martí,Provençals del Poblenou,Espronceda,Sunday,2020-09-20,Laboral,2020,9,September,20,Night,00:00:00,Unknown,Car,Female,25,Passenger,Unknown,Unknown,Unknown,Minor injury: Medical assistance at accident site,433254.9,4584613.24,2.20030211,41.408448607
2020S004296    ,Sant Martí,Provençals del Poblenou,Espronceda,Sunday,2020-09-20,Laboral,2020,9,September,20,Night,00:00:00,Unknown,Car,Male,29,Driver,Unknown,Unknown,Leisure and entertainment,Uninjured,433254.9,4584613.24,2.20030211,41.408448607
2020S004296    ,Sant Martí,Provençals del Poblenou,Espronceda,Sunday,2020-09-20,Laboral,2020,9,September,20,Night,00:00:00,Unknown,Car,Female,73,Passenger,Unknown,Unknown,Unknown,Minor injury: Medical assistance at accident site,433254.9,4584613.24,2.20030211,41.408448607
2020S004296    ,Sant Martí,Provençals del Poblenou,Espronceda,Sunday,2020-09-20,Laboral,2020,9,September,20,Night,00:00:00,Unknown,Car,Male,74,Driver,Unknown,Unknown,Leisure and entertainment,Uninjured,433254.9,4584613.24,2.20030211,41.408448607
2020S004296    ,Sant Martí,Provençals del Poblenou,Espronceda,Sunday,2020-09-20,Laboral,2020,9,September,20,Night,00:00:00,Unknown,Car,Male,32,Passenger,Unknown,Unknown,Unknown,Uninjured,433254.9,4584613.24,2.20030211,41.408448607
2020S004297    ,Eixample,l'Antiga Esquerra de l'Eixample,Corts Catalanes,Sunday,2020-09-20,Laboral,2020,9,September,20,Night,01:00:00,Unknown,Motorcycle,Female,19,Passenger,Unknown,Unknown,Unknown,Minor injury: Hospitalization up to 24 hours,430080.36,4582095.48,2.16261495,41.38550196
2020S004297    ,Eixample,l'Antiga Esquerra de l'Eixample,Corts Catalanes,Sunday,2020-09-20,Laboral,2020,9,September,20,Night,01:00:00,Unknown,Motorcycle,Male,21,Driver,Unknown,Unknown,Leisure and entertainment,Uninjured,430080.36,4582095.48,2.16261495,41.38550196
2020S004297    ,Eixample,l'Antiga Esquerra de l'Eixample,Corts Catalanes,Sunday,2020-09-20,Laboral,2020,9,September,20,Night,01:00:00,Unknown,Car,Female,37,Driver,Unknown,Unknown,Leisure and entertainment,Uninjured,430080.36,4582095.48,2.16261495,41.38550196
2020S004298    ,Sant Martí,el Parc i la Llacuna del Poblenou,Tŕnger,Sunday,2020-09-20,Laboral,2020,9,September,20,Morning,08:00:00,Unknown,Car,Female,29,Driver,Unknown,Unknown,Unknown,Uninjured,432625.18,4583978.02,2.19283928,41.402674791
2020S004298    ,Sant Martí,el Parc i la Llacuna del Poblenou,Tŕnger,Sunday,2020-09-20,Laboral,2020,9,September,20,Morning,08:00:00,Unknown,Motorcycle,Male,48,Driver,Unknown,Unknown,Unknown,Minor injury: Hospitalization up to 24 hours,432625.18,4583978.02,2.19283928,41.402674791
2020S004300    ,Eixample,la Dreta de l'Eixample,Aragó,Sunday,2020-09-20,Laboral,2020,9,September,20,Morning,10:00:00,Unknown,Car,Female,21,Driver,Unknown,Unknown,Leisure and entertainment,Uninjured,430053.14,4582592.29,2.16223203,41.389974201
2020S004300    ,Eixample,la Dreta de l'Eixample,Aragó,Sunday,2020-09-20,Laboral,2020,9,September,20,Morning,10:00:00,Unknown,Motorcycle,Male,33,Driver,Unknown,Unknown,Leisure and entertainment,Minor injury: Medical assistance at accident site,430053.14,4582592.29,2.16223203,41.389974201
2020S004301    ,Horta-Guinardó,Sant Genís dels Agudells,Sant Cugat,Saturday,2020-09-19,Laboral,2020,9,September,19,Night,04:00:00,Unknown,Car,Male,20,Driver,Unknown,Unknown,Unknown,Minor injury: Medical assistance at accident site,427594.87,4587273.26,2.13227108,41.431916053
2020S004301    ,Horta-Guinardó,Sant Genís dels Agudells,Sant Cugat,Saturday,2020-09-19,Laboral,2020,9,September,19,Night,04:00:00,Unknown,Car,Male,20,Passenger,Unknown,Unknown,Unknown,Minor injury: Medical assistance at accident site,427594.87,4587273.26,2.13227108,41.431916053
2020S004302    ,Ciutat Vella,la Barceloneta,Pepe Rubianes,Sunday,2020-09-20,Laboral,2020,9,September,20,Morning,11:00:00,Others,Autobús articulat,Female,50,Pedestrian,Unknown,Unknown,Unknown,Uninjured,432504.11,4581340.31,2.19168511,41.378907457
2020S004302    ,Ciutat Vella,la Barceloneta,Pepe Rubianes,Sunday,2020-09-20,Laboral,2020,9,September,20,Morning,11:00:00,Others,Autobús articulat,Female,56,Driver,Unknown,Unknown,Urban bus,Uninjured,432504.11,4581340.31,2.19168511,41.378907457
2020S004302    ,Ciutat Vella,la Barceloneta,Pepe Rubianes,Sunday,2020-09-20,Laboral,2020,9,September,20,Morning,11:00:00,Others,Autobús articulat,Male,81,Passenger,Unknown,Unknown,Unknown,Minor injury: Hospitalization up to 24 hours,432504.11,4581340.31,2.19168511,41.378907457
2020S004303    ,Ciutat Vella,el Barri Gňtic,Ferran,Sunday,2020-09-20,Laboral,2020,9,September,20,Morning,13:00:00,Unknown,Veh. mobilitat personal amb motor,Female,59,Pedestrian,Others,Unknown,Unknown,Minor injury: Medical assistance at accident site,431171.99,4581655.36,2.1757199,41.381632115
2020S004303    ,Ciutat Vella,el Barri Gňtic,Ferran,Sunday,2020-09-20,Laboral,2020,9,September,20,Morning,13:00:00,Unknown,Veh. mobilitat personal amb motor,Male,18,Driver,Others,Unknown,Unknown,Minor injury: Refused medical assistance,431171.99,4581655.36,2.1757199,41.381632115
2020S004304    ,Sant Martí,la Vila Olímpica del Poblenou,Ramon Turró,Sunday,2020-09-20,Laboral,2020,9,September,20,Afternoon,16:00:00,Unknown,Car,Male,34,Driver,Unknown,Unknown,Unknown,Uninjured,432871.33,4583066.19,2.19588496,41.394482778
2020S004305    ,Grŕcia,la Vila de Grŕcia,Riera de Sant Miquel,Saturday,2020-09-19,Laboral,2020,9,September,19,Afternoon,21:00:00,Unknown,Veh. mobilitat personal amb motor,Female,44,Driver,Unknown,Unknown,Leisure and entertainment,Minor injury: Hospitalization up to 24 hours,429553.95,4583509.05,2.15615507,41.398187553
2020S004306    ,Nou Barris,la Trinitat Nova,Meridiana,Sunday,2020-09-20,Laboral,2020,9,September,20,Afternoon,20:00:00,Unknown,Car,Male,29,Driver,Unknown,Unknown,Unknown,Uninjured,432279.56,4589210.67,2.18811843,41.449774537
2020S004306    ,Nou Barris,la Trinitat Nova,Meridiana,Sunday,2020-09-20,Laboral,2020,9,September,20,Afternoon,20:00:00,Unknown,Motorcycle,Male,47,Driver,Unknown,Unknown,Unknown,Minor injury: Hospitalization up to 24 hours,432279.56,4589210.67,2.18811843,41.449774537
2020S004307    ,Horta-Guinardó,Sant Genís dels Agudells,Sant Cugat,Sunday,2020-09-20,Laboral,2020,9,September,20,Afternoon,20:00:00,Unknown,Car,Male,19,Driver,Unknown,Unknown,Leisure and entertainment,Minor injury: Hospitalization up to 24 hours,427265.44,4586458.03,2.12842676,41.424543872
2020S004307    ,Horta-Guinardó,Sant Genís dels Agudells,Sant Cugat,Sunday,2020-09-20,Laboral,2020,9,September,20,Afternoon,20:00:00,Unknown,Car,Female,40,Driver,Unknown,Unknown,In transit (commuting),Minor injury: Hospitalization up to 24 hours,427265.44,4586458.03,2.12842676,41.424543872
2020S004307    ,Horta-Guinardó,Sant Genís dels Agudells,Sant Cugat,Sunday,2020-09-20,Laboral,2020,9,September,20,Afternoon,20:00:00,Unknown,Car,Female,18,Passenger,Unknown,Unknown,Unknown,Minor injury: Hospitalization up to 24 hours,427265.44,4586458.03,2.12842676,41.424543872
2020S004307    ,Horta-Guinardó,Sant Genís dels Agudells,Sant Cugat,Sunday,2020-09-20,Laboral,2020,9,September,20,Afternoon,20:00:00,Unknown,Car,Male,18,Passenger,Unknown,Unknown,Unknown,Minor injury: Hospitalization up to 24 hours,427265.44,4586458.03,2.12842676,41.424543872
2020S004308    ,Sants-Montjuďc,la Marina de Port,Prat,Sunday,2020-09-20,Laboral,2020,9,September,20,Afternoon,21:00:00,Unknown,Car,Male,70,Driver,Unknown,Unknown,Unknown,Unknown,427662.64,4579328.35,2.13403174,41.360365537
2020S004309    ,Sarriŕ-Sant Gervasi,"Vallvidrera, el Tibidabo i les Planes",Aigües,Sunday,2020-09-20,Laboral,2020,9,September,20,Afternoon,20:00:00,Unknown,Bicicleta,Male,18,Driver,Unknown,Unknown,Leisure and entertainment,Uninjured,426585.74,4585525.85,2.1204066,41.416086305
2020S004309    ,Sarriŕ-Sant Gervasi,"Vallvidrera, el Tibidabo i les Planes",Aigües,Sunday,2020-09-20,Laboral,2020,9,September,20,Afternoon,20:00:00,Unknown,Bicicleta,Male,51,Driver,Unknown,Unknown,Leisure and entertainment,Minor injury: Hospitalization up to 24 hours,426585.74,4585525.85,2.1204066,41.416086305
2020S004310    ,Eixample,la Nova Esquerra de l'Eixample,Aragó,Saturday,2020-09-19,Laboral,2020,9,September,19,Night,22:00:00,Unknown,Ciclomotor,Male,23,Driver,Unknown,Unknown,In transit (commuting),Minor injury: Hospitalization up to 24 hours,429196.24,4581790.59,2.15207735,41.382678546
2020S004311    ,Nou Barris,Vilapicina i la Torre Llobeta,Pitŕgores,Sunday,2020-09-20,Laboral,2020,9,September,20,Afternoon,21:00:00,Unknown,Motorcycle,Female,23,Passenger,Unknown,Unknown,Unknown,Minor injury: Hospitalization up to 24 hours,430407.27,4586879.03,2.16597412,41.428614127
2020S004311    ,Nou Barris,Vilapicina i la Torre Llobeta,Pitŕgores,Sunday,2020-09-20,Laboral,2020,9,September,20,Afternoon,21:00:00,Unknown,Motorcycle,Male,25,Driver,Unknown,Unknown,Leisure and entertainment,Minor injury: Hospitalization up to 24 hours,430407.27,4586879.03,2.16597412,41.428614127
2020S004312    ,Ciutat Vella,el Raval,Nou de la Rambla,Sunday,2020-09-20,Laboral,2020,9,September,20,Night,23:00:00,Unknown,Car,Female,34,Passenger,Unknown,Unknown,Unknown,Minor injury: Refused medical assistance,430695.81,4580942.22,2.17010714,41.375168168
2020S004312    ,Ciutat Vella,el Raval,Nou de la Rambla,Sunday,2020-09-20,Laboral,2020,9,September,20,Night,23:00:00,Unknown,Car,Male,36,Driver,Unknown,Unknown,Unknown,Uninjured,430695.81,4580942.22,2.17010714,41.375168168
2020S004312    ,Ciutat Vella,el Raval,Nou de la Rambla,Sunday,2020-09-20,Laboral,2020,9,September,20,Night,23:00:00,Unknown,Car,Male,48,Driver,Unknown,Unknown,Unknown,Uninjured,430695.81,4580942.22,2.17010714,41.375168168
2020S004313    ,Sants-Montjuďc,la Bordeta,Ildefons Cerdŕ,Monday,2020-09-21,Laboral,2020,9,September,21,Night,00:00:00,Unknown,Taxi,Male,37,Driver,Unknown,Unknown,Taxi,Uninjured,427810.45,4579885.77,2.13573234,41.365399302
2020S004313    ,Sants-Montjuďc,la Bordeta,Ildefons Cerdŕ,Monday,2020-09-21,Laboral,2020,9,September,21,Night,00:00:00,Unknown,Motorcycle,Male,40,Driver,Unknown,Unknown,Leisure and entertainment,Minor injury: Hospitalization up to 24 hours,427810.45,4579885.77,2.13573234,41.365399302
2020S004314    ,Grŕcia,Vallcarca i els Penitents,Dalt (Besňs),Monday,2020-09-21,Laboral,2020,9,September,21,Morning,07:00:00,Unknown,Motorcycle,Male,28,Driver,Unknown,Unknown,In transit (commuting),Minor injury: Medical assistance at accident site,428198.7,4585893.0,2.13966143,41.419538886
2020S004314    ,Grŕcia,Vallcarca i els Penitents,Dalt (Besňs),Monday,2020-09-21,Laboral,2020,9,September,21,Morning,07:00:00,Unknown,Car,Male,46,Driver,Unknown,Unknown,In transit (commuting),Uninjured,428198.7,4585893.0,2.13966143,41.419538886
2020S004314    ,Grŕcia,Vallcarca i els Penitents,Dalt (Besňs),Monday,2020-09-21,Laboral,2020,9,September,21,Morning,07:00:00,Unknown,Car,Male,43,Driver,Unknown,Unknown,In transit (commuting),Uninjured,428198.7,4585893.0,2.13966143,41.419538886
2020S004314    ,Grŕcia,Vallcarca i els Penitents,Dalt (Besňs),Monday,2020-09-21,Laboral,2020,9,September,21,Morning,07:00:00,Unknown,Car,Male,21,Driver,Unknown,Unknown,In transit (commuting),Uninjured,428198.7,4585893.0,2.13966143,41.419538886
2020S004315    ,Ciutat Vella,el Barri Gňtic,Josep Anselm Clavé,Monday,2020-09-21,Laboral,2020,9,September,21,Morning,09:00:00,Unknown,Car,Male,66,Driver,Unknown,Unknown,Unknown,Uninjured,431318.34,4581116.15,2.17753116,41.376788111
2020S004315    ,Ciutat Vella,el Barri Gňtic,Josep Anselm Clavé,Monday,2020-09-21,Laboral,2020,9,September,21,Morning,09:00:00,Unknown,Bicicleta,Female,26,Driver,Unknown,Unknown,Unknown,Minor injury: Hospitalization up to 24 hours,431318.34,4581116.15,2.17753116,41.376788111
2020S004316    ,Sants-Montjuďc,la Bordeta,Ildefons Cerdŕ,Monday,2020-09-21,Laboral,2020,9,September,21,Morning,09:00:00,Unknown,Car,Female,44,Driver,Unknown,Unknown,In transit (commuting),Uninjured,427709.76,4579817.18,2.13453674,41.364772495
2020S004316    ,Sants-Montjuďc,la Bordeta,Ildefons Cerdŕ,Monday,2020-09-21,Laboral,2020,9,September,21,Morning,09:00:00,Unknown,Ciclomotor,Female,25,Driver,Unknown,Unknown,In transit (commuting),Minor injury: Medical assistance at accident site,427709.76,4579817.18,2.13453674,41.364772495
2020S004317    ,Sant Martí,la Verneda i la Pau,Prim,Monday,2020-09-21,Laboral,2020,9,September,21,Morning,10:00:00,Unknown,Bicicleta,Female,54,Driver,Unknown,Unknown,Unknown,Minor injury: Hospitalization up to 24 hours,433697.06,4586136.21,2.20542484,41.422202208
2020S004317    ,Sant Martí,la Verneda i la Pau,Prim,Monday,2020-09-21,Laboral,2020,9,September,21,Morning,10:00:00,Unknown,Car,Male,23,Driver,Unknown,Unknown,Unknown,Uninjured,433697.06,4586136.21,2.20542484,41.422202208
2020S004318    ,Grŕcia,el Coll,Móra d'Ebre,Monday,2020-09-21,Laboral,2020,9,September,21,Morning,12:00:00,Unknown,Autobús,Male,44,Driver,Unknown,Unknown,Urban bus,Uninjured,428956.58,4585694.31,2.14875303,41.417816768
2020S004318    ,Grŕcia,el Coll,Móra d'Ebre,Monday,2020-09-21,Laboral,2020,9,September,21,Morning,12:00:00,Unknown,Car,Male,42,Driver,Unknown,Unknown,Unknown,Uninjured,428956.58,4585694.31,2.14875303,41.417816768
2020S004318    ,Grŕcia,el Coll,Móra d'Ebre,Monday,2020-09-21,Laboral,2020,9,September,21,Morning,12:00:00,Unknown,Autobús,Female,46,Passenger,Unknown,Unknown,Unknown,Minor injury: Hospitalization up to 24 hours,428956.58,4585694.31,2.14875303,41.417816768
2020S004319    ,Eixample,la Dreta de l'Eixample,Corts Catalanes,Monday,2020-09-21,Laboral,2020,9,September,21,Morning,13:00:00,Unknown,Furgoneta,Female,61,Driver,Unknown,Unknown,Unknown,Uninjured,430355.37,4582292.06,2.16588121,41.387296364
2020S004319    ,Eixample,la Dreta de l'Eixample,Corts Catalanes,Monday,2020-09-21,Laboral,2020,9,September,21,Morning,13:00:00,Unknown,Veh. mobilitat personal amb motor,Female,25,Driver,Unknown,Unknown,Unknown,Minor injury: Hospitalization up to 24 hours,430355.37,4582292.06,2.16588121,41.387296364
2020S004320    ,Eixample,la Sagrada Família,Sardenya,Monday,2020-09-21,Laboral,2020,9,September,21,Afternoon,14:00:00,Unknown,Motorcycle,Male,43,Driver,Unknown,Unknown,Unknown,Minor injury: Refused medical assistance,431231.9,4583815.84,2.17619089,41.40109605
2020S004320    ,Eixample,la Sagrada Família,Sardenya,Monday,2020-09-21,Laboral,2020,9,September,21,Afternoon,14:00:00,Unknown,Car,Male,60,Driver,Unknown,Unknown,Unknown,Uninjured,431231.9,4583815.84,2.17619089,41.40109605
2020S004321    ,Les Corts,Pedralbes,Diagonal,Monday,2020-09-21,Laboral,2020,9,September,21,Afternoon,14:00:00,Unknown,Motorcycle,Male,60,Driver,Unknown,Unknown,On a mission,Minor injury: Hospitalization up to 24 hours,425818.02,4582082.48,2.11164334,41.385002917
2020S004321    ,Les Corts,Pedralbes,Diagonal,Monday,2020-09-21,Laboral,2020,9,September,21,Afternoon,14:00:00,Unknown,Car,Male,58,Driver,Unknown,Unknown,On a mission,Uninjured,425818.02,4582082.48,2.11164334,41.385002917
2020S004322    ,Sant Martí,Sant Martí de Provençals,Bac de Roda,Monday,2020-09-21,Laboral,2020,9,September,21,Afternoon,14:00:00,Unknown,Motorcycle,Female,25,Driver,Unknown,Unknown,Unknown,Uninjured,432827.17,4585283.01,2.19511061,41.414445384
2020S004322    ,Sant Martí,Sant Martí de Provençals,Bac de Roda,Monday,2020-09-21,Laboral,2020,9,September,21,Afternoon,14:00:00,Unknown,Motorcycle,Male,24,Driver,Unknown,Unknown,Unknown,Uninjured,432827.17,4585283.01,2.19511061,41.414445384
2020S004322    ,Sant Martí,Sant Martí de Provençals,Bac de Roda,Monday,2020-09-21,Laboral,2020,9,September,21,Afternoon,14:00:00,Unknown,Motorcycle,Female,54,Driver,Unknown,Unknown,Unknown,Minor injury: Hospitalization up to 24 hours,432827.17,4585283.01,2.19511061,41.414445384
2020S004323    ,Eixample,la Sagrada Família,Indústria,Monday,2020-09-21,Laboral,2020,9,September,21,Afternoon,14:00:00,Unknown,Furgoneta,Male,58,Driver,In crossing regulated by traffic lights,Unknown,Unknown,Uninjured,431190.56,4584867.29,2.17557678,41.410562588
2020S004323    ,Eixample,la Sagrada Família,Indústria,Monday,2020-09-21,Laboral,2020,9,September,21,Afternoon,14:00:00,Unknown,Furgoneta,Male,32,Pedestrian,In crossing regulated by traffic lights,Unknown,Unknown,Minor injury: Refused medical assistance,431190.56,4584867.29,2.17557678,41.410562588
2020S004324    ,Sarriŕ-Sant Gervasi,Sarriŕ,Manuel Girona,Monday,2020-09-21,Laboral,2020,9,September,21,Afternoon,15:00:00,Unknown,Car,Female,77,Driver,Unknown,Unknown,Unknown,Minor injury: Hospitalization up to 24 hours,426825.35,4582746.04,2.12360966,41.391071635
2020S004325    ,Sarriŕ-Sant Gervasi,Sant Gervasi - Galvany,Augusta,Monday,2020-09-21,Laboral,2020,9,September,21,Afternoon,17:00:00,Unknown,Motorcycle,Male,33,Driver,Unknown,Unknown,Unknown,Minor injury: Hospitalization up to 24 hours,428480.07,4583621.63,2.1432967,41.399106668
2020S004325    ,Sarriŕ-Sant Gervasi,Sant Gervasi - Galvany,Augusta,Monday,2020-09-21,Laboral,2020,9,September,21,Afternoon,17:00:00,Unknown,Car,Male,76,Driver,Unknown,Unknown,Other activities,Uninjured,428480.07,4583621.63,2.1432967,41.399106668
2020S004326    ,Eixample,la Nova Esquerra de l'Eixample,Aragó,Monday,2020-09-21,Laboral,2020,9,September,21,Afternoon,17:00:00,Unknown,Motorcycle,Male,29,Driver,Unknown,Unknown,In transit (commuting),Minor injury: Refused medical assistance,429175.89,4581770.69,2.15183632,41.382497521
2020S004326    ,Eixample,la Nova Esquerra de l'Eixample,Aragó,Monday,2020-09-21,Laboral,2020,9,September,21,Afternoon,17:00:00,Unknown,Motorcycle,Female,30,Driver,Unknown,Unknown,Other activities,Minor injury: Hospitalization up to 24 hours,429175.89,4581770.69,2.15183632,41.382497521
2020S004327    ,Nou Barris,la Guineueta,Valldaura,Monday,2020-09-21,Laboral,2020,9,September,21,Afternoon,17:00:00,Unknown,Motorcycle,Female,34,Passenger,Unknown,Unknown,Unknown,Minor injury: Medical assistance at accident site,430982.61,4588001.86,2.17273093,41.438776713
2020S004327    ,Nou Barris,la Guineueta,Valldaura,Monday,2020-09-21,Laboral,2020,9,September,21,Afternoon,17:00:00,Unknown,Car,Male,55,Driver,Unknown,Unknown,On a mission,Uninjured,430982.61,4588001.86,2.17273093,41.438776713
2020S004327    ,Nou Barris,la Guineueta,Valldaura,Monday,2020-09-21,Laboral,2020,9,September,21,Afternoon,17:00:00,Unknown,Motorcycle,Male,61,Driver,Unknown,Unknown,Leisure and entertainment,Minor injury: Medical assistance at accident site,430982.61,4588001.86,2.17273093,41.438776713
2020S004328    ,Eixample,la Dreta de l'Eixample,Balmes,Monday,2020-09-21,Laboral,2020,9,September,21,Afternoon,19:00:00,Unknown,Tot terreny,Male,18,Pedestrian,On the sidewalk,Unknown,Unknown,Minor injury: Medical assistance at accident site,429726.36,4582901.99,2.15828782,41.392735065
2020S004328    ,Eixample,la Dreta de l'Eixample,Balmes,Monday,2020-09-21,Laboral,2020,9,September,21,Afternoon,19:00:00,Unknown,Tot terreny,Male,77,Driver,On the sidewalk,Unknown,Other activities,Uninjured,429726.36,4582901.99,2.15828782,41.392735065
2020S004328    ,Eixample,la Dreta de l'Eixample,Balmes,Monday,2020-09-21,Laboral,2020,9,September,21,Afternoon,19:00:00,Unknown,Car,Male,24,Driver,On the sidewalk,Unknown,Other activities,Uninjured,429726.36,4582901.99,2.15828782,41.392735065
2020S004329    ,Eixample,la Dreta de l'Eixample,Grŕcia,Monday,2020-09-21,Laboral,2020,9,September,21,Afternoon,18:00:00,Unknown,Car,Female,22,Driver,Unknown,Unknown,Unknown,Uninjured,430003.01,4583178.76,2.16156466,41.39525198
2020S004329    ,Eixample,la Dreta de l'Eixample,Grŕcia,Monday,2020-09-21,Laboral,2020,9,September,21,Afternoon,18:00:00,Unknown,Veh. mobilitat personal amb motor,Female,31,Driver,Unknown,Unknown,Other activities,Minor injury: Hospitalization up to 24 hours,430003.01,4583178.76,2.16156466,41.39525198
2020S004330    ,Les Corts,les Corts,Diagonal,Monday,2020-09-21,Laboral,2020,9,September,21,Afternoon,18:00:00,Unknown,Car,Male,24,Pedestrian,In crossing regulated by traffic lights,Unknown,Unknown,Minor injury: Hospitalization up to 24 hours,427557.22,4582526.09,2.13238915,41.389156919
2020S004330    ,Les Corts,les Corts,Diagonal,Monday,2020-09-21,Laboral,2020,9,September,21,Afternoon,18:00:00,Unknown,Car,Male,46,Driver,In crossing regulated by traffic lights,Unknown,Unknown,Uninjured,427557.22,4582526.09,2.13238915,41.389156919
2020S004331    ,Les Corts,les Corts,Carles III,Monday,2020-09-21,Laboral,2020,9,September,21,Afternoon,19:00:00,Unknown,Motorcycle,Female,23,Driver,Unknown,Unknown,Unknown,Minor injury: Hospitalization up to 24 hours,427152.85,4582100.33,2.12760425,41.385285729
2020S004331    ,Les Corts,les Corts,Carles III,Monday,2020-09-21,Laboral,2020,9,September,21,Afternoon,19:00:00,Unknown,Car,Male,56,Driver,Unknown,Unknown,Unknown,Uninjured,427152.85,4582100.33,2.12760425,41.385285729
2020S004333    ,Sant Andreu,el Congrés i els Indians,Felip II,Monday,2020-09-21,Laboral,2020,9,September,21,Morning,13:00:00,Transitar a peu per la calçada,Bicicleta,Male,60,Driver,Others,Unknown,Leisure and entertainment,Minor injury: Medical assistance at accident site,431637.94,4586454.17,2.18074966,41.424893299
2020S004333    ,Sant Andreu,el Congrés i els Indians,Felip II,Monday,2020-09-21,Laboral,2020,9,September,21,Morning,13:00:00,Transitar a peu per la calçada,Bicicleta,Male,16,Pedestrian,Others,Unknown,Unknown,Uninjured,431637.94,4586454.17,2.18074966,41.424893299