Case_Number,District_Name,Neighborhood_Name,Street_Name,Day_of_Week,Date,Day_Type_Description,Year,Month_of_Year,Month_Name,Day_of_Month,Shift_Description,Hour_of_Day,Pedestrian_Cause_Description,Involved_Vehicle_Type_Description,Gender_Description,Age,Person_Type_Description,Pedestrian_Accident_Location_Description,Pedestrian_Movement_Reason_Description,Driver_Movement_Reason_Description,Victimization_Description,Coordenada_UTM_X,Coordenada_UTM_Y,Longitud,Latitud
2020S004377    ,Sarriŕ-Sant Gervasi,el Putxet i el Farró,Balmes,Wednesday,2020-09-23,Laboral,2020,9,September,23,Afternoon,20:00:00,Unknown,Car,Female,42,Passenger,Unknown,Unknown,Unknown,Minor injury: Medical assistance at accident site,428086.7,4584547.37,2.13848136,41.407409334
2020S004377    ,Sarriŕ-Sant Gervasi,el Putxet i el Farró,Balmes,Wednesday,2020-09-23,Laboral,2020,9,September,23,Afternoon,20:00:00,Unknown,Car,Male,42,Driver,Unknown,Unknown,Unknown,Uninjured,428086.7,4584547.37,2.13848136,41.407409334
2020S004378    ,Sarriŕ-Sant Gervasi,Sant Gervasi - la Bonanova,General Mitre,Thursday,2020-09-24,Laboral,2020,9,September,24,Night,05:00:00,Unknown,Ciclomotor,Male,23,Passenger,Unknown,Unknown,Unknown,Minor injury: Hospitalization up to 24 hours,427749.13,4583723.56,2.13454138,41.399959328
2020S004379    ,Ciutat Vella,la Barceloneta,Litoral (Besňs),Thursday,2020-09-24,Laboral,2020,9,September,24,Morning,08:00:00,Unknown,Car,Male,69,Driver,Unknown,Unknown,Leisure and entertainment,Uninjured,431949.84,4581626.15,2.18502506,41.381435233
2020S004379    ,Ciutat Vella,la Barceloneta,Litoral (Besňs),Thursday,2020-09-24,Laboral,2020,9,September,24,Morning,08:00:00,Unknown,"Camió rígid <= 3,5 tones",Male,53,Driver,Unknown,Unknown,On a mission,Unknown,431949.84,4581626.15,2.18502506,41.381435233
2020S004380    ,Eixample,la Dreta de l'Eixample,Corts Catalanes,Thursday,2020-09-24,Laboral,2020,9,September,24,Morning,12:00:00,Unknown,Car,Female,55,Driver,Unknown,Unknown,Unknown,Uninjured,430448.38,4582425.76,2.1669782,41.38850861
2020S004381    ,Nou Barris,Porta,Jardins d'Alfŕbia,Thursday,2020-09-24,Laboral,2020,9,September,24,Morning,13:00:00,Creuar per fora pas de vianants,Car,Male,42,Driver,Outside the crossing,Unknown,Leisure and entertainment,Uninjured,431143.92,4587802.89,2.17468432,41.436998521
2020S004381    ,Nou Barris,Porta,Jardins d'Alfŕbia,Thursday,2020-09-24,Laboral,2020,9,September,24,Morning,13:00:00,Creuar per fora pas de vianants,Car,Female,4,Pedestrian,Outside the crossing,Leisure and entertainment,Unknown,Minor injury: Hospitalization up to 24 hours,431143.92,4587802.89,2.17468432,41.436998521
2020S004382    ,Eixample,la Sagrada Família,Cartagena,Thursday,2020-09-24,Laboral,2020,9,September,24,Afternoon,15:00:00,Unknown,Car,Female,51,Driver,Unknown,Unknown,Leisure and entertainment,Uninjured,431287.81,4584713.78,2.17675769,41.409188297
2020S004382    ,Eixample,la Sagrada Família,Cartagena,Thursday,2020-09-24,Laboral,2020,9,September,24,Afternoon,15:00:00,Unknown,Motorcycle,Male,21,Passenger,Unknown,Unknown,Unknown,Minor injury: Hospitalization up to 24 hours,431287.81,4584713.78,2.17675769,41.409188297
2020S004382    ,Eixample,la Sagrada Família,Cartagena,Thursday,2020-09-24,Laboral,2020,9,September,24,Afternoon,15:00:00,Unknown,Car,Male,62,Driver,Unknown,Unknown,Taxi,Uninjured,431287.81,4584713.78,2.17675769,41.409188297
2020S004382    ,Eixample,la Sagrada Família,Cartagena,Thursday,2020-09-24,Laboral,2020,9,September,24,Afternoon,15:00:00,Unknown,Motorcycle,Male,43,Driver,Unknown,Unknown,Leisure and entertainment,Minor injury: Hospitalization up to 24 hours,431287.81,4584713.78,2.17675769,41.409188297
2020S004383    ,Sant Andreu,Navas,Biscaia,Thursday,2020-09-24,Laboral,2020,9,September,24,Afternoon,15:00:00,Unknown,Ciclomotor,Female,58,Driver,Unknown,Unknown,Unknown,Minor injury: Hospitalization up to 24 hours,432255.3,4585473.77,2.18824711,41.41611547
2020S004384    ,Sant Martí,la Vila Olímpica del Poblenou,Mestral,Thursday,2020-09-24,Laboral,2020,9,September,24,Afternoon,17:00:00,Unknown,Autocaravana,Male,48,Driver,Unknown,Unknown,Unknown,Unknown,433179.99,4582334.9,2.19965752,41.387921946
2020S004385    ,Sant Martí,Sant Martí de Provençals,Concili de Trento,Thursday,2020-09-24,Laboral,2020,9,September,24,Afternoon,19:00:00,Unknown,Car,Male,45,Driver,Unknown,Unknown,Leisure and entertainment,Uninjured,432830.97,4585130.7,2.195173,41.413073889
2020S004385    ,Sant Martí,Sant Martí de Provençals,Concili de Trento,Thursday,2020-09-24,Laboral,2020,9,September,24,Afternoon,19:00:00,Unknown,Veh. mobilitat personal sense motor,Female,15,Driver,Unknown,Unknown,Leisure and entertainment,Minor injury: Hospitalization up to 24 hours,432830.97,4585130.7,2.195173,41.413073889
2020S004386    ,Eixample,la Dreta de l'Eixample,Grŕcia,Thursday,2020-09-24,Laboral,2020,9,September,24,Afternoon,21:00:00,Unknown,Car,Female,36,Driver,Unknown,Unknown,Unknown,Minor injury: Medical assistance at accident site,429956.72,4583231.95,2.16100484,41.395727012
2020S004386    ,Eixample,la Dreta de l'Eixample,Grŕcia,Thursday,2020-09-24,Laboral,2020,9,September,24,Afternoon,21:00:00,Unknown,Motorcycle,Female,27,Driver,Unknown,Unknown,"Firefighters, police, ambulance",Minor injury: Hospitalization up to 24 hours,429956.72,4583231.95,2.16100484,41.395727012
2020S004388    ,Sants-Montjuďc,Sants,Sants,Thursday,2020-09-24,Laboral,2020,9,September,24,Night,23:00:00,Unknown,Car,Male,23,Driver,Unknown,Unknown,Leisure and entertainment,Uninjured,427815.39,4580984.77,2.13566049,41.375298048
2020S004388    ,Sants-Montjuďc,Sants,Sants,Thursday,2020-09-24,Laboral,2020,9,September,24,Night,23:00:00,Unknown,Motorcycle,Male,46,Driver,Unknown,Unknown,Unknown,Serious injury: Hospitalization over 24 hours,427815.39,4580984.77,2.13566049,41.375298048
2020S004389    ,Sarriŕ-Sant Gervasi,Sant Gervasi - Galvany,Bon Pastor,Friday,2020-09-25,Laboral,2020,9,September,25,Night,02:00:00,Unknown,Furgoneta,Male,35,Driver,Unknown,Unknown,In transit (commuting),Unknown,429006.07,4583088.88,2.14965096,41.394355022
2020S004390    ,Sant Martí,el Camp de l'Arpa del Clot,Meridiana,Friday,2020-09-25,Laboral,2020,9,September,25,Morning,06:00:00,Unknown,Motorcycle,Male,41,Driver,Unknown,Unknown,Unknown,Minor injury: Hospitalization up to 24 hours,432109.37,4584830.48,2.18657332,41.41030923
2020S004390    ,Sant Martí,el Camp de l'Arpa del Clot,Meridiana,Friday,2020-09-25,Laboral,2020,9,September,25,Morning,06:00:00,Unknown,Car,Male,62,Driver,Unknown,Unknown,In transit (commuting),Uninjured,432109.37,4584830.48,2.18657332,41.41030923
2020S004391    ,Sant Martí,el Besňs i el Maresme,Prim,Friday,2020-09-25,Laboral,2020,9,September,25,Morning,12:00:00,Unknown,Car,Male,68,Driver,Unknown,Unknown,Unknown,Uninjured,434361.43,4585362.57,2.21345867,41.415288814
2020S004391    ,Sant Martí,el Besňs i el Maresme,Prim,Friday,2020-09-25,Laboral,2020,9,September,25,Morning,12:00:00,Unknown,Veh. mobilitat personal amb motor,Male,40,Driver,Unknown,Unknown,Unknown,Minor injury: Hospitalization up to 24 hours,434361.43,4585362.57,2.21345867,41.415288814
2020S004392    ,Grŕcia,el Camp d'en Grassot i Grŕcia Nova,Sant Joan,Friday,2020-09-25,Laboral,2020,9,September,25,Morning,11:00:00,Unknown,Car,Male,65,Driver,Unknown,Unknown,On a mission,Uninjured,430356.55,4584003.94,2.16569834,41.402714816
2020S004392    ,Grŕcia,el Camp d'en Grassot i Grŕcia Nova,Sant Joan,Friday,2020-09-25,Laboral,2020,9,September,25,Morning,11:00:00,Unknown,Motorcycle,Male,25,Driver,Unknown,Unknown,Unknown,Minor injury: Hospitalization up to 24 hours,430356.55,4584003.94,2.16569834,41.402714816
2020S004393    ,Eixample,l'Antiga Esquerra de l'Eixample,Buenos Aires,Friday,2020-09-25,Laboral,2020,9,September,25,Morning,11:00:00,Unknown,Furgoneta,Male,28,Driver,Unknown,Unknown,Unknown,Uninjured,428724.17,4582830.86,2.14630963,41.392006182
2020S004393    ,Eixample,l'Antiga Esquerra de l'Eixample,Buenos Aires,Friday,2020-09-25,Laboral,2020,9,September,25,Morning,11:00:00,Unknown,Motorcycle,Male,31,Driver,Unknown,Unknown,Unknown,Minor injury: Hospitalization up to 24 hours,428724.17,4582830.86,2.14630963,41.392006182
2020S004394    ,Eixample,Sant Antoni,Sepúlveda,Friday,2020-09-25,Laboral,2020,9,September,25,Morning,12:00:00,Unknown,Motorcycle,Female,44,Driver,Unknown,Unknown,Unknown,Minor injury: Hospitalization up to 24 hours,429676.71,4581438.62,2.15786395,41.379550629
2020S004394    ,Eixample,Sant Antoni,Sepúlveda,Friday,2020-09-25,Laboral,2020,9,September,25,Morning,12:00:00,Unknown,Furgoneta,Female,27,Driver,Unknown,Unknown,On a mission,Uninjured,429676.71,4581438.62,2.15786395,41.379550629
2020S004395    ,Eixample,l'Antiga Esquerra de l'Eixample,Aragó,Friday,2020-09-25,Laboral,2020,9,September,25,Morning,12:00:00,Desobeir el senyal del semŕfor,Furgoneta,Male,41,Pedestrian,In crossing regulated by traffic lights,Unknown,Unknown,Minor injury: Hospitalization up to 24 hours,429477.0,4582032.96,2.15540661,41.384886166
2020S004395    ,Eixample,l'Antiga Esquerra de l'Eixample,Aragó,Friday,2020-09-25,Laboral,2020,9,September,25,Morning,12:00:00,Desobeir el senyal del semŕfor,Furgoneta,Male,41,Driver,In crossing regulated by traffic lights,Unknown,In transit (commuting),Uninjured,429477.0,4582032.96,2.15540661,41.384886166
2020S004396    ,Sant Andreu,Sant Andreu,Santa Coloma,Friday,2020-09-25,Laboral,2020,9,September,25,Morning,13:00:00,Unknown,Car,Female,45,Passenger,Unknown,Unknown,Unknown,Minor injury: Hospitalization up to 24 hours,432544.1,4588723.46,2.19133968,41.445408694
2020S004396    ,Sant Andreu,Sant Andreu,Santa Coloma,Friday,2020-09-25,Laboral,2020,9,September,25,Morning,13:00:00,Unknown,Car,Male,39,Driver,Unknown,Unknown,Unknown,Uninjured,432544.1,4588723.46,2.19133968,41.445408694
2020S004396    ,Sant Andreu,Sant Andreu,Santa Coloma,Friday,2020-09-25,Laboral,2020,9,September,25,Morning,13:00:00,Unknown,Tractor camió,Male,54,Driver,Unknown,Unknown,Professional goods transport,Uninjured,432544.1,4588723.46,2.19133968,41.445408694
2020S004397    ,Les Corts,Pedralbes,Diagonal,Friday,2020-09-25,Laboral,2020,9,September,25,Morning,13:00:00,Unknown,Veh. mobilitat personal amb motor,Male,34,Driver,Unknown,Unknown,Leisure and entertainment,Minor injury: Hospitalization up to 24 hours,426971.29,4582448.05,2.12539105,41.388401032
2020S004397    ,Les Corts,Pedralbes,Diagonal,Friday,2020-09-25,Laboral,2020,9,September,25,Morning,13:00:00,Unknown,Car,Male,48,Driver,Unknown,Unknown,Leisure and entertainment,Uninjured,426971.29,4582448.05,2.12539105,41.388401032
2020S004398    ,Sant Martí,el Parc i la Llacuna del Poblenou,Marina,Friday,2020-09-25,Laboral,2020,9,September,25,Afternoon,16:00:00,Unknown,Bicicleta,Male,20,Driver,Unknown,Unknown,Leisure and entertainment,Minor injury: Hospitalization up to 24 hours,432217.64,4582969.42,2.18807714,41.393556334
2020S004398    ,Sant Martí,el Parc i la Llacuna del Poblenou,Marina,Friday,2020-09-25,Laboral,2020,9,September,25,Afternoon,16:00:00,Unknown,Bicicleta,Male,19,Driver,Unknown,Unknown,Leisure and entertainment,Uninjured,432217.64,4582969.42,2.18807714,41.393556334
2020S004399    ,Sant Andreu,Sant Andreu,Ribes,Friday,2020-09-25,Laboral,2020,9,September,25,Afternoon,16:00:00,Unknown,Motorcycle,Male,22,Driver,Unknown,Unknown,Unknown,Minor injury: Hospitalization up to 24 hours,432394.97,4588860.72,2.1895392,41.446632395
2020S004399    ,Sant Andreu,Sant Andreu,Ribes,Friday,2020-09-25,Laboral,2020,9,September,25,Afternoon,16:00:00,Unknown,Car,Male,44,Driver,Unknown,Unknown,Other activities,Uninjured,432394.97,4588860.72,2.1895392,41.446632395
2020S004400    ,Ciutat Vella,la Barceloneta,Andrea Doria,Friday,2020-09-25,Laboral,2020,9,September,25,Afternoon,18:00:00,Unknown,Bicicleta,Female,42,Driver,Unknown,Unknown,Leisure and entertainment,Minor injury: Medical assistance at accident site,432433.17,4581497.62,2.19081926,41.380318353
2020S004400    ,Ciutat Vella,la Barceloneta,Andrea Doria,Friday,2020-09-25,Laboral,2020,9,September,25,Afternoon,18:00:00,Unknown,Veh. mobilitat personal amb motor,Male,59,Driver,Unknown,Unknown,Leisure and entertainment,Uninjured,432433.17,4581497.62,2.19081926,41.380318353
2020S004400    ,Ciutat Vella,la Barceloneta,Andrea Doria,Friday,2020-09-25,Laboral,2020,9,September,25,Afternoon,18:00:00,Unknown,Bicicleta,Female,5,Passenger,Unknown,Unknown,Unknown,Minor injury: Medical assistance at accident site,432433.17,4581497.62,2.19081926,41.380318353
2020S004401    ,Sant Andreu,el Bon Pastor,Mollerussa,Friday,2020-09-25,Laboral,2020,9,September,25,Afternoon,19:00:00,Transitar a peu per la calçada,Car,Male,27,Driver,Outside the crossing,Unknown,Leisure and entertainment,Uninjured,433592.77,4587923.55,2.20398044,41.438291639
2020S004401    ,Sant Andreu,el Bon Pastor,Mollerussa,Friday,2020-09-25,Laboral,2020,9,September,25,Afternoon,19:00:00,Transitar a peu per la calçada,Car,Male,67,Pedestrian,Outside the crossing,Leisure and entertainment,Unknown,Minor injury: Hospitalization up to 24 hours,433592.77,4587923.55,2.20398044,41.438291639
2020S004402    ,Sant Andreu,Sant Andreu,Fernando Pessoa,Friday,2020-09-25,Laboral,2020,9,September,25,Afternoon,17:00:00,Unknown,Veh. mobilitat personal amb motor,Male,19,Driver,Unknown,Unknown,Other activities,Minor injury: Hospitalization up to 24 hours,432684.59,4588039.29,2.19309765,41.439258405
2020S004402    ,Sant Andreu,Sant Andreu,Fernando Pessoa,Friday,2020-09-25,Laboral,2020,9,September,25,Afternoon,17:00:00,Unknown,Car,Female,64,Driver,Unknown,Unknown,Other activities,Uninjured,432684.59,4588039.29,2.19309765,41.439258405
2020S004403    ,Grŕcia,la Vila de Grŕcia,Joanic,Friday,2020-09-25,Laboral,2020,9,September,25,Afternoon,20:00:00,Unknown,Veh. mobilitat personal amb motor,Female,47,Pedestrian,Unknown,Unknown,Unknown,Uninjured,430102.21,4584338.29,2.16261723,41.405704107
2020S004403    ,Grŕcia,la Vila de Grŕcia,Joanic,Friday,2020-09-25,Laboral,2020,9,September,25,Afternoon,20:00:00,Unknown,Car,Female,30,Passenger,Unknown,Unknown,Unknown,Uninjured,430102.21,4584338.29,2.16261723,41.405704107
2020S004403    ,Grŕcia,la Vila de Grŕcia,Joanic,Friday,2020-09-25,Laboral,2020,9,September,25,Afternoon,20:00:00,Unknown,Car,Male,26,Driver,Unknown,Unknown,Other activities,Uninjured,430102.21,4584338.29,2.16261723,41.405704107
2020S004403    ,Grŕcia,la Vila de Grŕcia,Joanic,Friday,2020-09-25,Laboral,2020,9,September,25,Afternoon,20:00:00,Unknown,Veh. mobilitat personal amb motor,Male,17,Driver,Unknown,Unknown,Other activities,Minor injury: Hospitalization up to 24 hours,430102.21,4584338.29,2.16261723,41.405704107
2020S004404    ,Eixample,la Dreta de l'Eixample,Corts Catalanes,Friday,2020-09-25,Laboral,2020,9,September,25,Afternoon,19:00:00,Unknown,Car,Male,22,Driver,Unknown,Unknown,Unknown,Uninjured,431072.73,4582993.84,2.17438053,41.393678912
2020S004404    ,Eixample,la Dreta de l'Eixample,Corts Catalanes,Friday,2020-09-25,Laboral,2020,9,September,25,Afternoon,19:00:00,Unknown,Ciclomotor,Male,17,Driver,Unknown,Unknown,Unknown,Minor injury: Hospitalization up to 24 hours,431072.73,4582993.84,2.17438053,41.393678912
2020S004405    ,Eixample,la Dreta de l'Eixample,Mallorca,Friday,2020-09-25,Laboral,2020,9,September,25,Afternoon,21:00:00,Unknown,Car,Male,46,Driver,Unknown,Unknown,Unknown,Uninjured,430491.26,4583403.95,2.1673787,41.397322567
2020S004405    ,Eixample,la Dreta de l'Eixample,Mallorca,Friday,2020-09-25,Laboral,2020,9,September,25,Afternoon,21:00:00,Unknown,Bicicleta,Male,28,Driver,Unknown,Unknown,In transit (commuting),Minor injury: Medical assistance at accident site,430491.26,4583403.95,2.1673787,41.397322567
2020S004406    ,Sarriŕ-Sant Gervasi,Sarriŕ,Dalt (Besňs),Friday,2020-09-25,Laboral,2020,9,September,25,Night,22:00:00,Unknown,Car,Male,32,Driver,Unknown,Unknown,Leisure and entertainment,Minor injury: Medical assistance at accident site,426191.44,4584068.24,2.11586686,41.402922151
2020S004406    ,Sarriŕ-Sant Gervasi,Sarriŕ,Dalt (Besňs),Friday,2020-09-25,Laboral,2020,9,September,25,Night,22:00:00,Unknown,Car,Female,33,Driver,Unknown,Unknown,Leisure and entertainment,Minor injury: Hospitalization up to 24 hours,426191.44,4584068.24,2.11586686,41.402922151
2020S004407    ,Sant Martí,la Vila Olímpica del Poblenou,Doctor Trueta,Friday,2020-09-25,Laboral,2020,9,September,25,Night,23:00:00,Unknown,Motorcycle,Male,39,Driver,Unknown,Unknown,Leisure and entertainment,Minor injury: Medical assistance at accident site,432534.11,4582582.42,2.19190546,41.390097352
2020S004407    ,Sant Martí,la Vila Olímpica del Poblenou,Doctor Trueta,Friday,2020-09-25,Laboral,2020,9,September,25,Night,23:00:00,Unknown,Car,Female,59,Driver,Unknown,Unknown,Leisure and entertainment,Uninjured,432534.11,4582582.42,2.19190546,41.390097352
2020S004408    ,Sant Martí,Provençals del Poblenou,C-31,Friday,2020-09-25,Laboral,2020,9,September,25,Afternoon,21:00:00,Unknown,Motorcycle,Female,29,Driver,Unknown,Unknown,Leisure and entertainment,Minor injury: Hospitalization up to 24 hours,433366.47,4585249.15,2.2015668,41.414185339
2020S004408    ,Sant Martí,Provençals del Poblenou,C-31,Friday,2020-09-25,Laboral,2020,9,September,25,Afternoon,21:00:00,Unknown,Motorcycle,Female,28,Passenger,Unknown,Unknown,Unknown,Minor injury: Hospitalization up to 24 hours,433366.47,4585249.15,2.2015668,41.414185339
2020S004409    ,Sarriŕ-Sant Gervasi,Sant Gervasi - la Bonanova,Benedetti,Saturday,2020-09-26,Laboral,2020,9,September,26,Night,02:00:00,Unknown,Car,Male,19,Driver,Unknown,Unknown,Other activities,Minor injury: Medical assistance at accident site,426947.66,4584865.12,2.12481664,41.410168406
2020S004410    ,Sarriŕ-Sant Gervasi,"Vallvidrera, el Tibidabo i les Planes",Sarriŕ a Vallvidrera,Saturday,2020-09-26,Laboral,2020,9,September,26,Night,01:00:00,Unknown,Car,Male,18,Passenger,Unknown,Unknown,Unknown,Minor injury: Hospitalization up to 24 hours,425210.38,4584831.49,2.10403695,41.409705659
2020S004410    ,Sarriŕ-Sant Gervasi,"Vallvidrera, el Tibidabo i les Planes",Sarriŕ a Vallvidrera,Saturday,2020-09-26,Laboral,2020,9,September,26,Night,01:00:00,Unknown,Car,Male,21,Driver,Unknown,Unknown,Unknown,Minor injury: Hospitalization up to 24 hours,425210.38,4584831.49,2.10403695,41.409705659
2020S004410    ,Sarriŕ-Sant Gervasi,"Vallvidrera, el Tibidabo i les Planes",Sarriŕ a Vallvidrera,Saturday,2020-09-26,Laboral,2020,9,September,26,Night,01:00:00,Unknown,Car,Male,20,Passenger,Unknown,Unknown,Unknown,Minor injury: Hospitalization up to 24 hours,425210.38,4584831.49,2.10403695,41.409705659
2020S004410    ,Sarriŕ-Sant Gervasi,"Vallvidrera, el Tibidabo i les Planes",Sarriŕ a Vallvidrera,Saturday,2020-09-26,Laboral,2020,9,September,26,Night,01:00:00,Unknown,Car,Male,23,Passenger,Unknown,Unknown,Unknown,Minor injury: Hospitalization up to 24 hours,425210.38,4584831.49,2.10403695,41.409705659
2020S004410    ,Sarriŕ-Sant Gervasi,"Vallvidrera, el Tibidabo i les Planes",Sarriŕ a Vallvidrera,Saturday,2020-09-26,Laboral,2020,9,September,26,Night,01:00:00,Unknown,Car,Male,22,Passenger,Unknown,Unknown,Unknown,Minor injury: Hospitalization up to 24 hours,425210.38,4584831.49,2.10403695,41.409705659
2020S004411    ,Eixample,Sant Antoni,Corts Catalanes,Saturday,2020-09-26,Laboral,2020,9,September,26,Morning,06:00:00,Unknown,Motorcycle,Female,55,Passenger,Unknown,Unknown,Unknown,Minor injury: Hospitalization up to 24 hours,429170.59,4581128.41,2.15184805,41.376712251
2020S004411    ,Eixample,Sant Antoni,Corts Catalanes,Saturday,2020-09-26,Laboral,2020,9,September,26,Morning,06:00:00,Unknown,Motorcycle,Male,54,Driver,Unknown,Unknown,Other activities,Minor injury: Hospitalization up to 24 hours,429170.59,4581128.41,2.15184805,41.376712251
2020S004411    ,Eixample,Sant Antoni,Corts Catalanes,Saturday,2020-09-26,Laboral,2020,9,September,26,Morning,06:00:00,Unknown,Furgoneta,Male,58,Driver,Unknown,Unknown,On a mission,Uninjured,429170.59,4581128.41,2.15184805,41.376712251
2020S004412    ,Eixample,la Sagrada Família,Mallorca,Saturday,2020-09-26,Laboral,2020,9,September,26,Morning,11:00:00,Unknown,Motorcycle,Male,69,Driver,Unknown,Unknown,Leisure and entertainment,Uninjured,431464.67,4584341.83,2.1789157,41.405853368
2020S004412    ,Eixample,la Sagrada Família,Mallorca,Saturday,2020-09-26,Laboral,2020,9,September,26,Morning,11:00:00,Unknown,Motorcycle,Female,55,Passenger,Unknown,Unknown,Unknown,Minor injury: Medical assistance at accident site,431464.67,4584341.83,2.1789157,41.405853368
2020S004412    ,Eixample,la Sagrada Família,Mallorca,Saturday,2020-09-26,Laboral,2020,9,September,26,Morning,11:00:00,Unknown,Motorcycle,Male,60,Driver,Unknown,Unknown,Leisure and entertainment,Uninjured,431464.67,4584341.83,2.1789157,41.405853368
2020S004413    ,Eixample,la Dreta de l'Eixample,Pau Claris,Saturday,2020-09-26,Laboral,2020,9,September,26,Morning,12:00:00,Unknown,Car,Female,35,Pedestrian,In crossing regulated by traffic lights,Unknown,Unknown,Minor injury: Hospitalization up to 24 hours,430733.53,4582634.34,2.17036463,41.390411846
2020S004413    ,Eixample,la Dreta de l'Eixample,Pau Claris,Saturday,2020-09-26,Laboral,2020,9,September,26,Morning,12:00:00,Unknown,Car,Male,24,Driver,In crossing regulated by traffic lights,Unknown,Unknown,Uninjured,430733.53,4582634.34,2.17036463,41.390411846
2020S004414    ,Sants-Montjuďc,la Font de la Guatlla,Dŕlia,Saturday,2020-09-26,Laboral,2020,9,September,26,Afternoon,17:00:00,Unknown,Motorcycle,Male,23,Driver,Unknown,Unknown,Leisure and entertainment,Minor injury: Hospitalization up to 24 hours,428707.31,4580358.21,2.14639904,41.369734384
2020S004414    ,Sants-Montjuďc,la Font de la Guatlla,Dŕlia,Saturday,2020-09-26,Laboral,2020,9,September,26,Afternoon,17:00:00,Unknown,Car,Male,44,Driver,Unknown,Unknown,Leisure and entertainment,Uninjured,428707.31,4580358.21,2.14639904,41.369734384
2020S004415    ,Eixample,la Dreta de l'Eixample,Urquinaona,Saturday,2020-09-26,Laboral,2020,9,September,26,Afternoon,17:00:00,Unknown,Car,Male,49,Driver,Unknown,Unknown,Leisure and entertainment,Uninjured,431027.72,4582487.02,2.17389993,41.389110274
2020S004415    ,Eixample,la Dreta de l'Eixample,Urquinaona,Saturday,2020-09-26,Laboral,2020,9,September,26,Afternoon,17:00:00,Unknown,Ciclomotor,Female,22,Driver,Unknown,Unknown,In transit (commuting),Minor injury: Hospitalization up to 24 hours,431027.72,4582487.02,2.17389993,41.389110274
2020S004416    ,Sarriŕ-Sant Gervasi,Sant Gervasi - la Bonanova,General Mitre,Saturday,2020-09-26,Laboral,2020,9,September,26,Afternoon,18:00:00,Unknown,Motorcycle,Male,64,Driver,Unknown,Unknown,Unknown,Minor injury: Medical assistance at accident site,428037.93,4584064.32,2.13795538,41.403054331
2020S004416    ,Sarriŕ-Sant Gervasi,Sant Gervasi - la Bonanova,General Mitre,Saturday,2020-09-26,Laboral,2020,9,September,26,Afternoon,18:00:00,Unknown,Car,Male,32,Driver,Unknown,Unknown,Unknown,Uninjured,428037.93,4584064.32,2.13795538,41.403054331
2020S004417    ,Eixample,la Dreta de l'Eixample,Corts Catalanes,Friday,2020-09-25,Laboral,2020,9,September,25,Morning,12:00:00,Unknown,Motorcycle,Male,37,Driver,Unknown,Unknown,In transit (commuting),Minor injury: Hospitalization up to 24 hours,430942.6,4582939.19,2.17283033,41.393175526
2020S004417    ,Eixample,la Dreta de l'Eixample,Corts Catalanes,Friday,2020-09-25,Laboral,2020,9,September,25,Morning,12:00:00,Unknown,Car,Male,61,Driver,Unknown,Unknown,Leisure and entertainment,Uninjured,430942.6,4582939.19,2.17283033,41.393175526
2020S004418    ,Grŕcia,Vallcarca i els Penitents,Vallcarca,Friday,2020-09-25,Laboral,2020,9,September,25,Afternoon,21:00:00,Unknown,Car,Male,50,Driver,Unknown,Unknown,Leisure and entertainment,Uninjured,428465.59,4585367.35,2.14291704,41.41482839
2020S004418    ,Grŕcia,Vallcarca i els Penitents,Vallcarca,Friday,2020-09-25,Laboral,2020,9,September,25,Afternoon,21:00:00,Unknown,Bicicleta,Male,17,Driver,Unknown,Unknown,Leisure and entertainment,Minor injury: Hospitalization up to 24 hours,428465.59,4585367.35,2.14291704,41.41482839
2020S004419    ,Ciutat Vella,el Raval,Hospital,Saturday,2020-09-26,Laboral,2020,9,September,26,Night,22:00:00,Unknown,Bicicleta,Female,44,Driver,Unknown,Unknown,Unknown,Minor injury: Hospitalization up to 24 hours,430845.83,4581577.26,2.17182847,41.380900707
2020S004419    ,Ciutat Vella,el Raval,Hospital,Saturday,2020-09-26,Laboral,2020,9,September,26,Night,22:00:00,Unknown,Veh. mobilitat personal amb motor,Female,19,Driver,Unknown,Unknown,Unknown,Uninjured,430845.83,4581577.26,2.17182847,41.380900707
2020S004420    ,Eixample,la Dreta de l'Eixample,Pau Claris,Friday,2020-09-25,Laboral,2020,9,September,25,Morning,12:00:00,Unknown,Motorcycle,Male,38,Driver,Unknown,Unknown,Unknown,Minor injury: Hospitalization up to 24 hours,430769.51,4582565.98,2.17080277,41.389799248
2020S004420    ,Eixample,la Dreta de l'Eixample,Pau Claris,Friday,2020-09-25,Laboral,2020,9,September,25,Morning,12:00:00,Unknown,Car,Male,35,Driver,Unknown,Unknown,Unknown,Uninjured,430769.51,4582565.98,2.17080277,41.389799248
2020S004421    ,Eixample,l'Antiga Esquerra de l'Eixample,Enric Granados,Friday,2020-09-25,Laboral,2020,9,September,25,Afternoon,14:00:00,Unknown,Motorcycle,Female,49,Passenger,Unknown,Unknown,Unknown,Minor injury: Hospitalization up to 24 hours,429867.4,4582534.62,2.16001728,41.389438603
2020S004421    ,Eixample,l'Antiga Esquerra de l'Eixample,Enric Granados,Friday,2020-09-25,Laboral,2020,9,September,25,Afternoon,14:00:00,Unknown,Bicicleta,Female,21,Driver,Unknown,Unknown,Unknown,Uninjured,429867.4,4582534.62,2.16001728,41.389438603
2020S004421    ,Eixample,l'Antiga Esquerra de l'Eixample,Enric Granados,Friday,2020-09-25,Laboral,2020,9,September,25,Afternoon,14:00:00,Unknown,Motorcycle,Male,25,Driver,Unknown,Unknown,Unknown,Minor injury: Hospitalization up to 24 hours,429867.4,4582534.62,2.16001728,41.389438603