Case_Number,District_Name,Neighborhood_Name,Street_Name,Day_of_Week,Date,Day_Type_Description,Year,Month_of_Year,Month_Name,Day_of_Month,Shift_Description,Hour_of_Day,Pedestrian_Cause_Description,Involved_Vehicle_Type_Description,Gender_Description,Age,Person_Type_Description,Pedestrian_Accident_Location_Description,Pedestrian_Movement_Reason_Description,Driver_Movement_Reason_Description,Victimization_Description,Coordenada_UTM_X,Coordenada_UTM_Y,Longitud,Latitud
2020S004422    ,Eixample,la Nova Esquerra de l'Eixample,Sarriŕ,Saturday,2020-09-26,Laboral,2020,9,September,26,Night,22:00:00,Unknown,Ciclomotor,Male,18,Driver,Unknown,Unknown,On a mission,Minor injury: Medical assistance at accident site,428733.7,4582602.3,2.14645052,41.389948469
2020S004422    ,Eixample,la Nova Esquerra de l'Eixample,Sarriŕ,Saturday,2020-09-26,Laboral,2020,9,September,26,Night,22:00:00,Unknown,Motorcycle,Male,35,Driver,Unknown,Unknown,Unknown,Minor injury: Medical assistance at accident site,428733.7,4582602.3,2.14645052,41.389948469
2020S004423    ,Eixample,el Fort Pienc,Casp,Sunday,2020-09-27,Laboral,2020,9,September,27,Night,00:00:00,Unknown,Car,Male,51,Driver,Unknown,Unknown,Unknown,Minor injury: Medical assistance at accident site,431828.41,4583577.2,2.18335324,41.398997517
2020S004423    ,Eixample,el Fort Pienc,Casp,Sunday,2020-09-27,Laboral,2020,9,September,27,Night,00:00:00,Unknown,Bicicleta,Female,19,Driver,Unknown,Unknown,Leisure and entertainment,Minor injury: Medical assistance at accident site,431828.41,4583577.2,2.18335324,41.398997517
2020S004424    ,Sarriŕ-Sant Gervasi,Sant Gervasi - Galvany,Moiŕ,Sunday,2020-09-27,Laboral,2020,9,September,27,Night,01:00:00,Unknown,Ciclomotor,Male,22,Driver,Unknown,Unknown,Unknown,Minor injury: Medical assistance at accident site,429135.93,4583141.4,2.15119802,41.394839511
2020S004424    ,Sarriŕ-Sant Gervasi,Sant Gervasi - Galvany,Moiŕ,Sunday,2020-09-27,Laboral,2020,9,September,27,Night,01:00:00,Unknown,Car,Male,28,Driver,Unknown,Unknown,Taxi,Uninjured,429135.93,4583141.4,2.15119802,41.394839511
2020S004425    ,Sant Martí,Provençals del Poblenou,C-31,Sunday,2020-09-27,Laboral,2020,9,September,27,Night,00:00:00,Unknown,Car,Male,23,Driver,Unknown,Unknown,Leisure and entertainment,Uninjured,433010.8,4584901.86,2.19734988,41.41102781
2020S004425    ,Sant Martí,Provençals del Poblenou,C-31,Sunday,2020-09-27,Laboral,2020,9,September,27,Night,00:00:00,Unknown,Car,Female,21,Passenger,Unknown,Unknown,Unknown,Minor injury: Medical assistance at accident site,433010.8,4584901.86,2.19734988,41.41102781
2020S004425    ,Sant Martí,Provençals del Poblenou,C-31,Sunday,2020-09-27,Laboral,2020,9,September,27,Night,00:00:00,Unknown,Car,Male,57,Driver,Unknown,Unknown,Leisure and entertainment,Uninjured,433010.8,4584901.86,2.19734988,41.41102781
2020S004426    ,Eixample,l'Antiga Esquerra de l'Eixample,Corts Catalanes,Sunday,2020-09-27,Laboral,2020,9,September,27,Night,02:00:00,Unknown,Car,Male,24,Driver,Unknown,Unknown,Other activities,Uninjured,429893.46,4581912.79,2.16040095,41.383840254
2020S004427    ,Horta-Guinardó,el Guinardó,Mare de Déu de Montserrat,Sunday,2020-09-27,Laboral,2020,9,September,27,Night,03:00:00,Unknown,Car,Male,23,Driver,Unknown,Unknown,Unknown,Unknown,430719.5,4585508.23,2.16986772,41.416294826
2020S004428    ,Les Corts,la Maternitat i Sant Ramon,Carles III,Sunday,2020-09-27,Laboral,2020,9,September,27,Night,05:00:00,Unknown,Car,Male,25,Driver,Unknown,Unknown,Unknown,Minor injury: Hospitalization up to 24 hours,427099.89,4582376.07,2.12693771,41.387764409
2020S004428    ,Les Corts,la Maternitat i Sant Ramon,Carles III,Sunday,2020-09-27,Laboral,2020,9,September,27,Night,05:00:00,Unknown,Car,Male,28,Driver,Unknown,Unknown,Taxi,Uninjured,427099.89,4582376.07,2.12693771,41.387764409
2020S004429    ,Grŕcia,el Camp d'en Grassot i Grŕcia Nova,Sant Joan,Sunday,2020-09-27,Laboral,2020,9,September,27,Morning,08:00:00,Unknown,Car,Male,24,Driver,Unknown,Unknown,Leisure and entertainment,Uninjured,430505.02,4583846.74,2.16749243,41.401311822
2020S004430    ,Sants-Montjuďc,la Font de la Guatlla,Francesc Ferrer i Guŕrdia,Sunday,2020-09-27,Laboral,2020,9,September,27,Morning,08:00:00,Unknown,"Camió rígid <= 3,5 tones",Male,47,Driver,Unknown,Unknown,On a mission,Uninjured,428986.34,4580512.28,2.14971711,41.371146723
2020S004430    ,Sants-Montjuďc,la Font de la Guatlla,Francesc Ferrer i Guŕrdia,Sunday,2020-09-27,Laboral,2020,9,September,27,Morning,08:00:00,Unknown,Bicicleta,Male,61,Driver,Unknown,Unknown,Leisure and entertainment,Minor injury: Medical assistance at accident site,428986.34,4580512.28,2.14971711,41.371146723
2020S004431    ,Sants-Montjuďc,Sants,Tenor Masini,Sunday,2020-09-27,Laboral,2020,9,September,27,Morning,10:00:00,Unknown,Motorcycle,Male,43,Driver,Unknown,Unknown,Unknown,Minor injury: Medical assistance at accident site,427544.49,4581073.77,2.13241066,41.37607528
2020S004431    ,Sants-Montjuďc,Sants,Tenor Masini,Sunday,2020-09-27,Laboral,2020,9,September,27,Morning,10:00:00,Unknown,Car,Female,65,Driver,Unknown,Unknown,Unknown,Uninjured,427544.49,4581073.77,2.13241066,41.37607528
2020S004432    ,Eixample,la Dreta de l'Eixample,Roger de Flor,Sunday,2020-09-27,Laboral,2020,9,September,27,Morning,13:00:00,Unknown,Ciclomotor,Female,37,Driver,Unknown,Unknown,Leisure and entertainment,Minor injury: Hospitalization up to 24 hours,430862.81,4583620.03,2.17179822,41.399300781
2020S004432    ,Eixample,la Dreta de l'Eixample,Roger de Flor,Sunday,2020-09-27,Laboral,2020,9,September,27,Morning,13:00:00,Unknown,Car,Male,27,Driver,Unknown,Unknown,"Firefighters, police, ambulance",Uninjured,430862.81,4583620.03,2.17179822,41.399300781
2020S004433    ,Eixample,la Sagrada Família,Sant Antoni Maria Claret,Sunday,2020-09-27,Laboral,2020,9,September,27,Afternoon,14:00:00,Unknown,Motorcycle,Female,36,Driver,Unknown,Unknown,In transit (commuting),Minor injury: Hospitalization up to 24 hours,431111.5,4584940.94,2.17462254,41.411219153
2020S004433    ,Eixample,la Sagrada Família,Sant Antoni Maria Claret,Sunday,2020-09-27,Laboral,2020,9,September,27,Afternoon,14:00:00,Unknown,Car,Female,53,Driver,Unknown,Unknown,Unknown,Uninjured,431111.5,4584940.94,2.17462254,41.411219153
2020S004434    ,Nou Barris,la Prosperitat,Meridiana,Sunday,2020-09-27,Laboral,2020,9,September,27,Afternoon,14:00:00,Unknown,Autobús,Female,83,Passenger,Unknown,Unknown,Unknown,Minor injury: Hospitalization up to 24 hours,432071.51,4588459.37,2.18571242,41.442990256
2020S004434    ,Nou Barris,la Prosperitat,Meridiana,Sunday,2020-09-27,Laboral,2020,9,September,27,Afternoon,14:00:00,Unknown,Autobús,Male,52,Driver,Unknown,Unknown,Urban bus,Uninjured,432071.51,4588459.37,2.18571242,41.442990256
2020S004435    ,Eixample,la Nova Esquerra de l'Eixample,Aragó,Sunday,2020-09-27,Laboral,2020,9,September,27,Afternoon,15:00:00,Unknown,Motorcycle,Male,39,Driver,Unknown,Unknown,Leisure and entertainment,Minor injury: Hospitalization up to 24 hours,429175.89,4581770.69,2.15183632,41.382497521
2020S004435    ,Eixample,la Nova Esquerra de l'Eixample,Aragó,Sunday,2020-09-27,Laboral,2020,9,September,27,Afternoon,15:00:00,Unknown,Car,Male,21,Driver,Unknown,Unknown,Leisure and entertainment,Uninjured,429175.89,4581770.69,2.15183632,41.382497521
2020S004436    ,Eixample,l'Antiga Esquerra de l'Eixample,Francesc Maciŕ,Sunday,2020-09-27,Laboral,2020,9,September,27,Afternoon,15:00:00,Desobeir el senyal del semŕfor,Motorcycle,Female,52,Passenger,In crossing regulated by traffic lights,Unknown,Unknown,Minor injury: Hospitalization up to 24 hours,428593.14,4582856.08,2.14473951,41.3922217
2020S004436    ,Eixample,l'Antiga Esquerra de l'Eixample,Francesc Maciŕ,Sunday,2020-09-27,Laboral,2020,9,September,27,Afternoon,15:00:00,Desobeir el senyal del semŕfor,Motorcycle,Female,44,Pedestrian,In crossing regulated by traffic lights,Leisure and entertainment,Unknown,Minor injury: Hospitalization up to 24 hours,428593.14,4582856.08,2.14473951,41.3922217
2020S004436    ,Eixample,l'Antiga Esquerra de l'Eixample,Francesc Maciŕ,Sunday,2020-09-27,Laboral,2020,9,September,27,Afternoon,15:00:00,Desobeir el senyal del semŕfor,Motorcycle,Male,52,Driver,In crossing regulated by traffic lights,Unknown,Leisure and entertainment,Minor injury: Hospitalization up to 24 hours,428593.14,4582856.08,2.14473951,41.3922217
2020S004437    ,Eixample,el Fort Pienc,Tetuan,Sunday,2020-09-27,Laboral,2020,9,September,27,Afternoon,17:00:00,Unknown,Car,Male,49,Driver,Unknown,Unknown,Unknown,Uninjured,431246.5,4583153.05,2.17644085,41.395127752
2020S004437    ,Eixample,el Fort Pienc,Tetuan,Sunday,2020-09-27,Laboral,2020,9,September,27,Afternoon,17:00:00,Unknown,Furgoneta,Male,32,Driver,Unknown,Unknown,Unknown,Uninjured,431246.5,4583153.05,2.17644085,41.395127752
2020S004438    ,Horta-Guinardó,el Guinardó,Telčgraf,Sunday,2020-09-27,Laboral,2020,9,September,27,Afternoon,16:00:00,Unknown,Car,Female,29,Driver,Unknown,Unknown,Leisure and entertainment,Minor injury: Medical assistance at accident site,431103.79,4585571.02,2.1744585,41.416893412
2020S004438    ,Horta-Guinardó,el Guinardó,Telčgraf,Sunday,2020-09-27,Laboral,2020,9,September,27,Afternoon,16:00:00,Unknown,Car,Male,52,Driver,Unknown,Unknown,Leisure and entertainment,Uninjured,431103.79,4585571.02,2.1744585,41.416893412
2020S004439    ,Sants-Montjuďc,el Poble-sec,França Xica,Sunday,2020-09-27,Laboral,2020,9,September,27,Morning,13:00:00,Unknown,Motorcycle,Male,60,Driver,Unknown,Unknown,Leisure and entertainment,Minor injury: Medical assistance at accident site,429675.16,4580611.05,2.15794148,41.372096828
2020S004439    ,Sants-Montjuďc,el Poble-sec,França Xica,Sunday,2020-09-27,Laboral,2020,9,September,27,Morning,13:00:00,Unknown,Car,Female,55,Driver,Unknown,Unknown,Leisure and entertainment,Uninjured,429675.16,4580611.05,2.15794148,41.372096828
2020S004440    ,Nou Barris,la Prosperitat,Vesuvi,Sunday,2020-09-27,Laboral,2020,9,September,27,Afternoon,18:00:00,Creuar per fora pas de vianants,Car,Male,37,Driver,Outside the crossing,Unknown,Leisure and entertainment,Uninjured,432112.45,4588769.81,2.18616755,41.445789744
2020S004440    ,Nou Barris,la Prosperitat,Vesuvi,Sunday,2020-09-27,Laboral,2020,9,September,27,Afternoon,18:00:00,Creuar per fora pas de vianants,Car,Male,11,Pedestrian,Outside the crossing,Leisure and entertainment,Unknown,Minor injury: Hospitalization up to 24 hours,432112.45,4588769.81,2.18616755,41.445789744
2020S004441    ,Eixample,el Fort Pienc,Casp,Sunday,2020-09-27,Laboral,2020,9,September,27,Afternoon,18:00:00,Unknown,Motorcycle,Female,25,Driver,Unknown,Unknown,Leisure and entertainment,Minor injury: Hospitalization up to 24 hours,431550.08,4583274.04,2.18005825,41.396243385
2020S004441    ,Eixample,el Fort Pienc,Casp,Sunday,2020-09-27,Laboral,2020,9,September,27,Afternoon,18:00:00,Unknown,Motorcycle,Male,30,Driver,Unknown,Unknown,Leisure and entertainment,Uninjured,431550.08,4583274.04,2.18005825,41.396243385
2020S004442    ,Sant Martí,el Clot,Espronceda,Sunday,2020-09-27,Laboral,2020,9,September,27,Afternoon,20:00:00,Unknown,Motorcycle,Male,55,Driver,Unknown,Unknown,Unknown,Minor injury: Hospitalization up to 24 hours,432612.96,4585269.06,2.19254925,41.414301797
2020S004442    ,Sant Martí,el Clot,Espronceda,Sunday,2020-09-27,Laboral,2020,9,September,27,Afternoon,20:00:00,Unknown,Car,Male,25,Driver,Unknown,Unknown,Unknown,Uninjured,432612.96,4585269.06,2.19254925,41.414301797
2020S004442    ,Sant Martí,el Clot,Espronceda,Sunday,2020-09-27,Laboral,2020,9,September,27,Afternoon,20:00:00,Unknown,Car,Male,31,Passenger,Unknown,Unknown,Unknown,Uninjured,432612.96,4585269.06,2.19254925,41.414301797
2020S004443    ,Eixample,l'Antiga Esquerra de l'Eixample,Consell de Cent,Sunday,2020-09-27,Laboral,2020,9,September,27,Afternoon,20:00:00,Unknown,Veh. mobilitat personal sense motor,Male,23,Driver,Unknown,Unknown,Leisure and entertainment,Minor injury: Hospitalization up to 24 hours,429611.79,4582012.45,2.15702094,41.384713251
2020S004443    ,Eixample,l'Antiga Esquerra de l'Eixample,Consell de Cent,Sunday,2020-09-27,Laboral,2020,9,September,27,Afternoon,20:00:00,Unknown,Car,Male,23,Driver,Unknown,Unknown,Leisure and entertainment,Uninjured,429611.79,4582012.45,2.15702094,41.384713251
2020S004444    ,Sant Andreu,el Bon Pastor,Ciutat d'Asunción,Monday,2020-09-28,Laboral,2020,9,September,28,Night,01:00:00,Unknown,Motorcycle,Male,25,Driver,Unknown,Unknown,Unknown,Minor injury: Hospitalization up to 24 hours,433354.95,4587671.0,2.20116187,41.435997284
2020S004445    ,Sants-Montjuďc,la Marina del Prat Vermell,Litoral (Besňs),Monday,2020-09-28,Laboral,2020,9,September,28,Morning,07:00:00,Unknown,Motorcycle,Male,22,Driver,Unknown,Unknown,Unknown,Minor injury: Medical assistance at accident site,426266.65,4577015.89,2.11762464,41.339411361
2020S004445    ,Sants-Montjuďc,la Marina del Prat Vermell,Litoral (Besňs),Monday,2020-09-28,Laboral,2020,9,September,28,Morning,07:00:00,Unknown,Car,Male,41,Driver,Unknown,Unknown,Unknown,Uninjured,426266.65,4577015.89,2.11762464,41.339411361
2020S004446    ,Eixample,la Sagrada Família,Padilla,Monday,2020-09-28,Laboral,2020,9,September,28,Morning,07:00:00,Unknown,Car,Female,32,Driver,Unknown,Unknown,Other activities,Uninjured,431381.03,4584247.16,2.17792586,41.404993565
2020S004446    ,Eixample,la Sagrada Família,Padilla,Monday,2020-09-28,Laboral,2020,9,September,28,Morning,07:00:00,Unknown,Motorcycle,Male,62,Driver,Unknown,Unknown,Other activities,Minor injury: Hospitalization up to 24 hours,431381.03,4584247.16,2.17792586,41.404993565
2020S004447    ,Eixample,la Dreta de l'Eixample,Aragó,Monday,2020-09-28,Laboral,2020,9,September,28,Morning,09:00:00,Unknown,Car,Male,42,Driver,Unknown,Unknown,Other activities,Uninjured,430628.28,4583156.15,2.16904604,41.39510255
2020S004447    ,Eixample,la Dreta de l'Eixample,Aragó,Monday,2020-09-28,Laboral,2020,9,September,28,Morning,09:00:00,Unknown,Car,Male,57,Driver,Unknown,Unknown,Unknown,Uninjured,430628.28,4583156.15,2.16904604,41.39510255
2020S004447    ,Eixample,la Dreta de l'Eixample,Aragó,Monday,2020-09-28,Laboral,2020,9,September,28,Morning,09:00:00,Unknown,Car,Female,66,Passenger,Unknown,Unknown,Unknown,Minor injury: Hospitalization up to 24 hours,430628.28,4583156.15,2.16904604,41.39510255
2020S004448    ,Eixample,la Nova Esquerra de l'Eixample,Entença,Monday,2020-09-28,Laboral,2020,9,September,28,Morning,10:00:00,Unknown,Taxi,Male,45,Driver,Unknown,Unknown,Taxi,Uninjured,428800.22,4581712.72,2.14735069,41.38194223
2020S004448    ,Eixample,la Nova Esquerra de l'Eixample,Entença,Monday,2020-09-28,Laboral,2020,9,September,28,Morning,10:00:00,Unknown,Motorcycle,Male,31,Driver,Unknown,Unknown,In transit (commuting),Minor injury: Hospitalization up to 24 hours,428800.22,4581712.72,2.14735069,41.38194223
2020S004449    ,Horta-Guinardó,Horta,Porto,Monday,2020-09-28,Laboral,2020,9,September,28,Morning,10:00:00,Unknown,Autobús,Male,42,Passenger,Unknown,Unknown,Unknown,Uninjured,429671.62,4587014.19,2.15715488,41.429767351
2020S004449    ,Horta-Guinardó,Horta,Porto,Monday,2020-09-28,Laboral,2020,9,September,28,Morning,10:00:00,Unknown,Autobús,Male,52,Driver,Unknown,Unknown,Urban bus,Uninjured,429671.62,4587014.19,2.15715488,41.429767351
2020S004449    ,Horta-Guinardó,Horta,Porto,Monday,2020-09-28,Laboral,2020,9,September,28,Morning,10:00:00,Unknown,Autobús,Female,79,Passenger,Unknown,Unknown,Unknown,Minor injury: Hospitalization up to 24 hours,429671.62,4587014.19,2.15715488,41.429767351
2020S004450    ,Sant Martí,Provençals del Poblenou,Bilbao,Monday,2020-09-28,Laboral,2020,9,September,28,Morning,08:00:00,Unknown,Car,Male,49,Driver,Unknown,Unknown,Unknown,Uninjured,433118.0,4584373.93,2.19869079,41.40628182
2020S004450    ,Sant Martí,Provençals del Poblenou,Bilbao,Monday,2020-09-28,Laboral,2020,9,September,28,Morning,08:00:00,Unknown,Bicicleta,Female,18,Driver,Unknown,Unknown,Unknown,Minor injury: Hospitalization up to 24 hours,433118.0,4584373.93,2.19869079,41.40628182
2020S004451    ,Eixample,la Dreta de l'Eixample,Provença,Monday,2020-09-28,Laboral,2020,9,September,28,Morning,08:00:00,Unknown,Taxi,Female,52,Passenger,Unknown,Unknown,Unknown,Minor injury: Refused medical assistance,429852.75,4582965.57,2.15979213,41.393318749
2020S004451    ,Eixample,la Dreta de l'Eixample,Provença,Monday,2020-09-28,Laboral,2020,9,September,28,Morning,08:00:00,Unknown,Taxi,Male,35,Driver,Unknown,Unknown,In transit (commuting),Minor injury: Medical assistance at accident site,429852.75,4582965.57,2.15979213,41.393318749
2020S004451    ,Eixample,la Dreta de l'Eixample,Provença,Monday,2020-09-28,Laboral,2020,9,September,28,Morning,08:00:00,Unknown,Furgoneta,Male,55,Driver,Unknown,Unknown,In transit (commuting),Uninjured,429852.75,4582965.57,2.15979213,41.393318749
2020S004452    ,Eixample,l'Antiga Esquerra de l'Eixample,Casanova,Monday,2020-09-28,Laboral,2020,9,September,28,Morning,11:00:00,Unknown,Motorcycle,Male,62,Driver,Unknown,Unknown,Other activities,Minor injury: Hospitalization up to 24 hours,429477.63,4582393.46,2.15537215,41.388133125
2020S004452    ,Eixample,l'Antiga Esquerra de l'Eixample,Casanova,Monday,2020-09-28,Laboral,2020,9,September,28,Morning,11:00:00,Unknown,Furgoneta,Male,41,Driver,Unknown,Unknown,On a mission,Uninjured,429477.63,4582393.46,2.15537215,41.388133125
2020S004453    ,Sant Martí,la Verneda i la Pau,Corts Catalanes,Monday,2020-09-28,Laboral,2020,9,September,28,Morning,11:00:00,Unknown,Car,Female,21,Driver,Unknown,Unknown,Leisure and entertainment,Uninjured,433954.81,4585919.59,2.20853273,41.420272412
2020S004453    ,Sant Martí,la Verneda i la Pau,Corts Catalanes,Monday,2020-09-28,Laboral,2020,9,September,28,Morning,11:00:00,Unknown,Motorcycle,Male,56,Driver,Unknown,Unknown,Unknown,Minor injury: Medical assistance at accident site,433954.81,4585919.59,2.20853273,41.420272412
2020S004454    ,Eixample,la Dreta de l'Eixample,Cňrsega,Monday,2020-09-28,Laboral,2020,9,September,28,Morning,12:00:00,Unknown,Car,Female,26,Driver,Unknown,Unknown,Unknown,Minor injury: Hospitalization up to 24 hours,429648.79,4583171.11,2.15732877,41.395152152
2020S004454    ,Eixample,la Dreta de l'Eixample,Cňrsega,Monday,2020-09-28,Laboral,2020,9,September,28,Morning,12:00:00,Unknown,Motorcycle,Male,35,Driver,Unknown,Unknown,Unknown,Minor injury: Hospitalization up to 24 hours,429648.79,4583171.11,2.15732877,41.395152152
2020S004455    ,Eixample,el Fort Pienc,Aragó,Monday,2020-09-28,Laboral,2020,9,September,28,Afternoon,14:00:00,Unknown,Tot terreny,Male,61,Driver,Unknown,Unknown,Unknown,Minor injury: Medical assistance at accident site,431099.52,4583607.69,2.17463107,41.399209968
2020S004455    ,Eixample,el Fort Pienc,Aragó,Monday,2020-09-28,Laboral,2020,9,September,28,Afternoon,14:00:00,Unknown,Car,Female,83,Driver,Unknown,Unknown,Unknown,Uninjured,431099.52,4583607.69,2.17463107,41.399209968
2020S004456    ,Les Corts,Pedralbes,Diagonal,Monday,2020-09-28,Laboral,2020,9,September,28,Morning,09:00:00,Unknown,Motorcycle,Male,39,Driver,Unknown,Unknown,In transit (commuting),Minor injury: Hospitalization up to 24 hours,425404.65,4581888.6,2.1067238,41.383218483
2020S004456    ,Les Corts,Pedralbes,Diagonal,Monday,2020-09-28,Laboral,2020,9,September,28,Morning,09:00:00,Unknown,Car,Male,21,Driver,Unknown,Unknown,Leisure and entertainment,Uninjured,425404.65,4581888.6,2.1067238,41.383218483
2020S004457    ,Nou Barris,Porta,Včlia,Monday,2020-09-28,Laboral,2020,9,September,28,Morning,09:00:00,Unknown,Motorcycle,Male,30,Driver,Unknown,Unknown,Leisure and entertainment,Minor injury: Hospitalization up to 24 hours,431643.27,4587233.44,2.18072528,41.431912372
2020S004457    ,Nou Barris,Porta,Včlia,Monday,2020-09-28,Laboral,2020,9,September,28,Morning,09:00:00,Unknown,Car,Male,21,Driver,Unknown,Unknown,Leisure and entertainment,Uninjured,431643.27,4587233.44,2.18072528,41.431912372
2020S004458    ,Grŕcia,la Vila de Grŕcia,Cňrsega,Monday,2020-09-28,Laboral,2020,9,September,28,Morning,11:00:00,Unknown,Car,Male,49,Driver,Unknown,Unknown,Unknown,Uninjured,429961.33,4583478.82,2.16103141,41.397950888
2020S004458    ,Grŕcia,la Vila de Grŕcia,Cňrsega,Monday,2020-09-28,Laboral,2020,9,September,28,Morning,11:00:00,Unknown,Motorcycle,Male,43,Driver,Unknown,Unknown,Unknown,Minor injury: Medical assistance at accident site,429961.33,4583478.82,2.16103141,41.397950888
2020S004459    ,Sant Andreu,el Bon Pastor,Potosí,Monday,2020-09-28,Laboral,2020,9,September,28,Morning,12:00:00,Unknown,Furgoneta,Male,50,Driver,Unknown,Unknown,On a mission,Uninjured,433632.5,4588495.99,2.20439305,41.443450716
2020S004459    ,Sant Andreu,el Bon Pastor,Potosí,Monday,2020-09-28,Laboral,2020,9,September,28,Morning,12:00:00,Unknown,Veh. mobilitat personal amb motor,Male,70,Driver,Unknown,Unknown,Leisure and entertainment,Minor injury: Hospitalization up to 24 hours,433632.5,4588495.99,2.20439305,41.443450716
2020S004460    ,Les Corts,les Corts,Carles III,Monday,2020-09-28,Laboral,2020,9,September,28,Afternoon,17:00:00,Unknown,Car,Male,30,Driver,Unknown,Unknown,Leisure and entertainment,Uninjured,427197.07,4582531.78,2.1280812,41.389175632
2020S004460    ,Les Corts,les Corts,Carles III,Monday,2020-09-28,Laboral,2020,9,September,28,Afternoon,17:00:00,Unknown,Car,Female,60,Driver,Unknown,Unknown,Leisure and entertainment,Minor injury: Hospitalization up to 24 hours,427197.07,4582531.78,2.1280812,41.389175632
2020S004461    ,Nou Barris,la Prosperitat,Meridiana,Monday,2020-09-28,Laboral,2020,9,September,28,Afternoon,14:00:00,Desobeir el senyal del semŕfor,Autobús,Male,57,Driver,In crossing regulated by traffic lights,Unknown,Bus de línia discrecional,Uninjured,432110.09,4588605.39,2.18615779,41.444308672
2020S004461    ,Nou Barris,la Prosperitat,Meridiana,Monday,2020-09-28,Laboral,2020,9,September,28,Afternoon,14:00:00,Desobeir el senyal del semŕfor,Autobús,Female,28,Pedestrian,In crossing regulated by traffic lights,On a mission,Unknown,Serious injury: Hospitalization over 24 hours,432110.09,4588605.39,2.18615779,41.444308672
2020S004462    ,Horta-Guinardó,Sant Genís dels Agudells,Sant Cugat,Monday,2020-09-28,Laboral,2020,9,September,28,Afternoon,17:00:00,Unknown,Motorcycle,Male,26,Passenger,Unknown,Unknown,Unknown,Minor injury: Refused medical assistance,427254.48,4586448.94,2.12829671,41.424461009
2020S004462    ,Horta-Guinardó,Sant Genís dels Agudells,Sant Cugat,Monday,2020-09-28,Laboral,2020,9,September,28,Afternoon,17:00:00,Unknown,Motorcycle,Male,26,Driver,Unknown,Unknown,Leisure and entertainment,Minor injury: Hospitalization up to 24 hours,427254.48,4586448.94,2.12829671,41.424461009
2020S004463    ,Sants-Montjuďc,la Marina del Prat Vermell,Litoral (Llobregat),Monday,2020-09-28,Laboral,2020,9,September,28,Afternoon,17:00:00,Unknown,Car,Female,45,Driver,Unknown,Unknown,Leisure and entertainment,Uninjured,430641.86,4579587.95,2.16961705,41.362965978
2020S004463    ,Sants-Montjuďc,la Marina del Prat Vermell,Litoral (Llobregat),Monday,2020-09-28,Laboral,2020,9,September,28,Afternoon,17:00:00,Unknown,Motorcycle,Male,50,Driver,Unknown,Unknown,In transit (commuting),Minor injury: Medical assistance at accident site,430641.86,4579587.95,2.16961705,41.362965978
2020S004464    ,Grŕcia,Vallcarca i els Penitents,Vallcarca,Monday,2020-09-28,Laboral,2020,9,September,28,Afternoon,18:00:00,Unknown,Motorcycle,Female,25,Driver,Unknown,Unknown,In transit (commuting),Minor injury: Hospitalization up to 24 hours,428508.41,4585102.13,2.14346071,41.412443473
2020S004464    ,Grŕcia,Vallcarca i els Penitents,Vallcarca,Monday,2020-09-28,Laboral,2020,9,September,28,Afternoon,18:00:00,Unknown,Car,Male,48,Driver,Unknown,Unknown,Unknown,Uninjured,428508.41,4585102.13,2.14346071,41.412443473
2020S004465    ,Nou Barris,Porta,Valldaura,Monday,2020-09-28,Laboral,2020,9,September,28,Morning,13:00:00,Creuar per fora pas de vianants,Motorcycle,Male,46,Driver,Unknown,Unknown,Leisure and entertainment,Minor injury: Hospitalization up to 24 hours,431577.83,4588010.3,2.17985411,41.438903699
2020S004465    ,Nou Barris,Porta,Valldaura,Monday,2020-09-28,Laboral,2020,9,September,28,Morning,13:00:00,Creuar per fora pas de vianants,Motorcycle,Female,50,Pedestrian,Unknown,Unknown,Unknown,Uninjured,431577.83,4588010.3,2.17985411,41.438903699
2020S004466    ,Nou Barris,el Turó de la Peira,Fabra i Puig,Monday,2020-09-28,Laboral,2020,9,September,28,Morning,13:00:00,Unknown,Autobús,Male,88,Passenger,Unknown,Unknown,Unknown,Minor injury: Medical assistance at accident site,430579.61,4587097.87,2.16801137,41.430600059
2020S004466    ,Nou Barris,el Turó de la Peira,Fabra i Puig,Monday,2020-09-28,Laboral,2020,9,September,28,Morning,13:00:00,Unknown,Autobús,Male,63,Passenger,Unknown,Unknown,Unknown,Minor injury: Hospitalization up to 24 hours,430579.61,4587097.87,2.16801137,41.430600059
2020S004466    ,Nou Barris,el Turó de la Peira,Fabra i Puig,Monday,2020-09-28,Laboral,2020,9,September,28,Morning,13:00:00,Unknown,Autobús,Female,46,Driver,Unknown,Unknown,Urban bus,Uninjured,430579.61,4587097.87,2.16801137,41.430600059
2020S004467    ,Sarriŕ-Sant Gervasi,Sant Gervasi - Galvany,Augusta,Monday,2020-09-28,Laboral,2020,9,September,28,Afternoon,20:00:00,Unknown,Motorcycle,Female,40,Driver,Unknown,Unknown,Unknown,Minor injury: Hospitalization up to 24 hours,428171.82,4583499.48,2.13962406,41.397979019
2020S004467    ,Sarriŕ-Sant Gervasi,Sant Gervasi - Galvany,Augusta,Monday,2020-09-28,Laboral,2020,9,September,28,Afternoon,20:00:00,Unknown,Car,Female,42,Driver,Unknown,Unknown,Unknown,Uninjured,428171.82,4583499.48,2.13962406,41.397979019