Case_Number,District_Name,Neighborhood_Name,Street_Name,Day_of_Week,Date,Day_Type_Description,Year,Month_of_Year,Month_Name,Day_of_Month,Shift_Description,Hour_of_Day,Pedestrian_Cause_Description,Involved_Vehicle_Type_Description,Gender_Description,Age,Person_Type_Description,Pedestrian_Accident_Location_Description,Pedestrian_Movement_Reason_Description,Driver_Movement_Reason_Description,Victimization_Description,Coordenada_UTM_X,Coordenada_UTM_Y,Longitud,Latitud
2020S004468    ,Sarriŕ-Sant Gervasi,les Tres Torres,General Mitre,Monday,2020-09-28,Laboral,2020,9,September,28,Afternoon,16:00:00,Unknown,Motorcycle,Female,60,Driver,Unknown,Unknown,Unknown,Minor injury: Hospitalization up to 24 hours,427678.99,4583241.88,2.13375996,41.395614721
2020S004468    ,Sarriŕ-Sant Gervasi,les Tres Torres,General Mitre,Monday,2020-09-28,Laboral,2020,9,September,28,Afternoon,16:00:00,Unknown,Motorcycle,Male,62,Passenger,Unknown,Unknown,Unknown,Minor injury: Medical assistance at accident site,427678.99,4583241.88,2.13375996,41.395614721
2020S004469    ,Les Corts,la Maternitat i Sant Ramon,Diagonal,Monday,2020-09-28,Laboral,2020,9,September,28,Morning,13:00:00,Unknown,Car,Male,56,Driver,Unknown,Unknown,Leisure and entertainment,Uninjured,425960.02,4582013.56,2.11334992,41.384395273
2020S004469    ,Les Corts,la Maternitat i Sant Ramon,Diagonal,Monday,2020-09-28,Laboral,2020,9,September,28,Morning,13:00:00,Unknown,Furgoneta,Male,41,Driver,Unknown,Unknown,On a mission,Minor injury: Medical assistance at accident site,425960.02,4582013.56,2.11334992,41.384395273
2020S004469    ,Les Corts,la Maternitat i Sant Ramon,Diagonal,Monday,2020-09-28,Laboral,2020,9,September,28,Morning,13:00:00,Unknown,Car,Male,62,Passenger,Unknown,Unknown,Unknown,Minor injury: Medical assistance at accident site,425960.02,4582013.56,2.11334992,41.384395273
2020S004469    ,Les Corts,la Maternitat i Sant Ramon,Diagonal,Monday,2020-09-28,Laboral,2020,9,September,28,Morning,13:00:00,Unknown,Furgoneta,Male,38,Driver,Unknown,Unknown,On a mission,Uninjured,425960.02,4582013.56,2.11334992,41.384395273
2020S004470    ,Ciutat Vella,"Sant Pere, Santa Caterina i la Ribera",Palau,Monday,2020-09-28,Laboral,2020,9,September,28,Afternoon,14:00:00,Unknown,Motorcycle,Male,56,Driver,Unknown,Unknown,In transit (commuting),Minor injury: Hospitalization up to 24 hours,431767.49,4581764.84,2.18282882,41.382668924
2020S004470    ,Ciutat Vella,"Sant Pere, Santa Caterina i la Ribera",Palau,Monday,2020-09-28,Laboral,2020,9,September,28,Afternoon,14:00:00,Unknown,Car,Male,41,Driver,Unknown,Unknown,Unknown,Uninjured,431767.49,4581764.84,2.18282882,41.382668924
2020S004471    ,Sants-Montjuďc,Hostafrancs,Tarragona,Monday,2020-09-28,Laboral,2020,9,September,28,Afternoon,14:00:00,Unknown,Furgoneta,Male,56,Driver,Unknown,Unknown,Unknown,Uninjured,428686.46,4581256.39,2.14604403,41.377822142
2020S004471    ,Sants-Montjuďc,Hostafrancs,Tarragona,Monday,2020-09-28,Laboral,2020,9,September,28,Afternoon,14:00:00,Unknown,Motorcycle,Male,64,Driver,Unknown,Unknown,Unknown,Minor injury: Hospitalization up to 24 hours,428686.46,4581256.39,2.14604403,41.377822142
2020S004472    ,Horta-Guinardó,el Baix Guinardó,Lepant,Monday,2020-09-28,Laboral,2020,9,September,28,Morning,12:00:00,Unknown,Motorcycle,Male,62,Driver,Unknown,Unknown,Unknown,Minor injury: Hospitalization up to 24 hours,430572.43,4584893.25,2.16817867,41.410743214
2020S004472    ,Horta-Guinardó,el Baix Guinardó,Lepant,Monday,2020-09-28,Laboral,2020,9,September,28,Morning,12:00:00,Unknown,Motorcycle,Male,45,Driver,Unknown,Unknown,In transit (commuting),Minor injury: Refused medical assistance,430572.43,4584893.25,2.16817867,41.410743214
2020S004473    ,Grŕcia,el Camp d'en Grassot i Grŕcia Nova,Sant Joan,Monday,2020-09-28,Laboral,2020,9,September,28,Afternoon,17:00:00,Unknown,Furgoneta,Male,58,Driver,Unknown,Unknown,Unknown,Uninjured,430251.59,4584031.68,2.16443958,41.402955557
2020S004473    ,Grŕcia,el Camp d'en Grassot i Grŕcia Nova,Sant Joan,Monday,2020-09-28,Laboral,2020,9,September,28,Afternoon,17:00:00,Unknown,Autobús,Female,68,Passenger,Unknown,Unknown,Unknown,Minor injury: Hospitalization up to 24 hours,430251.59,4584031.68,2.16443958,41.402955557
2020S004473    ,Grŕcia,el Camp d'en Grassot i Grŕcia Nova,Sant Joan,Monday,2020-09-28,Laboral,2020,9,September,28,Afternoon,17:00:00,Unknown,Autobús,Male,28,Driver,Unknown,Unknown,Regular line bus,Uninjured,430251.59,4584031.68,2.16443958,41.402955557
2020S004474    ,Sarriŕ-Sant Gervasi,Sant Gervasi - Galvany,Aribau,Monday,2020-09-28,Laboral,2020,9,September,28,Afternoon,21:00:00,Unknown,Motorcycle,Female,30,Driver,Unknown,Unknown,Unknown,Minor injury: Hospitalization up to 24 hours,428785.11,4583497.3,2.14696007,41.398013964
2020S004474    ,Sarriŕ-Sant Gervasi,Sant Gervasi - Galvany,Aribau,Monday,2020-09-28,Laboral,2020,9,September,28,Afternoon,21:00:00,Unknown,Car,Female,59,Driver,Unknown,Unknown,Leisure and entertainment,Uninjured,428785.11,4583497.3,2.14696007,41.398013964
2020S004475    ,Grŕcia,la Vila de Grŕcia,Augusta,Monday,2020-09-28,Laboral,2020,9,September,28,Night,23:00:00,Unknown,Bicicleta,Female,21,Driver,Unknown,Unknown,In transit (commuting),Minor injury: Hospitalization up to 24 hours,429225.21,4583698.89,2.15220068,41.39986849
2020S004476    ,Sarriŕ-Sant Gervasi,Sant Gervasi - la Bonanova,Manuel Arnús,Monday,2020-09-28,Laboral,2020,9,September,28,Afternoon,19:00:00,Creuar per fora pas de vianants,Motorcycle,Male,49,Pedestrian,Unknown,Leisure and entertainment,Unknown,Uninjured,427195.21,4585879.85,2.12765602,41.419330102
2020S004476    ,Sarriŕ-Sant Gervasi,Sant Gervasi - la Bonanova,Manuel Arnús,Monday,2020-09-28,Laboral,2020,9,September,28,Afternoon,19:00:00,Creuar per fora pas de vianants,Motorcycle,Male,39,Driver,Unknown,Unknown,In transit (commuting),Minor injury: Medical assistance at accident site,427195.21,4585879.85,2.12765602,41.419330102
2020S004477    ,Sarriŕ-Sant Gervasi,Sant Gervasi - Galvany,Pau Casals,Monday,2020-09-28,Laboral,2020,9,September,28,Afternoon,20:00:00,Unknown,Motorcycle,Male,22,Driver,Unknown,Unknown,Other activities,Uninjured,428536.68,4582972.75,2.14405046,41.393267486
2020S004477    ,Sarriŕ-Sant Gervasi,Sant Gervasi - Galvany,Pau Casals,Monday,2020-09-28,Laboral,2020,9,September,28,Afternoon,20:00:00,Unknown,Bicicleta,Male,40,Driver,Unknown,Unknown,Other activities,Minor injury: Hospitalization up to 24 hours,428536.68,4582972.75,2.14405046,41.393267486
2020S004478    ,Sant Andreu,Navas,Espronceda,Tuesday,2020-09-29,Laboral,2020,9,September,29,Morning,07:00:00,Unknown,Motorcycle,Male,34,Driver,Unknown,Unknown,Unknown,Minor injury: Hospitalization up to 24 hours,432042.04,4585890.06,2.18564871,41.419846846
2020S004478    ,Sant Andreu,Navas,Espronceda,Tuesday,2020-09-29,Laboral,2020,9,September,29,Morning,07:00:00,Unknown,Furgoneta,Male,46,Driver,Unknown,Unknown,In transit (commuting),Uninjured,432042.04,4585890.06,2.18564871,41.419846846
2020S004479    ,Sarriŕ-Sant Gervasi,Sant Gervasi - la Bonanova,Dalt (Llobregat),Tuesday,2020-09-29,Laboral,2020,9,September,29,Morning,10:00:00,Transitar a peu per la calçada,Car,Female,37,Driver,Others,Unknown,Leisure and entertainment,Uninjured,427900.3,4585391.51,2.13615081,41.414995444
2020S004479    ,Sarriŕ-Sant Gervasi,Sant Gervasi - la Bonanova,Dalt (Llobregat),Tuesday,2020-09-29,Laboral,2020,9,September,29,Morning,10:00:00,Others,Car,Female,37,Driver,Others,Unknown,Leisure and entertainment,Uninjured,427900.3,4585391.51,2.13615081,41.414995444
2020S004479    ,Sarriŕ-Sant Gervasi,Sant Gervasi - la Bonanova,Dalt (Llobregat),Tuesday,2020-09-29,Laboral,2020,9,September,29,Morning,10:00:00,Others,Car,Female,67,Pedestrian,Others,Unknown,Unknown,Minor injury: Medical assistance at accident site,427900.3,4585391.51,2.13615081,41.414995444
2020S004479    ,Sarriŕ-Sant Gervasi,Sant Gervasi - la Bonanova,Dalt (Llobregat),Tuesday,2020-09-29,Laboral,2020,9,September,29,Morning,10:00:00,Transitar a peu per la calçada,Car,Female,67,Pedestrian,Others,Unknown,Unknown,Minor injury: Medical assistance at accident site,427900.3,4585391.51,2.13615081,41.414995444
2020S004480    ,Eixample,la Dreta de l'Eixample,Grŕcia,Tuesday,2020-09-29,Laboral,2020,9,September,29,Morning,11:00:00,Unknown,Furgoneta,Male,52,Driver,Unknown,Unknown,On a mission,Uninjured,430056.1,4583030.32,2.16221682,41.393919652
2020S004480    ,Eixample,la Dreta de l'Eixample,Grŕcia,Tuesday,2020-09-29,Laboral,2020,9,September,29,Morning,11:00:00,Unknown,Motorcycle,Female,49,Driver,Unknown,Unknown,On a mission,Minor injury: Hospitalization up to 24 hours,430056.1,4583030.32,2.16221682,41.393919652
2020S004481    ,Eixample,l'Antiga Esquerra de l'Eixample,Villarroel,Tuesday,2020-09-29,Laboral,2020,9,September,29,Morning,11:00:00,Unknown,Furgoneta,Female,50,Pedestrian,Outside the crossing,Unknown,Unknown,Minor injury: Hospitalization up to 24 hours,429368.56,4582279.16,2.15408106,41.387094088
2020S004481    ,Eixample,l'Antiga Esquerra de l'Eixample,Villarroel,Tuesday,2020-09-29,Laboral,2020,9,September,29,Morning,11:00:00,Unknown,Furgoneta,Male,54,Driver,Outside the crossing,Unknown,Unknown,Uninjured,429368.56,4582279.16,2.15408106,41.387094088
2020S004482    ,Ciutat Vella,la Barceloneta,Pepe Rubianes,Monday,2020-09-28,Laboral,2020,9,September,28,Afternoon,18:00:00,Unknown,Car,Male,42,Driver,Unknown,Unknown,Leisure and entertainment,Minor injury: Refused medical assistance,432370.4,4581279.61,2.19009299,41.378349513
2020S004482    ,Ciutat Vella,la Barceloneta,Pepe Rubianes,Monday,2020-09-28,Laboral,2020,9,September,28,Afternoon,18:00:00,Unknown,Car,Male,30,Driver,Unknown,Unknown,Leisure and entertainment,Uninjured,432370.4,4581279.61,2.19009299,41.378349513
2020S004483    ,Horta-Guinardó,la Font d'en Fargues,Llobregós,Tuesday,2020-09-29,Laboral,2020,9,September,29,Morning,11:00:00,Desobeir el senyal del semŕfor,Motorcycle,Male,51,Driver,In crossing regulated by traffic lights,Unknown,Unknown,Uninjured,430216.0,4586797.04,2.16369466,41.42785907
2020S004483    ,Horta-Guinardó,la Font d'en Fargues,Llobregós,Tuesday,2020-09-29,Laboral,2020,9,September,29,Morning,11:00:00,Desobeir el senyal del semŕfor,Motorcycle,Male,77,Pedestrian,In crossing regulated by traffic lights,Unknown,Unknown,Minor injury: Hospitalization up to 24 hours,430216.0,4586797.04,2.16369466,41.42785907
2020S004484    ,Sarriŕ-Sant Gervasi,Sant Gervasi - la Bonanova,Sant Gervasi,Tuesday,2020-09-29,Laboral,2020,9,September,29,Morning,13:00:00,Unknown,Taxi,Male,48,Driver,Unknown,Unknown,Taxi,Uninjured,427698.19,4584518.62,2.13383704,41.407115526
2020S004484    ,Sarriŕ-Sant Gervasi,Sant Gervasi - la Bonanova,Sant Gervasi,Tuesday,2020-09-29,Laboral,2020,9,September,29,Morning,13:00:00,Unknown,Motorcycle,Male,23,Driver,Unknown,Unknown,In transit (commuting),Minor injury: Hospitalization up to 24 hours,427698.19,4584518.62,2.13383704,41.407115526
2020S004485    ,Grŕcia,el Camp d'en Grassot i Grŕcia Nova,Ca l'Alegre de Dalt,Tuesday,2020-09-29,Laboral,2020,9,September,29,Morning,12:00:00,Unknown,Motorcycle,Female,29,Driver,Unknown,Unknown,Unknown,Minor injury: Hospitalization up to 24 hours,430096.16,4584575.15,2.16251748,41.407836896
2020S004485    ,Grŕcia,el Camp d'en Grassot i Grŕcia Nova,Ca l'Alegre de Dalt,Tuesday,2020-09-29,Laboral,2020,9,September,29,Morning,12:00:00,Unknown,Furgoneta,Male,28,Driver,Unknown,Unknown,Unknown,Uninjured,430096.16,4584575.15,2.16251748,41.407836896
2020S004486    ,Eixample,la Dreta de l'Eixample,Diagonal,Tuesday,2020-09-29,Laboral,2020,9,September,29,Afternoon,15:00:00,Unknown,Motorcycle,Male,28,Driver,Unknown,Unknown,Leisure and entertainment,Minor injury: Hospitalization up to 24 hours,430948.38,4583654.04,2.1728179,41.399614455
2020S004486    ,Eixample,la Dreta de l'Eixample,Diagonal,Tuesday,2020-09-29,Laboral,2020,9,September,29,Afternoon,15:00:00,Unknown,Car,Female,53,Driver,Unknown,Unknown,Leisure and entertainment,Uninjured,430948.38,4583654.04,2.1728179,41.399614455
2020S004487    ,Sants-Montjuďc,la Marina de Port,Zona Franca,Tuesday,2020-09-29,Laboral,2020,9,September,29,Afternoon,16:00:00,Unknown,Car,Female,51,Driver,Unknown,Unknown,Taxi,Unknown,428110.61,4579288.7,2.13939165,41.360048566
2020S004487    ,Sants-Montjuďc,la Marina de Port,Zona Franca,Tuesday,2020-09-29,Laboral,2020,9,September,29,Afternoon,16:00:00,Unknown,Car,Male,55,Driver,Unknown,Unknown,Unknown,Unknown,428110.61,4579288.7,2.13939165,41.360048566
2020S004488    ,Les Corts,la Maternitat i Sant Ramon,Diagonal,Tuesday,2020-09-29,Laboral,2020,9,September,29,Afternoon,15:00:00,Unknown,Car,Female,62,Driver,Unknown,Unknown,In transit (commuting),Uninjured,426848.13,4582296.78,2.12393639,41.387027408
2020S004488    ,Les Corts,la Maternitat i Sant Ramon,Diagonal,Tuesday,2020-09-29,Laboral,2020,9,September,29,Afternoon,15:00:00,Unknown,Motorcycle,Male,23,Driver,Unknown,Unknown,Unknown,Minor injury: Hospitalization up to 24 hours,426848.13,4582296.78,2.12393639,41.387027408
2020S004489    ,Les Corts,Pedralbes,Dalt (Besňs),Tuesday,2020-09-29,Laboral,2020,9,September,29,Afternoon,17:00:00,Unknown,Motorcycle,Male,45,Driver,Unknown,Unknown,In transit (commuting),Minor injury: Hospitalization up to 24 hours,425648.78,4583019.77,2.10950432,41.393429037
2020S004489    ,Les Corts,Pedralbes,Dalt (Besňs),Tuesday,2020-09-29,Laboral,2020,9,September,29,Afternoon,17:00:00,Unknown,Car,Male,45,Driver,Unknown,Unknown,Unknown,Uninjured,425648.78,4583019.77,2.10950432,41.393429037
2020S004489    ,Les Corts,Pedralbes,Dalt (Besňs),Tuesday,2020-09-29,Laboral,2020,9,September,29,Afternoon,17:00:00,Unknown,Car,Male,47,Driver,Unknown,Unknown,Unknown,Uninjured,425648.78,4583019.77,2.10950432,41.393429037
2020S004490    ,Sarriŕ-Sant Gervasi,el Putxet i el Farró,General Mitre,Tuesday,2020-09-29,Laboral,2020,9,September,29,Afternoon,15:00:00,Unknown,Motorcycle,Female,25,Driver,Unknown,Unknown,Unknown,Uninjured,428852.95,4584342.97,2.14767208,41.405636604
2020S004490    ,Sarriŕ-Sant Gervasi,el Putxet i el Farró,General Mitre,Tuesday,2020-09-29,Laboral,2020,9,September,29,Afternoon,15:00:00,Unknown,Motorcycle,Female,50,Driver,Unknown,Unknown,Unknown,Minor injury: Hospitalization up to 24 hours,428852.95,4584342.97,2.14767208,41.405636604
2020S004491    ,Sants-Montjuďc,Hostafrancs,Bordeta,Tuesday,2020-09-29,Laboral,2020,9,September,29,Morning,13:00:00,Unknown,Car,Male,29,Driver,Unknown,Unknown,Unknown,Uninjured,428798.8,4580840.67,2.14743621,41.374087845
2020S004491    ,Sants-Montjuďc,Hostafrancs,Bordeta,Tuesday,2020-09-29,Laboral,2020,9,September,29,Morning,13:00:00,Unknown,Motorcycle,Male,30,Driver,Unknown,Unknown,Unknown,Minor injury: Hospitalization up to 24 hours,428798.8,4580840.67,2.14743621,41.374087845
2020S004492    ,Eixample,l'Antiga Esquerra de l'Eixample,Diagonal,Tuesday,2020-09-29,Laboral,2020,9,September,29,Afternoon,17:00:00,Unknown,Motorcycle,Female,27,Driver,Unknown,Unknown,In transit (commuting),Minor injury: Hospitalization up to 24 hours,429002.19,4583024.82,2.14961207,41.393777714
2020S004492    ,Eixample,l'Antiga Esquerra de l'Eixample,Diagonal,Tuesday,2020-09-29,Laboral,2020,9,September,29,Afternoon,17:00:00,Unknown,Taxi,Male,43,Driver,Unknown,Unknown,Taxi,Uninjured,429002.19,4583024.82,2.14961207,41.393777714
2020S004493    ,Ciutat Vella,el Raval,Drassanes,Tuesday,2020-09-29,Laboral,2020,9,September,29,Afternoon,15:00:00,Unknown,Motorcycle,Male,56,Driver,Unknown,Unknown,Leisure and entertainment,Minor injury: Hospitalization up to 24 hours,431192.91,4581025.01,2.17604168,41.375956516
2020S004493    ,Ciutat Vella,el Raval,Drassanes,Tuesday,2020-09-29,Laboral,2020,9,September,29,Afternoon,15:00:00,Unknown,Car,Male,20,Driver,Unknown,Unknown,Leisure and entertainment,Uninjured,431192.91,4581025.01,2.17604168,41.375956516
2020S004494    ,Eixample,la Dreta de l'Eixample,Rosselló,Tuesday,2020-09-29,Laboral,2020,9,September,29,Afternoon,18:00:00,Unknown,Motorcycle,Male,64,Driver,Unknown,Unknown,Leisure and entertainment,Minor injury: Medical assistance at accident site,430481.09,4583769.91,2.16721501,41.40061777
2020S004494    ,Eixample,la Dreta de l'Eixample,Rosselló,Tuesday,2020-09-29,Laboral,2020,9,September,29,Afternoon,18:00:00,Unknown,Motorcycle,Male,34,Driver,Unknown,Unknown,Leisure and entertainment,Minor injury: Medical assistance at accident site,430481.09,4583769.91,2.16721501,41.40061777
2020S004495    ,Ciutat Vella,"Sant Pere, Santa Caterina i la Ribera",Isabel II,Tuesday,2020-09-29,Laboral,2020,9,September,29,Afternoon,20:00:00,Unknown,Motorcycle,Male,19,Driver,Unknown,Unknown,Leisure and entertainment,Minor injury: Hospitalization up to 24 hours,431742.93,4581619.47,2.1825515,41.381357531
2020S004495    ,Ciutat Vella,"Sant Pere, Santa Caterina i la Ribera",Isabel II,Tuesday,2020-09-29,Laboral,2020,9,September,29,Afternoon,20:00:00,Unknown,Car,Female,46,Driver,Unknown,Unknown,Leisure and entertainment,Uninjured,431742.93,4581619.47,2.1825515,41.381357531
2020S004496    ,Sants-Montjuďc,el Poble-sec,Paralˇlel,Tuesday,2020-09-29,Laboral,2020,9,September,29,Afternoon,20:00:00,Unknown,Motorcycle,Male,36,Driver,Unknown,Unknown,Leisure and entertainment,Minor injury: Hospitalization up to 24 hours,429521.66,4580914.56,2.15607083,41.374817013
2020S004496    ,Sants-Montjuďc,el Poble-sec,Paralˇlel,Tuesday,2020-09-29,Laboral,2020,9,September,29,Afternoon,20:00:00,Unknown,Car,Male,56,Driver,Unknown,Unknown,Unknown,Uninjured,429521.66,4580914.56,2.15607083,41.374817013
2020S004497    ,Ciutat Vella,el Raval,Portal de la Pau,Tuesday,2020-09-29,Laboral,2020,9,September,29,Afternoon,18:00:00,Unknown,Autobús,Male,52,Driver,Unknown,Unknown,Urban bus,Uninjured,431229.39,4581076.77,2.17647201,41.376425825
2020S004497    ,Ciutat Vella,el Raval,Portal de la Pau,Tuesday,2020-09-29,Laboral,2020,9,September,29,Afternoon,18:00:00,Unknown,Autobús,Female,71,Passenger,Unknown,Unknown,Unknown,Minor injury: Hospitalization up to 24 hours,431229.39,4581076.77,2.17647201,41.376425825
2020S004498    ,Sant Martí,la Verneda i la Pau,Ca n'Oliva,Tuesday,2020-09-29,Laboral,2020,9,September,29,Afternoon,17:00:00,Unknown,Car,Female,32,Driver,Unknown,Unknown,Leisure and entertainment,Uninjured,433790.77,4586202.07,2.20653895,41.422803123
2020S004498    ,Sant Martí,la Verneda i la Pau,Ca n'Oliva,Tuesday,2020-09-29,Laboral,2020,9,September,29,Afternoon,17:00:00,Unknown,Car,Male,44,Driver,Unknown,Unknown,Leisure and entertainment,Minor injury: Hospitalization up to 24 hours,433790.77,4586202.07,2.20653895,41.422803123
2020S004499    ,Eixample,la Dreta de l'Eixample,Aragó,Tuesday,2020-09-29,Laboral,2020,9,September,29,Afternoon,20:00:00,Unknown,Car,Male,52,Driver,Unknown,Unknown,Other activities,Uninjured,430414.02,4582990.45,2.16650235,41.393591622
2020S004499    ,Eixample,la Dreta de l'Eixample,Aragó,Tuesday,2020-09-29,Laboral,2020,9,September,29,Afternoon,20:00:00,Unknown,Motorcycle,Male,43,Driver,Unknown,Unknown,Other activities,Minor injury: Hospitalization up to 24 hours,430414.02,4582990.45,2.16650235,41.393591622
2020S004500    ,Nou Barris,Can Peguera,Urrutia,Wednesday,2020-09-30,Laboral,2020,9,September,30,Night,01:00:00,Unknown,Car,Male,45,Driver,Unknown,Unknown,Unknown,Uninjured,430430.05,4587665.61,2.16615614,41.435700528
2020S004501    ,Sarriŕ-Sant Gervasi,Sant Gervasi - Galvany,General Mitre,Wednesday,2020-09-30,Laboral,2020,9,September,30,Morning,07:00:00,Unknown,Motorcycle,Male,43,Driver,Unknown,Unknown,Unknown,Minor injury: Hospitalization up to 24 hours,427655.06,4583522.62,2.13344018,41.39814108
2020S004501    ,Sarriŕ-Sant Gervasi,Sant Gervasi - Galvany,General Mitre,Wednesday,2020-09-30,Laboral,2020,9,September,30,Morning,07:00:00,Unknown,Car,Male,38,Driver,Unknown,Unknown,Unknown,Uninjured,427655.06,4583522.62,2.13344018,41.39814108
2020S004502    ,Sant Martí,la Verneda i la Pau,Cantŕbria,Wednesday,2020-09-30,Laboral,2020,9,September,30,Morning,08:00:00,Unknown,Motorcycle,Male,48,Driver,Unknown,Unknown,In transit (commuting),Minor injury: Hospitalization up to 24 hours,433245.67,4586412.35,2.19999303,41.424651921
2020S004502    ,Sant Martí,la Verneda i la Pau,Cantŕbria,Wednesday,2020-09-30,Laboral,2020,9,September,30,Morning,08:00:00,Unknown,Car,Male,65,Driver,Unknown,Unknown,Unknown,Uninjured,433245.67,4586412.35,2.19999303,41.424651921
2020S004502    ,Sant Martí,la Verneda i la Pau,Cantŕbria,Wednesday,2020-09-30,Laboral,2020,9,September,30,Morning,08:00:00,Unknown,Car,Female,34,Passenger,Unknown,Unknown,Unknown,Minor injury: Hospitalization up to 24 hours,433245.67,4586412.35,2.19999303,41.424651921
2020S004503    ,Sants-Montjuďc,Sants,Brasil,Wednesday,2020-09-30,Laboral,2020,9,September,30,Morning,09:00:00,Unknown,Furgoneta,Male,57,Driver,Unknown,Unknown,Unknown,Uninjured,427362.69,4581195.28,2.13022226,41.377153277
2020S004503    ,Sants-Montjuďc,Sants,Brasil,Wednesday,2020-09-30,Laboral,2020,9,September,30,Morning,09:00:00,Unknown,Car,Female,29,Driver,Unknown,Unknown,Unknown,Minor injury: Hospitalization up to 24 hours,427362.69,4581195.28,2.13022226,41.377153277
2020S004503    ,Sants-Montjuďc,Sants,Brasil,Wednesday,2020-09-30,Laboral,2020,9,September,30,Morning,09:00:00,Unknown,Furgoneta,Male,40,Driver,Unknown,Unknown,Unknown,Minor injury: Hospitalization up to 24 hours,427362.69,4581195.28,2.13022226,41.377153277
2020S004504    ,Les Corts,la Maternitat i Sant Ramon,Diagonal,Wednesday,2020-09-30,Laboral,2020,9,September,30,Morning,08:00:00,Unknown,Car,Male,27,Driver,Unknown,Unknown,In transit (commuting),Uninjured,425497.61,4581866.91,2.10783813,41.383031749
2020S004504    ,Les Corts,la Maternitat i Sant Ramon,Diagonal,Wednesday,2020-09-30,Laboral,2020,9,September,30,Morning,08:00:00,Unknown,Ciclomotor,Female,54,Driver,Unknown,Unknown,Unknown,Minor injury: Medical assistance at accident site,425497.61,4581866.91,2.10783813,41.383031749
2020S004505    ,Sant Martí,el Besňs i el Maresme,Francesc de Borja Moll,Wednesday,2020-09-30,Laboral,2020,9,September,30,Morning,10:00:00,Unknown,"Camió rígid <= 3,5 tones",Male,44,Driver,Unknown,Unknown,Professional goods transport,Uninjured,434824.81,4585102.61,2.2190309,41.412985153
2020S004506    ,Sants-Montjuďc,la Marina de Port,Corts Catalanes,Wednesday,2020-09-30,Laboral,2020,9,September,30,Morning,11:00:00,Unknown,Autobús,Female,53,Passenger,Unknown,Unknown,Unknown,Minor injury: Hospitalization up to 24 hours,428042.6,4580028.1,2.13849087,41.366702015
2020S004506    ,Sants-Montjuďc,la Marina de Port,Corts Catalanes,Wednesday,2020-09-30,Laboral,2020,9,September,30,Morning,11:00:00,Unknown,Autobús,Female,72,Passenger,Unknown,Unknown,Unknown,Minor injury: Hospitalization up to 24 hours,428042.6,4580028.1,2.13849087,41.366702015
2020S004506    ,Sants-Montjuďc,la Marina de Port,Corts Catalanes,Wednesday,2020-09-30,Laboral,2020,9,September,30,Morning,11:00:00,Unknown,Autobús,Female,50,Driver,Unknown,Unknown,Unknown,Uninjured,428042.6,4580028.1,2.13849087,41.366702015
2020S004507    ,Sant Andreu,Sant Andreu,Pare Manyanet,Wednesday,2020-09-30,Laboral,2020,9,September,30,Morning,12:00:00,Unknown,Car,Female,37,Driver,In an unregulated crossing,Unknown,Unknown,Uninjured,432596.77,4586785.63,2.19218642,41.427959723
2020S004507    ,Sant Andreu,Sant Andreu,Pare Manyanet,Wednesday,2020-09-30,Laboral,2020,9,September,30,Morning,12:00:00,Unknown,Car,Male,40,Pedestrian,In an unregulated crossing,Unknown,Unknown,Minor injury: Medical assistance at accident site,432596.77,4586785.63,2.19218642,41.427959723
2020S004508    ,Eixample,l'Antiga Esquerra de l'Eixample,Aragó,Wednesday,2020-09-30,Laboral,2020,9,September,30,Morning,13:00:00,Unknown,Motorcycle,Female,37,Driver,Unknown,Unknown,In transit (commuting),Minor injury: Hospitalization up to 24 hours,429862.12,4582405.47,2.15996909,41.388274931
2020S004508    ,Eixample,l'Antiga Esquerra de l'Eixample,Aragó,Wednesday,2020-09-30,Laboral,2020,9,September,30,Morning,13:00:00,Unknown,Car,Male,68,Driver,Unknown,Unknown,Unknown,Uninjured,429862.12,4582405.47,2.15996909,41.388274931
2020S004509    ,Sarriŕ-Sant Gervasi,"Vallvidrera, el Tibidabo i les Planes",Vallvidrera a les Planes,Wednesday,2020-09-30,Laboral,2020,9,September,30,Morning,09:00:00,Unknown,Car,Female,40,Driver,Unknown,Unknown,Unknown,Minor injury: Medical assistance at accident site,424683.79,4585883.92,2.0976061,41.419135157
2020S004510    ,Sarriŕ-Sant Gervasi,Sant Gervasi - Galvany,Mig (Ascendent),Wednesday,2020-09-30,Laboral,2020,9,September,30,Afternoon,14:00:00,Unknown,Motorcycle,Male,26,Driver,Unknown,Unknown,On a mission,Minor injury: Hospitalization up to 24 hours,427677.2,4583309.49,2.13373047,41.396223497
2020S004510    ,Sarriŕ-Sant Gervasi,Sant Gervasi - Galvany,Mig (Ascendent),Wednesday,2020-09-30,Laboral,2020,9,September,30,Afternoon,14:00:00,Unknown,Car,Female,52,Driver,Unknown,Unknown,In transit (commuting),Uninjured,427677.2,4583309.49,2.13373047,41.396223497
2020S004511    ,Les Corts,les Corts,Mig (Descendent),Wednesday,2020-09-30,Laboral,2020,9,September,30,Afternoon,15:00:00,Unknown,Car,Male,51,Driver,Unknown,Unknown,Other activities,Minor injury: Hospitalization up to 24 hours,427347.13,4582899.16,2.12983177,41.392498052
2020S004511    ,Les Corts,les Corts,Mig (Descendent),Wednesday,2020-09-30,Laboral,2020,9,September,30,Afternoon,15:00:00,Unknown,Car,Female,61,Driver,Unknown,Unknown,Leisure and entertainment,Uninjured,427347.13,4582899.16,2.12983177,41.392498052