Case_Number,District_Name,Neighborhood_Name,Street_Name,Day_of_Week,Date,Day_Type_Description,Year,Month_of_Year,Month_Name,Day_of_Month,Shift_Description,Hour_of_Day,Pedestrian_Cause_Description,Involved_Vehicle_Type_Description,Gender_Description,Age,Person_Type_Description,Pedestrian_Accident_Location_Description,Pedestrian_Movement_Reason_Description,Driver_Movement_Reason_Description,Victimization_Description,Coordenada_UTM_X,Coordenada_UTM_Y,Longitud,Latitud
2020S004556    ,Sants-Montjuďc,la Marina del Prat Vermell,Longitudinal 5,Friday,2020-10-02,Laboral,2020,10,October,2,Morning,12:00:00,Unknown,Altres vehicles amb motor,Male,48,Driver,Unknown,Unknown,On a mission,Uninjured,426329.83,4575965.87,2.1185071,41.32995997
2020S004557    ,Sant Martí,la Verneda i la Pau,Cantŕbria,Friday,2020-10-02,Laboral,2020,10,October,2,Morning,10:00:00,Unknown,Car,Male,74,Driver,Unknown,Unknown,Leisure and entertainment,Uninjured,433122.44,4586300.72,2.19853077,41.423636247
2020S004558    ,Sants-Montjuďc,Hostafrancs,Espanya,Friday,2020-10-02,Laboral,2020,10,October,2,Morning,11:00:00,Unknown,Motorcycle,Male,41,Driver,Unknown,Unknown,Unknown,Minor injury: Hospitalization up to 24 hours,428875.86,4580985.95,2.14834056,41.375403152
2020S004558    ,Sants-Montjuďc,Hostafrancs,Espanya,Friday,2020-10-02,Laboral,2020,10,October,2,Morning,11:00:00,Unknown,Car,Male,35,Driver,Unknown,Unknown,Taxi,Uninjured,428875.86,4580985.95,2.14834056,41.375403152
2020S004559    ,Eixample,l'Antiga Esquerra de l'Eixample,Balmes,Friday,2020-10-02,Laboral,2020,10,October,2,Morning,12:00:00,Unknown,Motorcycle,Male,18,Passenger,Unknown,Unknown,Unknown,Minor injury: Medical assistance at accident site,429622.07,4582977.82,2.15703166,41.393408916
2020S004559    ,Eixample,l'Antiga Esquerra de l'Eixample,Balmes,Friday,2020-10-02,Laboral,2020,10,October,2,Morning,12:00:00,Unknown,Motorcycle,Male,44,Driver,Unknown,Unknown,Leisure and entertainment,Uninjured,429622.07,4582977.82,2.15703166,41.393408916
2020S004560    ,Eixample,l'Antiga Esquerra de l'Eixample,Aragó,Friday,2020-10-02,Laboral,2020,10,October,2,Afternoon,14:00:00,Unknown,Car,Female,36,Driver,Unknown,Unknown,Leisure and entertainment,Uninjured,429845.9,4582433.84,2.15977182,41.388529035
2020S004560    ,Eixample,l'Antiga Esquerra de l'Eixample,Aragó,Friday,2020-10-02,Laboral,2020,10,October,2,Afternoon,14:00:00,Unknown,Motorcycle,Male,47,Driver,Unknown,Unknown,Leisure and entertainment,Minor injury: Hospitalization up to 24 hours,429845.9,4582433.84,2.15977182,41.388529035
2020S004561    ,Eixample,la Sagrada Família,Rosselló,Friday,2020-10-02,Laboral,2020,10,October,2,Afternoon,14:00:00,Unknown,Motorcycle,Female,26,Driver,Unknown,Unknown,On a mission,Minor injury: Medical assistance at accident site,431060.6,4584368.44,2.17407884,41.406058465
2020S004561    ,Eixample,la Sagrada Família,Rosselló,Friday,2020-10-02,Laboral,2020,10,October,2,Afternoon,14:00:00,Unknown,Car,Male,50,Driver,Unknown,Unknown,On a mission,Uninjured,431060.6,4584368.44,2.17407884,41.406058465
2020S004562    ,Les Corts,la Maternitat i Sant Ramon,Diagonal,Friday,2020-10-02,Laboral,2020,10,October,2,Afternoon,16:00:00,Unknown,Motorcycle,Male,26,Driver,Unknown,Unknown,Leisure and entertainment,Minor injury: Hospitalization up to 24 hours,426590.9,4582222.46,2.12086913,41.386334594
2020S004562    ,Les Corts,la Maternitat i Sant Ramon,Diagonal,Friday,2020-10-02,Laboral,2020,10,October,2,Afternoon,16:00:00,Unknown,Car,Male,61,Driver,Unknown,Unknown,Other activities,Uninjured,426590.9,4582222.46,2.12086913,41.386334594
2020S004562    ,Les Corts,la Maternitat i Sant Ramon,Diagonal,Friday,2020-10-02,Laboral,2020,10,October,2,Afternoon,16:00:00,Unknown,Motorcycle,Female,26,Passenger,Unknown,Unknown,Unknown,Minor injury: Hospitalization up to 24 hours,426590.9,4582222.46,2.12086913,41.386334594
2020S004563    ,Horta-Guinardó,Sant Genís dels Agudells,Natzaret,Friday,2020-10-02,Laboral,2020,10,October,2,Afternoon,15:00:00,Creuar per fora pas de vianants,Car,Female,32,Pedestrian,Outside the crossing,Leisure and entertainment,Unknown,Minor injury: Hospitalization up to 24 hours,428007.63,4586854.79,2.13726066,41.428184205
2020S004563    ,Horta-Guinardó,Sant Genís dels Agudells,Natzaret,Friday,2020-10-02,Laboral,2020,10,October,2,Afternoon,15:00:00,Creuar per fora pas de vianants,Car,Male,22,Driver,Outside the crossing,Unknown,On a mission,Uninjured,428007.63,4586854.79,2.13726066,41.428184205
2020S004564    ,Eixample,Sant Antoni,Sant Pau,Friday,2020-10-02,Laboral,2020,10,October,2,Afternoon,16:00:00,Unknown,Veh. mobilitat personal amb motor,Male,32,Driver,Unknown,Unknown,Unknown,Minor injury: Hospitalization up to 24 hours,430129.98,4581301.68,2.16329994,41.378356761
2020S004564    ,Eixample,Sant Antoni,Sant Pau,Friday,2020-10-02,Laboral,2020,10,October,2,Afternoon,16:00:00,Unknown,Bicicleta,Male,21,Driver,Unknown,Unknown,On a mission,Uninjured,430129.98,4581301.68,2.16329994,41.378356761
2020S004565    ,Grŕcia,el Camp d'en Grassot i Grŕcia Nova,Sardenya,Friday,2020-10-02,Laboral,2020,10,October,2,Afternoon,15:00:00,Unknown,Motorcycle,Female,26,Driver,Unknown,Unknown,Unknown,Minor injury: Hospitalization up to 24 hours,430820.48,4584236.55,2.17122139,41.404849935
2020S004565    ,Grŕcia,el Camp d'en Grassot i Grŕcia Nova,Sardenya,Friday,2020-10-02,Laboral,2020,10,October,2,Afternoon,15:00:00,Unknown,Bicicleta,Male,19,Driver,Unknown,Unknown,On a mission,Uninjured,430820.48,4584236.55,2.17122139,41.404849935
2020S004566    ,Eixample,la Sagrada Família,Valčncia,Friday,2020-10-02,Laboral,2020,10,October,2,Afternoon,15:00:00,Desobeir el senyal del semŕfor,Motorcycle,Male,55,Pedestrian,In crossing regulated by traffic lights,Leisure and entertainment,Unknown,Minor injury: Hospitalization up to 24 hours,431400.04,4584104.6,2.17816944,41.403711195
2020S004566    ,Eixample,la Sagrada Família,Valčncia,Friday,2020-10-02,Laboral,2020,10,October,2,Afternoon,15:00:00,Desobeir el senyal del semŕfor,Motorcycle,Female,48,Driver,In crossing regulated by traffic lights,Unknown,Leisure and entertainment,Minor injury: Hospitalization up to 24 hours,431400.04,4584104.6,2.17816944,41.403711195
2020S004567    ,Sant Martí,el Poblenou,Pere IV,Friday,2020-10-02,Laboral,2020,10,October,2,Afternoon,20:00:00,Unknown,Motorcycle,Male,27,Driver,Unknown,Unknown,Unknown,Uninjured,432872.61,4583712.12,2.19582862,41.400300609
2020S004567    ,Sant Martí,el Poblenou,Pere IV,Friday,2020-10-02,Laboral,2020,10,October,2,Afternoon,20:00:00,Unknown,Bicicleta,Male,37,Driver,Unknown,Unknown,Unknown,Minor injury: Hospitalization up to 24 hours,432872.61,4583712.12,2.19582862,41.400300609
2020S004568    ,Eixample,la Dreta de l'Eixample,Corts Catalanes,Friday,2020-10-02,Laboral,2020,10,October,2,Afternoon,17:00:00,Unknown,Furgoneta,Male,33,Driver,Unknown,Unknown,Unknown,Uninjured,430557.83,4582516.3,2.1682768,41.389333538
2020S004568    ,Eixample,la Dreta de l'Eixample,Corts Catalanes,Friday,2020-10-02,Laboral,2020,10,October,2,Afternoon,17:00:00,Unknown,Motorcycle,Male,29,Driver,Unknown,Unknown,Unknown,Minor injury: Medical assistance at accident site,430557.83,4582516.3,2.1682768,41.389333538
2020S004568    ,Eixample,la Dreta de l'Eixample,Corts Catalanes,Friday,2020-10-02,Laboral,2020,10,October,2,Afternoon,17:00:00,Unknown,Motorcycle,Male,34,Driver,Unknown,Unknown,Unknown,Minor injury: Hospitalization up to 24 hours,430557.83,4582516.3,2.1682768,41.389333538
2020S004569    ,Les Corts,la Maternitat i Sant Ramon,Martí i Franqučs,Friday,2020-10-02,Laboral,2020,10,October,2,Afternoon,20:00:00,Unknown,Motorcycle,Male,33,Driver,Unknown,Unknown,Unknown,Minor injury: Hospitalization up to 24 hours,426397.19,4582070.49,2.118571,41.384948154
2020S004569    ,Les Corts,la Maternitat i Sant Ramon,Martí i Franqučs,Friday,2020-10-02,Laboral,2020,10,October,2,Afternoon,20:00:00,Unknown,Car,Female,24,Driver,Unknown,Unknown,Unknown,Uninjured,426397.19,4582070.49,2.118571,41.384948154
2020S004570    ,Nou Barris,la Prosperitat,Valldaura,Friday,2020-10-02,Laboral,2020,10,October,2,Afternoon,20:00:00,Unknown,Car,Male,38,Driver,Unknown,Unknown,Unknown,Uninjured,431696.92,4588060.55,2.18127381,41.439366428
2020S004570    ,Nou Barris,la Prosperitat,Valldaura,Friday,2020-10-02,Laboral,2020,10,October,2,Afternoon,20:00:00,Unknown,Bicicleta,Male,34,Driver,Unknown,Unknown,Unknown,Minor injury: Medical assistance at accident site,431696.92,4588060.55,2.18127381,41.439366428
2020S004571    ,Eixample,l'Antiga Esquerra de l'Eixample,Aragó,Friday,2020-10-02,Laboral,2020,10,October,2,Afternoon,19:00:00,Unknown,Motorcycle,Male,46,Driver,Unknown,Unknown,In transit (commuting),Minor injury: Hospitalization up to 24 hours,429870.6,4582413.71,2.16006956,41.388349885
2020S004571    ,Eixample,l'Antiga Esquerra de l'Eixample,Aragó,Friday,2020-10-02,Laboral,2020,10,October,2,Afternoon,19:00:00,Unknown,Motorcycle,Female,45,Driver,Unknown,Unknown,In transit (commuting),Minor injury: Hospitalization up to 24 hours,429870.6,4582413.71,2.16006956,41.388349885
2020S004572    ,Sarriŕ-Sant Gervasi,Sant Gervasi - la Bonanova,Mandri,Saturday,2020-10-03,Laboral,2020,10,October,3,Night,01:00:00,Unknown,Car,Male,19,Passenger,Unknown,Unknown,Unknown,Minor injury: Hospitalization up to 24 hours,427652.24,4584160.93,2.13333012,41.403889824
2020S004572    ,Sarriŕ-Sant Gervasi,Sant Gervasi - la Bonanova,Mandri,Saturday,2020-10-03,Laboral,2020,10,October,3,Night,01:00:00,Unknown,Car,Female,24,Driver,Unknown,Unknown,Unknown,Minor injury: Hospitalization up to 24 hours,427652.24,4584160.93,2.13333012,41.403889824
2020S004572    ,Sarriŕ-Sant Gervasi,Sant Gervasi - la Bonanova,Mandri,Saturday,2020-10-03,Laboral,2020,10,October,3,Night,01:00:00,Unknown,Car,Male,19,Driver,Unknown,Unknown,Unknown,Minor injury: Hospitalization up to 24 hours,427652.24,4584160.93,2.13333012,41.403889824
2020S004573    ,Nou Barris,Porta,Maladeta,Friday,2020-10-02,Laboral,2020,10,October,2,Night,22:00:00,Unknown,Motorcycle,Male,34,Driver,Unknown,Unknown,Leisure and entertainment,Minor injury: Medical assistance at accident site,431134.77,4587406.23,2.17462004,41.433425164
2020S004573    ,Nou Barris,Porta,Maladeta,Friday,2020-10-02,Laboral,2020,10,October,2,Night,22:00:00,Unknown,Car,Female,38,Driver,Unknown,Unknown,Leisure and entertainment,Uninjured,431134.77,4587406.23,2.17462004,41.433425164
2020S004574    ,Sarriŕ-Sant Gervasi,Sant Gervasi - Galvany,Augusta,Saturday,2020-10-03,Laboral,2020,10,October,3,Night,02:00:00,Unknown,Car,Male,48,Driver,Unknown,Unknown,Other activities,Uninjured,428004.86,4583465.19,2.13763108,41.397655243
2020S004574    ,Sarriŕ-Sant Gervasi,Sant Gervasi - Galvany,Augusta,Saturday,2020-10-03,Laboral,2020,10,October,3,Night,02:00:00,Unknown,Car,Male,29,Driver,Unknown,Unknown,Other activities,Minor injury: Hospitalization up to 24 hours,428004.86,4583465.19,2.13763108,41.397655243
2020S004575    ,Sant Andreu,la Trinitat Vella,B-20 (Llobregat),Saturday,2020-10-03,Laboral,2020,10,October,3,Night,01:00:00,Unknown,Car,Male,44,Driver,Unknown,Unknown,Leisure and entertainment,Minor injury: Hospitalization up to 24 hours,432744.11,4589215.09,2.19367906,41.449853429
2020S004575    ,Sant Andreu,la Trinitat Vella,B-20 (Llobregat),Saturday,2020-10-03,Laboral,2020,10,October,3,Night,01:00:00,Unknown,Car,Female,38,Driver,Unknown,Unknown,Unknown,Serious injury: Hospitalization over 24 hours,432744.11,4589215.09,2.19367906,41.449853429
2020S004575    ,Sant Andreu,la Trinitat Vella,B-20 (Llobregat),Saturday,2020-10-03,Laboral,2020,10,October,3,Night,01:00:00,Unknown,Car,Female,46,Passenger,Unknown,Unknown,Unknown,Serious injury: Hospitalization over 24 hours,432744.11,4589215.09,2.19367906,41.449853429
2020S004576    ,Horta-Guinardó,la Font d'en Fargues,Maragall,Saturday,2020-10-03,Laboral,2020,10,October,3,Morning,10:00:00,Unknown,Car,Male,79,Driver,Unknown,Unknown,Unknown,Uninjured,430252.64,4586788.18,2.16413415,41.427782456
2020S004576    ,Horta-Guinardó,la Font d'en Fargues,Maragall,Saturday,2020-10-03,Laboral,2020,10,October,3,Morning,10:00:00,Unknown,Motorcycle,Male,25,Driver,Unknown,Unknown,Unknown,Minor injury: Hospitalization up to 24 hours,430252.64,4586788.18,2.16413415,41.427782456
2020S004577    ,Eixample,l'Antiga Esquerra de l'Eixample,Aragó,Saturday,2020-10-03,Laboral,2020,10,October,3,Morning,10:00:00,Unknown,Car,Male,76,Driver,Unknown,Unknown,In transit (commuting),Uninjured,429881.38,4582424.2,2.16019727,41.388445306
2020S004577    ,Eixample,l'Antiga Esquerra de l'Eixample,Aragó,Saturday,2020-10-03,Laboral,2020,10,October,3,Morning,10:00:00,Unknown,Ciclomotor,Male,47,Driver,Unknown,Unknown,In transit (commuting),Minor injury: Medical assistance at accident site,429881.38,4582424.2,2.16019727,41.388445306
2020S004578    ,Sant Andreu,el Bon Pastor,Arbeca,Saturday,2020-10-03,Laboral,2020,10,October,3,Morning,12:00:00,Unknown,Motorcycle,Male,45,Driver,Unknown,Unknown,Unknown,Uninjured,433926.02,4588042.75,2.20795604,41.439392745
2020S004578    ,Sant Andreu,el Bon Pastor,Arbeca,Saturday,2020-10-03,Laboral,2020,10,October,3,Morning,12:00:00,Unknown,Motorcycle,Female,38,Passenger,Unknown,Unknown,Unknown,Minor injury: Hospitalization up to 24 hours,433926.02,4588042.75,2.20795604,41.439392745
2020S004578    ,Sant Andreu,el Bon Pastor,Arbeca,Saturday,2020-10-03,Laboral,2020,10,October,3,Morning,12:00:00,Unknown,Car,Male,42,Driver,Unknown,Unknown,Unknown,Uninjured,433926.02,4588042.75,2.20795604,41.439392745
2020S004579    ,Sants-Montjuďc,Sants,Berlín,Saturday,2020-10-03,Laboral,2020,10,October,3,Morning,13:00:00,Unknown,Motorcycle,Male,39,Driver,Unknown,Unknown,Unknown,Minor injury: Hospitalization up to 24 hours,428086.48,4581832.77,2.13880127,41.382959962
2020S004579    ,Sants-Montjuďc,Sants,Berlín,Saturday,2020-10-03,Laboral,2020,10,October,3,Morning,13:00:00,Unknown,Motorcycle,Male,58,Driver,Unknown,Unknown,Unknown,Minor injury: Hospitalization up to 24 hours,428086.48,4581832.77,2.13880127,41.382959962
2020S004580    ,Sarriŕ-Sant Gervasi,les Tres Torres,Carril,Saturday,2020-10-03,Laboral,2020,10,October,3,Morning,12:00:00,Unknown,Car,Female,59,Driver,Unknown,Unknown,Other activities,Uninjured,427386.95,4583506.34,2.13023518,41.397970274
2020S004580    ,Sarriŕ-Sant Gervasi,les Tres Torres,Carril,Saturday,2020-10-03,Laboral,2020,10,October,3,Morning,12:00:00,Unknown,Motorcycle,Male,22,Driver,Unknown,Unknown,Other activities,Minor injury: Medical assistance at accident site,427386.95,4583506.34,2.13023518,41.397970274
2020S004581    ,Sarriŕ-Sant Gervasi,el Putxet i el Farró,General Mitre,Saturday,2020-10-03,Laboral,2020,10,October,3,Afternoon,14:00:00,Unknown,Car,Male,25,Driver,Unknown,Unknown,Unknown,Uninjured,428273.21,4584231.67,2.14075002,41.404582623
2020S004581    ,Sarriŕ-Sant Gervasi,el Putxet i el Farró,General Mitre,Saturday,2020-10-03,Laboral,2020,10,October,3,Afternoon,14:00:00,Unknown,Motorcycle,Female,57,Driver,Unknown,Unknown,Unknown,Minor injury: Hospitalization up to 24 hours,428273.21,4584231.67,2.14075002,41.404582623
2020S004582    ,Sarriŕ-Sant Gervasi,les Tres Torres,Mig (Descendent),Friday,2020-10-02,Laboral,2020,10,October,2,Morning,12:00:00,Unknown,Ciclomotor,Female,27,Driver,Unknown,Unknown,In transit (commuting),Minor injury: Refused medical assistance,427707.3,4583220.56,2.13410112,41.395425248
2020S004583    ,Horta-Guinardó,la Vall d'Hebron,Vall d'Hebron,Friday,2020-10-02,Laboral,2020,10,October,2,Afternoon,21:00:00,Unknown,Veh. mobilitat personal amb motor,Female,62,Pedestrian,On the sidewalk,Unknown,Unknown,Minor injury: Hospitalization up to 24 hours,428953.07,4587664.98,2.14847933,41.43556547
2020S004584    ,Ciutat Vella,el Barri Gňtic,Rambla,Friday,2020-10-02,Laboral,2020,10,October,2,Afternoon,19:00:00,Unknown,Veh. mobilitat personal amb motor,Female,33,Driver,Unknown,Unknown,Other activities,Minor injury: Hospitalization up to 24 hours,430811.39,4581916.38,2.17137788,41.3839521
2020S004585    ,Nou Barris,Vilapicina i la Torre Llobeta,Fabra i Puig,Saturday,2020-10-03,Laboral,2020,10,October,3,Afternoon,18:00:00,Unknown,Veh. mobilitat personal amb motor,Female,64,Pedestrian,On the sidewalk,Leisure and entertainment,Unknown,Minor injury: Medical assistance at accident site,431371.64,4587040.12,2.17749647,41.430148029
2020S004585    ,Nou Barris,Vilapicina i la Torre Llobeta,Fabra i Puig,Saturday,2020-10-03,Laboral,2020,10,October,3,Afternoon,18:00:00,Unknown,Veh. mobilitat personal amb motor,Male,25,Driver,On the sidewalk,Unknown,In transit (commuting),Uninjured,431371.64,4587040.12,2.17749647,41.430148029
2020S004586    ,Eixample,el Fort Pienc,Marina,Saturday,2020-10-03,Laboral,2020,10,October,3,Morning,10:00:00,Unknown,Veh. mobilitat personal amb motor,Female,58,Driver,Unknown,Unknown,Unknown,Minor injury: Medical assistance at accident site,431847.78,4583352.9,2.18361019,41.396978955
2020S004587    ,Sant Andreu,el Bon Pastor,Litoral (Besňs),Saturday,2020-10-03,Laboral,2020,10,October,3,Afternoon,18:00:00,Unknown,Car,Male,65,Driver,Unknown,Unknown,Other activities,Uninjured,433996.6,4587900.48,2.20881637,41.43811717
2020S004587    ,Sant Andreu,el Bon Pastor,Litoral (Besňs),Saturday,2020-10-03,Laboral,2020,10,October,3,Afternoon,18:00:00,Unknown,Car,Female,32,Driver,Unknown,Unknown,Unknown,Uninjured,433996.6,4587900.48,2.20881637,41.43811717
2020S004587    ,Sant Andreu,el Bon Pastor,Litoral (Besňs),Saturday,2020-10-03,Laboral,2020,10,October,3,Afternoon,18:00:00,Unknown,Car,Male,61,Passenger,Unknown,Unknown,Unknown,Minor injury: Hospitalization up to 24 hours,433996.6,4587900.48,2.20881637,41.43811717
2020S004588    ,Sant Andreu,el Bon Pastor,Caracas,Saturday,2020-10-03,Laboral,2020,10,October,3,Afternoon,19:00:00,Unknown,Car,Male,13,Passenger,Unknown,Unknown,Unknown,Minor injury: Hospitalization up to 24 hours,433487.27,4588613.29,2.20264174,41.444495174
2020S004588    ,Sant Andreu,el Bon Pastor,Caracas,Saturday,2020-10-03,Laboral,2020,10,October,3,Afternoon,19:00:00,Unknown,Car,Male,54,Driver,Unknown,Unknown,Unknown,Minor injury: Hospitalization up to 24 hours,433487.27,4588613.29,2.20264174,41.444495174
2020S004588    ,Sant Andreu,el Bon Pastor,Caracas,Saturday,2020-10-03,Laboral,2020,10,October,3,Afternoon,19:00:00,Unknown,Car,Female,51,Passenger,Unknown,Unknown,Unknown,Minor injury: Hospitalization up to 24 hours,433487.27,4588613.29,2.20264174,41.444495174
2020S004588    ,Sant Andreu,el Bon Pastor,Caracas,Saturday,2020-10-03,Laboral,2020,10,October,3,Afternoon,19:00:00,Unknown,Car,Female,53,Driver,Unknown,Unknown,Unknown,Minor injury: Hospitalization up to 24 hours,433487.27,4588613.29,2.20264174,41.444495174
2020S004589    ,Eixample,la Dreta de l'Eixample,Pau Claris,Saturday,2020-10-03,Laboral,2020,10,October,3,Afternoon,21:00:00,Unknown,Motorcycle,Male,31,Passenger,Unknown,Unknown,Unknown,Minor injury: Hospitalization up to 24 hours,430341.75,4583004.82,2.16563631,41.393714788
2020S004589    ,Eixample,la Dreta de l'Eixample,Pau Claris,Saturday,2020-10-03,Laboral,2020,10,October,3,Afternoon,21:00:00,Unknown,Motorcycle,Female,28,Driver,Unknown,Unknown,Other activities,Minor injury: Hospitalization up to 24 hours,430341.75,4583004.82,2.16563631,41.393714788
2020S004590    ,Nou Barris,Canyelles,Favčncia,Thursday,2020-09-17,Laboral,2020,9,September,17,Morning,13:00:00,Desobeir el senyal del semŕfor,Car,Female,31,Driver,In crossing regulated by traffic lights,Unknown,Leisure and entertainment,Uninjured,430457.12,4588348.41,2.1664015,41.441852588
2020S004590    ,Nou Barris,Canyelles,Favčncia,Thursday,2020-09-17,Laboral,2020,9,September,17,Morning,13:00:00,Others,Car,Male,65,Pedestrian,In crossing regulated by traffic lights,Unknown,Unknown,Minor injury: Hospitalization up to 24 hours,430457.12,4588348.41,2.1664015,41.441852588
2020S004590    ,Nou Barris,Canyelles,Favčncia,Thursday,2020-09-17,Laboral,2020,9,September,17,Morning,13:00:00,Others,Car,Female,31,Driver,In crossing regulated by traffic lights,Unknown,Leisure and entertainment,Uninjured,430457.12,4588348.41,2.1664015,41.441852588
2020S004590    ,Nou Barris,Canyelles,Favčncia,Thursday,2020-09-17,Laboral,2020,9,September,17,Morning,13:00:00,Desobeir el senyal del semŕfor,Car,Male,65,Pedestrian,In crossing regulated by traffic lights,Unknown,Unknown,Minor injury: Hospitalization up to 24 hours,430457.12,4588348.41,2.1664015,41.441852588
2020S004591    ,Les Corts,les Corts,Sarriŕ,Saturday,2020-10-03,Laboral,2020,10,October,3,Afternoon,21:00:00,Unknown,Car,Male,27,Driver,Unknown,Unknown,Unknown,Uninjured,427430.32,4582878.74,2.1308292,41.392321652
2020S004591    ,Les Corts,les Corts,Sarriŕ,Saturday,2020-10-03,Laboral,2020,10,October,3,Afternoon,21:00:00,Unknown,Motorcycle,Male,41,Driver,Unknown,Unknown,Unknown,Uninjured,427430.32,4582878.74,2.1308292,41.392321652
2020S004592    ,Sant Martí,Provençals del Poblenou,Josep Pla,Saturday,2020-10-03,Laboral,2020,10,October,3,Afternoon,21:00:00,Unknown,Car,Male,46,Driver,Unknown,Unknown,Unknown,Uninjured,434171.38,4585017.61,2.21122234,41.412166291
2020S004592    ,Sant Martí,Provençals del Poblenou,Josep Pla,Saturday,2020-10-03,Laboral,2020,10,October,3,Afternoon,21:00:00,Unknown,Motorcycle,Male,20,Passenger,Unknown,Unknown,Unknown,Minor injury: Hospitalization up to 24 hours,434171.38,4585017.61,2.21122234,41.412166291
2020S004592    ,Sant Martí,Provençals del Poblenou,Josep Pla,Saturday,2020-10-03,Laboral,2020,10,October,3,Afternoon,21:00:00,Unknown,Motorcycle,Female,20,Driver,Unknown,Unknown,Other activities,Minor injury: Hospitalization up to 24 hours,434171.38,4585017.61,2.21122234,41.412166291
2020S004593    ,Sant Martí,Diagonal Mar i el Front Marítim del Poblenou,Taulat,Saturday,2020-10-03,Laboral,2020,10,October,3,Night,22:00:00,Unknown,Ciclomotor,Female,21,Passenger,Unknown,Unknown,Unknown,Minor injury: Hospitalization up to 24 hours,434095.82,4584048.78,2.2104239,41.403434079
2020S004593    ,Sant Martí,Diagonal Mar i el Front Marítim del Poblenou,Taulat,Saturday,2020-10-03,Laboral,2020,10,October,3,Night,22:00:00,Unknown,Ciclomotor,Male,22,Driver,Unknown,Unknown,Unknown,Minor injury: Hospitalization up to 24 hours,434095.82,4584048.78,2.2104239,41.403434079
2020S004594    ,Ciutat Vella,el Barri Gňtic,Cucurulla,Sunday,2020-10-04,Laboral,2020,10,October,4,Night,00:00:00,Unknown,"Camió rígid > 3,5 tones",Male,63,Driver,Unknown,Unknown,Cleaning or garbage collection service,Uninjured,431044.89,4581958.53,2.17416547,41.384351792
2020S004595    ,Eixample,Sant Antoni,Muntaner,Sunday,2020-10-04,Laboral,2020,10,October,4,Night,01:00:00,Unknown,Car,Male,39,Driver,Unknown,Unknown,Leisure and entertainment,Uninjured,430103.27,4581911.22,2.1629102,41.38384438
2020S004595    ,Eixample,Sant Antoni,Muntaner,Sunday,2020-10-04,Laboral,2020,10,October,4,Night,01:00:00,Unknown,Motorcycle,Female,28,Driver,Unknown,Unknown,Leisure and entertainment,Minor injury: Refused medical assistance,430103.27,4581911.22,2.1629102,41.38384438
2020S004596    ,Horta-Guinardó,Sant Genís dels Agudells,Sant Cugat,Sunday,2020-10-04,Laboral,2020,10,October,4,Night,01:00:00,Unknown,Car,Male,27,Driver,Unknown,Unknown,Unknown,Uninjured,427751.37,4587228.07,2.1341494,41.431523149
2020S004597    ,Sants-Montjuďc,la Marina de Port,Mare de Déu de Port,Sunday,2020-10-04,Laboral,2020,10,October,4,Night,02:00:00,Unknown,Car,Male,36,Driver,Unknown,Unknown,Unknown,Uninjured,428112.88,4579612.96,2.13938034,41.362969271
2020S004598    ,Sants-Montjuďc,la Marina de Port,Gaiŕ,Sunday,2020-10-04,Laboral,2020,10,October,4,Night,03:00:00,Unknown,Car,Male,30,Driver,Unknown,Unknown,Leisure and entertainment,Uninjured,428242.49,4579538.49,2.14093863,41.362310113
2020S004599    ,Sant Andreu,Sant Andreu,Fabra i Puig,Sunday,2020-10-04,Laboral,2020,10,October,4,Night,02:00:00,Unknown,Car,Male,34,Driver,Unknown,Unknown,Leisure and entertainment,Uninjured,432374.62,4587012.36,2.18950259,41.429983125
2020S004600    ,Sant Andreu,Sant Andreu,Gran de Sant Andreu,Sunday,2020-10-04,Laboral,2020,10,October,4,Night,00:00:00,Unknown,Veh. mobilitat personal amb motor,Female,27,Driver,Unknown,Unknown,Leisure and entertainment,Minor injury: Medical assistance at accident site,432352.2,4587228.95,2.18921003,41.431931991
2020S004600    ,Sant Andreu,Sant Andreu,Gran de Sant Andreu,Sunday,2020-10-04,Laboral,2020,10,October,4,Night,00:00:00,Unknown,Quadricicle < 75 cc,Male,38,Driver,Unknown,Unknown,Leisure and entertainment,Uninjured,432352.2,4587228.95,2.18921003,41.431931991
2020S004601    ,Sant Andreu,la Sagrera,Gran de la Sagrera,Saturday,2020-10-03,Laboral,2020,10,October,3,Night,22:00:00,Unknown,Motorcycle,Female,23,Passenger,Unknown,Unknown,Unknown,Minor injury: Hospitalization up to 24 hours,432487.39,4586160.36,2.19094733,41.422318921
2020S004601    ,Sant Andreu,la Sagrera,Gran de la Sagrera,Saturday,2020-10-03,Laboral,2020,10,October,3,Night,22:00:00,Unknown,Motorcycle,Male,24,Driver,Unknown,Unknown,Leisure and entertainment,Uninjured,432487.39,4586160.36,2.19094733,41.422318921
2020S004602    ,Grŕcia,Vallcarca i els Penitents,Esteve Terradas,Saturday,2020-10-03,Laboral,2020,10,October,3,Morning,11:00:00,Unknown,Autobús,Male,59,Driver,Unknown,Unknown,Urban bus,Uninjured,428137.0,4585445.44,2.13897638,41.415502382
2020S004602    ,Grŕcia,Vallcarca i els Penitents,Esteve Terradas,Saturday,2020-10-03,Laboral,2020,10,October,3,Morning,11:00:00,Unknown,Autobús,Male,76,Passenger,Unknown,Unknown,Unknown,Minor injury: Hospitalization up to 24 hours,428137.0,4585445.44,2.13897638,41.415502382
2020S004603    ,Sant Martí,Sant Martí de Provençals,Huelva,Saturday,2020-10-03,Laboral,2020,10,October,3,Morning,10:00:00,Unknown,Car,Female,51,Driver,Unknown,Unknown,Other activities,Uninjured,432916.86,4585619.68,2.19614635,41.41748517