Case_Number,District_Name,Neighborhood_Name,Street_Name,Day_of_Week,Date,Day_Type_Description,Year,Month_of_Year,Month_Name,Day_of_Month,Shift_Description,Hour_of_Day,Pedestrian_Cause_Description,Involved_Vehicle_Type_Description,Gender_Description,Age,Person_Type_Description,Pedestrian_Accident_Location_Description,Pedestrian_Movement_Reason_Description,Driver_Movement_Reason_Description,Victimization_Description,Coordenada_UTM_X,Coordenada_UTM_Y,Longitud,Latitud
2020S004603    ,Sant Martí,Sant Martí de Provençals,Huelva,Saturday,2020-10-03,Laboral,2020,10,October,3,Morning,10:00:00,Unknown,Veh. mobilitat personal amb motor,Male,15,Driver,Unknown,Unknown,Other activities,Minor injury: Medical assistance at accident site,432916.86,4585619.68,2.19614635,41.41748517
2020S004603    ,Sant Martí,Sant Martí de Provençals,Huelva,Saturday,2020-10-03,Laboral,2020,10,October,3,Morning,10:00:00,Unknown,Veh. mobilitat personal amb motor,Female,15,Passenger,Unknown,Unknown,Unknown,Minor injury: Medical assistance at accident site,432916.86,4585619.68,2.19614635,41.41748517
2020S004605    ,Horta-Guinardó,Horta,Vall d'Hebron,Sunday,2020-10-04,Laboral,2020,10,October,4,Afternoon,14:00:00,Unknown,Bicicleta,Male,37,Driver,Unknown,Unknown,Leisure and entertainment,Minor injury: Hospitalization up to 24 hours,429874.32,4588069.4,2.15945812,41.439288938
2020S004605    ,Horta-Guinardó,Horta,Vall d'Hebron,Sunday,2020-10-04,Laboral,2020,10,October,4,Afternoon,14:00:00,Unknown,Car,Male,81,Driver,Unknown,Unknown,Unknown,Uninjured,429874.32,4588069.4,2.15945812,41.439288938
2020S004606    ,Horta-Guinardó,el Carmel,Sigüenza,Sunday,2020-10-04,Laboral,2020,10,October,4,Afternoon,15:00:00,Unknown,Motorcycle,Male,40,Driver,Unknown,Unknown,Unknown,Minor injury: Hospitalization up to 24 hours,429327.83,4586341.72,2.15311933,41.423680491
2020S004606    ,Horta-Guinardó,el Carmel,Sigüenza,Sunday,2020-10-04,Laboral,2020,10,October,4,Afternoon,15:00:00,Unknown,Car,Male,29,Driver,Unknown,Unknown,Unknown,Uninjured,429327.83,4586341.72,2.15311933,41.423680491
2020S004607    ,Sant Martí,el Poblenou,Calvell,Sunday,2020-10-04,Laboral,2020,10,October,4,Morning,13:00:00,Unknown,Car,Female,71,Driver,Unknown,Unknown,Unknown,Uninjured,433655.47,4583299.55,2.20523836,41.396649707
2020S004607    ,Sant Martí,el Poblenou,Calvell,Sunday,2020-10-04,Laboral,2020,10,October,4,Morning,13:00:00,Unknown,Bicicleta,Male,56,Driver,Unknown,Unknown,Unknown,Minor injury: Medical assistance at accident site,433655.47,4583299.55,2.20523836,41.396649707
2020S004608    ,Sant Andreu,Sant Andreu,Torras i Bages,Sunday,2020-10-04,Laboral,2020,10,October,4,Afternoon,18:00:00,Unknown,Autobús articulat,Female,75,Passenger,Unknown,Unknown,Unknown,Minor injury: Hospitalization up to 24 hours,432524.81,4588087.85,2.19117981,41.439682349
2020S004608    ,Sant Andreu,Sant Andreu,Torras i Bages,Sunday,2020-10-04,Laboral,2020,10,October,4,Afternoon,18:00:00,Unknown,Autobús articulat,Male,48,Driver,Unknown,Unknown,Urban bus,Uninjured,432524.81,4588087.85,2.19117981,41.439682349
2020S004608    ,Sant Andreu,Sant Andreu,Torras i Bages,Sunday,2020-10-04,Laboral,2020,10,October,4,Afternoon,18:00:00,Unknown,Ciclomotor,Female,23,Driver,Unknown,Unknown,Unknown,Uninjured,432524.81,4588087.85,2.19117981,41.439682349
2020S004609    ,Sant Andreu,Sant Andreu,Gran de Sant Andreu,Sunday,2020-10-04,Laboral,2020,10,October,4,Afternoon,18:00:00,Unknown,Furgoneta,Female,44,Pedestrian,Outside the crossing,Unknown,Unknown,Minor injury: Medical assistance at accident site,432420.64,4586979.79,2.19005697,41.429693653
2020S004609    ,Sant Andreu,Sant Andreu,Gran de Sant Andreu,Sunday,2020-10-04,Laboral,2020,10,October,4,Afternoon,18:00:00,Unknown,Furgoneta,Female,50,Pedestrian,Outside the crossing,Unknown,Unknown,Minor injury: Medical assistance at accident site,432420.64,4586979.79,2.19005697,41.429693653
2020S004609    ,Sant Andreu,Sant Andreu,Gran de Sant Andreu,Sunday,2020-10-04,Laboral,2020,10,October,4,Afternoon,18:00:00,Unknown,Furgoneta,Male,8,Pedestrian,Outside the crossing,Unknown,Unknown,Minor injury: Medical assistance at accident site,432420.64,4586979.79,2.19005697,41.429693653
2020S004609    ,Sant Andreu,Sant Andreu,Gran de Sant Andreu,Sunday,2020-10-04,Laboral,2020,10,October,4,Afternoon,18:00:00,Unknown,Furgoneta,Male,30,Driver,Outside the crossing,Unknown,Unknown,Uninjured,432420.64,4586979.79,2.19005697,41.429693653
2020S004610    ,Eixample,el Fort Pienc,Lepant,Sunday,2020-10-04,Laboral,2020,10,October,4,Afternoon,21:00:00,Unknown,Car,Male,20,Driver,Unknown,Unknown,Leisure and entertainment,Unknown,431737.46,4583730.04,2.18224808,41.400366382
2020S004611    ,Eixample,la Dreta de l'Eixample,Diagonal,Monday,2020-10-05,Laboral,2020,10,October,5,Night,01:00:00,Unknown,Motorcycle,Male,27,Driver,Unknown,Unknown,Leisure and entertainment,Uninjured,429676.49,4583244.7,2.15765154,41.395817376
2020S004612    ,Les Corts,la Maternitat i Sant Ramon,Diagonal,Monday,2020-10-05,Laboral,2020,10,October,5,Morning,08:00:00,Unknown,Motorcycle,Female,27,Driver,Unknown,Unknown,In transit (commuting),Minor injury: Hospitalization up to 24 hours,427027.69,4582353.2,2.126077,41.387551878
2020S004612    ,Les Corts,la Maternitat i Sant Ramon,Diagonal,Monday,2020-10-05,Laboral,2020,10,October,5,Morning,08:00:00,Unknown,Car,Female,36,Driver,Unknown,Unknown,In transit (commuting),Uninjured,427027.69,4582353.2,2.126077,41.387551878
2020S004613    ,Eixample,l'Antiga Esquerra de l'Eixample,Comte d'Urgell,Monday,2020-10-05,Laboral,2020,10,October,5,Morning,10:00:00,Unknown,Motorcycle,Female,36,Driver,Unknown,Unknown,Unknown,Minor injury: Medical assistance at accident site,428708.38,4582754.02,2.14612983,41.391312711
2020S004613    ,Eixample,l'Antiga Esquerra de l'Eixample,Comte d'Urgell,Monday,2020-10-05,Laboral,2020,10,October,5,Morning,10:00:00,Unknown,"Camió rígid <= 3,5 tones",Male,59,Driver,Unknown,Unknown,Professional goods transport,Uninjured,428708.38,4582754.02,2.14612983,41.391312711
2020S004614    ,Sant Martí,el Poblenou,Pujades,Monday,2020-10-05,Laboral,2020,10,October,5,Morning,12:00:00,Unknown,Furgoneta,Male,41,Driver,Unknown,Unknown,Cleaning or garbage collection service,Uninjured,433464.44,4584018.61,2.20287434,41.40311031
2020S004614    ,Sant Martí,el Poblenou,Pujades,Monday,2020-10-05,Laboral,2020,10,October,5,Morning,12:00:00,Unknown,Bicicleta,Female,33,Driver,Unknown,Unknown,In transit (commuting),Minor injury: Hospitalization up to 24 hours,433464.44,4584018.61,2.20287434,41.40311031
2020S004615    ,Sant Martí,la Verneda i la Pau,Andrade,Monday,2020-10-05,Laboral,2020,10,October,5,Morning,11:00:00,Unknown,Car,Female,39,Driver,Unknown,Unknown,Unknown,Uninjured,433668.27,4585761.36,2.20512148,41.418823659
2020S004615    ,Sant Martí,la Verneda i la Pau,Andrade,Monday,2020-10-05,Laboral,2020,10,October,5,Morning,11:00:00,Unknown,Car,Female,34,Passenger,Unknown,Unknown,Unknown,Minor injury: Hospitalization up to 24 hours,433668.27,4585761.36,2.20512148,41.418823659
2020S004615    ,Sant Martí,la Verneda i la Pau,Andrade,Monday,2020-10-05,Laboral,2020,10,October,5,Morning,11:00:00,Unknown,Car,Male,83,Driver,Unknown,Unknown,Unknown,Uninjured,433668.27,4585761.36,2.20512148,41.418823659
2020S004616    ,Sants-Montjuďc,Sants,Badal,Monday,2020-10-05,Laboral,2020,10,October,5,Morning,13:00:00,Unknown,Car,Male,31,Driver,Unknown,Unknown,Unknown,Uninjured,427539.94,4580521.03,2.13242235,41.371096544
2020S004616    ,Sants-Montjuďc,Sants,Badal,Monday,2020-10-05,Laboral,2020,10,October,5,Morning,13:00:00,Unknown,Motorcycle,Female,60,Passenger,Unknown,Unknown,Unknown,Minor injury: Hospitalization up to 24 hours,427539.94,4580521.03,2.13242235,41.371096544
2020S004616    ,Sants-Montjuďc,Sants,Badal,Monday,2020-10-05,Laboral,2020,10,October,5,Morning,13:00:00,Unknown,Motorcycle,Male,63,Driver,Unknown,Unknown,Unknown,Minor injury: Refused medical assistance,427539.94,4580521.03,2.13242235,41.371096544
2020S004617    ,Eixample,la Nova Esquerra de l'Eixample,Rocafort,Monday,2020-10-05,Laboral,2020,10,October,5,Morning,12:00:00,Unknown,Car,Female,29,Pedestrian,In crossing regulated by traffic lights,Unknown,Unknown,Minor injury: Hospitalization up to 24 hours,428985.52,4581714.83,2.14956633,41.381977619
2020S004617    ,Eixample,la Nova Esquerra de l'Eixample,Rocafort,Monday,2020-10-05,Laboral,2020,10,October,5,Morning,12:00:00,Unknown,Car,Male,82,Driver,In crossing regulated by traffic lights,Unknown,Unknown,Uninjured,428985.52,4581714.83,2.14956633,41.381977619
2020S004618    ,Eixample,la Nova Esquerra de l'Eixample,Comte d'Urgell,Monday,2020-10-05,Laboral,2020,10,October,5,Morning,13:00:00,Unknown,Motorcycle,Male,69,Driver,Unknown,Unknown,Unknown,Uninjured,429231.32,4582220.73,2.15244659,41.38655576
2020S004618    ,Eixample,la Nova Esquerra de l'Eixample,Comte d'Urgell,Monday,2020-10-05,Laboral,2020,10,October,5,Morning,13:00:00,Unknown,Bicicleta,Male,40,Driver,Unknown,Unknown,Unknown,Minor injury: Hospitalization up to 24 hours,429231.32,4582220.73,2.15244659,41.38655576
2020S004619    ,Sant Andreu,el Congrés i els Indians,Garcilaso,Monday,2020-10-05,Laboral,2020,10,October,5,Morning,13:00:00,Unknown,Motorcycle,Female,30,Driver,Unknown,Unknown,Unknown,Minor injury: Hospitalization up to 24 hours,431391.92,4586340.52,2.1778186,41.423848707
2020S004619    ,Sant Andreu,el Congrés i els Indians,Garcilaso,Monday,2020-10-05,Laboral,2020,10,October,5,Morning,13:00:00,Unknown,Furgoneta,Male,25,Driver,Unknown,Unknown,Unknown,Uninjured,431391.92,4586340.52,2.1778186,41.423848707
2020S004620    ,Horta-Guinardó,el Carmel,Dante Alighieri,Monday,2020-10-05,Laboral,2020,10,October,5,Afternoon,14:00:00,Unknown,Motorcycle,Male,22,Passenger,Unknown,Unknown,Unknown,Minor injury: Medical assistance at accident site,429392.9,4586565.74,2.15387179,41.425703875
2020S004620    ,Horta-Guinardó,el Carmel,Dante Alighieri,Monday,2020-10-05,Laboral,2020,10,October,5,Afternoon,14:00:00,Unknown,Motorcycle,Male,24,Driver,Unknown,Unknown,Leisure and entertainment,Uninjured,429392.9,4586565.74,2.15387179,41.425703875
2020S004621    ,Les Corts,les Corts,Diagonal,Monday,2020-10-05,Laboral,2020,10,October,5,Afternoon,14:00:00,Unknown,Car,Female,26,Driver,Unknown,Unknown,Leisure and entertainment,Uninjured,427360.81,4582564.86,2.1300355,41.389488382
2020S004621    ,Les Corts,les Corts,Diagonal,Monday,2020-10-05,Laboral,2020,10,October,5,Afternoon,14:00:00,Unknown,Motorcycle,Female,23,Driver,Unknown,Unknown,Leisure and entertainment,Minor injury: Medical assistance at accident site,427360.81,4582564.86,2.1300355,41.389488382
2020S004622    ,Eixample,l'Antiga Esquerra de l'Eixample,Muntaner,Monday,2020-10-05,Laboral,2020,10,October,5,Afternoon,14:00:00,Unknown,Bicicleta,Male,40,Driver,Unknown,Unknown,Unknown,Uninjured,429561.61,4582465.37,2.15636815,41.388788156
2020S004622    ,Eixample,l'Antiga Esquerra de l'Eixample,Muntaner,Monday,2020-10-05,Laboral,2020,10,October,5,Afternoon,14:00:00,Unknown,Motorcycle,Female,33,Driver,Unknown,Unknown,Unknown,Minor injury: Medical assistance at accident site,429561.61,4582465.37,2.15636815,41.388788156
2020S004622    ,Eixample,l'Antiga Esquerra de l'Eixample,Muntaner,Monday,2020-10-05,Laboral,2020,10,October,5,Afternoon,14:00:00,Unknown,Motorcycle,Female,29,Passenger,Unknown,Unknown,Unknown,Minor injury: Medical assistance at accident site,429561.61,4582465.37,2.15636815,41.388788156
2020S004623    ,Ciutat Vella,la Barceloneta,Litoral (Llobregat),Monday,2020-10-05,Laboral,2020,10,October,5,Afternoon,14:00:00,Unknown,Car,Male,80,Driver,In crossing regulated by traffic lights,Unknown,Unknown,Uninjured,432755.23,4582208.23,2.19459162,41.386745643
2020S004623    ,Ciutat Vella,la Barceloneta,Litoral (Llobregat),Monday,2020-10-05,Laboral,2020,10,October,5,Afternoon,14:00:00,Unknown,Car,Female,25,Pedestrian,In crossing regulated by traffic lights,Unknown,Unknown,Minor injury: Hospitalization up to 24 hours,432755.23,4582208.23,2.19459162,41.386745643
2020S004624    ,Sant Martí,Sant Martí de Provençals,Provençals,Monday,2020-10-05,Laboral,2020,10,October,5,Morning,10:00:00,Unknown,Car,Female,72,Pedestrian,In crossing regulated by traffic lights,Leisure and entertainment,Unknown,Minor injury: Hospitalization up to 24 hours,432974.92,4585508.54,2.19685336,41.416489012
2020S004625    ,Sarriŕ-Sant Gervasi,Sant Gervasi - la Bonanova,Sant Gervasi,Monday,2020-10-05,Laboral,2020,10,October,5,Afternoon,16:00:00,Unknown,Ciclomotor,Female,51,Driver,Unknown,Unknown,On a mission,Minor injury: Refused medical assistance,427930.97,4584877.95,2.13657896,41.410372777
2020S004625    ,Sarriŕ-Sant Gervasi,Sant Gervasi - la Bonanova,Sant Gervasi,Monday,2020-10-05,Laboral,2020,10,October,5,Afternoon,16:00:00,Unknown,Car,Female,30,Driver,Unknown,Unknown,On a mission,Uninjured,427930.97,4584877.95,2.13657896,41.410372777
2020S004626    ,Sarriŕ-Sant Gervasi,Sant Gervasi - la Bonanova,Dalt (Llobregat),Monday,2020-10-05,Laboral,2020,10,October,5,Afternoon,17:00:00,Unknown,Car,Female,49,Driver,Unknown,Unknown,Leisure and entertainment,Uninjured,426784.38,4584603.64,2.1228949,41.407798508
2020S004626    ,Sarriŕ-Sant Gervasi,Sant Gervasi - la Bonanova,Dalt (Llobregat),Monday,2020-10-05,Laboral,2020,10,October,5,Afternoon,17:00:00,Unknown,Motorcycle,Male,21,Driver,Unknown,Unknown,Leisure and entertainment,Minor injury: Hospitalization up to 24 hours,426784.38,4584603.64,2.1228949,41.407798508
2020S004627    ,Eixample,la Dreta de l'Eixample,Girona,Monday,2020-10-05,Laboral,2020,10,October,5,Afternoon,17:00:00,Unknown,Veh. mobilitat personal amb motor,Male,67,Driver,In crossing regulated by traffic lights,Unknown,Unknown,Minor injury: Hospitalization up to 24 hours,430794.49,4583115.4,2.17103871,41.394749856
2020S004627    ,Eixample,la Dreta de l'Eixample,Girona,Monday,2020-10-05,Laboral,2020,10,October,5,Afternoon,17:00:00,Unknown,Veh. mobilitat personal amb motor,Female,48,Pedestrian,In crossing regulated by traffic lights,Unknown,Unknown,Minor injury: Refused medical assistance,430794.49,4583115.4,2.17103871,41.394749856
2020S004627    ,Eixample,la Dreta de l'Eixample,Girona,Monday,2020-10-05,Laboral,2020,10,October,5,Afternoon,17:00:00,Unknown,Veh. mobilitat personal amb motor,Male,24,Pedestrian,In crossing regulated by traffic lights,Unknown,Unknown,Minor injury: Hospitalization up to 24 hours,430794.49,4583115.4,2.17103871,41.394749856
2020S004628    ,Les Corts,Pedralbes,Doctor August Pi i Sunyer,Monday,2020-10-05,Laboral,2020,10,October,5,Morning,12:00:00,Unknown,Car,Female,22,Driver,Unknown,Unknown,In transit (commuting),Uninjured,426867.08,4582595.65,2.12412692,41.389720932
2020S004629    ,Les Corts,Pedralbes,Dalt (Besňs),Monday,2020-10-05,Laboral,2020,10,October,5,Afternoon,18:00:00,Unknown,Motorcycle,Male,27,Driver,Unknown,Unknown,Leisure and entertainment,Minor injury: Medical assistance at accident site,425098.69,4581932.44,2.10305956,41.383584888
2020S004629    ,Les Corts,Pedralbes,Dalt (Besňs),Monday,2020-10-05,Laboral,2020,10,October,5,Afternoon,18:00:00,Unknown,Car,Male,46,Driver,Unknown,Unknown,On a mission,Uninjured,425098.69,4581932.44,2.10305956,41.383584888
2020S004630    ,Nou Barris,Porta,Rio de Janeiro,Monday,2020-10-05,Laboral,2020,10,October,5,Afternoon,19:00:00,Unknown,Car,Male,55,Driver,Unknown,Unknown,Leisure and entertainment,Uninjured,431650.63,4587848.61,2.18074375,41.437453619
2020S004630    ,Nou Barris,Porta,Rio de Janeiro,Monday,2020-10-05,Laboral,2020,10,October,5,Afternoon,19:00:00,Unknown,Veh. mobilitat personal amb motor,Female,14,Driver,Unknown,Unknown,Leisure and entertainment,Minor injury: Hospitalization up to 24 hours,431650.63,4587848.61,2.18074375,41.437453619
2020S004631    ,Eixample,el Fort Pienc,Consell de Cent,Monday,2020-10-05,Laboral,2020,10,October,5,Afternoon,19:00:00,Unknown,Bicicleta,Female,38,Driver,Unknown,Unknown,Leisure and entertainment,Minor injury: Medical assistance at accident site,431501.74,4583830.19,2.17941709,41.401248344
2020S004631    ,Eixample,el Fort Pienc,Consell de Cent,Monday,2020-10-05,Laboral,2020,10,October,5,Afternoon,19:00:00,Unknown,Motorcycle,Female,38,Driver,Unknown,Unknown,Leisure and entertainment,Uninjured,431501.74,4583830.19,2.17941709,41.401248344
2020S004632    ,Sants-Montjuďc,la Marina del Prat Vermell,Transversal 6,Monday,2020-10-05,Laboral,2020,10,October,5,Afternoon,18:00:00,Unknown,Motorcycle,Male,37,Driver,Unknown,Unknown,In transit (commuting),Minor injury: Hospitalization up to 24 hours,426005.28,4576318.55,2.11458614,41.333106692
2020S004632    ,Sants-Montjuďc,la Marina del Prat Vermell,Transversal 6,Monday,2020-10-05,Laboral,2020,10,October,5,Afternoon,18:00:00,Unknown,Car,Male,27,Driver,Unknown,Unknown,Leisure and entertainment,Uninjured,426005.28,4576318.55,2.11458614,41.333106692
2020S004633    ,Eixample,la Dreta de l'Eixample,Consell de Cent,Monday,2020-10-05,Laboral,2020,10,October,5,Afternoon,20:00:00,Unknown,Motorcycle,Male,48,Driver,Unknown,Unknown,Leisure and entertainment,Uninjured,430408.86,4582792.09,2.16646344,41.391804609
2020S004633    ,Eixample,la Dreta de l'Eixample,Consell de Cent,Monday,2020-10-05,Laboral,2020,10,October,5,Afternoon,20:00:00,Unknown,Car,Female,27,Driver,Unknown,Unknown,Leisure and entertainment,Uninjured,430408.86,4582792.09,2.16646344,41.391804609
2020S004633    ,Eixample,la Dreta de l'Eixample,Consell de Cent,Monday,2020-10-05,Laboral,2020,10,October,5,Afternoon,20:00:00,Unknown,Motorcycle,Female,50,Passenger,Unknown,Unknown,Unknown,Minor injury: Hospitalization up to 24 hours,430408.86,4582792.09,2.16646344,41.391804609
2020S004634    ,Sarriŕ-Sant Gervasi,Sant Gervasi - Galvany,Diagonal,Monday,2020-10-05,Laboral,2020,10,October,5,Afternoon,20:00:00,Unknown,Motorcycle,Male,42,Driver,In crossing regulated by traffic lights,Unknown,On a mission,Uninjured,428682.75,4582975.99,2.14579714,41.393309641
2020S004634    ,Sarriŕ-Sant Gervasi,Sant Gervasi - Galvany,Diagonal,Monday,2020-10-05,Laboral,2020,10,October,5,Afternoon,20:00:00,Unknown,Motorcycle,Male,61,Pedestrian,In crossing regulated by traffic lights,Unknown,Unknown,Minor injury: Hospitalization up to 24 hours,428682.75,4582975.99,2.14579714,41.393309641
2020S004635    ,Sant Martí,el Poblenou,Marítim de la Mar Bella,Monday,2020-10-05,Laboral,2020,10,October,5,Afternoon,20:00:00,Unknown,Bicicleta,Male,38,Driver,Unknown,Unknown,Leisure and entertainment,Minor injury: Hospitalization up to 24 hours,434065.22,4583343.1,2.21013475,41.397075673
2020S004636    ,Eixample,la Dreta de l'Eixample,Reina Victňria,Tuesday,2020-10-06,Laboral,2020,10,October,6,Morning,08:00:00,Unknown,Furgoneta,Male,27,Driver,Unknown,Unknown,Unknown,Uninjured,430533.93,4582491.75,2.16799378,41.389110359
2020S004636    ,Eixample,la Dreta de l'Eixample,Reina Victňria,Tuesday,2020-10-06,Laboral,2020,10,October,6,Morning,08:00:00,Unknown,Motorcycle,Female,26,Driver,Unknown,Unknown,Unknown,Minor injury: Hospitalization up to 24 hours,430533.93,4582491.75,2.16799378,41.389110359
2020S004637    ,Sants-Montjuďc,la Marina del Prat Vermell,Litoral (Besňs),Tuesday,2020-10-06,Laboral,2020,10,October,6,Morning,08:00:00,Unknown,"Camió rígid <= 3,5 tones",Male,52,Driver,Unknown,Unknown,On a mission,Uninjured,426165.4,4577020.6,2.11641408,41.339444506
2020S004637    ,Sants-Montjuďc,la Marina del Prat Vermell,Litoral (Besňs),Tuesday,2020-10-06,Laboral,2020,10,October,6,Morning,08:00:00,Unknown,Motorcycle,Male,56,Driver,Unknown,Unknown,On a mission,Minor injury: Hospitalization up to 24 hours,426165.4,4577020.6,2.11641408,41.339444506
2020S004638    ,Sant Martí,el Camp de l'Arpa del Clot,Indústria,Tuesday,2020-10-06,Laboral,2020,10,October,6,Morning,09:00:00,Unknown,Veh. mobilitat personal amb motor,Female,41,Driver,Unknown,Unknown,Unknown,Minor injury: Hospitalization up to 24 hours,431320.31,4584997.16,2.17711432,41.411743388
2020S004638    ,Sant Martí,el Camp de l'Arpa del Clot,Indústria,Tuesday,2020-10-06,Laboral,2020,10,October,6,Morning,09:00:00,Unknown,Veh. mobilitat personal amb motor,Male,28,Pedestrian,Unknown,Unknown,Unknown,Uninjured,431320.31,4584997.16,2.17711432,41.411743388
2020S004639    ,Les Corts,les Corts,Josep Tarradellas,Tuesday,2020-10-06,Laboral,2020,10,October,6,Morning,11:00:00,Unknown,Autobús,Male,49,Driver,Unknown,Unknown,Urban bus,Uninjured,428458.72,4582596.8,2.14316245,41.389874509
2020S004639    ,Les Corts,les Corts,Josep Tarradellas,Tuesday,2020-10-06,Laboral,2020,10,October,6,Morning,11:00:00,Unknown,Autobús,Female,74,Passenger,Unknown,Unknown,Unknown,Minor injury: Hospitalization up to 24 hours,428458.72,4582596.8,2.14316245,41.389874509
2020S004640    ,Eixample,Sant Antoni,Corts Catalanes,Tuesday,2020-10-06,Laboral,2020,10,October,6,Morning,09:00:00,Unknown,Ciclomotor,Male,45,Driver,Unknown,Unknown,In transit (commuting),Minor injury: Hospitalization up to 24 hours,429180.53,4581128.34,2.15196692,41.376712496
2020S004641    ,Eixample,la Dreta de l'Eixample,Aragó,Tuesday,2020-10-06,Laboral,2020,10,October,6,Morning,12:00:00,Unknown,Furgoneta,Female,55,Driver,Unknown,Unknown,On a mission,Uninjured,430188.89,4582725.11,2.16384027,41.391182268
2020S004641    ,Eixample,la Dreta de l'Eixample,Aragó,Tuesday,2020-10-06,Laboral,2020,10,October,6,Morning,12:00:00,Unknown,Motorcycle,Female,28,Driver,Unknown,Unknown,In transit (commuting),Minor injury: Hospitalization up to 24 hours,430188.89,4582725.11,2.16384027,41.391182268
2020S004642    ,Eixample,l'Antiga Esquerra de l'Eixample,Comte d'Urgell,Tuesday,2020-10-06,Laboral,2020,10,October,6,Morning,11:00:00,Unknown,Car,Male,43,Driver,Unknown,Unknown,On a mission,Uninjured,429342.69,4582152.48,2.15378646,41.385950851
2020S004642    ,Eixample,l'Antiga Esquerra de l'Eixample,Comte d'Urgell,Tuesday,2020-10-06,Laboral,2020,10,October,6,Morning,11:00:00,Unknown,Motorcycle,Female,23,Driver,Unknown,Unknown,Unknown,Minor injury: Hospitalization up to 24 hours,429342.69,4582152.48,2.15378646,41.385950851
2020S004643    ,Les Corts,la Maternitat i Sant Ramon,Carles III,Tuesday,2020-10-06,Laboral,2020,10,October,6,Afternoon,14:00:00,Unknown,Furgoneta,Male,33,Driver,Unknown,Unknown,On a mission,Uninjured,427225.12,4581539.79,2.12853588,41.380243709
2020S004643    ,Les Corts,la Maternitat i Sant Ramon,Carles III,Tuesday,2020-10-06,Laboral,2020,10,October,6,Afternoon,14:00:00,Unknown,Motorcycle,Female,55,Passenger,Unknown,Unknown,Unknown,Minor injury: Hospitalization up to 24 hours,427225.12,4581539.79,2.12853588,41.380243709
2020S004643    ,Les Corts,la Maternitat i Sant Ramon,Carles III,Tuesday,2020-10-06,Laboral,2020,10,October,6,Afternoon,14:00:00,Unknown,Motorcycle,Male,59,Driver,Unknown,Unknown,Leisure and entertainment,Minor injury: Hospitalization up to 24 hours,427225.12,4581539.79,2.12853588,41.380243709
2020S004644    ,Eixample,la Dreta de l'Eixample,Cinc d'Oros,Tuesday,2020-10-06,Laboral,2020,10,October,6,Morning,13:00:00,Unknown,Car,Male,74,Driver,Unknown,Unknown,Unknown,Uninjured,429830.21,4583317.69,2.15948172,41.396488207
2020S004644    ,Eixample,la Dreta de l'Eixample,Cinc d'Oros,Tuesday,2020-10-06,Laboral,2020,10,October,6,Morning,13:00:00,Unknown,Motorcycle,Male,38,Driver,Unknown,Unknown,Unknown,Minor injury: Hospitalization up to 24 hours,429830.21,4583317.69,2.15948172,41.396488207
2020S004645    ,Eixample,la Dreta de l'Eixample,Corts Catalanes,Tuesday,2020-10-06,Laboral,2020,10,October,6,Afternoon,14:00:00,Unknown,Car,Female,23,Driver,Unknown,Unknown,Leisure and entertainment,Uninjured,430942.6,4582939.19,2.17283033,41.393175526
2020S004645    ,Eixample,la Dreta de l'Eixample,Corts Catalanes,Tuesday,2020-10-06,Laboral,2020,10,October,6,Afternoon,14:00:00,Unknown,Motorcycle,Male,45,Driver,Unknown,Unknown,In transit (commuting),Minor injury: Hospitalization up to 24 hours,430942.6,4582939.19,2.17283033,41.393175526
2020S004646    ,Eixample,el Fort Pienc,Corts Catalanes,Tuesday,2020-10-06,Laboral,2020,10,October,6,Afternoon,15:00:00,Unknown,Car,Male,31,Driver,Unknown,Unknown,Leisure and entertainment,Uninjured,431269.97,4583184.65,2.17671798,41.395414371
2020S004646    ,Eixample,el Fort Pienc,Corts Catalanes,Tuesday,2020-10-06,Laboral,2020,10,October,6,Afternoon,15:00:00,Unknown,Car,Female,51,Driver,Unknown,Unknown,Taxi,Minor injury: Hospitalization up to 24 hours,431269.97,4583184.65,2.17671798,41.395414371
2020S004647    ,Sant Martí,Provençals del Poblenou,Bilbao,Tuesday,2020-10-06,Laboral,2020,10,October,6,Afternoon,15:00:00,Unknown,Motorcycle,Male,51,Driver,Unknown,Unknown,Leisure and entertainment,Minor injury: Medical assistance at accident site,433056.26,4584437.42,2.19794516,41.406848515
2020S004648    ,Sants-Montjuďc,la Marina del Prat Vermell,Litoral (Besňs),Tuesday,2020-10-06,Laboral,2020,10,October,6,Afternoon,15:00:00,Unknown,Car,Male,44,Driver,Unknown,Unknown,Unknown,Uninjured,428824.7,4578132.39,2.14806386,41.349697505
2020S004648    ,Sants-Montjuďc,la Marina del Prat Vermell,Litoral (Besňs),Tuesday,2020-10-06,Laboral,2020,10,October,6,Afternoon,15:00:00,Unknown,Motorcycle,Male,58,Driver,Unknown,Unknown,Unknown,Minor injury: Hospitalization up to 24 hours,428824.7,4578132.39,2.14806386,41.349697505
2020S004649    ,Sants-Montjuďc,Sants,Joan Güell,Tuesday,2020-10-06,Laboral,2020,10,October,6,Afternoon,16:00:00,Unknown,Veh. mobilitat personal amb motor,Female,53,Driver,Unknown,Unknown,Unknown,Minor injury: Hospitalization up to 24 hours,427645.25,4581272.7,2.13359171,41.37787604