Case_Number,District_Name,Neighborhood_Name,Street_Name,Day_of_Week,Date,Day_Type_Description,Year,Month_of_Year,Month_Name,Day_of_Month,Shift_Description,Hour_of_Day,Pedestrian_Cause_Description,Involved_Vehicle_Type_Description,Gender_Description,Age,Person_Type_Description,Pedestrian_Accident_Location_Description,Pedestrian_Movement_Reason_Description,Driver_Movement_Reason_Description,Victimization_Description,Coordenada_UTM_X,Coordenada_UTM_Y,Longitud,Latitud
2020S004649    ,Sants-Montjuďc,Sants,Joan Güell,Tuesday,2020-10-06,Laboral,2020,10,October,6,Afternoon,16:00:00,Unknown,Taxi,Male,47,Driver,Unknown,Unknown,Taxi,Uninjured,427645.25,4581272.7,2.13359171,41.37787604
2020S004650    ,Eixample,l'Antiga Esquerra de l'Eixample,Londres,Tuesday,2020-10-06,Laboral,2020,10,October,6,Afternoon,14:00:00,Creuar per fora pas de vianants,Car,Female,68,Pedestrian,Outside the crossing,Unknown,Unknown,Minor injury: Hospitalization up to 24 hours,428820.91,4582696.02,2.14748252,41.390800298
2020S004650    ,Eixample,l'Antiga Esquerra de l'Eixample,Londres,Tuesday,2020-10-06,Laboral,2020,10,October,6,Afternoon,14:00:00,Creuar per fora pas de vianants,Car,Female,49,Driver,Outside the crossing,Unknown,Unknown,Uninjured,428820.91,4582696.02,2.14748252,41.390800298
2020S004651    ,Eixample,l'Antiga Esquerra de l'Eixample,Muntaner,Tuesday,2020-10-06,Laboral,2020,10,October,6,Morning,13:00:00,Unknown,Motorcycle,Male,42,Driver,Unknown,Unknown,Unknown,Uninjured,429459.22,4582566.09,2.15513187,41.389686329
2020S004651    ,Eixample,l'Antiga Esquerra de l'Eixample,Muntaner,Tuesday,2020-10-06,Laboral,2020,10,October,6,Morning,13:00:00,Unknown,Bicicleta,Female,24,Driver,Unknown,Unknown,Student heading to educational center,Minor injury: Hospitalization up to 24 hours,429459.22,4582566.09,2.15513187,41.389686329
2020S004652    ,Sarriŕ-Sant Gervasi,Sant Gervasi - Galvany,Laforja,Tuesday,2020-10-06,Laboral,2020,10,October,6,Afternoon,17:00:00,Unknown,Furgoneta,Female,50,Pedestrian,In an unregulated crossing,Unknown,Unknown,Minor injury: Hospitalization up to 24 hours,428458.85,4583189.28,2.14309398,41.395210767
2020S004652    ,Sarriŕ-Sant Gervasi,Sant Gervasi - Galvany,Laforja,Tuesday,2020-10-06,Laboral,2020,10,October,6,Afternoon,17:00:00,Unknown,Furgoneta,Male,42,Driver,In an unregulated crossing,Unknown,Leisure and entertainment,Uninjured,428458.85,4583189.28,2.14309398,41.395210767
2020S004653    ,Sants-Montjuďc,Sants,Joan Peiró,Tuesday,2020-10-06,Laboral,2020,10,October,6,Afternoon,17:00:00,Unknown,Taxi,Female,32,Driver,Unknown,Unknown,Taxi,Uninjured,428132.64,4581341.22,2.1394116,41.378536876
2020S004653    ,Sants-Montjuďc,Sants,Joan Peiró,Tuesday,2020-10-06,Laboral,2020,10,October,6,Afternoon,17:00:00,Unknown,Veh. mobilitat personal sense motor,Female,51,Driver,Unknown,Unknown,Leisure and entertainment,Minor injury: Hospitalization up to 24 hours,428132.64,4581341.22,2.1394116,41.378536876
2020S004654    ,Ciutat Vella,el Raval,Raval,Friday,2020-09-25,Laboral,2020,9,September,25,Morning,12:00:00,Unknown,Motorcycle,Male,31,Driver,Unknown,Unknown,Unknown,Minor injury: Hospitalization up to 24 hours,430662.72,4581257.86,2.16967535,41.378008196
2020S004654    ,Ciutat Vella,el Raval,Raval,Friday,2020-09-25,Laboral,2020,9,September,25,Morning,12:00:00,Unknown,"Camió rígid <= 3,5 tones",Male,58,Driver,Unknown,Unknown,On a mission,Uninjured,430662.72,4581257.86,2.16967535,41.378008196
2020S004655    ,Eixample,la Sagrada Família,Indústria,Tuesday,2020-10-06,Laboral,2020,10,October,6,Afternoon,19:00:00,Creuar per fora pas de vianants,Veh. mobilitat personal amb motor,Female,41,Pedestrian,Outside the crossing,Unknown,Unknown,Uninjured,431035.35,4584715.95,2.17373715,41.409186208
2020S004655    ,Eixample,la Sagrada Família,Indústria,Tuesday,2020-10-06,Laboral,2020,10,October,6,Afternoon,19:00:00,Creuar per fora pas de vianants,Veh. mobilitat personal amb motor,Male,38,Driver,Outside the crossing,Unknown,Leisure and entertainment,Minor injury: Refused medical assistance,431035.35,4584715.95,2.17373715,41.409186208
2020S004655    ,Eixample,la Sagrada Família,Indústria,Tuesday,2020-10-06,Laboral,2020,10,October,6,Afternoon,19:00:00,Creuar per fora pas de vianants,Veh. mobilitat personal amb motor,Female,3,Pedestrian,Outside the crossing,Unknown,Unknown,Minor injury: Medical assistance at accident site,431035.35,4584715.95,2.17373715,41.409186208
2020S004656    ,Grŕcia,Vallcarca i els Penitents,República Argentina,Tuesday,2020-10-06,Laboral,2020,10,October,6,Afternoon,18:00:00,Unknown,Motorcycle,Male,61,Driver,Unknown,Unknown,Leisure and entertainment,Minor injury: Hospitalization up to 24 hours,428697.67,4584922.42,2.1457462,41.410841719
2020S004656    ,Grŕcia,Vallcarca i els Penitents,República Argentina,Tuesday,2020-10-06,Laboral,2020,10,October,6,Afternoon,18:00:00,Unknown,Car,Male,59,Driver,Unknown,Unknown,Leisure and entertainment,Uninjured,428697.67,4584922.42,2.1457462,41.410841719
2020S004657    ,Eixample,la Dreta de l'Eixample,Cinc d'Oros,Tuesday,2020-10-06,Laboral,2020,10,October,6,Afternoon,19:00:00,Unknown,Bicicleta,Male,30,Driver,Unknown,Unknown,Unknown,Uninjured,429830.21,4583317.69,2.15948172,41.396488207
2020S004657    ,Eixample,la Dreta de l'Eixample,Cinc d'Oros,Tuesday,2020-10-06,Laboral,2020,10,October,6,Afternoon,19:00:00,Unknown,Bicicleta,Male,42,Driver,Unknown,Unknown,Unknown,Minor injury: Hospitalization up to 24 hours,429830.21,4583317.69,2.15948172,41.396488207
2020S004658    ,Ciutat Vella,la Barceloneta,Mediterrŕnia,Wednesday,2020-10-07,Laboral,2020,10,October,7,Morning,07:00:00,Unknown,Motorcycle,Male,43,Driver,Unknown,Unknown,Unknown,Minor injury: Medical assistance at accident site,432265.46,4581705.27,2.18879052,41.382174495
2020S004658    ,Ciutat Vella,la Barceloneta,Mediterrŕnia,Wednesday,2020-10-07,Laboral,2020,10,October,7,Morning,07:00:00,Unknown,Car,Male,31,Driver,Unknown,Unknown,Leisure and entertainment,Uninjured,432265.46,4581705.27,2.18879052,41.382174495
2020S004659    ,Eixample,l'Antiga Esquerra de l'Eixample,Comte d'Urgell,Wednesday,2020-10-07,Laboral,2020,10,October,7,Morning,08:00:00,Unknown,Car,Male,37,Driver,Unknown,Unknown,Leisure and entertainment,Uninjured,429337.32,4582157.89,2.1537216,41.385999105
2020S004659    ,Eixample,l'Antiga Esquerra de l'Eixample,Comte d'Urgell,Wednesday,2020-10-07,Laboral,2020,10,October,7,Morning,08:00:00,Unknown,Car,Female,35,Passenger,Unknown,Unknown,Unknown,Minor injury: Hospitalization up to 24 hours,429337.32,4582157.89,2.1537216,41.385999105
2020S004659    ,Eixample,l'Antiga Esquerra de l'Eixample,Comte d'Urgell,Wednesday,2020-10-07,Laboral,2020,10,October,7,Morning,08:00:00,Unknown,Car,Female,40,Driver,Unknown,Unknown,Leisure and entertainment,Minor injury: Hospitalization up to 24 hours,429337.32,4582157.89,2.1537216,41.385999105
2020S004659    ,Eixample,l'Antiga Esquerra de l'Eixample,Comte d'Urgell,Wednesday,2020-10-07,Laboral,2020,10,October,7,Morning,08:00:00,Unknown,Taxi,Male,57,Driver,Unknown,Unknown,Taxi,Uninjured,429337.32,4582157.89,2.1537216,41.385999105
2020S004660    ,Eixample,la Nova Esquerra de l'Eixample,Comte Borrell,Wednesday,2020-10-07,Laboral,2020,10,October,7,Morning,08:00:00,Unknown,Bicicleta,Female,77,Pedestrian,In crossing regulated by traffic lights,Unknown,Unknown,Minor injury: Hospitalization up to 24 hours,429042.48,4582229.86,2.15018714,41.386621347
2020S004660    ,Eixample,la Nova Esquerra de l'Eixample,Comte Borrell,Wednesday,2020-10-07,Laboral,2020,10,October,7,Morning,08:00:00,Unknown,Bicicleta,Male,39,Driver,In crossing regulated by traffic lights,Unknown,In transit (commuting),Uninjured,429042.48,4582229.86,2.15018714,41.386621347
2020S004661    ,Sarriŕ-Sant Gervasi,Sant Gervasi - Galvany,Francesc Maciŕ,Wednesday,2020-10-07,Laboral,2020,10,October,7,Morning,09:00:00,Unknown,Autobús articulat,Male,60,Driver,Unknown,Unknown,Urban bus,Uninjured,428572.98,4582883.36,2.14449517,41.39246561
2020S004661    ,Sarriŕ-Sant Gervasi,Sant Gervasi - Galvany,Francesc Maciŕ,Wednesday,2020-10-07,Laboral,2020,10,October,7,Morning,09:00:00,Unknown,Autobús articulat,Female,29,Passenger,Unknown,Unknown,Unknown,Minor injury: Hospitalization up to 24 hours,428572.98,4582883.36,2.14449517,41.39246561
2020S004662    ,Sarriŕ-Sant Gervasi,Sarriŕ,Bisbe Catalŕ,Wednesday,2020-10-07,Laboral,2020,10,October,7,Morning,09:00:00,Unknown,Furgoneta,Male,49,Driver,Unknown,Unknown,On a mission,Uninjured,426203.61,4583455.98,2.11608711,41.397408917
2020S004662    ,Sarriŕ-Sant Gervasi,Sarriŕ,Bisbe Catalŕ,Wednesday,2020-10-07,Laboral,2020,10,October,7,Morning,09:00:00,Unknown,Motorcycle,Male,39,Driver,Unknown,Unknown,Unknown,Minor injury: Hospitalization up to 24 hours,426203.61,4583455.98,2.11608711,41.397408917
2020S004663    ,Eixample,el Fort Pienc,Lepant,Wednesday,2020-10-07,Laboral,2020,10,October,7,Morning,09:00:00,Unknown,Motorcycle,Male,61,Driver,Unknown,Unknown,Other activities,Minor injury: Hospitalization up to 24 hours,431782.49,4583650.77,2.18279566,41.399656244
2020S004663    ,Eixample,el Fort Pienc,Lepant,Wednesday,2020-10-07,Laboral,2020,10,October,7,Morning,09:00:00,Unknown,Motorcycle,Female,60,Passenger,Unknown,Unknown,Unknown,Minor injury: Hospitalization up to 24 hours,431782.49,4583650.77,2.18279566,41.399656244
2020S004664    ,Eixample,el Fort Pienc,Corts Catalanes,Wednesday,2020-10-07,Laboral,2020,10,October,7,Morning,09:00:00,Unknown,Car,Female,49,Driver,Unknown,Unknown,Unknown,Uninjured,431747.81,4583653.86,2.18238048,41.39968113
2020S004664    ,Eixample,el Fort Pienc,Corts Catalanes,Wednesday,2020-10-07,Laboral,2020,10,October,7,Morning,09:00:00,Unknown,Motorcycle,Male,26,Driver,Unknown,Unknown,Unknown,Minor injury: Hospitalization up to 24 hours,431747.81,4583653.86,2.18238048,41.39968113
2020S004665    ,Sants-Montjuďc,la Marina de Port,Mare de Déu de Port,Wednesday,2020-10-07,Laboral,2020,10,October,7,Morning,10:00:00,Unknown,Bicicleta,Female,65,Driver,Unknown,Unknown,Leisure and entertainment,Minor injury: Medical assistance at accident site,428112.88,4579612.96,2.13938034,41.362969271
2020S004665    ,Sants-Montjuďc,la Marina de Port,Mare de Déu de Port,Wednesday,2020-10-07,Laboral,2020,10,October,7,Morning,10:00:00,Unknown,Car,Male,44,Driver,Unknown,Unknown,Leisure and entertainment,Uninjured,428112.88,4579612.96,2.13938034,41.362969271
2020S004666    ,Sants-Montjuďc,la Marina del Prat Vermell,Número 6 Zona Franca,Wednesday,2020-10-07,Laboral,2020,10,October,7,Morning,08:00:00,Unknown,Motorcycle,Male,44,Driver,Unknown,Unknown,In transit (commuting),Minor injury: Hospitalization up to 24 hours,427368.13,4575151.66,2.13101092,41.322720904
2020S004667    ,Sarriŕ-Sant Gervasi,Sarriŕ,Jaume Piquet,Wednesday,2020-10-07,Laboral,2020,10,October,7,Morning,08:00:00,Unknown,"Camió rígid <= 3,5 tones",Male,53,Driver,Unknown,Unknown,On a mission,Uninjured,426920.0,4583550.21,2.12464458,41.398323067
2020S004668    ,Sants-Montjuďc,la Marina del Prat Vermell,Major de Mercabarna,Wednesday,2020-10-07,Laboral,2020,10,October,7,Afternoon,15:00:00,Unknown,Veh. mobilitat personal amb motor,Female,45,Driver,Unknown,Unknown,On a mission,Minor injury: Medical assistance at accident site,426026.26,4576056.68,2.11486874,41.330750046
2020S004668    ,Sants-Montjuďc,la Marina del Prat Vermell,Major de Mercabarna,Wednesday,2020-10-07,Laboral,2020,10,October,7,Afternoon,15:00:00,Unknown,Car,Female,58,Driver,Unknown,Unknown,In transit (commuting),Uninjured,426026.26,4576056.68,2.11486874,41.330750046
2020S004669    ,Nou Barris,Porta,Fabra i Puig,Wednesday,2020-10-07,Laboral,2020,10,October,7,Afternoon,16:00:00,Unknown,Motorcycle,Male,61,Driver,Unknown,Unknown,On a mission,Serious injury: Hospitalization over 24 hours,431735.59,4587057.41,2.18185003,41.430334787
2020S004669    ,Nou Barris,Porta,Fabra i Puig,Wednesday,2020-10-07,Laboral,2020,10,October,7,Afternoon,16:00:00,Unknown,Taxi,Male,23,Driver,Unknown,Unknown,Taxi,Uninjured,431735.59,4587057.41,2.18185003,41.430334787
2020S004670    ,Horta-Guinardó,el Baix Guinardó,Sant Antoni Maria Claret,Wednesday,2020-10-07,Laboral,2020,10,October,7,Afternoon,18:00:00,Unknown,Car,Male,21,Driver,Unknown,Unknown,Professional goods transport,Uninjured,431004.93,4584872.84,2.17335532,41.410596652
2020S004670    ,Horta-Guinardó,el Baix Guinardó,Sant Antoni Maria Claret,Wednesday,2020-10-07,Laboral,2020,10,October,7,Afternoon,18:00:00,Unknown,Motorcycle,Male,30,Driver,Unknown,Unknown,Leisure and entertainment,Minor injury: Hospitalization up to 24 hours,431004.93,4584872.84,2.17335532,41.410596652
2020S004671    ,Eixample,l'Antiga Esquerra de l'Eixample,Doctor Letamendi,Wednesday,2020-10-07,Laboral,2020,10,October,7,Afternoon,20:00:00,Unknown,Motorcycle,Female,43,Driver,Unknown,Unknown,On a mission,Minor injury: Hospitalization up to 24 hours,429922.19,4582544.35,2.16067143,41.389531016
2020S004671    ,Eixample,l'Antiga Esquerra de l'Eixample,Doctor Letamendi,Wednesday,2020-10-07,Laboral,2020,10,October,7,Afternoon,20:00:00,Unknown,Car,Female,34,Driver,Unknown,Unknown,Leisure and entertainment,Uninjured,429922.19,4582544.35,2.16067143,41.389531016
2020S004672    ,Nou Barris,la Prosperitat,Pablo Iglesias,Thursday,2020-10-08,Laboral,2020,10,October,8,Morning,07:00:00,Creuar per fora pas de vianants,Car,Male,22,Driver,Outside the crossing,Unknown,In transit (commuting),Uninjured,431738.81,4588513.75,2.18172395,41.443451802
2020S004672    ,Nou Barris,la Prosperitat,Pablo Iglesias,Thursday,2020-10-08,Laboral,2020,10,October,8,Morning,07:00:00,Creuar per fora pas de vianants,Car,Male,44,Pedestrian,Outside the crossing,In transit (commuting),Unknown,Minor injury: Hospitalization up to 24 hours,431738.81,4588513.75,2.18172395,41.443451802
2020S004673    ,Sant Martí,el Parc i la Llacuna del Poblenou,Diagonal,Thursday,2020-10-08,Laboral,2020,10,October,8,Morning,09:00:00,Unknown,Veh. mobilitat personal amb motor,Male,28,Driver,On the sidewalk,Unknown,Other activities,Uninjured,432403.25,4584112.55,2.19016945,41.403867825
2020S004673    ,Sant Martí,el Parc i la Llacuna del Poblenou,Diagonal,Thursday,2020-10-08,Laboral,2020,10,October,8,Morning,09:00:00,Unknown,Veh. mobilitat personal amb motor,Female,26,Pedestrian,On the sidewalk,Unknown,Unknown,Minor injury: Hospitalization up to 24 hours,432403.25,4584112.55,2.19016945,41.403867825
2020S004674    ,Eixample,l'Antiga Esquerra de l'Eixample,Diputació,Thursday,2020-10-08,Laboral,2020,10,October,8,Morning,09:00:00,Unknown,Car,Female,72,Pedestrian,In crossing regulated by traffic lights,Unknown,Unknown,Minor injury: Hospitalization up to 24 hours,429988.78,4582192.72,2.1615085,41.3863698
2020S004674    ,Eixample,l'Antiga Esquerra de l'Eixample,Diputació,Thursday,2020-10-08,Laboral,2020,10,October,8,Morning,09:00:00,Unknown,Car,Female,26,Driver,In crossing regulated by traffic lights,Unknown,Unknown,Uninjured,429988.78,4582192.72,2.1615085,41.3863698
2020S004675    ,Sant Andreu,la Sagrera,Garcilaso,Thursday,2020-10-08,Laboral,2020,10,October,8,Morning,09:00:00,Creuar per fora pas de vianants,Veh. mobilitat personal amb motor,Female,66,Pedestrian,Outside the crossing,On a mission,Unknown,Minor injury: Hospitalization up to 24 hours,431951.45,4586245.5,2.18452474,41.423040509
2020S004675    ,Sant Andreu,la Sagrera,Garcilaso,Thursday,2020-10-08,Laboral,2020,10,October,8,Morning,09:00:00,Creuar per fora pas de vianants,Veh. mobilitat personal amb motor,Female,28,Driver,Outside the crossing,Unknown,In transit (commuting),Minor injury: Hospitalization up to 24 hours,431951.45,4586245.5,2.18452474,41.423040509
2020S004676    ,Sant Martí,el Parc i la Llacuna del Poblenou,Tŕnger,Thursday,2020-10-08,Laboral,2020,10,October,8,Morning,08:00:00,Unknown,Car,Male,44,Pedestrian,Unknown,In transit (commuting),Unknown,Minor injury: Hospitalization up to 24 hours,432348.34,4583709.18,2.18955769,41.400230163
2020S004676    ,Sant Martí,el Parc i la Llacuna del Poblenou,Tŕnger,Thursday,2020-10-08,Laboral,2020,10,October,8,Morning,08:00:00,Unknown,Car,Male,28,Driver,Unknown,Unknown,Leisure and entertainment,Uninjured,432348.34,4583709.18,2.18955769,41.400230163
2020S004676    ,Sant Martí,el Parc i la Llacuna del Poblenou,Tŕnger,Thursday,2020-10-08,Laboral,2020,10,October,8,Morning,08:00:00,Unknown,Motorcycle,Male,48,Driver,Unknown,Unknown,In transit (commuting),Minor injury: Hospitalization up to 24 hours,432348.34,4583709.18,2.18955769,41.400230163
2020S004677    ,Eixample,la Nova Esquerra de l'Eixample,Tarragona,Thursday,2020-10-08,Laboral,2020,10,October,8,Morning,11:00:00,Unknown,Motorcycle,Male,18,Driver,Unknown,Unknown,Unknown,Minor injury: Hospitalization up to 24 hours,428933.64,4581033.69,2.14902585,41.375838237
2020S004677    ,Eixample,la Nova Esquerra de l'Eixample,Tarragona,Thursday,2020-10-08,Laboral,2020,10,October,8,Morning,11:00:00,Unknown,Car,Male,62,Driver,Unknown,Unknown,Unknown,Uninjured,428933.64,4581033.69,2.14902585,41.375838237
2020S004678    ,Les Corts,la Maternitat i Sant Ramon,Diagonal,Thursday,2020-10-08,Laboral,2020,10,October,8,Morning,12:00:00,Unknown,Motorcycle,Male,41,Driver,Unknown,Unknown,Other activities,Minor injury: Hospitalization up to 24 hours,425960.02,4582013.56,2.11334992,41.384395273
2020S004678    ,Les Corts,la Maternitat i Sant Ramon,Diagonal,Thursday,2020-10-08,Laboral,2020,10,October,8,Morning,12:00:00,Unknown,Furgoneta,Female,37,Driver,Unknown,Unknown,Other activities,Uninjured,425960.02,4582013.56,2.11334992,41.384395273
2020S004679    ,Ciutat Vella,"Sant Pere, Santa Caterina i la Ribera",Lluís Companys,Thursday,2020-10-08,Laboral,2020,10,October,8,Morning,11:00:00,Unknown,Car,Male,31,Driver,Unknown,Unknown,Leisure and entertainment,Uninjured,431734.23,4582471.91,2.18235136,41.389034489
2020S004679    ,Ciutat Vella,"Sant Pere, Santa Caterina i la Ribera",Lluís Companys,Thursday,2020-10-08,Laboral,2020,10,October,8,Morning,11:00:00,Unknown,Ciclomotor,Female,42,Driver,Unknown,Unknown,Leisure and entertainment,Minor injury: Medical assistance at accident site,431734.23,4582471.91,2.18235136,41.389034489
2020S004680    ,Grŕcia,la Vila de Grŕcia,Escorial,Thursday,2020-10-08,Laboral,2020,10,October,8,Morning,09:00:00,Unknown,Veh. mobilitat personal amb motor,Female,52,Driver,Unknown,Unknown,Unknown,Minor injury: Hospitalization up to 24 hours,429856.71,4584696.95,2.15963877,41.408913034
2020S004680    ,Grŕcia,la Vila de Grŕcia,Escorial,Thursday,2020-10-08,Laboral,2020,10,October,8,Morning,09:00:00,Unknown,Taxi,Male,50,Driver,Unknown,Unknown,On a mission,Uninjured,429856.71,4584696.95,2.15963877,41.408913034
2020S004681    ,Eixample,la Dreta de l'Eixample,Diagonal,Thursday,2020-10-08,Laboral,2020,10,October,8,Morning,09:00:00,Unknown,Car,Male,37,Driver,Unknown,Unknown,Unknown,Uninjured,429606.66,4583222.33,2.15681891,41.395609784
2020S004681    ,Eixample,la Dreta de l'Eixample,Diagonal,Thursday,2020-10-08,Laboral,2020,10,October,8,Morning,09:00:00,Unknown,Motorcycle,Male,25,Driver,Unknown,Unknown,Unknown,Minor injury: Refused medical assistance,429606.66,4583222.33,2.15681891,41.395609784
2020S004682    ,Sants-Montjuďc,la Marina del Prat Vermell,Número 1 Zona Franca,Thursday,2020-10-08,Laboral,2020,10,October,8,Morning,11:00:00,Unknown,Autobús,Male,68,Passenger,Unknown,Unknown,Unknown,Minor injury: Hospitalization up to 24 hours,428395.0,4577640.02,2.14298599,41.345224771
2020S004682    ,Sants-Montjuďc,la Marina del Prat Vermell,Número 1 Zona Franca,Thursday,2020-10-08,Laboral,2020,10,October,8,Morning,11:00:00,Unknown,Autobús,Male,44,Driver,Unknown,Unknown,Urban bus,Uninjured,428395.0,4577640.02,2.14298599,41.345224771
2020S004683    ,Eixample,Sant Antoni,Corts Catalanes,Thursday,2020-10-08,Laboral,2020,10,October,8,Morning,10:00:00,Unknown,Taxi,Female,67,Passenger,Unknown,Unknown,Unknown,Minor injury: Medical assistance at accident site,429841.57,4581783.12,2.15979543,41.382667832
2020S004683    ,Eixample,Sant Antoni,Corts Catalanes,Thursday,2020-10-08,Laboral,2020,10,October,8,Morning,10:00:00,Unknown,Taxi,Male,46,Driver,Unknown,Unknown,Taxi,Minor injury: Hospitalization up to 24 hours,429841.57,4581783.12,2.15979543,41.382667832
2020S004683    ,Eixample,Sant Antoni,Corts Catalanes,Thursday,2020-10-08,Laboral,2020,10,October,8,Morning,10:00:00,Unknown,Furgoneta,Male,48,Driver,Unknown,Unknown,Unknown,Uninjured,429841.57,4581783.12,2.15979543,41.382667832
2020S004684    ,Sants-Montjuďc,la Bordeta,Alpens,Thursday,2020-10-08,Laboral,2020,10,October,8,Afternoon,14:00:00,Unknown,Ciclomotor,Female,28,Driver,Unknown,Unknown,Unknown,Minor injury: Hospitalization up to 24 hours,428160.15,4580716.7,2.13981462,41.372914503
2020S004684    ,Sants-Montjuďc,la Bordeta,Alpens,Thursday,2020-10-08,Laboral,2020,10,October,8,Afternoon,14:00:00,Unknown,Car,Female,39,Driver,Unknown,Unknown,Unknown,Uninjured,428160.15,4580716.7,2.13981462,41.372914503
2020S004685    ,Sants-Montjuďc,la Marina del Prat Vermell,Número 6 Zona Franca,Thursday,2020-10-08,Laboral,2020,10,October,8,Morning,13:00:00,Unknown,Motorcycle,Male,30,Driver,Unknown,Unknown,In transit (commuting),Minor injury: Hospitalization up to 24 hours,427368.13,4575151.66,2.13101092,41.322720904
2020S004686    ,Sant Andreu,el Bon Pastor,Potosí,Wednesday,2020-10-07,Laboral,2020,10,October,7,Morning,11:00:00,Unknown,Motorcycle,Female,29,Passenger,Unknown,Unknown,Unknown,Minor injury: Hospitalization up to 24 hours,433205.62,4588407.36,2.19929317,41.442617031
2020S004686    ,Sant Andreu,el Bon Pastor,Potosí,Wednesday,2020-10-07,Laboral,2020,10,October,7,Morning,11:00:00,Unknown,Car,Male,30,Driver,Unknown,Unknown,In transit (commuting),Uninjured,433205.62,4588407.36,2.19929317,41.442617031
2020S004686    ,Sant Andreu,el Bon Pastor,Potosí,Wednesday,2020-10-07,Laboral,2020,10,October,7,Morning,11:00:00,Unknown,Motorcycle,Female,26,Driver,Unknown,Unknown,In transit (commuting),Minor injury: Hospitalization up to 24 hours,433205.62,4588407.36,2.19929317,41.442617031
2020S004687    ,Eixample,la Nova Esquerra de l'Eixample,Josep Tarradellas,Thursday,2020-10-08,Laboral,2020,10,October,8,Afternoon,15:00:00,Unknown,Veh. mobilitat personal amb motor,Male,24,Driver,At an unmarked crossing,Unknown,Other activities,Minor injury: Hospitalization up to 24 hours,428505.6,4582566.17,2.14372675,41.389602806
2020S004687    ,Eixample,la Nova Esquerra de l'Eixample,Josep Tarradellas,Thursday,2020-10-08,Laboral,2020,10,October,8,Afternoon,15:00:00,Unknown,Car,Male,63,Driver,At an unmarked crossing,Unknown,Other activities,Uninjured,428505.6,4582566.17,2.14372675,41.389602806
2020S004688    ,Sant Martí,Sant Martí de Provençals,Guipúscoa,Thursday,2020-10-08,Laboral,2020,10,October,8,Afternoon,16:00:00,Unknown,Car,Female,44,Driver,Unknown,Unknown,Unknown,Uninjured,433333.23,4585852.9,2.20110252,41.41962039
2020S004688    ,Sant Martí,Sant Martí de Provençals,Guipúscoa,Thursday,2020-10-08,Laboral,2020,10,October,8,Afternoon,16:00:00,Unknown,Ciclomotor,Male,17,Passenger,Unknown,Unknown,Unknown,Minor injury: Medical assistance at accident site,433333.23,4585852.9,2.20110252,41.41962039
2020S004688    ,Sant Martí,Sant Martí de Provençals,Guipúscoa,Thursday,2020-10-08,Laboral,2020,10,October,8,Afternoon,16:00:00,Unknown,Ciclomotor,Male,16,Driver,Unknown,Unknown,Unknown,Minor injury: Medical assistance at accident site,433333.23,4585852.9,2.20110252,41.41962039
2020S004689    ,Les Corts,les Corts,Numŕncia,Thursday,2020-10-08,Laboral,2020,10,October,8,Afternoon,17:00:00,Unknown,Car,Male,52,Driver,Unknown,Unknown,Unknown,Uninjured,428104.45,4581889.24,2.13900946,41.383470174
2020S004689    ,Les Corts,les Corts,Numŕncia,Thursday,2020-10-08,Laboral,2020,10,October,8,Afternoon,17:00:00,Unknown,Motorcycle,Male,35,Driver,Unknown,Unknown,Unknown,Minor injury: Hospitalization up to 24 hours,428104.45,4581889.24,2.13900946,41.383470174
2020S004690    ,Sarriŕ-Sant Gervasi,Sant Gervasi - la Bonanova,Iradier,Thursday,2020-10-08,Laboral,2020,10,October,8,Afternoon,16:00:00,Unknown,Car,Female,78,Driver,Unknown,Unknown,Other activities,Uninjured,427047.61,4584162.79,2.1260971,41.403851908
2020S004690    ,Sarriŕ-Sant Gervasi,Sant Gervasi - la Bonanova,Iradier,Thursday,2020-10-08,Laboral,2020,10,October,8,Afternoon,16:00:00,Unknown,Ciclomotor,Female,21,Driver,Unknown,Unknown,Unknown,Minor injury: Hospitalization up to 24 hours,427047.61,4584162.79,2.1260971,41.403851908
2020S004691    ,Eixample,l'Antiga Esquerra de l'Eixample,Aragó,Thursday,2020-10-08,Laboral,2020,10,October,8,Afternoon,19:00:00,Unknown,Motorcycle,Female,35,Driver,Unknown,Unknown,Unknown,Minor injury: Refused medical assistance,429679.92,4582226.57,2.15781084,41.386647721
2020S004691    ,Eixample,l'Antiga Esquerra de l'Eixample,Aragó,Thursday,2020-10-08,Laboral,2020,10,October,8,Afternoon,19:00:00,Unknown,Car,Male,49,Driver,Unknown,Unknown,Unknown,Uninjured,429679.92,4582226.57,2.15781084,41.386647721
2020S004692    ,Eixample,la Dreta de l'Eixample,Rosselló,Thursday,2020-10-08,Laboral,2020,10,October,8,Afternoon,16:00:00,Unknown,Motorcycle,Male,9,Passenger,Unknown,Unknown,Unknown,Minor injury: Medical assistance at accident site,429673.77,4582971.63,2.15765073,41.39335769
2020S004692    ,Eixample,la Dreta de l'Eixample,Rosselló,Thursday,2020-10-08,Laboral,2020,10,October,8,Afternoon,16:00:00,Unknown,Car,Female,38,Driver,Unknown,Unknown,Unknown,Uninjured,429673.77,4582971.63,2.15765073,41.39335769
2020S004692    ,Eixample,la Dreta de l'Eixample,Rosselló,Thursday,2020-10-08,Laboral,2020,10,October,8,Afternoon,16:00:00,Unknown,Motorcycle,Female,43,Driver,Unknown,Unknown,Unknown,Minor injury: Hospitalization up to 24 hours,429673.77,4582971.63,2.15765073,41.39335769