Case_Number,District_Name,Neighborhood_Name,Street_Name,Day_of_Week,Date,Day_Type_Description,Year,Month_of_Year,Month_Name,Day_of_Month,Shift_Description,Hour_of_Day,Pedestrian_Cause_Description,Involved_Vehicle_Type_Description,Gender_Description,Age,Person_Type_Description,Pedestrian_Accident_Location_Description,Pedestrian_Movement_Reason_Description,Driver_Movement_Reason_Description,Victimization_Description,Coordenada_UTM_X,Coordenada_UTM_Y,Longitud,Latitud
2020S004693    ,Les Corts,les Corts,Numŕncia,Thursday,2020-10-08,Laboral,2020,10,October,8,Afternoon,17:00:00,Unknown,Veh. mobilitat personal sense motor,Male,45,Driver,Unknown,Unknown,Leisure and entertainment,Minor injury: Hospitalization up to 24 hours,428036.11,4581974.18,2.13818211,41.384229083
2020S004693    ,Les Corts,les Corts,Numŕncia,Thursday,2020-10-08,Laboral,2020,10,October,8,Afternoon,17:00:00,Unknown,Car,Male,48,Driver,Unknown,Unknown,Leisure and entertainment,Uninjured,428036.11,4581974.18,2.13818211,41.384229083
2020S004694    ,Eixample,la Dreta de l'Eixample,Aragó,Thursday,2020-10-08,Laboral,2020,10,October,8,Afternoon,21:00:00,Unknown,Motorcycle,Male,37,Driver,Unknown,Unknown,Unknown,Minor injury: Medical assistance at accident site,430506.02,4583080.73,2.16759236,41.394412704
2020S004694    ,Eixample,la Dreta de l'Eixample,Aragó,Thursday,2020-10-08,Laboral,2020,10,October,8,Afternoon,21:00:00,Unknown,Car,Female,49,Driver,Unknown,Unknown,Unknown,Uninjured,430506.02,4583080.73,2.16759236,41.394412704
2020S004695    ,Grŕcia,la Salut,Maignon,Thursday,2020-10-08,Laboral,2020,10,October,8,Afternoon,21:00:00,Unknown,Motorcycle,Male,34,Passenger,Unknown,Unknown,Unknown,Uninjured,429117.18,4584681.56,2.15079332,41.408709511
2020S004695    ,Grŕcia,la Salut,Maignon,Thursday,2020-10-08,Laboral,2020,10,October,8,Afternoon,21:00:00,Unknown,Motorcycle,Male,30,Driver,Unknown,Unknown,Unknown,Uninjured,429117.18,4584681.56,2.15079332,41.408709511
2020S004695    ,Grŕcia,la Salut,Maignon,Thursday,2020-10-08,Laboral,2020,10,October,8,Afternoon,21:00:00,Unknown,Motorcycle,Female,57,Driver,Unknown,Unknown,Unknown,Minor injury: Hospitalization up to 24 hours,429117.18,4584681.56,2.15079332,41.408709511
2020S004696    ,Sarriŕ-Sant Gervasi,Sarriŕ,Dalt (Llobregat),Friday,2020-10-09,Laboral,2020,10,October,9,Morning,08:00:00,Unknown,Motorcycle,Male,52,Driver,Unknown,Unknown,On a mission,Minor injury: Hospitalization up to 24 hours,426205.42,4584059.9,2.11603511,41.40284832
2020S004696    ,Sarriŕ-Sant Gervasi,Sarriŕ,Dalt (Llobregat),Friday,2020-10-09,Laboral,2020,10,October,9,Morning,08:00:00,Unknown,Car,Male,35,Driver,Unknown,Unknown,In transit (commuting),Uninjured,426205.42,4584059.9,2.11603511,41.40284832
2020S004696    ,Sarriŕ-Sant Gervasi,Sarriŕ,Dalt (Llobregat),Friday,2020-10-09,Laboral,2020,10,October,9,Morning,08:00:00,Unknown,Motorcycle,Male,9,Passenger,Unknown,Unknown,Unknown,Minor injury: Hospitalization up to 24 hours,426205.42,4584059.9,2.11603511,41.40284832
2020S004697    ,Sarriŕ-Sant Gervasi,Sarriŕ,Salvador Mundí,Friday,2020-10-09,Laboral,2020,10,October,9,Morning,08:00:00,Unknown,Furgoneta,Male,24,Driver,Unknown,Unknown,In transit (commuting),Uninjured,426811.33,4583711.83,2.12332519,41.39976882
2020S004697    ,Sarriŕ-Sant Gervasi,Sarriŕ,Salvador Mundí,Friday,2020-10-09,Laboral,2020,10,October,9,Morning,08:00:00,Unknown,Tot terreny,Male,42,Driver,Unknown,Unknown,Unknown,Uninjured,426811.33,4583711.83,2.12332519,41.39976882
2020S004697    ,Sarriŕ-Sant Gervasi,Sarriŕ,Salvador Mundí,Friday,2020-10-09,Laboral,2020,10,October,9,Morning,08:00:00,Unknown,Car,Male,60,Driver,Unknown,Unknown,Unknown,Uninjured,426811.33,4583711.83,2.12332519,41.39976882
2020S004697    ,Sarriŕ-Sant Gervasi,Sarriŕ,Salvador Mundí,Friday,2020-10-09,Laboral,2020,10,October,9,Morning,08:00:00,Unknown,Car,Female,29,Driver,Unknown,Unknown,Unknown,Minor injury: Hospitalization up to 24 hours,426811.33,4583711.83,2.12332519,41.39976882
2020S004698    ,Eixample,el Fort Pienc,Corts Catalanes,Friday,2020-10-09,Laboral,2020,10,October,9,Morning,08:00:00,Unknown,Motorcycle,Female,46,Driver,Unknown,Unknown,Unknown,Minor injury: Hospitalization up to 24 hours,431827.94,4583820.52,2.1833202,41.40118899
2020S004698    ,Eixample,el Fort Pienc,Corts Catalanes,Friday,2020-10-09,Laboral,2020,10,October,9,Morning,08:00:00,Unknown,Tot terreny,Male,31,Driver,Unknown,Unknown,Unknown,Uninjured,431827.94,4583820.52,2.1833202,41.40118899
2020S004699    ,Sarriŕ-Sant Gervasi,Sant Gervasi - Galvany,Santaló,Friday,2020-10-09,Laboral,2020,10,October,9,Morning,09:00:00,Unknown,Furgoneta,Male,54,Driver,Unknown,Unknown,"Firefighters, police, ambulance",Uninjured,428382.26,4583574.35,2.14213233,41.398672125
2020S004699    ,Sarriŕ-Sant Gervasi,Sant Gervasi - Galvany,Santaló,Friday,2020-10-09,Laboral,2020,10,October,9,Morning,09:00:00,Unknown,Motorcycle,Male,24,Passenger,Unknown,Unknown,Unknown,Minor injury: Medical assistance at accident site,428382.26,4583574.35,2.14213233,41.398672125
2020S004699    ,Sarriŕ-Sant Gervasi,Sant Gervasi - Galvany,Santaló,Friday,2020-10-09,Laboral,2020,10,October,9,Morning,09:00:00,Unknown,Motorcycle,Male,26,Driver,Unknown,Unknown,On a mission,Minor injury: Medical assistance at accident site,428382.26,4583574.35,2.14213233,41.398672125
2020S004700    ,Sants-Montjuďc,Hostafrancs,Bordeta,Friday,2020-10-09,Laboral,2020,10,October,9,Morning,10:00:00,Unknown,Motorcycle,Male,50,Driver,Unknown,Unknown,Unknown,Uninjured,428409.82,4580709.88,2.14280066,41.372875337
2020S004700    ,Sants-Montjuďc,Hostafrancs,Bordeta,Friday,2020-10-09,Laboral,2020,10,October,9,Morning,10:00:00,Unknown,Veh. mobilitat personal amb motor,Female,42,Driver,Unknown,Unknown,Unknown,Minor injury: Hospitalization up to 24 hours,428409.82,4580709.88,2.14280066,41.372875337
2020S004701    ,Sant Martí,Diagonal Mar i el Front Marítim del Poblenou,Taulat,Friday,2020-10-09,Laboral,2020,10,October,9,Morning,12:00:00,Unknown,Motorcycle,Male,42,Driver,Unknown,Unknown,Unknown,Minor injury: Hospitalization up to 24 hours,434552.42,4584450.86,2.21584249,41.407092845
2020S004701    ,Sant Martí,Diagonal Mar i el Front Marítim del Poblenou,Taulat,Friday,2020-10-09,Laboral,2020,10,October,9,Morning,12:00:00,Unknown,Furgoneta,Male,29,Driver,Unknown,Unknown,On a mission,Uninjured,434552.42,4584450.86,2.21584249,41.407092845
2020S004702    ,Sant Martí,el Parc i la Llacuna del Poblenou,Marina,Friday,2020-10-09,Laboral,2020,10,October,9,Morning,11:00:00,Unknown,Furgoneta,Male,34,Driver,Unknown,Unknown,On a mission,Uninjured,432355.36,4582830.17,2.18973992,41.392313749
2020S004702    ,Sant Martí,el Parc i la Llacuna del Poblenou,Marina,Friday,2020-10-09,Laboral,2020,10,October,9,Morning,11:00:00,Unknown,Bicicleta,Male,41,Driver,Unknown,Unknown,Leisure and entertainment,Minor injury: Medical assistance at accident site,432355.36,4582830.17,2.18973992,41.392313749
2020S004703    ,Sant Martí,el Clot,Aragó,Friday,2020-10-09,Laboral,2020,10,October,9,Morning,13:00:00,Unknown,Ciclomotor,Male,49,Driver,Unknown,Unknown,Unknown,Minor injury: Hospitalization up to 24 hours,432261.49,4584801.01,2.18839654,41.410056645
2020S004703    ,Sant Martí,el Clot,Aragó,Friday,2020-10-09,Laboral,2020,10,October,9,Morning,13:00:00,Unknown,Taxi,Male,63,Driver,Unknown,Unknown,Taxi,Uninjured,432261.49,4584801.01,2.18839654,41.410056645
2020S004704    ,Nou Barris,Vilapicina i la Torre Llobeta,Arnau d'Oms,Friday,2020-10-09,Laboral,2020,10,October,9,Morning,12:00:00,Unknown,Car,Female,39,Driver,Outside the crossing,Unknown,Leisure and entertainment,Minor injury: Hospitalization up to 24 hours,431344.13,4587030.49,2.17716834,41.430058943
2020S004704    ,Nou Barris,Vilapicina i la Torre Llobeta,Arnau d'Oms,Friday,2020-10-09,Laboral,2020,10,October,9,Morning,12:00:00,Unknown,Autobús,Male,50,Driver,Outside the crossing,Unknown,Urban bus,Uninjured,431344.13,4587030.49,2.17716834,41.430058943
2020S004705    ,Sants-Montjuďc,Sants,Berlín,Friday,2020-10-09,Laboral,2020,10,October,9,Afternoon,15:00:00,Unknown,Ciclomotor,Male,42,Driver,Unknown,Unknown,Unknown,Minor injury: Refused medical assistance,428308.95,4582005.14,2.14144128,41.384532302
2020S004705    ,Sants-Montjuďc,Sants,Berlín,Friday,2020-10-09,Laboral,2020,10,October,9,Afternoon,15:00:00,Unknown,Motorcycle,Male,35,Driver,Unknown,Unknown,Unknown,Minor injury: Hospitalization up to 24 hours,428308.95,4582005.14,2.14144128,41.384532302
2020S004706    ,Sants-Montjuďc,el Poble-sec,Jocs del 92,Friday,2020-10-09,Laboral,2020,10,October,9,Morning,13:00:00,Unknown,Car,Male,20,Driver,Unknown,Unknown,Leisure and entertainment,Uninjured,428657.97,4579830.94,2.14587119,41.364981061
2020S004706    ,Sants-Montjuďc,el Poble-sec,Jocs del 92,Friday,2020-10-09,Laboral,2020,10,October,9,Morning,13:00:00,Unknown,Motorcycle,Male,47,Driver,Unknown,Unknown,Leisure and entertainment,Minor injury: Hospitalization up to 24 hours,428657.97,4579830.94,2.14587119,41.364981061
2020S004707    ,Ciutat Vella,la Barceloneta,Pepe Rubianes,Friday,2020-10-09,Laboral,2020,10,October,9,Afternoon,17:00:00,Unknown,Motorcycle,Male,16,Driver,Unknown,Unknown,Leisure and entertainment,Minor injury: Medical assistance at accident site,432312.11,4581265.3,2.18939756,41.378215722
2020S004707    ,Ciutat Vella,la Barceloneta,Pepe Rubianes,Friday,2020-10-09,Laboral,2020,10,October,9,Afternoon,17:00:00,Unknown,Car,Male,35,Driver,Unknown,Unknown,"Firefighters, police, ambulance",Uninjured,432312.11,4581265.3,2.18939756,41.378215722
2020S004708    ,Sants-Montjuďc,la Marina del Prat Vermell,Litoral (Besňs),Friday,2020-10-09,Laboral,2020,10,October,9,Afternoon,18:00:00,Unknown,Motorcycle,Male,38,Driver,Unknown,Unknown,Other activities,Minor injury: Hospitalization up to 24 hours,429470.26,4578385.67,2.15575047,41.352035546
2020S004708    ,Sants-Montjuďc,la Marina del Prat Vermell,Litoral (Besňs),Friday,2020-10-09,Laboral,2020,10,October,9,Afternoon,18:00:00,Unknown,Car,Female,43,Driver,Unknown,Unknown,Other activities,Uninjured,429470.26,4578385.67,2.15575047,41.352035546
2020S004708    ,Sants-Montjuďc,la Marina del Prat Vermell,Litoral (Besňs),Friday,2020-10-09,Laboral,2020,10,October,9,Afternoon,18:00:00,Unknown,Car,Male,61,Driver,Unknown,Unknown,Other activities,Uninjured,429470.26,4578385.67,2.15575047,41.352035546
2020S004709    ,Eixample,la Dreta de l'Eixample,Aragó,Friday,2020-10-09,Laboral,2020,10,October,9,Afternoon,17:00:00,Unknown,Motorcycle,Male,39,Driver,Unknown,Unknown,Unknown,Minor injury: Hospitalization up to 24 hours,430979.98,4583547.75,2.17320801,41.398659849
2020S004709    ,Eixample,la Dreta de l'Eixample,Aragó,Friday,2020-10-09,Laboral,2020,10,October,9,Afternoon,17:00:00,Unknown,Furgoneta,Male,51,Driver,Unknown,Unknown,Unknown,Uninjured,430979.98,4583547.75,2.17320801,41.398659849
2020S004710    ,Eixample,la Dreta de l'Eixample,Provença,Friday,2020-10-09,Laboral,2020,10,October,9,Afternoon,15:00:00,Unknown,Veh. mobilitat personal amb motor,Female,31,Driver,Unknown,Unknown,Unknown,Minor injury: Hospitalization up to 24 hours,430575.97,4583675.14,2.16836082,41.39977241
2020S004710    ,Eixample,la Dreta de l'Eixample,Provença,Friday,2020-10-09,Laboral,2020,10,October,9,Afternoon,15:00:00,Unknown,Car,Female,25,Driver,Unknown,Unknown,Unknown,Uninjured,430575.97,4583675.14,2.16836082,41.39977241
2020S004711    ,Eixample,la Dreta de l'Eixample,Mallorca,Friday,2020-10-09,Laboral,2020,10,October,9,Afternoon,20:00:00,Unknown,Motorcycle,Male,41,Driver,Unknown,Unknown,Other activities,Minor injury: Hospitalization up to 24 hours,429950.21,4582873.58,2.16096845,41.392498725
2020S004711    ,Eixample,la Dreta de l'Eixample,Mallorca,Friday,2020-10-09,Laboral,2020,10,October,9,Afternoon,20:00:00,Unknown,Car,Male,56,Driver,Unknown,Unknown,Leisure and entertainment,Uninjured,429950.21,4582873.58,2.16096845,41.392498725
2020S004712    ,Eixample,Sant Antoni,Rocafort,Friday,2020-10-09,Laboral,2020,10,October,9,Afternoon,17:00:00,Unknown,Motorcycle,Male,37,Driver,Unknown,Unknown,Leisure and entertainment,Minor injury: Hospitalization up to 24 hours,429621.73,4581064.42,2.15724997,41.376175518
2020S004712    ,Eixample,Sant Antoni,Rocafort,Friday,2020-10-09,Laboral,2020,10,October,9,Afternoon,17:00:00,Unknown,Tot terreny,Male,40,Driver,Unknown,Unknown,Leisure and entertainment,Uninjured,429621.73,4581064.42,2.15724997,41.376175518
2020S004713    ,Eixample,la Dreta de l'Eixample,Grŕcia,Friday,2020-10-09,Laboral,2020,10,October,9,Afternoon,20:00:00,Unknown,Motorcycle,Male,45,Driver,Unknown,Unknown,Unknown,Minor injury: Hospitalization up to 24 hours,429875.2,4583228.37,2.16003019,41.395687659
2020S004714    ,Nou Barris,Vilapicina i la Torre Llobeta,Cartellŕ,Friday,2020-10-09,Laboral,2020,10,October,9,Afternoon,19:00:00,Desobeir el senyal del semŕfor,Motorcycle,Female,79,Pedestrian,In crossing regulated by traffic lights,Other activities,Unknown,Minor injury: Hospitalization up to 24 hours,430600.08,4586905.49,2.16827844,41.428869134
2020S004714    ,Nou Barris,Vilapicina i la Torre Llobeta,Cartellŕ,Friday,2020-10-09,Laboral,2020,10,October,9,Afternoon,19:00:00,Desobeir el senyal del semŕfor,Motorcycle,Male,28,Driver,In crossing regulated by traffic lights,Unknown,Other activities,Uninjured,430600.08,4586905.49,2.16827844,41.428869134
2020S004715    ,Sant Martí,Diagonal Mar i el Front Marítim del Poblenou,Diagonal,Friday,2020-10-09,Laboral,2020,10,October,9,Afternoon,21:00:00,Unknown,Tren o tramvia,Male,51,Driver,Unknown,Unknown,Other activities,Uninjured,434359.57,4584802.93,2.21349717,41.410248122
2020S004715    ,Sant Martí,Diagonal Mar i el Front Marítim del Poblenou,Diagonal,Friday,2020-10-09,Laboral,2020,10,October,9,Afternoon,21:00:00,Unknown,Bicicleta,Male,26,Driver,Unknown,Unknown,Unknown,Minor injury: Hospitalization up to 24 hours,434359.57,4584802.93,2.21349717,41.410248122
2020S004716    ,Eixample,la Dreta de l'Eixample,Provença,Friday,2020-10-09,Laboral,2020,10,October,9,Night,22:00:00,Unknown,Motorcycle,Male,37,Driver,Unknown,Unknown,On a mission,Minor injury: Medical assistance at accident site,430575.97,4583675.14,2.16836082,41.39977241
2020S004716    ,Eixample,la Dreta de l'Eixample,Provença,Friday,2020-10-09,Laboral,2020,10,October,9,Night,22:00:00,Unknown,Ciclomotor,Female,27,Driver,Unknown,Unknown,In transit (commuting),Uninjured,430575.97,4583675.14,2.16836082,41.39977241
2020S004717    ,Horta-Guinardó,Sant Genís dels Agudells,Sant Cugat,Saturday,2020-10-10,Laboral,2020,10,October,10,Night,02:00:00,Unknown,Car,Female,24,Passenger,Unknown,Unknown,Unknown,Minor injury: Hospitalization up to 24 hours,427327.88,4586436.86,2.12917647,41.424358857
2020S004717    ,Horta-Guinardó,Sant Genís dels Agudells,Sant Cugat,Saturday,2020-10-10,Laboral,2020,10,October,10,Night,02:00:00,Unknown,Car,Female,20,Passenger,Unknown,Unknown,Unknown,Minor injury: Hospitalization up to 24 hours,427327.88,4586436.86,2.12917647,41.424358857
2020S004717    ,Horta-Guinardó,Sant Genís dels Agudells,Sant Cugat,Saturday,2020-10-10,Laboral,2020,10,October,10,Night,02:00:00,Unknown,Car,Female,22,Passenger,Unknown,Unknown,Unknown,Minor injury: Hospitalization up to 24 hours,427327.88,4586436.86,2.12917647,41.424358857
2020S004717    ,Horta-Guinardó,Sant Genís dels Agudells,Sant Cugat,Saturday,2020-10-10,Laboral,2020,10,October,10,Night,02:00:00,Unknown,Car,Male,24,Driver,Unknown,Unknown,Unknown,Uninjured,427327.88,4586436.86,2.12917647,41.424358857
2020S004719    ,Sarriŕ-Sant Gervasi,el Putxet i el Farró,General Mitre,Saturday,2020-10-10,Laboral,2020,10,October,10,Morning,07:00:00,Unknown,Car,Male,46,Driver,Unknown,Unknown,In transit (commuting),Uninjured,428273.21,4584231.67,2.14075002,41.404582623
2020S004719    ,Sarriŕ-Sant Gervasi,el Putxet i el Farró,General Mitre,Saturday,2020-10-10,Laboral,2020,10,October,10,Morning,07:00:00,Unknown,Motorcycle,Female,43,Driver,Unknown,Unknown,In transit (commuting),Minor injury: Hospitalization up to 24 hours,428273.21,4584231.67,2.14075002,41.404582623
2020S004720    ,Sant Andreu,Sant Andreu,Mossčn Clapés,Friday,2020-10-09,Laboral,2020,10,October,9,Afternoon,16:00:00,Unknown,Car,Female,45,Driver,Unknown,Unknown,Unknown,Uninjured,432158.18,4588340.01,2.18676325,41.441922555
2020S004720    ,Sant Andreu,Sant Andreu,Mossčn Clapés,Friday,2020-10-09,Laboral,2020,10,October,9,Afternoon,16:00:00,Unknown,Motorcycle,Female,41,Driver,Unknown,Unknown,Unknown,Minor injury: Hospitalization up to 24 hours,432158.18,4588340.01,2.18676325,41.441922555
2020S004721    ,Sant Andreu,Navas,Felip II,Saturday,2020-10-10,Laboral,2020,10,October,10,Morning,09:00:00,Unknown,Car,Male,39,Driver,Unknown,Unknown,Unknown,Minor injury: Hospitalization up to 24 hours,432384.18,4585684.09,2.18976561,41.418020619
2020S004721    ,Sant Andreu,Navas,Felip II,Saturday,2020-10-10,Laboral,2020,10,October,10,Morning,09:00:00,Unknown,Car,Female,68,Driver,Unknown,Unknown,Unknown,Minor injury: Medical assistance at accident site,432384.18,4585684.09,2.18976561,41.418020619
2020S004722    ,Sants-Montjuďc,la Marina del Prat Vermell,Litoral (Llobregat),Saturday,2020-10-10,Laboral,2020,10,October,10,Morning,12:00:00,Unknown,Motorcycle,Female,23,Driver,Unknown,Unknown,Leisure and entertainment,Minor injury: Hospitalization up to 24 hours,428721.64,4578112.98,2.14683432,41.349513567
2020S004722    ,Sants-Montjuďc,la Marina del Prat Vermell,Litoral (Llobregat),Saturday,2020-10-10,Laboral,2020,10,October,10,Morning,12:00:00,Unknown,Car,Male,36,Driver,Unknown,Unknown,Leisure and entertainment,Uninjured,428721.64,4578112.98,2.14683432,41.349513567
2020S004723    ,Horta-Guinardó,el Baix Guinardó,Guinardó,Saturday,2020-10-10,Laboral,2020,10,October,10,Morning,11:00:00,Unknown,Ciclomotor,Female,21,Passenger,Unknown,Unknown,Unknown,Minor injury: Hospitalization up to 24 hours,430430.93,4585118.99,2.16645984,41.412764134
2020S004723    ,Horta-Guinardó,el Baix Guinardó,Guinardó,Saturday,2020-10-10,Laboral,2020,10,October,10,Morning,11:00:00,Unknown,Ciclomotor,Male,21,Driver,Unknown,Unknown,Leisure and entertainment,Uninjured,430430.93,4585118.99,2.16645984,41.412764134
2020S004723    ,Horta-Guinardó,el Baix Guinardó,Guinardó,Saturday,2020-10-10,Laboral,2020,10,October,10,Morning,11:00:00,Unknown,Motorcycle,Female,23,Driver,Unknown,Unknown,Other activities,Uninjured,430430.93,4585118.99,2.16645984,41.412764134
2020S004724    ,Les Corts,la Maternitat i Sant Ramon,Madrid,Saturday,2020-10-10,Laboral,2020,10,October,10,Morning,12:00:00,Unknown,Motorcycle,Male,60,Driver,Unknown,Unknown,Unknown,Minor injury: Hospitalization up to 24 hours,426883.4,4581174.93,2.12449363,41.376926562
2020S004724    ,Les Corts,la Maternitat i Sant Ramon,Madrid,Saturday,2020-10-10,Laboral,2020,10,October,10,Morning,12:00:00,Unknown,Car,Male,28,Driver,Unknown,Unknown,Unknown,Uninjured,426883.4,4581174.93,2.12449363,41.376926562
2020S004725    ,Eixample,la Dreta de l'Eixample,Aragó,Saturday,2020-10-10,Laboral,2020,10,October,10,Afternoon,15:00:00,Unknown,Motorcycle,Male,44,Driver,Unknown,Unknown,Leisure and entertainment,Minor injury: Hospitalization up to 24 hours,430445.17,4582976.36,2.16687654,41.393467414
2020S004726    ,Sarriŕ-Sant Gervasi,les Tres Torres,Tres Torres,Saturday,2020-10-10,Laboral,2020,10,October,10,Afternoon,15:00:00,Unknown,Motorcycle,Male,37,Driver,Unknown,Unknown,Leisure and entertainment,Minor injury: Medical assistance at accident site,427636.49,4583272.98,2.1332479,41.395891001
2020S004726    ,Sarriŕ-Sant Gervasi,les Tres Torres,Tres Torres,Saturday,2020-10-10,Laboral,2020,10,October,10,Afternoon,15:00:00,Unknown,Motorcycle,Male,44,Driver,Unknown,Unknown,On a mission,Uninjured,427636.49,4583272.98,2.1332479,41.395891001
2020S004727    ,Les Corts,les Corts,Diagonal,Saturday,2020-10-10,Laboral,2020,10,October,10,Afternoon,16:00:00,Unknown,Autobús articulat,Female,15,Passenger,Unknown,Unknown,Unknown,Minor injury: Hospitalization up to 24 hours,427948.61,4582755.86,2.1370427,41.391261543
2020S004727    ,Les Corts,les Corts,Diagonal,Saturday,2020-10-10,Laboral,2020,10,October,10,Afternoon,16:00:00,Unknown,Autobús articulat,Female,41,Passenger,Unknown,Unknown,Unknown,Minor injury: Hospitalization up to 24 hours,427948.61,4582755.86,2.1370427,41.391261543
2020S004727    ,Les Corts,les Corts,Diagonal,Saturday,2020-10-10,Laboral,2020,10,October,10,Afternoon,16:00:00,Unknown,Autobús articulat,Male,52,Driver,Unknown,Unknown,Urban bus,Uninjured,427948.61,4582755.86,2.1370427,41.391261543
2020S004727    ,Les Corts,les Corts,Diagonal,Saturday,2020-10-10,Laboral,2020,10,October,10,Afternoon,16:00:00,Unknown,Furgoneta,Male,19,Driver,Unknown,Unknown,On a mission,Uninjured,427948.61,4582755.86,2.1370427,41.391261543
2020S004727    ,Les Corts,les Corts,Diagonal,Saturday,2020-10-10,Laboral,2020,10,October,10,Afternoon,16:00:00,Unknown,Autobús articulat,Female,44,Passenger,Unknown,Unknown,Unknown,Minor injury: Hospitalization up to 24 hours,427948.61,4582755.86,2.1370427,41.391261543
2020S004727    ,Les Corts,les Corts,Diagonal,Saturday,2020-10-10,Laboral,2020,10,October,10,Afternoon,16:00:00,Unknown,Autobús articulat,Male,43,Passenger,Unknown,Unknown,Unknown,Minor injury: Hospitalization up to 24 hours,427948.61,4582755.86,2.1370427,41.391261543
2020S004728    ,Sant Martí,el Poblenou,Litoral,Saturday,2020-10-10,Laboral,2020,10,October,10,Morning,13:00:00,Unknown,Motorcycle,Male,69,Driver,Unknown,Unknown,Unknown,Uninjured,433582.86,4582869.59,2.20441704,41.392771161
2020S004728    ,Sant Martí,el Poblenou,Litoral,Saturday,2020-10-10,Laboral,2020,10,October,10,Morning,13:00:00,Unknown,Motorcycle,Female,56,Passenger,Unknown,Unknown,Unknown,Minor injury: Hospitalization up to 24 hours,433582.86,4582869.59,2.20441704,41.392771161
2020S004729    ,Eixample,la Dreta de l'Eixample,Aragó,Saturday,2020-10-10,Laboral,2020,10,October,10,Afternoon,16:00:00,Unknown,Bicicleta,Female,3,Pedestrian,On the sidewalk,Unknown,Unknown,Minor injury: Medical assistance at accident site,430215.73,4582751.32,2.16415826,41.391420664
2020S004729    ,Eixample,la Dreta de l'Eixample,Aragó,Saturday,2020-10-10,Laboral,2020,10,October,10,Afternoon,16:00:00,Unknown,Bicicleta,Male,17,Driver,On the sidewalk,Unknown,Other activities,Uninjured,430215.73,4582751.32,2.16415826,41.391420664
2020S004730    ,Sant Andreu,Sant Andreu,Ribes,Saturday,2020-10-10,Laboral,2020,10,October,10,Afternoon,16:00:00,Unknown,Furgoneta,Male,38,Driver,Unknown,Unknown,Unknown,Uninjured,432369.77,4588857.47,2.18923791,41.446600999
2020S004730    ,Sant Andreu,Sant Andreu,Ribes,Saturday,2020-10-10,Laboral,2020,10,October,10,Afternoon,16:00:00,Unknown,Car,Female,55,Passenger,Unknown,Unknown,Unknown,Minor injury: Refused medical assistance,432369.77,4588857.47,2.18923791,41.446600999
2020S004730    ,Sant Andreu,Sant Andreu,Ribes,Saturday,2020-10-10,Laboral,2020,10,October,10,Afternoon,16:00:00,Unknown,Car,Female,19,Passenger,Unknown,Unknown,Unknown,Minor injury: Medical assistance at accident site,432369.77,4588857.47,2.18923791,41.446600999
2020S004730    ,Sant Andreu,Sant Andreu,Ribes,Saturday,2020-10-10,Laboral,2020,10,October,10,Afternoon,16:00:00,Unknown,Car,Male,26,Driver,Unknown,Unknown,Unknown,Minor injury: Medical assistance at accident site,432369.77,4588857.47,2.18923791,41.446600999
2020S004731    ,Sarriŕ-Sant Gervasi,"Vallvidrera, el Tibidabo i les Planes",Vallvidrera a les Planes,Friday,2020-10-09,Laboral,2020,10,October,9,Morning,12:00:00,Unknown,Motorcycle,Female,59,Driver,Unknown,Unknown,In transit (commuting),Minor injury: Medical assistance at accident site,424742.43,4585862.64,2.09831038,41.418948997
2020S004731    ,Sarriŕ-Sant Gervasi,"Vallvidrera, el Tibidabo i les Planes",Vallvidrera a les Planes,Friday,2020-10-09,Laboral,2020,10,October,9,Morning,12:00:00,Unknown,Car,Female,28,Driver,Unknown,Unknown,In transit (commuting),Minor injury: Hospitalization up to 24 hours,424742.43,4585862.64,2.09831038,41.418948997
2020S004732    ,Eixample,Sant Antoni,Rocafort,Saturday,2020-10-10,Laboral,2020,10,October,10,Afternoon,18:00:00,Unknown,Car,Male,78,Driver,Unknown,Unknown,Leisure and entertainment,Uninjured,429681.8,4581003.24,2.15797535,41.375629743
2020S004732    ,Eixample,Sant Antoni,Rocafort,Saturday,2020-10-10,Laboral,2020,10,October,10,Afternoon,18:00:00,Unknown,Motorcycle,Male,23,Driver,Unknown,Unknown,Leisure and entertainment,Minor injury: Medical assistance at accident site,429681.8,4581003.24,2.15797535,41.375629743
2020S004733    ,Sant Andreu,Baró de Viver,Potosí,Saturday,2020-10-10,Laboral,2020,10,October,10,Afternoon,19:00:00,Unknown,Car,Female,36,Passenger,Unknown,Unknown,Unknown,Minor injury: Hospitalization up to 24 hours,433138.79,4588429.9,2.19849074,41.442814475
2020S004733    ,Sant Andreu,Baró de Viver,Potosí,Saturday,2020-10-10,Laboral,2020,10,October,10,Afternoon,19:00:00,Unknown,Car,Male,61,Driver,Unknown,Unknown,Unknown,Uninjured,433138.79,4588429.9,2.19849074,41.442814475
2020S004733    ,Sant Andreu,Baró de Viver,Potosí,Saturday,2020-10-10,Laboral,2020,10,October,10,Afternoon,19:00:00,Unknown,Car,Male,35,Driver,Unknown,Unknown,Unknown,Minor injury: Medical assistance at accident site,433138.79,4588429.9,2.19849074,41.442814475
2020S004734    ,Sants-Montjuďc,el Poble-sec,Foc,Saturday,2020-10-10,Laboral,2020,10,October,10,Afternoon,19:00:00,Unknown,Car,Male,23,Driver,Unknown,Unknown,Unknown,Unknown,429059.13,4579287.92,2.15073071,41.360125716
2020S004735    ,Eixample,Sant Antoni,Floridablanca,Saturday,2020-10-10,Laboral,2020,10,October,10,Afternoon,19:00:00,Unknown,Car,Male,51,Pedestrian,In crossing regulated by traffic lights,Leisure and entertainment,Unknown,Minor injury: Hospitalization up to 24 hours,430132.51,4581731.5,2.16328061,41.382228239