Case_Number,District_Name,Neighborhood_Name,Street_Name,Day_of_Week,Date,Day_Type_Description,Year,Month_of_Year,Month_Name,Day_of_Month,Shift_Description,Hour_of_Day,Pedestrian_Cause_Description,Involved_Vehicle_Type_Description,Gender_Description,Age,Person_Type_Description,Pedestrian_Accident_Location_Description,Pedestrian_Movement_Reason_Description,Driver_Movement_Reason_Description,Victimization_Description,Coordenada_UTM_X,Coordenada_UTM_Y,Longitud,Latitud
2020S004735    ,Eixample,Sant Antoni,Floridablanca,Saturday,2020-10-10,Laboral,2020,10,October,10,Afternoon,19:00:00,Unknown,Car,Female,54,Driver,In crossing regulated by traffic lights,Unknown,Leisure and entertainment,Uninjured,430132.51,4581731.5,2.16328061,41.382228239
2020S004736    ,Nou Barris,Vilapicina i la Torre Llobeta,Maragall,Saturday,2020-10-10,Laboral,2020,10,October,10,Afternoon,19:00:00,Unknown,Car,Female,42,Driver,Unknown,Unknown,Other activities,Uninjured,430282.76,4586810.31,2.16449204,41.427984389
2020S004736    ,Nou Barris,Vilapicina i la Torre Llobeta,Maragall,Saturday,2020-10-10,Laboral,2020,10,October,10,Afternoon,19:00:00,Unknown,Motorcycle,Male,29,Driver,Unknown,Unknown,On a mission,Minor injury: Medical assistance at accident site,430282.76,4586810.31,2.16449204,41.427984389
2020S004737    ,Sant Martí,Diagonal Mar i el Front Marítim del Poblenou,Litoral (Besňs),Saturday,2020-10-10,Laboral,2020,10,October,10,Afternoon,21:00:00,Unknown,Car,Male,31,Driver,Unknown,Unknown,Unknown,Unknown,434814.7,4584391.21,2.21898663,41.406576915
2020S004738    ,Eixample,la Dreta de l'Eixample,Catalunya,Saturday,2020-10-10,Laboral,2020,10,October,10,Afternoon,21:00:00,Desobeir el senyal del semŕfor,Motorcycle,Male,54,Driver,In crossing regulated by traffic lights,Unknown,Leisure and entertainment,Minor injury: Hospitalization up to 24 hours,430769.42,4582343.62,2.17082712,41.387796511
2020S004738    ,Eixample,la Dreta de l'Eixample,Catalunya,Saturday,2020-10-10,Laboral,2020,10,October,10,Afternoon,21:00:00,Desobeir el senyal del semŕfor,Motorcycle,Female,29,Pedestrian,In crossing regulated by traffic lights,Leisure and entertainment,Unknown,Minor injury: Medical assistance at accident site,430769.42,4582343.62,2.17082712,41.387796511
2020S004739    ,Ciutat Vella,el Barri Gňtic,Litoral (Llobregat),Saturday,2020-10-10,Laboral,2020,10,October,10,Night,22:00:00,Unknown,Furgoneta,Male,50,Driver,Unknown,Unknown,Unknown,Uninjured,431572.69,4581329.72,2.18054844,41.378733361
2020S004740    ,Sants-Montjuďc,Sants,Sant Medir,Saturday,2020-10-10,Laboral,2020,10,October,10,Night,22:00:00,Unknown,Veh. mobilitat personal amb motor,Male,27,Driver,Unknown,Unknown,Unknown,Minor injury: Medical assistance at accident site,427619.53,4580794.02,2.13334135,41.373562431
2020S004740    ,Sants-Montjuďc,Sants,Sant Medir,Saturday,2020-10-10,Laboral,2020,10,October,10,Night,22:00:00,Unknown,Car,Female,24,Driver,Unknown,Unknown,Unknown,Uninjured,427619.53,4580794.02,2.13334135,41.373562431
2020S004741    ,Sarriŕ-Sant Gervasi,Sant Gervasi - Galvany,General Mitre,Saturday,2020-10-10,Laboral,2020,10,October,10,Afternoon,20:00:00,Unknown,Motorcycle,Male,25,Driver,Unknown,Unknown,Leisure and entertainment,Uninjured,427716.16,4583270.51,2.13420112,41.395875924
2020S004741    ,Sarriŕ-Sant Gervasi,Sant Gervasi - Galvany,General Mitre,Saturday,2020-10-10,Laboral,2020,10,October,10,Afternoon,20:00:00,Unknown,Motorcycle,Female,25,Passenger,Unknown,Unknown,Unknown,Minor injury: Hospitalization up to 24 hours,427716.16,4583270.51,2.13420112,41.395875924
2020S004742    ,Sant Andreu,el Congrés i els Indians,Maragall,Saturday,2020-10-10,Laboral,2020,10,October,10,Afternoon,20:00:00,Unknown,Motorcycle,Male,37,Driver,Unknown,Unknown,Unknown,Minor injury: Hospitalization up to 24 hours,431599.38,4586028.74,2.18033639,41.421058309
2020S004743    ,Eixample,la Sagrada Família,Lepant,Saturday,2020-10-10,Laboral,2020,10,October,10,Afternoon,17:00:00,Unknown,Car,Male,25,Driver,Unknown,Unknown,Unknown,Uninjured,431205.81,4584243.41,2.17583019,41.404944806
2020S004743    ,Eixample,la Sagrada Família,Lepant,Saturday,2020-10-10,Laboral,2020,10,October,10,Afternoon,17:00:00,Unknown,Car,Male,32,Driver,Unknown,Unknown,Unknown,Minor injury: Hospitalization up to 24 hours,431205.81,4584243.41,2.17583019,41.404944806
2020S004743    ,Eixample,la Sagrada Família,Lepant,Saturday,2020-10-10,Laboral,2020,10,October,10,Afternoon,17:00:00,Unknown,Taxi,Male,60,Driver,Unknown,Unknown,Unknown,Uninjured,431205.81,4584243.41,2.17583019,41.404944806
2020S004744    ,Eixample,la Dreta de l'Eixample,Mossčn Jacint Verdaguer,Saturday,2020-10-10,Laboral,2020,10,October,10,Afternoon,21:00:00,Unknown,Car,Female,21,Driver,Unknown,Unknown,Leisure and entertainment,Uninjured,430706.56,4583594.99,2.16993208,41.399061796
2020S004744    ,Eixample,la Dreta de l'Eixample,Mossčn Jacint Verdaguer,Saturday,2020-10-10,Laboral,2020,10,October,10,Afternoon,21:00:00,Unknown,Motorcycle,Female,36,Driver,Unknown,Unknown,Leisure and entertainment,Minor injury: Hospitalization up to 24 hours,430706.56,4583594.99,2.16993208,41.399061796
2020S004745    ,Sants-Montjuďc,la Marina del Prat Vermell,Litoral (Besňs),Sunday,2020-10-11,Laboral,2020,10,October,11,Night,01:00:00,Unknown,Car,Female,30,Passenger,Unknown,Unknown,Unknown,Minor injury: Medical assistance at accident site,431047.22,4580373.32,2.17437377,41.370074442
2020S004745    ,Sants-Montjuďc,la Marina del Prat Vermell,Litoral (Besňs),Sunday,2020-10-11,Laboral,2020,10,October,11,Night,01:00:00,Unknown,Car,Female,21,Driver,Unknown,Unknown,Unknown,Uninjured,431047.22,4580373.32,2.17437377,41.370074442
2020S004746    ,Eixample,Sant Antoni,Calŕbria,Sunday,2020-10-11,Laboral,2020,10,October,11,Night,01:00:00,Unknown,Motorcycle,Male,24,Driver,Unknown,Unknown,Unknown,Minor injury: Hospitalization up to 24 hours,429531.15,4581335.9,2.15613529,41.378612721
2020S004746    ,Eixample,Sant Antoni,Calŕbria,Sunday,2020-10-11,Laboral,2020,10,October,11,Night,01:00:00,Unknown,Car,Male,48,Driver,Unknown,Unknown,Taxi,Minor injury: Medical assistance at accident site,429531.15,4581335.9,2.15613529,41.378612721
2020S004747    ,Grŕcia,la Salut,Dalt,Sunday,2020-10-11,Laboral,2020,10,October,11,Night,01:00:00,Unknown,Car,Male,24,Driver,Unknown,Unknown,Unknown,Uninjured,429477.27,4584794.31,2.15508804,41.4097567
2020S004747    ,Grŕcia,la Salut,Dalt,Sunday,2020-10-11,Laboral,2020,10,October,11,Night,01:00:00,Unknown,Motorcycle,Male,30,Driver,Unknown,Unknown,Leisure and entertainment,Serious injury: Hospitalization over 24 hours,429477.27,4584794.31,2.15508804,41.4097567
2020S004748    ,Sants-Montjuďc,la Font de la Guatlla,Francesc Ferrer i Guŕrdia,Sunday,2020-10-11,Laboral,2020,10,October,11,Night,02:00:00,Unknown,Car,Male,28,Driver,Unknown,Unknown,Unknown,Uninjured,428901.92,4580348.09,2.14872701,41.369660459
2020S004749    ,Sant Andreu,la Trinitat Vella,Meridiana,Sunday,2020-10-11,Laboral,2020,10,October,11,Night,03:00:00,Unknown,Car,Male,30,Driver,Unknown,Unknown,Leisure and entertainment,Uninjured,432288.3,4588965.24,2.18825059,41.447564774
2020S004750    ,Les Corts,Pedralbes,Diagonal,Sunday,2020-10-11,Laboral,2020,10,October,11,Morning,08:00:00,Unknown,Car,Female,52,Passenger,Unknown,Unknown,Unknown,Minor injury: Medical assistance at accident site,425404.65,4581888.6,2.1067238,41.383218483
2020S004750    ,Les Corts,Pedralbes,Diagonal,Sunday,2020-10-11,Laboral,2020,10,October,11,Morning,08:00:00,Unknown,Tot terreny,Male,69,Driver,Unknown,Unknown,Leisure and entertainment,Minor injury: Medical assistance at accident site,425404.65,4581888.6,2.1067238,41.383218483
2020S004750    ,Les Corts,Pedralbes,Diagonal,Sunday,2020-10-11,Laboral,2020,10,October,11,Morning,08:00:00,Unknown,Car,Male,19,Driver,Unknown,Unknown,Leisure and entertainment,Minor injury: Medical assistance at accident site,425404.65,4581888.6,2.1067238,41.383218483
2020S004751    ,Sant Martí,el Clot,Aragó,Saturday,2020-10-10,Laboral,2020,10,October,10,Afternoon,21:00:00,Unknown,Motorcycle,Female,20,Driver,Unknown,Unknown,Unknown,Minor injury: Hospitalization up to 24 hours,431924.04,4584428.36,2.18440135,41.406671772
2020S004751    ,Sant Martí,el Clot,Aragó,Saturday,2020-10-10,Laboral,2020,10,October,10,Afternoon,21:00:00,Unknown,Car,Male,50,Driver,Unknown,Unknown,Unknown,Uninjured,431924.04,4584428.36,2.18440135,41.406671772
2020S004752    ,Sants-Montjuďc,la Bordeta,Corts Catalanes,Sunday,2020-10-11,Laboral,2020,10,October,11,Night,05:00:00,Unknown,Car,Male,24,Driver,Unknown,Unknown,Unknown,Uninjured,427938.81,4579998.27,2.13725355,41.366424057
2020S004752    ,Sants-Montjuďc,la Bordeta,Corts Catalanes,Sunday,2020-10-11,Laboral,2020,10,October,11,Night,05:00:00,Unknown,Veh. mobilitat personal amb motor,Female,32,Driver,Unknown,Unknown,Unknown,Minor injury: Refused medical assistance,427938.81,4579998.27,2.13725355,41.366424057
2020S004753    ,Eixample,la Dreta de l'Eixample,Aragó,Sunday,2020-10-11,Laboral,2020,10,October,11,Morning,12:00:00,Unknown,Car,Male,56,Driver,Unknown,Unknown,Unknown,Uninjured,430031.15,4582615.31,2.16196637,41.390179621
2020S004753    ,Eixample,la Dreta de l'Eixample,Aragó,Sunday,2020-10-11,Laboral,2020,10,October,11,Morning,12:00:00,Unknown,Ciclomotor,Male,26,Driver,Unknown,Unknown,Unknown,Minor injury: Hospitalization up to 24 hours,430031.15,4582615.31,2.16196637,41.390179621
2020S004754    ,Sant Martí,el Camp de l'Arpa del Clot,Meridiana,Sunday,2020-10-11,Laboral,2020,10,October,11,Afternoon,14:00:00,Unknown,Car,Male,39,Driver,Unknown,Unknown,Leisure and entertainment,Uninjured,432102.62,4585012.01,2.18647218,41.411943646
2020S004754    ,Sant Martí,el Camp de l'Arpa del Clot,Meridiana,Sunday,2020-10-11,Laboral,2020,10,October,11,Afternoon,14:00:00,Unknown,Motorcycle,Male,30,Driver,Unknown,Unknown,Leisure and entertainment,Minor injury: Medical assistance at accident site,432102.62,4585012.01,2.18647218,41.411943646
2020S004755    ,Sants-Montjuďc,Sants,Sants,Sunday,2020-10-11,Laboral,2020,10,October,11,Afternoon,15:00:00,Unknown,Bicicleta,Male,34,Driver,Unknown,Unknown,Leisure and entertainment,Minor injury: Hospitalization up to 24 hours,427826.67,4580984.36,2.13579541,41.375295368
2020S004755    ,Sants-Montjuďc,Sants,Sants,Sunday,2020-10-11,Laboral,2020,10,October,11,Afternoon,15:00:00,Unknown,Car,Male,74,Driver,Unknown,Unknown,Unknown,Uninjured,427826.67,4580984.36,2.13579541,41.375295368
2020S004756    ,Eixample,l'Antiga Esquerra de l'Eixample,Diputació,Sunday,2020-10-11,Laboral,2020,10,October,11,Afternoon,15:00:00,Unknown,Motorcycle,Male,28,Driver,Unknown,Unknown,Unknown,Minor injury: Medical assistance at accident site,429837.92,4582044.89,2.15972145,41.385025192
2020S004756    ,Eixample,l'Antiga Esquerra de l'Eixample,Diputació,Sunday,2020-10-11,Laboral,2020,10,October,11,Afternoon,15:00:00,Unknown,Car,Male,39,Driver,Unknown,Unknown,Unknown,Uninjured,429837.92,4582044.89,2.15972145,41.385025192
2020S004757    ,Eixample,la Dreta de l'Eixample,Aragó,Sunday,2020-10-11,Laboral,2020,10,October,11,Afternoon,15:00:00,Unknown,Motorcycle,Female,36,Driver,Unknown,Unknown,Unknown,Minor injury: Hospitalization up to 24 hours,430979.98,4583547.75,2.17320801,41.398659849
2020S004757    ,Eixample,la Dreta de l'Eixample,Aragó,Sunday,2020-10-11,Laboral,2020,10,October,11,Afternoon,15:00:00,Unknown,Car,Female,27,Driver,Unknown,Unknown,Unknown,Uninjured,430979.98,4583547.75,2.17320801,41.398659849
2020S004758    ,Grŕcia,la Vila de Grŕcia,Grŕcia,Sunday,2020-10-11,Laboral,2020,10,October,11,Afternoon,15:00:00,Unknown,Motorcycle,Female,46,Driver,Unknown,Unknown,Unknown,Minor injury: Medical assistance at accident site,429757.41,4583417.04,2.15859942,41.39737666
2020S004758    ,Grŕcia,la Vila de Grŕcia,Grŕcia,Sunday,2020-10-11,Laboral,2020,10,October,11,Afternoon,15:00:00,Unknown,Bicicleta,Male,29,Driver,Unknown,Unknown,Unknown,Minor injury: Medical assistance at accident site,429757.41,4583417.04,2.15859942,41.39737666
2020S004759    ,Eixample,la Nova Esquerra de l'Eixample,Roma,Sunday,2020-10-11,Laboral,2020,10,October,11,Afternoon,18:00:00,Unknown,Car,Female,33,Driver,Unknown,Unknown,Other activities,Uninjured,428668.56,4581644.66,2.14578427,41.381317568
2020S004759    ,Eixample,la Nova Esquerra de l'Eixample,Roma,Sunday,2020-10-11,Laboral,2020,10,October,11,Afternoon,18:00:00,Unknown,Motorcycle,Female,46,Passenger,Unknown,Unknown,Unknown,Minor injury: Hospitalization up to 24 hours,428668.56,4581644.66,2.14578427,41.381317568
2020S004759    ,Eixample,la Nova Esquerra de l'Eixample,Roma,Sunday,2020-10-11,Laboral,2020,10,October,11,Afternoon,18:00:00,Unknown,Motorcycle,Male,48,Driver,Unknown,Unknown,Unknown,Minor injury: Hospitalization up to 24 hours,428668.56,4581644.66,2.14578427,41.381317568
2020S004760    ,Grŕcia,la Vila de Grŕcia,Gran de Grŕcia,Sunday,2020-10-11,Laboral,2020,10,October,11,Afternoon,18:00:00,Unknown,Car,Male,38,Driver,Unknown,Unknown,Unknown,Uninjured,429174.71,4584193.11,2.15153876,41.404315299
2020S004760    ,Grŕcia,la Vila de Grŕcia,Gran de Grŕcia,Sunday,2020-10-11,Laboral,2020,10,October,11,Afternoon,18:00:00,Unknown,Car,Male,23,Driver,Unknown,Unknown,Unknown,Uninjured,429174.71,4584193.11,2.15153876,41.404315299
2020S004761    ,Sarriŕ-Sant Gervasi,el Putxet i el Farró,Guillem Tell,Saturday,2020-10-10,Laboral,2020,10,October,10,Morning,12:00:00,Unknown,Unknown,Female,33,Pedestrian,In an unregulated crossing,Unknown,Unknown,Minor injury: Hospitalization up to 24 hours,428901.93,4583979.7,2.14830071,41.402369104
2020S004762    ,Eixample,Sant Antoni,Manso,Sunday,2020-10-11,Laboral,2020,10,October,11,Afternoon,19:00:00,Unknown,Motorcycle,Male,49,Driver,Unknown,Unknown,Unknown,Minor injury: Hospitalization up to 24 hours,429805.21,4581037.9,2.15944698,41.375952695
2020S004762    ,Eixample,Sant Antoni,Manso,Sunday,2020-10-11,Laboral,2020,10,October,11,Afternoon,19:00:00,Unknown,Taxi,Male,56,Driver,Unknown,Unknown,Taxi,Uninjured,429805.21,4581037.9,2.15944698,41.375952695
2020S004763    ,Grŕcia,la Salut,Pau Alsina,Sunday,2020-10-11,Laboral,2020,10,October,11,Afternoon,19:00:00,Unknown,Bicicleta,Male,28,Driver,Unknown,Unknown,Unknown,Minor injury: Medical assistance at accident site,429910.84,4585029.36,2.16024782,41.411911655
2020S004763    ,Grŕcia,la Salut,Pau Alsina,Sunday,2020-10-11,Laboral,2020,10,October,11,Afternoon,19:00:00,Unknown,Furgoneta,Male,30,Driver,Unknown,Unknown,Unknown,Uninjured,429910.84,4585029.36,2.16024782,41.411911655
2020S004764    ,Sant Andreu,el Congrés i els Indians,Pinar del Río,Sunday,2020-10-11,Laboral,2020,10,October,11,Night,22:00:00,Unknown,Furgoneta,Male,19,Driver,Unknown,Unknown,Leisure and entertainment,Uninjured,431582.41,4586205.03,2.18011338,41.422644648
2020S004764    ,Sant Andreu,el Congrés i els Indians,Pinar del Río,Sunday,2020-10-11,Laboral,2020,10,October,11,Night,22:00:00,Unknown,Ciclomotor,Male,60,Driver,Unknown,Unknown,Leisure and entertainment,Minor injury: Hospitalization up to 24 hours,431582.41,4586205.03,2.18011338,41.422644648
2020S004765    ,Eixample,el Fort Pienc,Ribes,Sunday,2020-10-11,Laboral,2020,10,October,11,Night,22:00:00,Unknown,"Camió rígid > 3,5 tones",Female,44,Driver,Unknown,Unknown,Professional goods transport,Unknown,431677.89,4583088.83,2.18160791,41.394586127
2020S004766    ,Sants-Montjuďc,Hostafrancs,Creu Coberta,Monday,2020-10-12,Laboral,2020,10,October,12,Night,02:00:00,Unknown,Taxi,Male,40,Driver,Unknown,Unknown,Taxi,Uninjured,428310.28,4580990.1,2.14157733,41.375390316
2020S004766    ,Sants-Montjuďc,Hostafrancs,Creu Coberta,Monday,2020-10-12,Laboral,2020,10,October,12,Night,02:00:00,Unknown,Motorcycle,Male,23,Driver,Unknown,Unknown,Leisure and entertainment,Uninjured,428310.28,4580990.1,2.14157733,41.375390316
2020S004767    ,Sant Martí,el Parc i la Llacuna del Poblenou,Corts Catalanes,Monday,2020-10-12,Laboral,2020,10,October,12,Night,05:00:00,Unknown,Tren o tramvia,Male,40,Driver,Unknown,Unknown,On a mission,Uninjured,432358.32,4584250.26,2.18961658,41.405104358
2020S004768    ,Sarriŕ-Sant Gervasi,Sant Gervasi - Galvany,Balmes,Sunday,2020-10-11,Laboral,2020,10,October,11,Afternoon,19:00:00,Unknown,Tot terreny,Male,48,Driver,Unknown,Unknown,Leisure and entertainment,Uninjured,428706.81,4583938.12,2.14597156,41.401977321
2020S004768    ,Sarriŕ-Sant Gervasi,Sant Gervasi - Galvany,Balmes,Sunday,2020-10-11,Laboral,2020,10,October,11,Afternoon,19:00:00,Unknown,Motorcycle,Male,58,Driver,Unknown,Unknown,Leisure and entertainment,Minor injury: Medical assistance at accident site,428706.81,4583938.12,2.14597156,41.401977321
2020S004769    ,Sant Andreu,Baró de Viver,B-10 (Llobregat),Monday,2020-10-12,Laboral,2020,10,October,12,Morning,10:00:00,Unknown,Motorcycle,Male,36,Driver,Unknown,Unknown,Leisure and entertainment,Minor injury: Hospitalization up to 24 hours,433466.99,4588946.53,2.20236226,41.447494878
2020S004769    ,Sant Andreu,Baró de Viver,B-10 (Llobregat),Monday,2020-10-12,Laboral,2020,10,October,12,Morning,10:00:00,Unknown,Car,Male,49,Driver,Unknown,Unknown,Leisure and entertainment,Uninjured,433466.99,4588946.53,2.20236226,41.447494878
2020S004769    ,Sant Andreu,Baró de Viver,B-10 (Llobregat),Monday,2020-10-12,Laboral,2020,10,October,12,Morning,10:00:00,Unknown,Car,Male,43,Driver,Unknown,Unknown,Leisure and entertainment,Uninjured,433466.99,4588946.53,2.20236226,41.447494878
2020S004770    ,Les Corts,la Maternitat i Sant Ramon,Diagonal,Monday,2020-10-12,Laboral,2020,10,October,12,Morning,11:00:00,Unknown,Bicicleta,Female,15,Driver,On the sidewalk,Unknown,Leisure and entertainment,Uninjured,426498.51,4582192.32,2.11976788,41.386054694
2020S004770    ,Les Corts,la Maternitat i Sant Ramon,Diagonal,Monday,2020-10-12,Laboral,2020,10,October,12,Morning,11:00:00,Unknown,Bicicleta,Female,66,Pedestrian,On the sidewalk,Leisure and entertainment,Unknown,Minor injury: Hospitalization up to 24 hours,426498.51,4582192.32,2.11976788,41.386054694
2020S004771    ,Sants-Montjuďc,Sants,Sants,Monday,2020-10-12,Laboral,2020,10,October,12,Morning,12:00:00,Unknown,Autobús,Female,69,Passenger,Unknown,Unknown,Unknown,Minor injury: Medical assistance at accident site,428085.63,4580998.32,2.13889018,41.375444296
2020S004771    ,Sants-Montjuďc,Sants,Sants,Monday,2020-10-12,Laboral,2020,10,October,12,Morning,12:00:00,Unknown,Autobús,Male,46,Driver,Unknown,Unknown,Urban bus,Uninjured,428085.63,4580998.32,2.13889018,41.375444296
2020S004772    ,Les Corts,Pedralbes,Dalt (Besňs),Monday,2020-10-12,Laboral,2020,10,October,12,Morning,13:00:00,Unknown,Car,Female,21,Driver,Unknown,Unknown,Unknown,Uninjured,425425.23,4582447.68,2.10690105,41.388255774
2020S004772    ,Les Corts,Pedralbes,Dalt (Besňs),Monday,2020-10-12,Laboral,2020,10,October,12,Morning,13:00:00,Unknown,Car,Female,24,Driver,Unknown,Unknown,Unknown,Minor injury: Medical assistance at accident site,425425.23,4582447.68,2.10690105,41.388255774
2020S004773    ,Eixample,la Dreta de l'Eixample,Diputació,Monday,2020-10-12,Laboral,2020,10,October,12,Afternoon,15:00:00,Desobeir el senyal del semŕfor,Veh. mobilitat personal amb motor,Male,31,Driver,Unknown,Unknown,Leisure and entertainment,Minor injury: Hospitalization up to 24 hours,430562.63,4582756.09,2.1683067,41.391493667
2020S004774    ,Sarriŕ-Sant Gervasi,Sant Gervasi - Galvany,Santaló,Monday,2020-10-12,Laboral,2020,10,October,12,Afternoon,17:00:00,Unknown,Car,Female,76,Driver,Unknown,Unknown,Unknown,Unknown,428650.24,4583286.37,2.14537172,41.396102233
2020S004775    ,Eixample,Sant Antoni,Sant Pau,Monday,2020-10-12,Laboral,2020,10,October,12,Afternoon,19:00:00,Creuar per fora pas de vianants,Bicicleta,Female,24,Driver,Outside the crossing,Unknown,Other activities,Minor injury: Medical assistance at accident site,430276.02,4581151.07,2.16506359,41.377012937
2020S004775    ,Eixample,Sant Antoni,Sant Pau,Monday,2020-10-12,Laboral,2020,10,October,12,Afternoon,19:00:00,Creuar per fora pas de vianants,Bicicleta,Male,57,Pedestrian,Outside the crossing,Unknown,Unknown,Minor injury: Hospitalization up to 24 hours,430276.02,4581151.07,2.16506359,41.377012937
2020S004776    ,Sant Martí,Provençals del Poblenou,C-31,Monday,2020-10-12,Laboral,2020,10,October,12,Afternoon,20:00:00,Unknown,Car,Male,23,Driver,Unknown,Unknown,Unknown,Uninjured,432792.39,4584691.03,2.19476028,41.409110679
2020S004776    ,Sant Martí,Provençals del Poblenou,C-31,Monday,2020-10-12,Laboral,2020,10,October,12,Afternoon,20:00:00,Unknown,Motorcycle,Male,27,Driver,Unknown,Unknown,Leisure and entertainment,Uninjured,432792.39,4584691.03,2.19476028,41.409110679
2020S004777    ,Sants-Montjuďc,Sants,Berlín,Monday,2020-10-12,Laboral,2020,10,October,12,Afternoon,19:00:00,Unknown,Car,Male,47,Driver,Unknown,Unknown,Leisure and entertainment,Uninjured,428058.39,4581815.45,2.13846741,41.382801455
2020S004777    ,Sants-Montjuďc,Sants,Berlín,Monday,2020-10-12,Laboral,2020,10,October,12,Afternoon,19:00:00,Unknown,Furgoneta,Male,29,Driver,Unknown,Unknown,On a mission,Minor injury: Medical assistance at accident site,428058.39,4581815.45,2.13846741,41.382801455
2020S004777    ,Sants-Montjuďc,Sants,Berlín,Monday,2020-10-12,Laboral,2020,10,October,12,Afternoon,19:00:00,Unknown,Car,Female,46,Passenger,Unknown,Unknown,Unknown,Minor injury: Medical assistance at accident site,428058.39,4581815.45,2.13846741,41.382801455
2020S004777    ,Sants-Montjuďc,Sants,Berlín,Monday,2020-10-12,Laboral,2020,10,October,12,Afternoon,19:00:00,Unknown,Taxi,Male,55,Driver,Unknown,Unknown,Taxi,Minor injury: Medical assistance at accident site,428058.39,4581815.45,2.13846741,41.382801455
2020S004778    ,Sarriŕ-Sant Gervasi,Sant Gervasi - la Bonanova,Mandri,Monday,2020-10-12,Laboral,2020,10,October,12,Afternoon,21:00:00,Unknown,Car,Male,57,Driver,Unknown,Unknown,Unknown,Uninjured,427586.26,4584243.01,2.13253102,41.404623141
2020S004778    ,Sarriŕ-Sant Gervasi,Sant Gervasi - la Bonanova,Mandri,Monday,2020-10-12,Laboral,2020,10,October,12,Afternoon,21:00:00,Unknown,Motorcycle,Female,55,Driver,Unknown,Unknown,Unknown,Minor injury: Hospitalization up to 24 hours,427586.26,4584243.01,2.13253102,41.404623141
2020S004780    ,Sants-Montjuďc,la Marina de Port,Foneria,Tuesday,2020-10-13,Laboral,2020,10,October,13,Night,00:00:00,Unknown,Veh. mobilitat personal amb motor,Male,25,Driver,Unknown,Unknown,Unknown,Minor injury: Hospitalization up to 24 hours,427903.4,4579277.86,2.13691588,41.359932397
2020S004780    ,Sants-Montjuďc,la Marina de Port,Foneria,Tuesday,2020-10-13,Laboral,2020,10,October,13,Night,00:00:00,Unknown,Car,Male,28,Driver,Unknown,Unknown,Unknown,Uninjured,427903.4,4579277.86,2.13691588,41.359932397
2020S004781    ,Sants-Montjuďc,el Poble-sec,Nou de la Rambla,Tuesday,2020-10-13,Laboral,2020,10,October,13,Night,02:00:00,Unknown,Motorcycle,Male,26,Passenger,Unknown,Unknown,Unknown,Serious injury: Hospitalization over 24 hours,430308.33,4580452.03,2.16553035,41.370719687
2020S004781    ,Sants-Montjuďc,el Poble-sec,Nou de la Rambla,Tuesday,2020-10-13,Laboral,2020,10,October,13,Night,02:00:00,Unknown,Motorcycle,Male,28,Driver,Unknown,Unknown,Leisure and entertainment,Minor injury: Hospitalization up to 24 hours,430308.33,4580452.03,2.16553035,41.370719687
2020S004782    ,Ciutat Vella,el Raval,Sant Antoni,Tuesday,2020-10-13,Laboral,2020,10,October,13,Morning,08:00:00,Desobeir el senyal del semŕfor,Motorcycle,Female,45,Pedestrian,In crossing regulated by traffic lights,In transit (commuting),Unknown,Minor injury: Hospitalization up to 24 hours,430209.74,4582056.1,2.16416676,41.385158517
2020S004782    ,Ciutat Vella,el Raval,Sant Antoni,Tuesday,2020-10-13,Laboral,2020,10,October,13,Morning,08:00:00,Desobeir el senyal del semŕfor,Motorcycle,Male,34,Driver,In crossing regulated by traffic lights,Unknown,In transit (commuting),Uninjured,430209.74,4582056.1,2.16416676,41.385158517
2020S004783    ,Sants-Montjuďc,la Bordeta,Constitució,Tuesday,2020-10-13,Laboral,2020,10,October,13,Morning,09:00:00,Unknown,Veh. mobilitat personal amb motor,Female,18,Driver,Unknown,Unknown,Student heading to educational center,Minor injury: Hospitalization up to 24 hours,427477.78,4580202.03,2.13171732,41.368217825
2020S004784    ,Ciutat Vella,la Barceloneta,Litoral (Llobregat),Tuesday,2020-10-13,Laboral,2020,10,October,13,Morning,09:00:00,Unknown,Car,Female,33,Driver,Unknown,Unknown,Unknown,Minor injury: Hospitalization up to 24 hours,432826.97,4582277.95,2.19544185,41.387379591
2020S004784    ,Ciutat Vella,la Barceloneta,Litoral (Llobregat),Tuesday,2020-10-13,Laboral,2020,10,October,13,Morning,09:00:00,Unknown,Car,Female,54,Driver,Unknown,Unknown,Unknown,Minor injury: Hospitalization up to 24 hours,432826.97,4582277.95,2.19544185,41.387379591
2020S004784    ,Ciutat Vella,la Barceloneta,Litoral (Llobregat),Tuesday,2020-10-13,Laboral,2020,10,October,13,Morning,09:00:00,Unknown,Furgoneta,Male,48,Driver,Unknown,Unknown,Leisure and entertainment,Uninjured,432826.97,4582277.95,2.19544185,41.387379591
2020S004784    ,Ciutat Vella,la Barceloneta,Litoral (Llobregat),Tuesday,2020-10-13,Laboral,2020,10,October,13,Morning,09:00:00,Unknown,Car,Female,28,Driver,Unknown,Unknown,Unknown,Uninjured,432826.97,4582277.95,2.19544185,41.387379591
2020S004785    ,Eixample,la Nova Esquerra de l'Eixample,Valčncia,Tuesday,2020-10-13,Laboral,2020,10,October,13,Morning,10:00:00,Unknown,Motorcycle,Female,30,Driver,Unknown,Unknown,On a mission,Minor injury: Medical assistance at accident site,428623.61,4581384.76,2.14527737,41.378972751