Case_Number,District_Name,Neighborhood_Name,Street_Name,Day_of_Week,Date,Day_Type_Description,Year,Month_of_Year,Month_Name,Day_of_Month,Shift_Description,Hour_of_Day,Pedestrian_Cause_Description,Involved_Vehicle_Type_Description,Gender_Description,Age,Person_Type_Description,Pedestrian_Accident_Location_Description,Pedestrian_Movement_Reason_Description,Driver_Movement_Reason_Description,Victimization_Description,Coordenada_UTM_X,Coordenada_UTM_Y,Longitud,Latitud
2020S004785    ,Eixample,la Nova Esquerra de l'Eixample,Valčncia,Tuesday,2020-10-13,Laboral,2020,10,October,13,Morning,10:00:00,Unknown,Car,Male,53,Driver,Unknown,Unknown,On a mission,Uninjured,428623.61,4581384.76,2.14527737,41.378972751
2020S004786    ,Les Corts,Pedralbes,Cavallers,Tuesday,2020-10-13,Laboral,2020,10,October,13,Morning,11:00:00,Unknown,Motorcycle,Male,55,Driver,Unknown,Unknown,Unknown,Minor injury: Hospitalization up to 24 hours,425831.62,4582698.55,2.11173051,41.390552843
2020S004786    ,Les Corts,Pedralbes,Cavallers,Tuesday,2020-10-13,Laboral,2020,10,October,13,Morning,11:00:00,Unknown,Car,Female,32,Driver,Unknown,Unknown,Unknown,Uninjured,425831.62,4582698.55,2.11173051,41.390552843
2020S004787    ,Horta-Guinardó,el Guinardó,Maragall,Tuesday,2020-10-13,Laboral,2020,10,October,13,Morning,10:00:00,Unknown,Bicicleta,Male,75,Driver,Unknown,Unknown,Unknown,Minor injury: Hospitalization up to 24 hours,431412.98,4586256.81,2.17808011,41.423096559
2020S004787    ,Horta-Guinardó,el Guinardó,Maragall,Tuesday,2020-10-13,Laboral,2020,10,October,13,Morning,10:00:00,Unknown,Autobús,Male,53,Driver,Unknown,Unknown,Urban bus,Uninjured,431412.98,4586256.81,2.17808011,41.423096559
2020S004788    ,Sant Martí,el Parc i la Llacuna del Poblenou,Marina,Tuesday,2020-10-13,Laboral,2020,10,October,13,Morning,09:00:00,Unknown,Car,Male,64,Driver,Unknown,Unknown,Unknown,Uninjured,432355.36,4582830.17,2.18973992,41.392313749
2020S004789    ,Sant Andreu,Baró de Viver,Pilar Miró,Tuesday,2020-10-13,Laboral,2020,10,October,13,Morning,12:00:00,Unknown,Car,Male,21,Driver,Unknown,Unknown,Other activities,Minor injury: Refused medical assistance,433390.01,4589016.52,2.20143304,41.448118867
2020S004789    ,Sant Andreu,Baró de Viver,Pilar Miró,Tuesday,2020-10-13,Laboral,2020,10,October,13,Morning,12:00:00,Unknown,Car,Male,26,Driver,Unknown,Unknown,In transit (commuting),Minor injury: Hospitalization up to 24 hours,433390.01,4589016.52,2.20143304,41.448118867
2020S004789    ,Sant Andreu,Baró de Viver,Pilar Miró,Tuesday,2020-10-13,Laboral,2020,10,October,13,Morning,12:00:00,Unknown,Car,Male,21,Passenger,Unknown,Unknown,Unknown,Minor injury: Medical assistance at accident site,433390.01,4589016.52,2.20143304,41.448118867
2020S004790    ,Eixample,la Sagrada Família,Cňrsega,Tuesday,2020-10-13,Laboral,2020,10,October,13,Morning,12:00:00,Unknown,Veh. mobilitat personal amb motor,Female,21,Driver,Unknown,Unknown,Unknown,Minor injury: Hospitalization up to 24 hours,431264.65,4584720.38,2.17647987,41.40924576
2020S004790    ,Eixample,la Sagrada Família,Cňrsega,Tuesday,2020-10-13,Laboral,2020,10,October,13,Morning,12:00:00,Unknown,Car,Male,61,Driver,Unknown,Unknown,Unknown,Uninjured,431264.65,4584720.38,2.17647987,41.40924576
2020S004791    ,Nou Barris,la Guineueta,Urrutia,Tuesday,2020-10-13,Laboral,2020,10,October,13,Morning,12:00:00,Unknown,Car,Male,52,Driver,Unknown,Unknown,In transit (commuting),Uninjured,430898.67,4587613.42,2.17177071,41.435270957
2020S004792    ,Sarriŕ-Sant Gervasi,les Tres Torres,Augusta,Tuesday,2020-10-13,Laboral,2020,10,October,13,Morning,13:00:00,Unknown,Motorcycle,Female,31,Driver,Unknown,Unknown,Unknown,Minor injury: Hospitalization up to 24 hours,427269.0,4583470.8,2.12882862,41.397639514
2020S004792    ,Sarriŕ-Sant Gervasi,les Tres Torres,Augusta,Tuesday,2020-10-13,Laboral,2020,10,October,13,Morning,13:00:00,Unknown,Car,Male,86,Driver,Unknown,Unknown,Unknown,Uninjured,427269.0,4583470.8,2.12882862,41.397639514
2020S004793    ,Les Corts,les Corts,Corts,Tuesday,2020-10-13,Laboral,2020,10,October,13,Morning,11:00:00,Unknown,"Camió rígid <= 3,5 tones",Male,33,Driver,Unknown,Unknown,Professional goods transport,Uninjured,427966.68,4582417.77,2.13729905,41.388218115
2020S004794    ,Eixample,la Dreta de l'Eixample,Diagonal,Tuesday,2020-10-13,Laboral,2020,10,October,13,Afternoon,15:00:00,Unknown,Ciclomotor,Female,31,Driver,Unknown,Unknown,Leisure and entertainment,Minor injury: Refused medical assistance,430648.16,4583616.69,2.16923104,41.399252203
2020S004794    ,Eixample,la Dreta de l'Eixample,Diagonal,Tuesday,2020-10-13,Laboral,2020,10,October,13,Afternoon,15:00:00,Unknown,Motorcycle,Male,56,Driver,Unknown,Unknown,Leisure and entertainment,Minor injury: Hospitalization up to 24 hours,430648.16,4583616.69,2.16923104,41.399252203
2020S004795    ,Nou Barris,la Prosperitat,Japó,Tuesday,2020-10-13,Laboral,2020,10,October,13,Morning,12:00:00,Unknown,Tot terreny,Male,28,Driver,Unknown,Unknown,Leisure and entertainment,Uninjured,431372.15,4588192.6,2.17737162,41.440528046
2020S004796    ,Eixample,Sant Antoni,Sant Pau,Tuesday,2020-10-13,Laboral,2020,10,October,13,Afternoon,16:00:00,Unknown,Ciclomotor,Male,50,Driver,Unknown,Unknown,On a mission,Minor injury: Hospitalization up to 24 hours,430231.43,4581197.16,2.1645251,41.377424189
2020S004797    ,Sarriŕ-Sant Gervasi,Sant Gervasi - Galvany,Diagonal,Tuesday,2020-10-13,Laboral,2020,10,October,13,Morning,09:00:00,Unknown,Motorcycle,Male,28,Driver,Unknown,Unknown,In transit (commuting),Minor injury: Hospitalization up to 24 hours,429482.03,4583236.02,2.15532662,41.39572216
2020S004797    ,Sarriŕ-Sant Gervasi,Sant Gervasi - Galvany,Diagonal,Tuesday,2020-10-13,Laboral,2020,10,October,13,Morning,09:00:00,Unknown,Ciclomotor,Male,51,Driver,Unknown,Unknown,On a mission,Uninjured,429482.03,4583236.02,2.15532662,41.39572216
2020S004798    ,Sant Andreu,el Bon Pastor,Potosí,Tuesday,2020-10-13,Laboral,2020,10,October,13,Afternoon,15:00:00,Unknown,Motorcycle,Male,38,Driver,Unknown,Unknown,Leisure and entertainment,Minor injury: Hospitalization up to 24 hours,433528.9,4588454.89,2.2031575,41.443071965
2020S004799    ,Sant Martí,el Poblenou,Pere IV,Tuesday,2020-10-13,Laboral,2020,10,October,13,Afternoon,14:00:00,Unknown,Furgoneta,Male,44,Driver,Unknown,Unknown,On a mission,Uninjured,433113.88,4584137.22,2.19866767,41.404149493
2020S004799    ,Sant Martí,el Poblenou,Pere IV,Tuesday,2020-10-13,Laboral,2020,10,October,13,Afternoon,14:00:00,Unknown,Car,Male,49,Driver,Unknown,Unknown,Other activities,Minor injury: Medical assistance at accident site,433113.88,4584137.22,2.19866767,41.404149493
2020S004799    ,Sant Martí,el Poblenou,Pere IV,Tuesday,2020-10-13,Laboral,2020,10,October,13,Afternoon,14:00:00,Unknown,Car,Female,35,Passenger,Unknown,Unknown,Unknown,Minor injury: Medical assistance at accident site,433113.88,4584137.22,2.19866767,41.404149493
2020S004800    ,Eixample,l'Antiga Esquerra de l'Eixample,Aragó,Tuesday,2020-10-13,Laboral,2020,10,October,13,Afternoon,18:00:00,Unknown,Bicicleta,Female,55,Pedestrian,On the sidewalk,Unknown,Unknown,Minor injury: Hospitalization up to 24 hours,429913.68,4582500.34,2.16057475,41.389133891
2020S004800    ,Eixample,l'Antiga Esquerra de l'Eixample,Aragó,Tuesday,2020-10-13,Laboral,2020,10,October,13,Afternoon,18:00:00,Unknown,Bicicleta,Female,28,Driver,On the sidewalk,Unknown,Other activities,Uninjured,429913.68,4582500.34,2.16057475,41.389133891
2020S004801    ,Les Corts,Pedralbes,Marqučs de Mulhacén,Tuesday,2020-10-13,Laboral,2020,10,October,13,Afternoon,17:00:00,Unknown,Bicicleta,Female,15,Driver,Unknown,Unknown,Leisure and entertainment,Minor injury: Hospitalization up to 24 hours,426482.87,4582772.93,2.11951034,41.391282574
2020S004801    ,Les Corts,Pedralbes,Marqučs de Mulhacén,Tuesday,2020-10-13,Laboral,2020,10,October,13,Afternoon,17:00:00,Unknown,Car,Male,50,Driver,Unknown,Unknown,Leisure and entertainment,Uninjured,426482.87,4582772.93,2.11951034,41.391282574
2020S004802    ,Horta-Guinardó,el Carmel,Llobregós,Tuesday,2020-10-13,Laboral,2020,10,October,13,Afternoon,17:00:00,Unknown,Furgoneta,Male,44,Driver,In an unregulated crossing,Unknown,Unknown,Uninjured,429642.88,4586465.51,2.15687483,41.424823088
2020S004802    ,Horta-Guinardó,el Carmel,Llobregós,Tuesday,2020-10-13,Laboral,2020,10,October,13,Afternoon,17:00:00,Unknown,Furgoneta,Female,43,Pedestrian,In an unregulated crossing,Unknown,Unknown,Minor injury: Hospitalization up to 24 hours,429642.88,4586465.51,2.15687483,41.424823088
2020S004803    ,Eixample,la Dreta de l'Eixample,Cňrsega,Tuesday,2020-10-13,Laboral,2020,10,October,13,Afternoon,17:00:00,Unknown,Veh. mobilitat personal amb motor,Male,3,Pedestrian,On the sidewalk,Unknown,Unknown,Minor injury: Medical assistance at accident site,429620.93,4583143.84,2.15699872,41.394904101
2020S004804    ,Eixample,l'Antiga Esquerra de l'Eixample,Rosselló,Tuesday,2020-10-13,Laboral,2020,10,October,13,Afternoon,20:00:00,Unknown,Motorcycle,Female,33,Driver,Unknown,Unknown,Leisure and entertainment,Minor injury: Hospitalization up to 24 hours,429342.3,4582651.94,2.1537235,41.390449283
2020S004804    ,Eixample,l'Antiga Esquerra de l'Eixample,Rosselló,Tuesday,2020-10-13,Laboral,2020,10,October,13,Afternoon,20:00:00,Unknown,Car,Male,70,Driver,Unknown,Unknown,Leisure and entertainment,Uninjured,429342.3,4582651.94,2.1537235,41.390449283
2020S004805    ,Eixample,la Nova Esquerra de l'Eixample,Entença,Tuesday,2020-10-13,Laboral,2020,10,October,13,Night,22:00:00,Unknown,Motorcycle,Female,50,Driver,Unknown,Unknown,Unknown,Minor injury: Hospitalization up to 24 hours,428776.48,4581768.81,2.1470602,41.38244531
2020S004805    ,Eixample,la Nova Esquerra de l'Eixample,Entença,Tuesday,2020-10-13,Laboral,2020,10,October,13,Night,22:00:00,Unknown,Taxi,Male,47,Driver,Unknown,Unknown,Taxi,Uninjured,428776.48,4581768.81,2.1470602,41.38244531
2020S004806    ,Eixample,la Dreta de l'Eixample,Pau Claris,Wednesday,2020-10-14,Laboral,2020,10,October,14,Night,03:00:00,Unknown,Car,Female,23,Driver,Unknown,Unknown,Unknown,Minor injury: Hospitalization up to 24 hours,430183.21,4583167.29,2.16372133,41.395164347
2020S004806    ,Eixample,la Dreta de l'Eixample,Pau Claris,Wednesday,2020-10-14,Laboral,2020,10,October,14,Night,03:00:00,Unknown,Car,Male,39,Driver,Unknown,Unknown,"Firefighters, police, ambulance",Uninjured,430183.21,4583167.29,2.16372133,41.395164347
2020S004807    ,Nou Barris,la Prosperitat,Meridiana,Wednesday,2020-10-14,Laboral,2020,10,October,14,Morning,07:00:00,Unknown,Car,Female,34,Driver,Unknown,Unknown,Unknown,Minor injury: Hospitalization up to 24 hours,432076.43,4588477.49,2.18576927,41.443153873
2020S004807    ,Nou Barris,la Prosperitat,Meridiana,Wednesday,2020-10-14,Laboral,2020,10,October,14,Morning,07:00:00,Unknown,"Camió rígid > 3,5 tones",Male,47,Driver,Unknown,Unknown,Professional goods transport,Uninjured,432076.43,4588477.49,2.18576927,41.443153873
2020S004808    ,Sant Martí,el Camp de l'Arpa del Clot,Meridiana,Wednesday,2020-10-14,Laboral,2020,10,October,14,Morning,07:00:00,Unknown,Car,Male,55,Driver,Unknown,Unknown,In transit (commuting),Uninjured,432115.59,4585273.08,2.18659805,41.41429612
2020S004808    ,Sant Martí,el Camp de l'Arpa del Clot,Meridiana,Wednesday,2020-10-14,Laboral,2020,10,October,14,Morning,07:00:00,Unknown,Motorcycle,Male,41,Driver,Unknown,Unknown,In transit (commuting),Minor injury: Hospitalization up to 24 hours,432115.59,4585273.08,2.18659805,41.41429612
2020S004809    ,Sants-Montjuďc,el Poble-sec,Litoral (Llobregat),Wednesday,2020-10-14,Laboral,2020,10,October,14,Morning,11:00:00,Unknown,Car,Male,56,Driver,Unknown,Unknown,"Firefighters, police, ambulance",Uninjured,430854.77,4580025.56,2.17211246,41.366925742
2020S004809    ,Sants-Montjuďc,el Poble-sec,Litoral (Llobregat),Wednesday,2020-10-14,Laboral,2020,10,October,14,Morning,11:00:00,Unknown,Motorcycle,Female,29,Driver,Unknown,Unknown,Leisure and entertainment,Minor injury: Hospitalization up to 24 hours,430854.77,4580025.56,2.17211246,41.366925742
2020S004810    ,Sarriŕ-Sant Gervasi,Sant Gervasi - Galvany,Diagonal,Wednesday,2020-10-14,Laboral,2020,10,October,14,Morning,12:00:00,Unknown,Furgoneta,Male,21,Driver,Unknown,Unknown,Professional goods transport,Uninjured,429482.03,4583236.02,2.15532662,41.39572216
2020S004810    ,Sarriŕ-Sant Gervasi,Sant Gervasi - Galvany,Diagonal,Wednesday,2020-10-14,Laboral,2020,10,October,14,Morning,12:00:00,Unknown,Motorcycle,Male,45,Driver,Unknown,Unknown,In transit (commuting),Minor injury: Refused medical assistance,429482.03,4583236.02,2.15532662,41.39572216
2020S004811    ,Sants-Montjuďc,Hostafrancs,Corts Catalanes,Wednesday,2020-10-14,Laboral,2020,10,October,14,Afternoon,14:00:00,Unknown,Furgoneta,Male,48,Driver,Unknown,Unknown,On a mission,Uninjured,428491.42,4580544.2,2.14379588,41.371390372
2020S004811    ,Sants-Montjuďc,Hostafrancs,Corts Catalanes,Wednesday,2020-10-14,Laboral,2020,10,October,14,Afternoon,14:00:00,Unknown,Motorcycle,Male,23,Driver,Unknown,Unknown,Leisure and entertainment,Minor injury: Hospitalization up to 24 hours,428491.42,4580544.2,2.14379588,41.371390372
2020S004812    ,Eixample,la Dreta de l'Eixample,Universitat,Wednesday,2020-10-14,Laboral,2020,10,October,14,Morning,13:00:00,Unknown,Motorcycle,Male,49,Driver,Unknown,Unknown,Unknown,Minor injury: Hospitalization up to 24 hours,430399.07,4582230.75,2.16641089,41.386747948
2020S004812    ,Eixample,la Dreta de l'Eixample,Universitat,Wednesday,2020-10-14,Laboral,2020,10,October,14,Morning,13:00:00,Unknown,Car,Male,59,Driver,Unknown,Unknown,Unknown,Uninjured,430399.07,4582230.75,2.16641089,41.386747948
2020S004813    ,Ciutat Vella,"Sant Pere, Santa Caterina i la Ribera",Isabel II,Wednesday,2020-10-14,Laboral,2020,10,October,14,Afternoon,15:00:00,Unknown,Motorcycle,Male,40,Driver,Unknown,Unknown,On a mission,Uninjured,431742.93,4581619.47,2.1825515,41.381357531
2020S004813    ,Ciutat Vella,"Sant Pere, Santa Caterina i la Ribera",Isabel II,Wednesday,2020-10-14,Laboral,2020,10,October,14,Afternoon,15:00:00,Unknown,Ciclomotor,Male,26,Driver,Unknown,Unknown,On a mission,Minor injury: Medical assistance at accident site,431742.93,4581619.47,2.1825515,41.381357531
2020S004814    ,Les Corts,Pedralbes,Capitŕ Arenas,Wednesday,2020-10-14,Laboral,2020,10,October,14,Afternoon,15:00:00,Unknown,Motorcycle,Male,33,Driver,Unknown,Unknown,Leisure and entertainment,Minor injury: Hospitalization up to 24 hours,426996.45,4582731.3,2.12565779,41.390954434
2020S004814    ,Les Corts,Pedralbes,Capitŕ Arenas,Wednesday,2020-10-14,Laboral,2020,10,October,14,Afternoon,15:00:00,Unknown,Car,Female,23,Driver,Unknown,Unknown,Leisure and entertainment,Uninjured,426996.45,4582731.3,2.12565779,41.390954434
2020S004815    ,Sant Andreu,Sant Andreu,Santa Coloma,Wednesday,2020-10-14,Laboral,2020,10,October,14,Afternoon,16:00:00,Unknown,Car,Male,23,Driver,Unknown,Unknown,Unknown,Uninjured,432458.56,4588721.41,2.19031598,41.445383034
2020S004815    ,Sant Andreu,Sant Andreu,Santa Coloma,Wednesday,2020-10-14,Laboral,2020,10,October,14,Afternoon,16:00:00,Unknown,Bicicleta,Female,26,Driver,Unknown,Unknown,Leisure and entertainment,Minor injury: Hospitalization up to 24 hours,432458.56,4588721.41,2.19031598,41.445383034
2020S004816    ,Les Corts,Pedralbes,Pedralbes,Wednesday,2020-10-14,Laboral,2020,10,October,14,Afternoon,16:00:00,Unknown,Car,Male,54,Driver,Unknown,Unknown,Unknown,Uninjured,426591.42,4582458.53,2.12084673,41.388460825
2020S004816    ,Les Corts,Pedralbes,Pedralbes,Wednesday,2020-10-14,Laboral,2020,10,October,14,Afternoon,16:00:00,Unknown,Veh. mobilitat personal amb motor,Male,76,Driver,Unknown,Unknown,Unknown,Minor injury: Medical assistance at accident site,426591.42,4582458.53,2.12084673,41.388460825
2020S004817    ,Eixample,la Dreta de l'Eixample,Tetuan,Wednesday,2020-10-14,Laboral,2020,10,October,14,Afternoon,17:00:00,Desobeir el senyal del semŕfor,Motorcycle,Male,74,Pedestrian,In crossing regulated by traffic lights,Leisure and entertainment,Unknown,Minor injury: Hospitalization up to 24 hours,431090.51,4583090.09,2.17458223,41.394547331
2020S004817    ,Eixample,la Dreta de l'Eixample,Tetuan,Wednesday,2020-10-14,Laboral,2020,10,October,14,Afternoon,17:00:00,Desobeir el senyal del semŕfor,Motorcycle,Female,38,Passenger,In crossing regulated by traffic lights,Unknown,Unknown,Minor injury: Hospitalization up to 24 hours,431090.51,4583090.09,2.17458223,41.394547331
2020S004817    ,Eixample,la Dreta de l'Eixample,Tetuan,Wednesday,2020-10-14,Laboral,2020,10,October,14,Afternoon,17:00:00,Desobeir el senyal del semŕfor,Motorcycle,Male,45,Driver,In crossing regulated by traffic lights,Unknown,Leisure and entertainment,Minor injury: Hospitalization up to 24 hours,431090.51,4583090.09,2.17458223,41.394547331
2020S004818    ,Sant Martí,el Camp de l'Arpa del Clot,Mallorca,Wednesday,2020-10-14,Laboral,2020,10,October,14,Afternoon,17:00:00,Unknown,Car,Male,59,Pedestrian,Outside the crossing,Unknown,Unknown,Minor injury: Hospitalization up to 24 hours,431682.25,4584567.48,2.18149309,41.407904259
2020S004818    ,Sant Martí,el Camp de l'Arpa del Clot,Mallorca,Wednesday,2020-10-14,Laboral,2020,10,October,14,Afternoon,17:00:00,Unknown,Car,Male,43,Driver,Outside the crossing,Unknown,Unknown,Uninjured,431682.25,4584567.48,2.18149309,41.407904259
2020S004819    ,Horta-Guinardó,la Vall d'Hebron,Dalt (Llobregat),Wednesday,2020-10-14,Laboral,2020,10,October,14,Afternoon,15:00:00,Unknown,Car,Female,38,Driver,Unknown,Unknown,Unknown,Unknown,428769.29,4587397.76,2.14631132,41.433142445
2020S004819    ,Horta-Guinardó,la Vall d'Hebron,Dalt (Llobregat),Wednesday,2020-10-14,Laboral,2020,10,October,14,Afternoon,15:00:00,Unknown,Car,Female,55,Driver,Unknown,Unknown,Unknown,Unknown,428769.29,4587397.76,2.14631132,41.433142445
2020S004819    ,Horta-Guinardó,la Vall d'Hebron,Dalt (Llobregat),Wednesday,2020-10-14,Laboral,2020,10,October,14,Afternoon,15:00:00,Unknown,Car,Male,29,Driver,Unknown,Unknown,Unknown,Unknown,428769.29,4587397.76,2.14631132,41.433142445
2020S004820    ,Nou Barris,el Turó de la Peira,Fabra i Puig,Wednesday,2020-10-14,Laboral,2020,10,October,14,Afternoon,18:00:00,Unknown,Motorcycle,Male,36,Driver,Unknown,Unknown,Unknown,Minor injury: Hospitalization up to 24 hours,430185.44,4587338.27,2.16326641,41.432731064
2020S004821    ,Sant Martí,Diagonal Mar i el Front Marítim del Poblenou,Bac de Roda,Wednesday,2020-10-14,Laboral,2020,10,October,14,Afternoon,19:00:00,Unknown,Car,Male,42,Driver,Unknown,Unknown,Unknown,Uninjured,434067.76,4583978.22,2.21009592,41.40279626
2020S004821    ,Sant Martí,Diagonal Mar i el Front Marítim del Poblenou,Bac de Roda,Wednesday,2020-10-14,Laboral,2020,10,October,14,Afternoon,19:00:00,Unknown,Veh. mobilitat personal amb motor,Male,51,Driver,Unknown,Unknown,Unknown,Minor injury: Hospitalization up to 24 hours,434067.76,4583978.22,2.21009592,41.40279626
2020S004822    ,Sarriŕ-Sant Gervasi,el Putxet i el Farró,General Mitre,Wednesday,2020-10-14,Laboral,2020,10,October,14,Afternoon,20:00:00,Unknown,Motorcycle,Male,57,Driver,Unknown,Unknown,On a mission,Minor injury: Medical assistance at accident site,428339.59,4584228.96,2.14154441,41.404564138
2020S004822    ,Sarriŕ-Sant Gervasi,el Putxet i el Farró,General Mitre,Wednesday,2020-10-14,Laboral,2020,10,October,14,Afternoon,20:00:00,Unknown,Motorcycle,Female,29,Driver,Unknown,Unknown,Unknown,Uninjured,428339.59,4584228.96,2.14154441,41.404564138
2020S004823    ,Sarriŕ-Sant Gervasi,Sarriŕ,Dalt (Besňs),Wednesday,2020-10-14,Laboral,2020,10,October,14,Afternoon,16:00:00,Desobeir el senyal del semŕfor,Car,Male,70,Driver,Unknown,Unknown,Leisure and entertainment,Uninjured,426062.63,4583917.33,2.11434446,41.401551131
2020S004823    ,Sarriŕ-Sant Gervasi,Sarriŕ,Dalt (Besňs),Wednesday,2020-10-14,Laboral,2020,10,October,14,Afternoon,16:00:00,Desobeir el senyal del semŕfor,Car,Female,35,Driver,Unknown,Unknown,In transit (commuting),Minor injury: Hospitalization up to 24 hours,426062.63,4583917.33,2.11434446,41.401551131
2020S004824    ,Sant Martí,el Poblenou,Bilbao,Wednesday,2020-10-14,Laboral,2020,10,October,14,Afternoon,17:00:00,Unknown,Motorcycle,Male,27,Driver,Unknown,Unknown,Leisure and entertainment,Minor injury: Medical assistance at accident site,433346.62,4584133.73,2.20145224,41.404137401
2020S004824    ,Sant Martí,el Poblenou,Bilbao,Wednesday,2020-10-14,Laboral,2020,10,October,14,Afternoon,17:00:00,Unknown,Motorcycle,Male,49,Driver,Unknown,Unknown,Leisure and entertainment,Uninjured,433346.62,4584133.73,2.20145224,41.404137401
2020S004825    ,Sant Andreu,Sant Andreu,Palomar,Wednesday,2020-10-14,Laboral,2020,10,October,14,Afternoon,18:00:00,Unknown,Furgoneta,Male,42,Driver,In an unregulated crossing,Unknown,Unknown,Uninjured,432344.74,4588341.23,2.18899614,41.441949295
2020S004825    ,Sant Andreu,Sant Andreu,Palomar,Wednesday,2020-10-14,Laboral,2020,10,October,14,Afternoon,18:00:00,Unknown,Furgoneta,Female,76,Pedestrian,In an unregulated crossing,Leisure and entertainment,Unknown,Minor injury: Medical assistance at accident site,432344.74,4588341.23,2.18899614,41.441949295
2020S004826    ,Grŕcia,el Camp d'en Grassot i Grŕcia Nova,Sant Antoni Maria Claret,Wednesday,2020-10-14,Laboral,2020,10,October,14,Afternoon,20:00:00,Unknown,Motorcycle,Male,41,Driver,Unknown,Unknown,Unknown,Minor injury: Medical assistance at accident site,430192.08,4584084.77,2.16372158,41.403428552
2020S004826    ,Grŕcia,el Camp d'en Grassot i Grŕcia Nova,Sant Antoni Maria Claret,Wednesday,2020-10-14,Laboral,2020,10,October,14,Afternoon,20:00:00,Unknown,Car,Male,37,Driver,Unknown,Unknown,Unknown,Uninjured,430192.08,4584084.77,2.16372158,41.403428552
2020S004827    ,Eixample,la Dreta de l'Eixample,Cňrsega,Wednesday,2020-10-14,Laboral,2020,10,October,14,Afternoon,18:00:00,Unknown,Motorcycle,Male,24,Driver,Unknown,Unknown,Leisure and entertainment,Minor injury: Hospitalization up to 24 hours,429631.67,4583154.38,2.15712595,41.394999972
2020S004827    ,Eixample,la Dreta de l'Eixample,Cňrsega,Wednesday,2020-10-14,Laboral,2020,10,October,14,Afternoon,18:00:00,Unknown,Car,Male,63,Driver,Unknown,Unknown,Leisure and entertainment,Uninjured,429631.67,4583154.38,2.15712595,41.394999972
2020S004828    ,Eixample,la Dreta de l'Eixample,Bruc,Wednesday,2020-10-14,Laboral,2020,10,October,14,Afternoon,20:00:00,Unknown,Motorcycle,Male,40,Driver,Unknown,Unknown,Unknown,Minor injury: Medical assistance at accident site,430753.74,4582965.9,2.17056841,41.393399847
2020S004828    ,Eixample,la Dreta de l'Eixample,Bruc,Wednesday,2020-10-14,Laboral,2020,10,October,14,Afternoon,20:00:00,Unknown,Furgoneta,Male,61,Driver,Unknown,Unknown,Unknown,Uninjured,430753.74,4582965.9,2.17056841,41.393399847
2020S004829    ,Eixample,Sant Antoni,Manso,Wednesday,2020-10-14,Laboral,2020,10,October,14,Night,22:00:00,Desobeir el senyal del semŕfor,Motorcycle,Male,25,Driver,Unknown,Unknown,On a mission,Minor injury: Hospitalization up to 24 hours,429794.44,4581027.37,2.15931942,41.375856914
2020S004829    ,Eixample,Sant Antoni,Manso,Wednesday,2020-10-14,Laboral,2020,10,October,14,Night,22:00:00,Desobeir el senyal del semŕfor,Bicicleta,Male,34,Driver,Unknown,Unknown,On a mission,Uninjured,429794.44,4581027.37,2.15931942,41.375856914
2020S004830    ,Sarriŕ-Sant Gervasi,Sant Gervasi - Galvany,Amigó,Wednesday,2020-10-14,Laboral,2020,10,October,14,Night,23:00:00,Unknown,Car,Male,33,Driver,Unknown,Unknown,Unknown,Unknown,428477.42,4583288.13,2.14330441,41.396102725
2020S004830    ,Sarriŕ-Sant Gervasi,Sant Gervasi - Galvany,Amigó,Wednesday,2020-10-14,Laboral,2020,10,October,14,Night,23:00:00,Unknown,Car,Male,39,Driver,Unknown,Unknown,"Firefighters, police, ambulance",Unknown,428477.42,4583288.13,2.14330441,41.396102725
2020S004831    ,Eixample,Sant Antoni,Casanova,Wednesday,2020-10-14,Laboral,2020,10,October,14,Afternoon,20:00:00,Unknown,Motorcycle,Male,23,Driver,Unknown,Unknown,Unknown,Minor injury: Hospitalization up to 24 hours,430043.68,4581781.02,2.16221262,41.382666527
2020S004831    ,Eixample,Sant Antoni,Casanova,Wednesday,2020-10-14,Laboral,2020,10,October,14,Afternoon,20:00:00,Unknown,Car,Female,50,Driver,Unknown,Unknown,Unknown,Uninjured,430043.68,4581781.02,2.16221262,41.382666527
2020S004832    ,Nou Barris,Vilapicina i la Torre Llobeta,Cartellŕ,Wednesday,2020-10-14,Laboral,2020,10,October,14,Night,23:00:00,Unknown,Motorcycle,Male,36,Driver,Unknown,Unknown,Unknown,Minor injury: Medical assistance at accident site,430818.27,4586818.63,2.17089948,41.42810565
2020S004834    ,Eixample,l'Antiga Esquerra de l'Eixample,Provença,Thursday,2020-10-15,Laboral,2020,10,October,15,Night,05:00:00,Unknown,Car,Female,60,Passenger,Unknown,Unknown,Unknown,Minor injury: Hospitalization up to 24 hours,429383.74,4582503.37,2.15423645,41.389114805
2020S004834    ,Eixample,l'Antiga Esquerra de l'Eixample,Provença,Thursday,2020-10-15,Laboral,2020,10,October,15,Night,05:00:00,Unknown,Car,Male,62,Driver,Unknown,Unknown,Other activities,Uninjured,429383.74,4582503.37,2.15423645,41.389114805
2020S004834    ,Eixample,l'Antiga Esquerra de l'Eixample,Provença,Thursday,2020-10-15,Laboral,2020,10,October,15,Night,05:00:00,Unknown,Car,Female,50,Driver,Unknown,Unknown,On a mission,Minor injury: Hospitalization up to 24 hours,429383.74,4582503.37,2.15423645,41.389114805
2020S004835    ,Sant Martí,Provençals del Poblenou,Pere IV,Thursday,2020-10-15,Laboral,2020,10,October,15,Morning,07:00:00,Unknown,Car,Male,45,Driver,Unknown,Unknown,In transit (commuting),Uninjured,433552.36,4584920.87,2.20382695,41.411244009