Case_Number,District_Name,Neighborhood_Name,Street_Name,Day_of_Week,Date,Day_Type_Description,Year,Month_of_Year,Month_Name,Day_of_Month,Shift_Description,Hour_of_Day,Pedestrian_Cause_Description,Involved_Vehicle_Type_Description,Gender_Description,Age,Person_Type_Description,Pedestrian_Accident_Location_Description,Pedestrian_Movement_Reason_Description,Driver_Movement_Reason_Description,Victimization_Description,Coordenada_UTM_X,Coordenada_UTM_Y,Longitud,Latitud
2020S004835    ,Sant Martí,Provençals del Poblenou,Pere IV,Thursday,2020-10-15,Laboral,2020,10,October,15,Morning,07:00:00,Unknown,Motorcycle,Male,37,Driver,Unknown,Unknown,In transit (commuting),Minor injury: Hospitalization up to 24 hours,433552.36,4584920.87,2.20382695,41.411244009
2020S004836    ,Eixample,la Sagrada Família,Castillejos,Thursday,2020-10-15,Laboral,2020,10,October,15,Morning,09:00:00,Unknown,Car,Male,67,Driver,In crossing regulated by traffic lights,Unknown,In transit (commuting),Uninjured,431710.65,4584094.09,2.18188629,41.403642994
2020S004836    ,Eixample,la Sagrada Família,Castillejos,Thursday,2020-10-15,Laboral,2020,10,October,15,Morning,09:00:00,Unknown,Car,Female,44,Pedestrian,In crossing regulated by traffic lights,Unknown,Unknown,Minor injury: Hospitalization up to 24 hours,431710.65,4584094.09,2.18188629,41.403642994
2020S004837    ,Ciutat Vella,la Barceloneta,Doctor Aiguader,Thursday,2020-10-15,Laboral,2020,10,October,15,Morning,10:00:00,Others,Car,Male,57,Driver,Unknown,Unknown,Unknown,Uninjured,432599.97,4581989.97,2.1927591,41.384766828
2020S004837    ,Ciutat Vella,la Barceloneta,Doctor Aiguader,Thursday,2020-10-15,Laboral,2020,10,October,15,Morning,10:00:00,Others,Bicicleta,Female,32,Driver,Unknown,Unknown,Unknown,Minor injury: Hospitalization up to 24 hours,432599.97,4581989.97,2.1927591,41.384766828
2020S004838    ,Eixample,la Dreta de l'Eixample,Tetuan,Thursday,2020-10-15,Laboral,2020,10,October,15,Morning,11:00:00,Unknown,Motorcycle,Female,25,Passenger,Unknown,Unknown,Unknown,Minor injury: Hospitalization up to 24 hours,431126.58,4583212.32,2.17499975,41.395651311
2020S004838    ,Eixample,la Dreta de l'Eixample,Tetuan,Thursday,2020-10-15,Laboral,2020,10,October,15,Morning,11:00:00,Unknown,Motorcycle,Male,29,Driver,Unknown,Unknown,Unknown,Minor injury: Hospitalization up to 24 hours,431126.58,4583212.32,2.17499975,41.395651311
2020S004839    ,Eixample,la Sagrada Família,Castillejos,Thursday,2020-10-15,Laboral,2020,10,October,15,Morning,13:00:00,Unknown,Motorcycle,Male,35,Driver,Unknown,Unknown,Unknown,Minor injury: Hospitalization up to 24 hours,431670.57,4584174.28,2.18139778,41.404361833
2020S004839    ,Eixample,la Sagrada Família,Castillejos,Thursday,2020-10-15,Laboral,2020,10,October,15,Morning,13:00:00,Unknown,Car,Male,27,Driver,Unknown,Unknown,Unknown,Uninjured,431670.57,4584174.28,2.18139778,41.404361833
2020S004840    ,Eixample,l'Antiga Esquerra de l'Eixample,Diputació,Thursday,2020-10-15,Laboral,2020,10,October,15,Morning,13:00:00,Unknown,Furgoneta,Male,39,Driver,Unknown,Unknown,On a mission,Uninjured,429837.92,4582044.89,2.15972145,41.385025192
2020S004840    ,Eixample,l'Antiga Esquerra de l'Eixample,Diputació,Thursday,2020-10-15,Laboral,2020,10,October,15,Morning,13:00:00,Unknown,Veh. mobilitat personal amb motor,Female,24,Driver,Unknown,Unknown,Leisure and entertainment,Minor injury: Medical assistance at accident site,429837.92,4582044.89,2.15972145,41.385025192
2020S004841    ,Grŕcia,la Vila de Grŕcia,Lesseps,Thursday,2020-10-15,Laboral,2020,10,October,15,Morning,13:00:00,Desobeir el senyal del semŕfor,Motorcycle,Female,41,Pedestrian,In crossing regulated by traffic lights,Unknown,Unknown,Uninjured,429024.35,4584481.54,2.14970624,41.406899811
2020S004841    ,Grŕcia,la Vila de Grŕcia,Lesseps,Thursday,2020-10-15,Laboral,2020,10,October,15,Morning,13:00:00,Desobeir el senyal del semŕfor,Motorcycle,Male,8,Pedestrian,In crossing regulated by traffic lights,Unknown,Unknown,Minor injury: Hospitalization up to 24 hours,429024.35,4584481.54,2.14970624,41.406899811
2020S004841    ,Grŕcia,la Vila de Grŕcia,Lesseps,Thursday,2020-10-15,Laboral,2020,10,October,15,Morning,13:00:00,Desobeir el senyal del semŕfor,Motorcycle,Male,61,Driver,In crossing regulated by traffic lights,Unknown,Unknown,Minor injury: Medical assistance at accident site,429024.35,4584481.54,2.14970624,41.406899811
2020S004842    ,Eixample,la Dreta de l'Eixample,Corts Catalanes,Thursday,2020-10-15,Laboral,2020,10,October,15,Afternoon,14:00:00,Unknown,Ciclomotor,Female,18,Driver,Unknown,Unknown,Leisure and entertainment,Minor injury: Hospitalization up to 24 hours,430675.43,4582605.15,2.1696731,41.390143933
2020S004842    ,Eixample,la Dreta de l'Eixample,Corts Catalanes,Thursday,2020-10-15,Laboral,2020,10,October,15,Afternoon,14:00:00,Unknown,Ciclomotor,Female,19,Passenger,Unknown,Unknown,Unknown,Minor injury: Hospitalization up to 24 hours,430675.43,4582605.15,2.1696731,41.390143933
2020S004842    ,Eixample,la Dreta de l'Eixample,Corts Catalanes,Thursday,2020-10-15,Laboral,2020,10,October,15,Afternoon,14:00:00,Unknown,Furgoneta,Female,50,Driver,Unknown,Unknown,"Firefighters, police, ambulance",Minor injury: Hospitalization up to 24 hours,430675.43,4582605.15,2.1696731,41.390143933
2020S004843    ,Eixample,la Dreta de l'Eixample,Aragó,Thursday,2020-10-15,Laboral,2020,10,October,15,Afternoon,14:00:00,Unknown,Car,Male,51,Driver,Unknown,Unknown,On a mission,Uninjured,430979.98,4583547.75,2.17320801,41.398659849
2020S004843    ,Eixample,la Dreta de l'Eixample,Aragó,Thursday,2020-10-15,Laboral,2020,10,October,15,Afternoon,14:00:00,Unknown,Motorcycle,Male,37,Driver,Unknown,Unknown,In transit (commuting),Minor injury: Hospitalization up to 24 hours,430979.98,4583547.75,2.17320801,41.398659849
2020S004844    ,Grŕcia,la Vila de Grŕcia,Cňrsega,Thursday,2020-10-15,Laboral,2020,10,October,15,Afternoon,15:00:00,Unknown,Motorcycle,Male,24,Driver,Unknown,Unknown,Unknown,Minor injury: Medical assistance at accident site,430219.52,4583732.05,2.16409051,41.400254106
2020S004844    ,Grŕcia,la Vila de Grŕcia,Cňrsega,Thursday,2020-10-15,Laboral,2020,10,October,15,Afternoon,15:00:00,Unknown,"Camió rígid <= 3,5 tones",Male,42,Driver,Unknown,Unknown,On a mission,Uninjured,430219.52,4583732.05,2.16409051,41.400254106
2020S004845    ,Eixample,Sant Antoni,Rocafort,Thursday,2020-10-15,Laboral,2020,10,October,15,Afternoon,16:00:00,Unknown,Motorcycle,Male,28,Driver,Unknown,Unknown,Leisure and entertainment,Minor injury: Hospitalization up to 24 hours,429432.63,4581257.48,2.15496635,41.377897778
2020S004845    ,Eixample,Sant Antoni,Rocafort,Thursday,2020-10-15,Laboral,2020,10,October,15,Afternoon,16:00:00,Unknown,Veh. mobilitat personal sense motor,Male,52,Driver,Unknown,Unknown,Leisure and entertainment,Uninjured,429432.63,4581257.48,2.15496635,41.377897778
2020S004846    ,Sarriŕ-Sant Gervasi,Sant Gervasi - la Bonanova,Sant Gervasi,Thursday,2020-10-15,Laboral,2020,10,October,15,Afternoon,17:00:00,Creuar per fora pas de vianants,Autobús articulat,Male,2,Pedestrian,On the sidewalk,Unknown,Unknown,Minor injury: Medical assistance at accident site,428050.79,4584935.01,2.13800565,41.410897434
2020S004846    ,Sarriŕ-Sant Gervasi,Sant Gervasi - la Bonanova,Sant Gervasi,Thursday,2020-10-15,Laboral,2020,10,October,15,Afternoon,17:00:00,Creuar per fora pas de vianants,Autobús articulat,Male,39,Driver,On the sidewalk,Unknown,Urban bus,Uninjured,428050.79,4584935.01,2.13800565,41.410897434
2020S004847    ,Sant Martí,Sant Martí de Provençals,Andrade,Thursday,2020-10-15,Laboral,2020,10,October,15,Afternoon,16:00:00,Unknown,Car,Female,32,Driver,Unknown,Unknown,Leisure and entertainment,Uninjured,433050.49,4585189.52,2.19779287,41.413621992
2020S004847    ,Sant Martí,Sant Martí de Provençals,Andrade,Thursday,2020-10-15,Laboral,2020,10,October,15,Afternoon,16:00:00,Unknown,Motorcycle,Male,43,Driver,Unknown,Unknown,Leisure and entertainment,Minor injury: Medical assistance at accident site,433050.49,4585189.52,2.19779287,41.413621992
2020S004848    ,Sarriŕ-Sant Gervasi,les Tres Torres,General Mitre,Thursday,2020-10-15,Laboral,2020,10,October,15,Afternoon,14:00:00,Unknown,Motorcycle,Male,27,Driver,Unknown,Unknown,Other activities,Minor injury: Hospitalization up to 24 hours,427673.03,4583623.29,2.13364309,41.399049392
2020S004848    ,Sarriŕ-Sant Gervasi,les Tres Torres,General Mitre,Thursday,2020-10-15,Laboral,2020,10,October,15,Afternoon,14:00:00,Unknown,Car,Male,29,Driver,Unknown,Unknown,Other activities,Uninjured,427673.03,4583623.29,2.13364309,41.399049392
2020S004849    ,Sant Martí,Provençals del Poblenou,Selva de Mar,Thursday,2020-10-15,Laboral,2020,10,October,15,Afternoon,17:00:00,Unknown,Car,Female,37,Driver,Unknown,Unknown,In transit (commuting),Uninjured,433803.99,4584851.91,2.20684498,41.41064368
2020S004849    ,Sant Martí,Provençals del Poblenou,Selva de Mar,Thursday,2020-10-15,Laboral,2020,10,October,15,Afternoon,17:00:00,Unknown,Bicicleta,Male,45,Driver,Unknown,Unknown,Leisure and entertainment,Minor injury: Medical assistance at accident site,433803.99,4584851.91,2.20684498,41.41064368
2020S004850    ,Eixample,la Nova Esquerra de l'Eixample,Vilamarí,Thursday,2020-10-15,Laboral,2020,10,October,15,Morning,12:00:00,Unknown,Motorcycle,Male,51,Driver,Unknown,Unknown,Leisure and entertainment,Uninjured,428904.98,4581446.55,2.1486347,41.379554196
2020S004850    ,Eixample,la Nova Esquerra de l'Eixample,Vilamarí,Thursday,2020-10-15,Laboral,2020,10,October,15,Morning,12:00:00,Unknown,Bicicleta,Male,66,Driver,Unknown,Unknown,Leisure and entertainment,Minor injury: Hospitalization up to 24 hours,428904.98,4581446.55,2.1486347,41.379554196
2020S004851    ,Sants-Montjuďc,el Poble-sec,Doctor Font i Quer,Thursday,2020-10-15,Laboral,2020,10,October,15,Afternoon,14:00:00,Unknown,Car,Male,22,Driver,Unknown,Unknown,Other activities,Uninjured,430123.81,4580062.04,2.16336912,41.367191152
2020S004852    ,Eixample,l'Antiga Esquerra de l'Eixample,Aribau,Thursday,2020-10-15,Laboral,2020,10,October,15,Afternoon,18:00:00,Unknown,Car,Male,31,Driver,Unknown,Unknown,Unknown,Uninjured,430042.07,4582165.03,2.162149,41.386125044
2020S004852    ,Eixample,l'Antiga Esquerra de l'Eixample,Aribau,Thursday,2020-10-15,Laboral,2020,10,October,15,Afternoon,18:00:00,Unknown,Motorcycle,Male,62,Driver,Unknown,Unknown,Unknown,Minor injury: Medical assistance at accident site,430042.07,4582165.03,2.162149,41.386125044
2020S004853    ,Les Corts,Pedralbes,Pedralbes,Thursday,2020-10-15,Laboral,2020,10,October,15,Afternoon,20:00:00,Unknown,Motorcycle,Male,31,Driver,Unknown,Unknown,Unknown,Minor injury: Medical assistance at accident site,426413.4,4582682.39,2.11869049,41.390460762
2020S004853    ,Les Corts,Pedralbes,Pedralbes,Thursday,2020-10-15,Laboral,2020,10,October,15,Afternoon,20:00:00,Unknown,Car,Female,33,Driver,Unknown,Unknown,Unknown,Uninjured,426413.4,4582682.39,2.11869049,41.390460762
2020S004854    ,Horta-Guinardó,Horta,Estatut de Catalunya,Thursday,2020-10-15,Laboral,2020,10,October,15,Night,23:00:00,Unknown,Car,Male,42,Passenger,Unknown,Unknown,Unknown,Uninjured,429531.84,4587130.3,2.15546856,41.430800849
2020S004854    ,Horta-Guinardó,Horta,Estatut de Catalunya,Thursday,2020-10-15,Laboral,2020,10,October,15,Night,23:00:00,Unknown,Car,Male,42,Driver,Unknown,Unknown,Leisure and entertainment,Minor injury: Hospitalization up to 24 hours,429531.84,4587130.3,2.15546856,41.430800849
2020S004855    ,Grŕcia,el Camp d'en Grassot i Grŕcia Nova,Sardenya,Thursday,2020-10-15,Laboral,2020,10,October,15,Afternoon,17:00:00,Unknown,Motorcycle,Female,57,Driver,Unknown,Unknown,In transit (commuting),Minor injury: Medical assistance at accident site,430469.15,4584598.65,2.16697693,41.40808092
2020S004855    ,Grŕcia,el Camp d'en Grassot i Grŕcia Nova,Sardenya,Thursday,2020-10-15,Laboral,2020,10,October,15,Afternoon,17:00:00,Unknown,Car,Male,45,Driver,Unknown,Unknown,On a mission,Uninjured,430469.15,4584598.65,2.16697693,41.40808092
2020S004856    ,Sarriŕ-Sant Gervasi,"Vallvidrera, el Tibidabo i les Planes",Vallvidrera a les Planes,Thursday,2020-10-15,Laboral,2020,10,October,15,Night,22:00:00,Unknown,Motorcycle,Male,23,Driver,Unknown,Unknown,Unknown,Minor injury: Medical assistance at accident site,424168.96,4586821.63,2.09132849,41.427532154
2020S004856    ,Sarriŕ-Sant Gervasi,"Vallvidrera, el Tibidabo i les Planes",Vallvidrera a les Planes,Thursday,2020-10-15,Laboral,2020,10,October,15,Night,22:00:00,Unknown,Car,Female,36,Driver,Unknown,Unknown,Unknown,Uninjured,424168.96,4586821.63,2.09132849,41.427532154
2020S004857    ,Sant Andreu,Sant Andreu,Meridiana,Friday,2020-10-16,Laboral,2020,10,October,16,Night,00:00:00,Unknown,Ciclomotor,Male,57,Driver,Unknown,Unknown,Unknown,Minor injury: Hospitalization up to 24 hours,432005.99,4587798.8,2.18500255,41.437035184
2020S004858    ,Eixample,la Nova Esquerra de l'Eixample,Entença,Friday,2020-10-16,Laboral,2020,10,October,16,Morning,08:00:00,Unknown,Motorcycle,Female,43,Driver,Unknown,Unknown,In transit (commuting),Minor injury: Hospitalization up to 24 hours,429069.42,4581433.9,2.15060254,41.379454782
2020S004858    ,Eixample,la Nova Esquerra de l'Eixample,Entença,Friday,2020-10-16,Laboral,2020,10,October,16,Morning,08:00:00,Unknown,Motorcycle,Male,34,Driver,Unknown,Unknown,In transit (commuting),Uninjured,429069.42,4581433.9,2.15060254,41.379454782
2020S004859    ,Sants-Montjuďc,Sants,Blanco,Friday,2020-10-16,Laboral,2020,10,October,16,Morning,10:00:00,Unknown,Bicicleta,Female,86,Pedestrian,In an unregulated crossing,Leisure and entertainment,Unknown,Minor injury: Hospitalization up to 24 hours,427727.33,4581041.56,2.13460077,41.375801627
2020S004859    ,Sants-Montjuďc,Sants,Blanco,Friday,2020-10-16,Laboral,2020,10,October,16,Morning,10:00:00,Unknown,Bicicleta,Female,26,Driver,In an unregulated crossing,Unknown,In transit (commuting),Minor injury: Refused medical assistance,427727.33,4581041.56,2.13460077,41.375801627
2020S004860    ,Sarriŕ-Sant Gervasi,Sant Gervasi - Galvany,Grŕcia,Friday,2020-10-16,Laboral,2020,10,October,16,Morning,10:00:00,Unknown,Motorcycle,Male,57,Driver,Unknown,Unknown,Other activities,Minor injury: Hospitalization up to 24 hours,429087.42,4583367.54,2.15059131,41.396871994
2020S004860    ,Sarriŕ-Sant Gervasi,Sant Gervasi - Galvany,Grŕcia,Friday,2020-10-16,Laboral,2020,10,October,16,Morning,10:00:00,Unknown,Furgoneta,Male,62,Driver,Unknown,Unknown,Professional goods transport,Uninjured,429087.42,4583367.54,2.15059131,41.396871994
2020S004861    ,Sant Martí,Sant Martí de Provençals,Espronceda,Friday,2020-10-16,Laboral,2020,10,October,16,Morning,10:00:00,Unknown,Motorcycle,Male,32,Driver,Unknown,Unknown,Unknown,Minor injury: Hospitalization up to 24 hours,432927.24,4584980.57,2.19634145,41.411729756
2020S004861    ,Sant Martí,Sant Martí de Provençals,Espronceda,Friday,2020-10-16,Laboral,2020,10,October,16,Morning,10:00:00,Unknown,Car,Male,40,Driver,Unknown,Unknown,Unknown,Uninjured,432927.24,4584980.57,2.19634145,41.411729756
2020S004862    ,Sants-Montjuďc,la Marina de Port,Ferrocarrils Catalans,Friday,2020-10-16,Laboral,2020,10,October,16,Morning,11:00:00,Unknown,Motorcycle,Male,27,Driver,Unknown,Unknown,Unknown,Minor injury: Medical assistance at accident site,428629.44,4578922.76,2.14563701,41.35679884
2020S004862    ,Sants-Montjuďc,la Marina de Port,Ferrocarrils Catalans,Friday,2020-10-16,Laboral,2020,10,October,16,Morning,11:00:00,Unknown,"Camió rígid <= 3,5 tones",Male,47,Driver,Unknown,Unknown,Cleaning or garbage collection service,Uninjured,428629.44,4578922.76,2.14563701,41.35679884
2020S004863    ,Les Corts,les Corts,Caravelˇla La Nińa,Friday,2020-10-16,Laboral,2020,10,October,16,Morning,12:00:00,Unknown,Car,Female,58,Driver,Unknown,Unknown,Unknown,Uninjured,427592.39,4582747.19,2.13278333,41.391151448
2020S004863    ,Les Corts,les Corts,Caravelˇla La Nińa,Friday,2020-10-16,Laboral,2020,10,October,16,Morning,12:00:00,Unknown,Ciclomotor,Female,61,Driver,Unknown,Unknown,Unknown,Minor injury: Medical assistance at accident site,427592.39,4582747.19,2.13278333,41.391151448
2020S004864    ,Ciutat Vella,la Barceloneta,Joan Borbó Comte Barcelona,Friday,2020-10-16,Laboral,2020,10,October,16,Morning,09:00:00,Unknown,Car,Female,48,Driver,Unknown,Unknown,Unknown,Uninjured,432128.96,4581595.21,2.18717052,41.381171703
2020S004864    ,Ciutat Vella,la Barceloneta,Joan Borbó Comte Barcelona,Friday,2020-10-16,Laboral,2020,10,October,16,Morning,09:00:00,Unknown,Motorcycle,Male,72,Driver,Unknown,Unknown,Unknown,Minor injury: Medical assistance at accident site,432128.96,4581595.21,2.18717052,41.381171703
2020S004865    ,Nou Barris,la Guineueta,Favčncia,Friday,2020-10-16,Laboral,2020,10,October,16,Morning,13:00:00,Unknown,Car,Male,30,Driver,Unknown,Unknown,Unknown,Uninjured,430796.21,4588444.01,2.17044926,41.442742936
2020S004865    ,Nou Barris,la Guineueta,Favčncia,Friday,2020-10-16,Laboral,2020,10,October,16,Morning,13:00:00,Unknown,Car,Male,33,Driver,Unknown,Unknown,Unknown,Uninjured,430796.21,4588444.01,2.17044926,41.442742936
2020S004866    ,Sants-Montjuďc,la Marina del Prat Vermell,Major de Mercabarna,Friday,2020-10-16,Laboral,2020,10,October,16,Afternoon,15:00:00,Unknown,Car,Male,47,Driver,Unknown,Unknown,On a mission,Minor injury: Hospitalization up to 24 hours,425937.35,4575861.96,2.11383011,41.328988101
2020S004866    ,Sants-Montjuďc,la Marina del Prat Vermell,Major de Mercabarna,Friday,2020-10-16,Laboral,2020,10,October,16,Afternoon,15:00:00,Unknown,Car,Male,38,Driver,Unknown,Unknown,On a mission,Uninjured,425937.35,4575861.96,2.11383011,41.328988101
2020S004866    ,Sants-Montjuďc,la Marina del Prat Vermell,Major de Mercabarna,Friday,2020-10-16,Laboral,2020,10,October,16,Afternoon,15:00:00,Unknown,Car,Male,55,Passenger,Unknown,Unknown,Unknown,Minor injury: Hospitalization up to 24 hours,425937.35,4575861.96,2.11383011,41.328988101
2020S004867    ,Eixample,Sant Antoni,Paralˇlel,Friday,2020-10-16,Laboral,2020,10,October,16,Afternoon,15:00:00,Unknown,Motorcycle,Male,46,Driver,Unknown,Unknown,Unknown,Minor injury: Hospitalization up to 24 hours,429331.95,4580959.17,2.15379725,41.375202155
2020S004867    ,Eixample,Sant Antoni,Paralˇlel,Friday,2020-10-16,Laboral,2020,10,October,16,Afternoon,15:00:00,Unknown,Car,Female,21,Driver,Unknown,Unknown,Leisure and entertainment,Uninjured,429331.95,4580959.17,2.15379725,41.375202155
2020S004868    ,Horta-Guinardó,el Baix Guinardó,Grŕcia,Friday,2020-10-16,Laboral,2020,10,October,16,Morning,09:00:00,Unknown,Veh. mobilitat personal sense motor,Female,57,Driver,Unknown,Unknown,Leisure and entertainment,Minor injury: Hospitalization up to 24 hours,430574.8,4584588.42,2.16824202,41.407997919
2020S004868    ,Horta-Guinardó,el Baix Guinardó,Grŕcia,Friday,2020-10-16,Laboral,2020,10,October,16,Morning,09:00:00,Unknown,Bicicleta,Male,37,Driver,Unknown,Unknown,Leisure and entertainment,Uninjured,430574.8,4584588.42,2.16824202,41.407997919
2020S004869    ,Sarriŕ-Sant Gervasi,Sant Gervasi - la Bonanova,Bonanova,Friday,2020-10-16,Laboral,2020,10,October,16,Afternoon,18:00:00,Unknown,Taxi,Male,75,Pedestrian,In crossing regulated by traffic lights,Unknown,Unknown,Minor injury: Hospitalization up to 24 hours,427482.53,4584346.28,2.13127777,41.405543895
2020S004869    ,Sarriŕ-Sant Gervasi,Sant Gervasi - la Bonanova,Bonanova,Friday,2020-10-16,Laboral,2020,10,October,16,Afternoon,18:00:00,Unknown,Taxi,Male,53,Driver,In crossing regulated by traffic lights,Unknown,Taxi,Uninjured,427482.53,4584346.28,2.13127777,41.405543895
2020S004870    ,Sarriŕ-Sant Gervasi,Sant Gervasi - Galvany,Augusta,Friday,2020-10-16,Laboral,2020,10,October,16,Afternoon,16:00:00,Unknown,Motorcycle,Male,38,Driver,Unknown,Unknown,Unknown,Minor injury: Hospitalization up to 24 hours,427952.88,4583466.24,2.13700921,41.397660042
2020S004871    ,Les Corts,Pedralbes,Diagonal,Friday,2020-10-16,Laboral,2020,10,October,16,Afternoon,16:00:00,Unknown,Car,Male,30,Passenger,Unknown,Unknown,Unknown,Uninjured,425404.65,4581888.6,2.1067238,41.383218483
2020S004871    ,Les Corts,Pedralbes,Diagonal,Friday,2020-10-16,Laboral,2020,10,October,16,Afternoon,16:00:00,Unknown,Car,Male,33,Driver,Unknown,Unknown,Unknown,Minor injury: Hospitalization up to 24 hours,425404.65,4581888.6,2.1067238,41.383218483
2020S004871    ,Les Corts,Pedralbes,Diagonal,Friday,2020-10-16,Laboral,2020,10,October,16,Afternoon,16:00:00,Unknown,Car,Female,21,Passenger,Unknown,Unknown,Unknown,Uninjured,425404.65,4581888.6,2.1067238,41.383218483
2020S004871    ,Les Corts,Pedralbes,Diagonal,Friday,2020-10-16,Laboral,2020,10,October,16,Afternoon,16:00:00,Unknown,Car,Male,53,Driver,Unknown,Unknown,Unknown,Minor injury: Medical assistance at accident site,425404.65,4581888.6,2.1067238,41.383218483
2020S004872    ,Sant Andreu,el Bon Pastor,Sant Adriŕ,Wednesday,2020-10-14,Laboral,2020,10,October,14,Morning,08:00:00,Unknown,Car,Female,7,Pedestrian,At an unmarked crossing,Student heading to educational center,Unknown,Minor injury: Hospitalization up to 24 hours,433554.0,4587662.44,2.20354514,41.435936691
2020S004872    ,Sant Andreu,el Bon Pastor,Sant Adriŕ,Wednesday,2020-10-14,Laboral,2020,10,October,14,Morning,08:00:00,Unknown,Car,Male,63,Driver,At an unmarked crossing,Unknown,Taxi,Uninjured,433554.0,4587662.44,2.20354514,41.435936691
2020S004873    ,Sants-Montjuďc,el Poble-sec,Litoral (Llobregat),Friday,2020-10-16,Laboral,2020,10,October,16,Afternoon,14:00:00,Unknown,Motorcycle,Male,49,Driver,Unknown,Unknown,Unknown,Minor injury: Hospitalization up to 24 hours,430013.51,4578960.67,2.16217755,41.357261833
2020S004873    ,Sants-Montjuďc,el Poble-sec,Litoral (Llobregat),Friday,2020-10-16,Laboral,2020,10,October,16,Afternoon,14:00:00,Unknown,Car,Male,54,Driver,Unknown,Unknown,Unknown,Uninjured,430013.51,4578960.67,2.16217755,41.357261833
2020S004874    ,Sant Martí,el Poblenou,Pere IV,Friday,2020-10-16,Laboral,2020,10,October,16,Afternoon,21:00:00,Unknown,Car,Male,52,Driver,Unknown,Unknown,On a mission,Uninjured,433102.92,4584119.82,2.19853849,41.403991863
2020S004874    ,Sant Martí,el Poblenou,Pere IV,Friday,2020-10-16,Laboral,2020,10,October,16,Afternoon,21:00:00,Unknown,Motorcycle,Male,54,Driver,Unknown,Unknown,On a mission,Minor injury: Hospitalization up to 24 hours,433102.92,4584119.82,2.19853849,41.403991863
2020S004875    ,Les Corts,les Corts,Sarriŕ,Friday,2020-10-16,Laboral,2020,10,October,16,Afternoon,19:00:00,Unknown,Car,Female,34,Pedestrian,In crossing regulated by traffic lights,Unknown,Unknown,Minor injury: Hospitalization up to 24 hours,427864.22,4582786.65,2.13602972,41.391531288
2020S004875    ,Les Corts,les Corts,Sarriŕ,Friday,2020-10-16,Laboral,2020,10,October,16,Afternoon,19:00:00,Unknown,Car,Male,76,Driver,In crossing regulated by traffic lights,Unknown,Unknown,Uninjured,427864.22,4582786.65,2.13602972,41.391531288
2020S004876    ,Eixample,el Fort Pienc,Glňries Catalanes,Friday,2020-10-16,Laboral,2020,10,October,16,Afternoon,19:00:00,Unknown,Car,Female,46,Passenger,Unknown,Unknown,Unknown,Minor injury: Hospitalization up to 24 hours,432078.79,4583938.99,2.18630757,41.402277258
2020S004876    ,Eixample,el Fort Pienc,Glňries Catalanes,Friday,2020-10-16,Laboral,2020,10,October,16,Afternoon,19:00:00,Unknown,Car,Male,63,Driver,Unknown,Unknown,Leisure and entertainment,Uninjured,432078.79,4583938.99,2.18630757,41.402277258
2020S004876    ,Eixample,el Fort Pienc,Glňries Catalanes,Friday,2020-10-16,Laboral,2020,10,October,16,Afternoon,19:00:00,Unknown,Car,Male,60,Driver,Unknown,Unknown,Leisure and entertainment,Uninjured,432078.79,4583938.99,2.18630757,41.402277258
2020S004877    ,Sarriŕ-Sant Gervasi,el Putxet i el Farró,General Mitre,Friday,2020-10-16,Laboral,2020,10,October,16,Afternoon,21:00:00,Unknown,Motorcycle,Male,63,Driver,Unknown,Unknown,In transit (commuting),Minor injury: Hospitalization up to 24 hours,428273.21,4584231.67,2.14075002,41.404582623
2020S004877    ,Sarriŕ-Sant Gervasi,el Putxet i el Farró,General Mitre,Friday,2020-10-16,Laboral,2020,10,October,16,Afternoon,21:00:00,Unknown,Car,Male,48,Driver,Unknown,Unknown,Unknown,Uninjured,428273.21,4584231.67,2.14075002,41.404582623
2020S004878    ,Sarriŕ-Sant Gervasi,Sant Gervasi - la Bonanova,Balmes,Friday,2020-10-16,Laboral,2020,10,October,16,Afternoon,20:00:00,Unknown,Car,Male,77,Driver,Unknown,Unknown,Unknown,Uninjured,428106.41,4584418.44,2.13873247,41.406249878
2020S004878    ,Sarriŕ-Sant Gervasi,Sant Gervasi - la Bonanova,Balmes,Friday,2020-10-16,Laboral,2020,10,October,16,Afternoon,20:00:00,Unknown,Car,Male,44,Driver,Unknown,Unknown,Unknown,Minor injury: Hospitalization up to 24 hours,428106.41,4584418.44,2.13873247,41.406249878
2020S004879    ,Sarriŕ-Sant Gervasi,Sant Gervasi - la Bonanova,Lluís Muntadas,Friday,2020-10-16,Laboral,2020,10,October,16,Afternoon,21:00:00,Unknown,Car,Male,59,Driver,Unknown,Unknown,On a mission,Uninjured,427722.42,4585531.45,2.13400585,41.416239837
2020S004879    ,Sarriŕ-Sant Gervasi,Sant Gervasi - la Bonanova,Lluís Muntadas,Friday,2020-10-16,Laboral,2020,10,October,16,Afternoon,21:00:00,Unknown,Motorcycle,Female,20,Driver,Unknown,Unknown,On a mission,Minor injury: Medical assistance at accident site,427722.42,4585531.45,2.13400585,41.416239837
2020S004880    ,Nou Barris,el Turó de la Peira,Aneto,Friday,2020-10-16,Laboral,2020,10,October,16,Night,00:00:00,Unknown,Car,Male,31,Driver,Unknown,Unknown,Unknown,Uninjured,430792.67,4587306.02,2.1705373,41.432493186
2020S004880    ,Nou Barris,el Turó de la Peira,Aneto,Friday,2020-10-16,Laboral,2020,10,October,16,Night,00:00:00,Unknown,Ciclomotor,Female,19,Driver,Unknown,Unknown,Professional goods transport,Minor injury: Hospitalization up to 24 hours,430792.67,4587306.02,2.1705373,41.432493186