Case_Number,District_Name,Neighborhood_Name,Street_Name,Day_of_Week,Date,Day_Type_Description,Year,Month_of_Year,Month_Name,Day_of_Month,Shift_Description,Hour_of_Day,Pedestrian_Cause_Description,Involved_Vehicle_Type_Description,Gender_Description,Age,Person_Type_Description,Pedestrian_Accident_Location_Description,Pedestrian_Movement_Reason_Description,Driver_Movement_Reason_Description,Victimization_Description,Coordenada_UTM_X,Coordenada_UTM_Y,Longitud,Latitud
2020S004881    ,Nou Barris,la Prosperitat,Favčncia,Friday,2020-10-16,Laboral,2020,10,October,16,Night,22:00:00,Unknown,Car,Male,22,Driver,Others,Unknown,Leisure and entertainment,Minor injury: Hospitalization up to 24 hours,432013.88,4588855.32,2.18497802,41.446551555
2020S004882    ,Les Corts,les Corts,Madrid,Saturday,2020-10-17,Laboral,2020,10,October,17,Morning,07:00:00,Unknown,Motorcycle,Male,51,Driver,Unknown,Unknown,Other activities,Minor injury: Hospitalization up to 24 hours,427776.66,4581706.38,2.13511135,41.381793847
2020S004882    ,Les Corts,les Corts,Madrid,Saturday,2020-10-17,Laboral,2020,10,October,17,Morning,07:00:00,Unknown,Car,Male,39,Driver,Unknown,Unknown,In transit (commuting),Uninjured,427776.66,4581706.38,2.13511135,41.381793847
2020S004883    ,Grŕcia,la Vila de Grŕcia,Santa Perpčtua,Saturday,2020-10-17,Laboral,2020,10,October,17,Morning,08:00:00,Unknown,Car,Female,70,Driver,Unknown,Unknown,Leisure and entertainment,Unknown,429190.3,4584557.18,2.15168264,41.407595716
2020S004884    ,Eixample,l'Antiga Esquerra de l'Eixample,Balmes,Saturday,2020-10-10,Laboral,2020,10,October,10,Afternoon,18:00:00,Unknown,Motorcycle,Male,30,Driver,Unknown,Unknown,On a mission,Minor injury: Hospitalization up to 24 hours,429616.11,4582984.04,2.15695965,41.393464415
2020S004884    ,Eixample,l'Antiga Esquerra de l'Eixample,Balmes,Saturday,2020-10-10,Laboral,2020,10,October,10,Afternoon,18:00:00,Unknown,Car,Male,39,Driver,Unknown,Unknown,On a mission,Uninjured,429616.11,4582984.04,2.15695965,41.393464415
2020S004885    ,Sarriŕ-Sant Gervasi,"Vallvidrera, el Tibidabo i les Planes",Vallvidrera a Barcelona,Saturday,2020-10-17,Laboral,2020,10,October,17,Morning,10:00:00,Unknown,Bicicleta,Male,51,Driver,Unknown,Unknown,Leisure and entertainment,Minor injury: Hospitalization up to 24 hours,426620.39,4585819.84,2.12078549,41.418737303
2020S004886    ,Eixample,la Dreta de l'Eixample,Grŕcia,Saturday,2020-10-17,Laboral,2020,10,October,17,Morning,11:00:00,Unknown,Bicicleta,Female,58,Pedestrian,On the sidewalk,In transit (commuting),Unknown,Minor injury: Hospitalization up to 24 hours,429892.18,4583306.91,2.16022419,41.396396524
2020S004886    ,Eixample,la Dreta de l'Eixample,Grŕcia,Saturday,2020-10-17,Laboral,2020,10,October,17,Morning,11:00:00,Unknown,Bicicleta,Female,26,Driver,On the sidewalk,Unknown,Leisure and entertainment,Uninjured,429892.18,4583306.91,2.16022419,41.396396524
2020S004887    ,Grŕcia,el Camp d'en Grassot i Grŕcia Nova,Roger de Flor,Saturday,2020-10-17,Laboral,2020,10,October,17,Afternoon,14:00:00,Unknown,Furgoneta,Male,40,Driver,Unknown,Unknown,Leisure and entertainment,Uninjured,430321.11,4584213.3,2.16525028,41.404597378
2020S004887    ,Grŕcia,el Camp d'en Grassot i Grŕcia Nova,Roger de Flor,Saturday,2020-10-17,Laboral,2020,10,October,17,Afternoon,14:00:00,Unknown,Motorcycle,Male,29,Driver,Unknown,Unknown,Leisure and entertainment,Minor injury: Hospitalization up to 24 hours,430321.11,4584213.3,2.16525028,41.404597378
2020S004888    ,Sarriŕ-Sant Gervasi,Sarriŕ,Dalt (Besňs),Saturday,2020-10-17,Laboral,2020,10,October,17,Morning,13:00:00,Unknown,Car,Female,23,Driver,Unknown,Unknown,Unknown,Uninjured,426398.25,4584288.72,2.11831393,41.404926884
2020S004888    ,Sarriŕ-Sant Gervasi,Sarriŕ,Dalt (Besňs),Saturday,2020-10-17,Laboral,2020,10,October,17,Morning,13:00:00,Unknown,Car,Female,52,Driver,Unknown,Unknown,Unknown,Uninjured,426398.25,4584288.72,2.11831393,41.404926884
2020S004888    ,Sarriŕ-Sant Gervasi,Sarriŕ,Dalt (Besňs),Saturday,2020-10-17,Laboral,2020,10,October,17,Morning,13:00:00,Unknown,Car,Female,4,Passenger,Unknown,Unknown,Unknown,Minor injury: Hospitalization up to 24 hours,426398.25,4584288.72,2.11831393,41.404926884
2020S004889    ,Sants-Montjuďc,la Bordeta,Corts Catalanes,Saturday,2020-10-17,Laboral,2020,10,October,17,Morning,13:00:00,Unknown,Motorcycle,Male,33,Driver,Unknown,Unknown,Unknown,Minor injury: Hospitalization up to 24 hours,427938.81,4579998.27,2.13725355,41.366424057
2020S004889    ,Sants-Montjuďc,la Bordeta,Corts Catalanes,Saturday,2020-10-17,Laboral,2020,10,October,17,Morning,13:00:00,Unknown,Car,Male,42,Driver,Unknown,Unknown,Unknown,Uninjured,427938.81,4579998.27,2.13725355,41.366424057
2020S004890    ,Eixample,la Dreta de l'Eixample,Corts Catalanes,Saturday,2020-10-17,Laboral,2020,10,October,17,Afternoon,17:00:00,Unknown,Bicicleta,Male,20,Driver,Unknown,Unknown,On a mission,Minor injury: Medical assistance at accident site,431269.17,4583259.14,2.17669995,41.396085211
2020S004890    ,Eixample,la Dreta de l'Eixample,Corts Catalanes,Saturday,2020-10-17,Laboral,2020,10,October,17,Afternoon,17:00:00,Unknown,Motorcycle,Male,62,Driver,Unknown,Unknown,Leisure and entertainment,Uninjured,431269.17,4583259.14,2.17669995,41.396085211
2020S004891    ,Sant Andreu,la Sagrera,Hispano Suďssa,Saturday,2020-10-17,Laboral,2020,10,October,17,Afternoon,18:00:00,Unknown,Car,Male,45,Driver,Unknown,Unknown,Leisure and entertainment,Uninjured,432373.53,4586176.28,2.18958311,41.422452726
2020S004891    ,Sant Andreu,la Sagrera,Hispano Suďssa,Saturday,2020-10-17,Laboral,2020,10,October,17,Afternoon,18:00:00,Unknown,Motorcycle,Male,53,Driver,Unknown,Unknown,Leisure and entertainment,Minor injury: Medical assistance at accident site,432373.53,4586176.28,2.18958311,41.422452726
2020S004892    ,Sant Andreu,el Bon Pastor,Litoral (Llobregat),Tuesday,2020-10-13,Laboral,2020,10,October,13,Afternoon,14:00:00,Unknown,Car,Male,38,Driver,Unknown,Unknown,Unknown,Uninjured,433734.32,4588543.98,2.20560655,41.443891363
2020S004892    ,Sant Andreu,el Bon Pastor,Litoral (Llobregat),Tuesday,2020-10-13,Laboral,2020,10,October,13,Afternoon,14:00:00,Unknown,Motorcycle,Female,55,Driver,Unknown,Unknown,Unknown,Minor injury: Refused medical assistance,433734.32,4588543.98,2.20560655,41.443891363
2020S004892    ,Sant Andreu,el Bon Pastor,Litoral (Llobregat),Tuesday,2020-10-13,Laboral,2020,10,October,13,Afternoon,14:00:00,Unknown,Car,Female,24,Driver,Unknown,Unknown,Unknown,Uninjured,433734.32,4588543.98,2.20560655,41.443891363
2020S004893    ,Sant Martí,el Poblenou,Pujades,Saturday,2020-10-17,Laboral,2020,10,October,17,Afternoon,18:00:00,Unknown,Car,Male,43,Driver,Unknown,Unknown,Other activities,Uninjured,433168.76,4583730.69,2.19936909,41.400492549
2020S004893    ,Sant Martí,el Poblenou,Pujades,Saturday,2020-10-17,Laboral,2020,10,October,17,Afternoon,18:00:00,Unknown,Motorcycle,Female,60,Driver,Unknown,Unknown,Other activities,Minor injury: Hospitalization up to 24 hours,433168.76,4583730.69,2.19936909,41.400492549
2020S004894    ,Horta-Guinardó,el Baix Guinardó,Cartagena,Saturday,2020-10-17,Laboral,2020,10,October,17,Afternoon,20:00:00,Unknown,Altres vehicles amb motor,Male,61,Driver,Unknown,Unknown,Leisure and entertainment,Uninjured,430860.41,4585154.63,2.17159411,41.413122214
2020S004894    ,Horta-Guinardó,el Baix Guinardó,Cartagena,Saturday,2020-10-17,Laboral,2020,10,October,17,Afternoon,20:00:00,Unknown,Altres vehicles amb motor,Female,60,Passenger,Unknown,Unknown,Unknown,Minor injury: Hospitalization up to 24 hours,430860.41,4585154.63,2.17159411,41.413122214
2020S004895    ,Sarriŕ-Sant Gervasi,Sarriŕ,Dalt (Besňs),Saturday,2020-10-17,Laboral,2020,10,October,17,Night,22:00:00,Unknown,Car,Male,31,Driver,Unknown,Unknown,Unknown,Minor injury: Hospitalization up to 24 hours,426007.1,4583831.66,2.1136907,41.400774429
2020S004896    ,Nou Barris,Vilapicina i la Torre Llobeta,Arnau d'Oms,Saturday,2020-10-17,Laboral,2020,10,October,17,Afternoon,20:00:00,Unknown,Car,Male,12,Passenger,Unknown,Unknown,Unknown,Minor injury: Medical assistance at accident site,431365.66,4586850.43,2.17744645,41.428439046
2020S004896    ,Nou Barris,Vilapicina i la Torre Llobeta,Arnau d'Oms,Saturday,2020-10-17,Laboral,2020,10,October,17,Afternoon,20:00:00,Unknown,Car,Male,58,Driver,Unknown,Unknown,Leisure and entertainment,Uninjured,431365.66,4586850.43,2.17744645,41.428439046
2020S004896    ,Nou Barris,Vilapicina i la Torre Llobeta,Arnau d'Oms,Saturday,2020-10-17,Laboral,2020,10,October,17,Afternoon,20:00:00,Unknown,Car,Female,55,Passenger,Unknown,Unknown,Unknown,Uninjured,431365.66,4586850.43,2.17744645,41.428439046
2020S004896    ,Nou Barris,Vilapicina i la Torre Llobeta,Arnau d'Oms,Saturday,2020-10-17,Laboral,2020,10,October,17,Afternoon,20:00:00,Unknown,Car,Male,42,Driver,Unknown,Unknown,Unknown,Uninjured,431365.66,4586850.43,2.17744645,41.428439046
2020S004897    ,Sant Martí,el Clot,Meridiana,Saturday,2020-10-17,Laboral,2020,10,October,17,Night,22:00:00,Unknown,Car,Male,19,Driver,Unknown,Unknown,"Anada/tornada de ponts, festius, vacances",Uninjured,432157.09,4584503.41,2.18718092,41.40736744
2020S004897    ,Sant Martí,el Clot,Meridiana,Saturday,2020-10-17,Laboral,2020,10,October,17,Night,22:00:00,Unknown,Motorcycle,Male,27,Driver,Unknown,Unknown,Leisure and entertainment,Serious injury: Hospitalization over 24 hours,432157.09,4584503.41,2.18718092,41.40736744
2020S004898    ,Horta-Guinardó,la Teixonera,Mare de Déu del Coll,Saturday,2020-10-17,Laboral,2020,10,October,17,Night,22:00:00,Unknown,Car,Male,21,Passenger,Unknown,Unknown,Unknown,Minor injury: Hospitalization up to 24 hours,429108.32,4586140.22,2.15051629,41.421846311
2020S004898    ,Horta-Guinardó,la Teixonera,Mare de Déu del Coll,Saturday,2020-10-17,Laboral,2020,10,October,17,Night,22:00:00,Unknown,Furgoneta,Male,26,Driver,Unknown,Unknown,Professional goods transport,Uninjured,429108.32,4586140.22,2.15051629,41.421846311
2020S004898    ,Horta-Guinardó,la Teixonera,Mare de Déu del Coll,Saturday,2020-10-17,Laboral,2020,10,October,17,Night,22:00:00,Unknown,Car,Male,21,Driver,Unknown,Unknown,On a mission,Minor injury: Hospitalization up to 24 hours,429108.32,4586140.22,2.15051629,41.421846311
2020S004899    ,Eixample,la Sagrada Família,Rosselló,Sunday,2020-10-18,Laboral,2020,10,October,18,Morning,10:00:00,Unknown,Motorcycle,Male,59,Driver,Unknown,Unknown,Unknown,Uninjured,430913.43,4584188.97,2.17233875,41.404429395
2020S004899    ,Eixample,la Sagrada Família,Rosselló,Sunday,2020-10-18,Laboral,2020,10,October,18,Morning,10:00:00,Unknown,Car,Male,41,Driver,Unknown,Unknown,Unknown,Uninjured,430913.43,4584188.97,2.17233875,41.404429395
2020S004899    ,Eixample,la Sagrada Família,Rosselló,Sunday,2020-10-18,Laboral,2020,10,October,18,Morning,10:00:00,Unknown,Motorcycle,Female,62,Passenger,Unknown,Unknown,Unknown,Uninjured,430913.43,4584188.97,2.17233875,41.404429395
2020S004900    ,Sarriŕ-Sant Gervasi,les Tres Torres,General Mitre,Sunday,2020-10-18,Laboral,2020,10,October,18,Morning,11:00:00,Unknown,Motorcycle,Male,57,Driver,Unknown,Unknown,Unknown,Minor injury: Medical assistance at accident site,427599.64,4583509.26,2.13277888,41.398015761
2020S004900    ,Sarriŕ-Sant Gervasi,les Tres Torres,General Mitre,Sunday,2020-10-18,Laboral,2020,10,October,18,Morning,11:00:00,Unknown,Car,Female,49,Driver,Unknown,Unknown,Leisure and entertainment,Uninjured,427599.64,4583509.26,2.13277888,41.398015761
2020S004901    ,Eixample,l'Antiga Esquerra de l'Eixample,Villarroel,Sunday,2020-10-18,Laboral,2020,10,October,18,Morning,12:00:00,Unknown,Motorcycle,Male,30,Driver,Unknown,Unknown,Unknown,Minor injury: Hospitalization up to 24 hours,429059.96,4582626.45,2.15034971,41.390194837
2020S004901    ,Eixample,l'Antiga Esquerra de l'Eixample,Villarroel,Sunday,2020-10-18,Laboral,2020,10,October,18,Morning,12:00:00,Unknown,Car,Male,32,Driver,Unknown,Unknown,Unknown,Uninjured,429059.96,4582626.45,2.15034971,41.390194837
2020S004902    ,Sants-Montjuďc,Sants - Badal,Sugranyes,Sunday,2020-10-11,Laboral,2020,10,October,11,Morning,12:00:00,Transitar a peu per la calçada,Car,Female,21,Pedestrian,At an unmarked crossing,Unknown,Unknown,Minor injury: Refused medical assistance,427120.77,4580984.47,2.12735487,41.375232706
2020S004902    ,Sants-Montjuďc,Sants - Badal,Sugranyes,Sunday,2020-10-11,Laboral,2020,10,October,11,Morning,12:00:00,Transitar a peu per la calçada,Car,Male,80,Driver,At an unmarked crossing,Unknown,Leisure and entertainment,Uninjured,427120.77,4580984.47,2.12735487,41.375232706
2020S004903    ,Sant Martí,Provençals del Poblenou,C-31,Sunday,2020-10-18,Laboral,2020,10,October,18,Afternoon,15:00:00,Unknown,Car,Male,60,Driver,Unknown,Unknown,Other activities,Uninjured,432792.39,4584691.03,2.19476028,41.409110679
2020S004903    ,Sant Martí,Provençals del Poblenou,C-31,Sunday,2020-10-18,Laboral,2020,10,October,18,Afternoon,15:00:00,Unknown,Bicicleta,Female,23,Driver,Unknown,Unknown,Other activities,Minor injury: Hospitalization up to 24 hours,432792.39,4584691.03,2.19476028,41.409110679
2020S004904    ,Sant Andreu,el Bon Pastor,Sant Adriŕ,Sunday,2020-10-18,Laboral,2020,10,October,18,Morning,12:00:00,Unknown,Car,Male,36,Driver,Unknown,Unknown,Leisure and entertainment,Uninjured,432972.86,4587604.01,2.19659628,41.435362106
2020S004904    ,Sant Andreu,el Bon Pastor,Sant Adriŕ,Sunday,2020-10-18,Laboral,2020,10,October,18,Morning,12:00:00,Unknown,Motorcycle,Male,34,Driver,Unknown,Unknown,Leisure and entertainment,Minor injury: Hospitalization up to 24 hours,432972.86,4587604.01,2.19659628,41.435362106
2020S004904    ,Sant Andreu,el Bon Pastor,Sant Adriŕ,Sunday,2020-10-18,Laboral,2020,10,October,18,Morning,12:00:00,Unknown,Motorcycle,Female,31,Passenger,Unknown,Unknown,Unknown,Minor injury: Hospitalization up to 24 hours,432972.86,4587604.01,2.19659628,41.435362106
2020S004905    ,Horta-Guinardó,el Guinardó,Sant Antoni Maria Claret,Sunday,2020-10-18,Laboral,2020,10,October,18,Afternoon,15:00:00,Unknown,Car,Male,37,Driver,Unknown,Unknown,Leisure and entertainment,Uninjured,431384.98,4585245.07,2.1778599,41.41398176
2020S004905    ,Horta-Guinardó,el Guinardó,Sant Antoni Maria Claret,Sunday,2020-10-18,Laboral,2020,10,October,18,Afternoon,15:00:00,Unknown,Ciclomotor,Male,36,Driver,Unknown,Unknown,Other activities,Minor injury: Medical assistance at accident site,431384.98,4585245.07,2.1778599,41.41398176
2020S004906    ,Nou Barris,Vilapicina i la Torre Llobeta,Escňcia,Sunday,2020-10-18,Laboral,2020,10,October,18,Morning,12:00:00,Unknown,Ciclomotor,Female,37,Driver,Unknown,Unknown,Unknown,Minor injury: Hospitalization up to 24 hours,431626.98,4586862.27,2.18057233,41.428567984
2020S004906    ,Nou Barris,Vilapicina i la Torre Llobeta,Escňcia,Sunday,2020-10-18,Laboral,2020,10,October,18,Morning,12:00:00,Unknown,Car,Male,31,Driver,Unknown,Unknown,Unknown,Uninjured,431626.98,4586862.27,2.18057233,41.428567984
2020S004907    ,Horta-Guinardó,la Vall d'Hebron,Dalt (Llobregat),Sunday,2020-10-18,Laboral,2020,10,October,18,Afternoon,14:00:00,Unknown,Car,Female,36,Driver,Unknown,Unknown,Unknown,Minor injury: Hospitalization up to 24 hours,428733.32,4587304.22,2.14589187,41.432296778
2020S004907    ,Horta-Guinardó,la Vall d'Hebron,Dalt (Llobregat),Sunday,2020-10-18,Laboral,2020,10,October,18,Afternoon,14:00:00,Unknown,Motorcycle,Male,44,Driver,Unknown,Unknown,Unknown,Minor injury: Hospitalization up to 24 hours,428733.32,4587304.22,2.14589187,41.432296778
2020S004908    ,Eixample,el Fort Pienc,Tetuan,Sunday,2020-10-18,Laboral,2020,10,October,18,Afternoon,20:00:00,Unknown,Autobús,Female,76,Passenger,Unknown,Unknown,Unknown,Minor injury: Hospitalization up to 24 hours,431246.5,4583153.05,2.17644085,41.395127752
2020S004908    ,Eixample,el Fort Pienc,Tetuan,Sunday,2020-10-18,Laboral,2020,10,October,18,Afternoon,20:00:00,Unknown,Autobús,Male,50,Driver,Unknown,Unknown,Urban bus,Uninjured,431246.5,4583153.05,2.17644085,41.395127752
2020S004909    ,Eixample,la Sagrada Família,Lepant,Sunday,2020-10-18,Laboral,2020,10,October,18,Afternoon,21:00:00,Unknown,Ciclomotor,Male,24,Driver,Unknown,Unknown,Unknown,Uninjured,431058.97,4584394.06,2.17405642,41.406289076
2020S004909    ,Eixample,la Sagrada Família,Lepant,Sunday,2020-10-18,Laboral,2020,10,October,18,Afternoon,21:00:00,Unknown,Motorcycle,Male,33,Driver,Unknown,Unknown,Unknown,Minor injury: Hospitalization up to 24 hours,431058.97,4584394.06,2.17405642,41.406289076
2020S004910    ,Horta-Guinardó,el Carmel,Llobregós,Sunday,2020-10-18,Laboral,2020,10,October,18,Afternoon,21:00:00,Unknown,Car,Male,25,Driver,Unknown,Unknown,Unknown,Uninjured,429222.83,4586164.22,2.15188368,41.422072571
2020S004910    ,Horta-Guinardó,el Carmel,Llobregós,Sunday,2020-10-18,Laboral,2020,10,October,18,Afternoon,21:00:00,Unknown,Ciclomotor,Male,29,Driver,Unknown,Unknown,Unknown,Minor injury: Medical assistance at accident site,429222.83,4586164.22,2.15188368,41.422072571
2020S004911    ,Sant Martí,el Poblenou,Bilbao,Monday,2020-10-19,Laboral,2020,10,October,19,Morning,07:00:00,Unknown,Bicicleta,Male,25,Driver,On the sidewalk,Unknown,In transit (commuting),Uninjured,433144.48,4584378.4,2.19900707,41.406324284
2020S004911    ,Sant Martí,el Poblenou,Bilbao,Monday,2020-10-19,Laboral,2020,10,October,19,Morning,07:00:00,Unknown,Bicicleta,Female,44,Pedestrian,On the sidewalk,Unknown,Unknown,Minor injury: Medical assistance at accident site,433144.48,4584378.4,2.19900707,41.406324284
2020S004912    ,Eixample,l'Antiga Esquerra de l'Eixample,Aragó,Monday,2020-10-19,Laboral,2020,10,October,19,Morning,07:00:00,Unknown,Motorcycle,Male,32,Driver,Unknown,Unknown,Unknown,Minor injury: Hospitalization up to 24 hours,429632.24,4582185.05,2.15724544,41.386269592
2020S004913    ,Sarriŕ-Sant Gervasi,Sant Gervasi - Galvany,Copčrnic,Monday,2020-10-19,Laboral,2020,10,October,19,Morning,07:00:00,Unknown,Bicicleta,Male,16,Driver,Unknown,Unknown,Student heading to educational center,Minor injury: Hospitalization up to 24 hours,428559.89,4584020.57,2.14420436,41.402706868
2020S004913    ,Sarriŕ-Sant Gervasi,Sant Gervasi - Galvany,Copčrnic,Monday,2020-10-19,Laboral,2020,10,October,19,Morning,07:00:00,Unknown,Car,Male,45,Driver,Unknown,Unknown,In transit (commuting),Uninjured,428559.89,4584020.57,2.14420436,41.402706868
2020S004914    ,Nou Barris,la Prosperitat,Nou Pins,Monday,2020-10-19,Laboral,2020,10,October,19,Morning,09:00:00,Unknown,Car,Male,25,Driver,Unknown,Unknown,Unknown,Uninjured,431718.94,4588395.83,2.18149945,41.442388049
2020S004914    ,Nou Barris,la Prosperitat,Nou Pins,Monday,2020-10-19,Laboral,2020,10,October,19,Morning,09:00:00,Unknown,Motorcycle,Male,52,Driver,Unknown,Unknown,Leisure and entertainment,Minor injury: Hospitalization up to 24 hours,431718.94,4588395.83,2.18149945,41.442388049
2020S004915    ,Eixample,el Fort Pienc,Lepant,Monday,2020-10-19,Laboral,2020,10,October,19,Morning,11:00:00,Unknown,Furgoneta,Male,35,Driver,Unknown,Unknown,On a mission,Minor injury: Hospitalization up to 24 hours,431727.21,4583738.69,2.1821245,41.400443419
2020S004915    ,Eixample,el Fort Pienc,Lepant,Monday,2020-10-19,Laboral,2020,10,October,19,Morning,11:00:00,Unknown,Car,Male,47,Driver,Unknown,Unknown,On a mission,Minor injury: Hospitalization up to 24 hours,431727.21,4583738.69,2.1821245,41.400443419
2020S004915    ,Eixample,el Fort Pienc,Lepant,Monday,2020-10-19,Laboral,2020,10,October,19,Morning,11:00:00,Unknown,Furgoneta,Male,27,Driver,Unknown,Unknown,On a mission,Uninjured,431727.21,4583738.69,2.1821245,41.400443419
2020S004917    ,Ciutat Vella,el Barri Gňtic,Laietana,Monday,2020-10-19,Laboral,2020,10,October,19,Morning,13:00:00,Unknown,Car,Male,35,Driver,Unknown,Unknown,Other activities,Uninjured,431535.05,4581785.48,2.18004682,41.382835065
2020S004917    ,Ciutat Vella,el Barri Gňtic,Laietana,Monday,2020-10-19,Laboral,2020,10,October,19,Morning,13:00:00,Unknown,Motorcycle,Male,55,Driver,Unknown,Unknown,Other activities,Minor injury: Hospitalization up to 24 hours,431535.05,4581785.48,2.18004682,41.382835065
2020S004918    ,Horta-Guinardó,el Carmel,Argimon,Monday,2020-10-19,Laboral,2020,10,October,19,Afternoon,14:00:00,Unknown,Car,Male,54,Driver,Unknown,Unknown,On a mission,Uninjured,429492.0,4586823.08,2.15502763,41.428030343
2020S004918    ,Horta-Guinardó,el Carmel,Argimon,Monday,2020-10-19,Laboral,2020,10,October,19,Afternoon,14:00:00,Unknown,Motorcycle,Male,56,Driver,Unknown,Unknown,On a mission,Minor injury: Medical assistance at accident site,429492.0,4586823.08,2.15502763,41.428030343
2020S004919    ,Horta-Guinardó,Horta,Mestre Dalmau,Monday,2020-10-19,Laboral,2020,10,October,19,Afternoon,17:00:00,Unknown,Car,Male,46,Driver,Unknown,Unknown,Other activities,Uninjured,430105.78,4587406.97,2.16230511,41.433342886
2020S004920    ,Eixample,la Nova Esquerra de l'Eixample,Valčncia,Monday,2020-10-19,Laboral,2020,10,October,19,Afternoon,15:00:00,Unknown,Motorcycle,Female,32,Driver,Unknown,Unknown,In transit (commuting),Minor injury: Hospitalization up to 24 hours,428771.15,4581529.71,2.14702458,41.380291347
2020S004920    ,Eixample,la Nova Esquerra de l'Eixample,Valčncia,Monday,2020-10-19,Laboral,2020,10,October,19,Afternoon,15:00:00,Unknown,Car,Male,49,Driver,Unknown,Unknown,Leisure and entertainment,Uninjured,428771.15,4581529.71,2.14702458,41.380291347
2020S004921    ,Les Corts,les Corts,Anglesola,Monday,2020-10-19,Laboral,2020,10,October,19,Afternoon,18:00:00,Unknown,Motorcycle,Female,18,Driver,Unknown,Unknown,Unknown,Minor injury: Medical assistance at accident site,427875.83,4582751.19,2.1361728,41.391212956
2020S004921    ,Les Corts,les Corts,Anglesola,Monday,2020-10-19,Laboral,2020,10,October,19,Afternoon,18:00:00,Unknown,Motorcycle,Female,36,Driver,Unknown,Unknown,Unknown,Minor injury: Hospitalization up to 24 hours,427875.83,4582751.19,2.1361728,41.391212956
2020S004922    ,Sarriŕ-Sant Gervasi,Sant Gervasi - Galvany,Grŕcia,Monday,2020-10-19,Laboral,2020,10,October,19,Afternoon,19:00:00,Unknown,Car,Female,47,Driver,Unknown,Unknown,Unknown,Uninjured,428954.14,4583257.91,2.14901,41.395872826
2020S004922    ,Sarriŕ-Sant Gervasi,Sant Gervasi - Galvany,Grŕcia,Monday,2020-10-19,Laboral,2020,10,October,19,Afternoon,19:00:00,Unknown,Motorcycle,Male,30,Driver,Unknown,Unknown,Unknown,Minor injury: Hospitalization up to 24 hours,428954.14,4583257.91,2.14901,41.395872826
2020S004923    ,Sant Andreu,Sant Andreu,Favčncia,Monday,2020-10-19,Laboral,2020,10,October,19,Afternoon,19:00:00,Unknown,Motorcycle,Male,33,Driver,Unknown,Unknown,Unknown,Minor injury: Hospitalization up to 24 hours,432749.41,4588917.3,2.19377568,41.447171781
2020S004923    ,Sant Andreu,Sant Andreu,Favčncia,Monday,2020-10-19,Laboral,2020,10,October,19,Afternoon,19:00:00,Unknown,Car,Male,45,Driver,Unknown,Unknown,Unknown,Uninjured,432749.41,4588917.3,2.19377568,41.447171781
2020S004924    ,Sant Martí,el Poblenou,Bac de Roda,Monday,2020-10-19,Laboral,2020,10,October,19,Afternoon,20:00:00,Unknown,Bicicleta,Female,30,Driver,Unknown,Unknown,Leisure and entertainment,Uninjured,433699.09,4584346.9,2.20564534,41.406086533
2020S004924    ,Sant Martí,el Poblenou,Bac de Roda,Monday,2020-10-19,Laboral,2020,10,October,19,Afternoon,20:00:00,Unknown,Bicicleta,Female,51,Driver,Unknown,Unknown,Leisure and entertainment,Minor injury: Hospitalization up to 24 hours,433699.09,4584346.9,2.20564534,41.406086533
2020S004925    ,Eixample,la Dreta de l'Eixample,Roger de Llúria,Monday,2020-10-19,Laboral,2020,10,October,19,Afternoon,20:00:00,Unknown,Motorcycle,Female,48,Passenger,Unknown,Unknown,Unknown,Minor injury: Hospitalization up to 24 hours,430326.43,4583211.67,2.16542926,41.395576491
2020S004925    ,Eixample,la Dreta de l'Eixample,Roger de Llúria,Monday,2020-10-19,Laboral,2020,10,October,19,Afternoon,20:00:00,Unknown,Car,Male,29,Driver,Unknown,Unknown,Leisure and entertainment,Uninjured,430326.43,4583211.67,2.16542926,41.395576491
2020S004925    ,Eixample,la Dreta de l'Eixample,Roger de Llúria,Monday,2020-10-19,Laboral,2020,10,October,19,Afternoon,20:00:00,Unknown,Motorcycle,Male,42,Driver,Unknown,Unknown,Leisure and entertainment,Minor injury: Hospitalization up to 24 hours,430326.43,4583211.67,2.16542926,41.395576491
2020S004926    ,Nou Barris,la Prosperitat,Florida,Monday,2020-10-19,Laboral,2020,10,October,19,Afternoon,20:00:00,Unknown,Car,Male,76,Driver,Unknown,Unknown,Leisure and entertainment,Uninjured,432087.71,4588690.25,2.18588036,41.445071082
2020S004926    ,Nou Barris,la Prosperitat,Florida,Monday,2020-10-19,Laboral,2020,10,October,19,Afternoon,20:00:00,Unknown,Car,Male,42,Driver,Unknown,Unknown,Leisure and entertainment,Uninjured,432087.71,4588690.25,2.18588036,41.445071082
2020S004926    ,Nou Barris,la Prosperitat,Florida,Monday,2020-10-19,Laboral,2020,10,October,19,Afternoon,20:00:00,Unknown,Car,Female,40,Passenger,Unknown,Unknown,Unknown,Minor injury: Hospitalization up to 24 hours,432087.71,4588690.25,2.18588036,41.445071082
2020S004927    ,Sant Andreu,la Trinitat Vella,Santa Coloma,Monday,2020-10-19,Laboral,2020,10,October,19,Night,23:00:00,Unknown,Car,Male,66,Driver,Unknown,Unknown,Leisure and entertainment,Uninjured,432984.45,4588985.44,2.19658166,41.447805164
2020S004929    ,Eixample,l'Antiga Esquerra de l'Eixample,Corts Catalanes,Tuesday,2020-10-20,Laboral,2020,10,October,20,Night,00:00:00,Unknown,Car,Male,31,Driver,Unknown,Unknown,Unknown,Uninjured,430197.26,4582210.36,2.16399973,41.386546805
2020S004929    ,Eixample,l'Antiga Esquerra de l'Eixample,Corts Catalanes,Tuesday,2020-10-20,Laboral,2020,10,October,20,Night,00:00:00,Unknown,Car,Male,19,Passenger,Unknown,Unknown,Unknown,Minor injury: Refused medical assistance,430197.26,4582210.36,2.16399973,41.386546805