Case_Number,District_Name,Neighborhood_Name,Street_Name,Day_of_Week,Date,Day_Type_Description,Year,Month_of_Year,Month_Name,Day_of_Month,Shift_Description,Hour_of_Day,Pedestrian_Cause_Description,Involved_Vehicle_Type_Description,Gender_Description,Age,Person_Type_Description,Pedestrian_Accident_Location_Description,Pedestrian_Movement_Reason_Description,Driver_Movement_Reason_Description,Victimization_Description,Coordenada_UTM_X,Coordenada_UTM_Y,Longitud,Latitud
2020S005022    ,Eixample,la Sagrada Família,Padilla,Sunday,2020-10-25,Laboral,2020,10,October,25,Afternoon,14:00:00,Unknown,Motorcycle,Male,51,Driver,Unknown,Unknown,Unknown,Minor injury: Medical assistance at accident site,431430.15,4584196.06,2.17851926,41.404537517
2020S005023    ,Grŕcia,la Vila de Grŕcia,Torrent de l'Olla,Sunday,2020-10-25,Laboral,2020,10,October,25,Afternoon,15:00:00,Unknown,Ciclomotor,Female,24,Driver,Unknown,Unknown,On a mission,Uninjured,429699.05,4583874.83,2.15784817,41.401494712
2020S005023    ,Grŕcia,la Vila de Grŕcia,Torrent de l'Olla,Sunday,2020-10-25,Laboral,2020,10,October,25,Afternoon,15:00:00,Unknown,Ciclomotor,Female,24,Passenger,Unknown,Unknown,Unknown,Minor injury: Hospitalization up to 24 hours,429699.05,4583874.83,2.15784817,41.401494712
2020S005023    ,Grŕcia,la Vila de Grŕcia,Torrent de l'Olla,Sunday,2020-10-25,Laboral,2020,10,October,25,Afternoon,15:00:00,Unknown,Car,Male,50,Driver,Unknown,Unknown,Taxi,Uninjured,429699.05,4583874.83,2.15784817,41.401494712
2020S005024    ,Sant Andreu,Sant Andreu,Servet,Sunday,2020-10-25,Laboral,2020,10,October,25,Afternoon,16:00:00,Unknown,Car,Male,24,Driver,Unknown,Unknown,Unknown,Uninjured,432255.98,4587791.37,2.18799542,41.436989405
2020S005024    ,Sant Andreu,Sant Andreu,Servet,Sunday,2020-10-25,Laboral,2020,10,October,25,Afternoon,16:00:00,Unknown,Car,Male,46,Driver,Unknown,Unknown,Unknown,Minor injury: Hospitalization up to 24 hours,432255.98,4587791.37,2.18799542,41.436989405
2020S005025    ,Sarriŕ-Sant Gervasi,el Putxet i el Farró,General Mitre,Sunday,2020-10-25,Laboral,2020,10,October,25,Afternoon,15:00:00,Unknown,Autobús articulat,Male,58,Driver,Unknown,Unknown,Regular line bus,Unknown,428782.88,4584341.58,2.14683402,41.405617877
2020S005026    ,Sant Andreu,el Congrés i els Indians,Riera d'Horta,Sunday,2020-10-25,Laboral,2020,10,October,25,Afternoon,21:00:00,Unknown,Car,Male,24,Driver,Unknown,Unknown,Leisure and entertainment,Uninjured,431624.93,4586763.91,2.18055893,41.427681914
2020S005026    ,Sant Andreu,el Congrés i els Indians,Riera d'Horta,Sunday,2020-10-25,Laboral,2020,10,October,25,Afternoon,21:00:00,Unknown,Car,Male,25,Driver,Unknown,Unknown,Leisure and entertainment,Uninjured,431624.93,4586763.91,2.18055893,41.427681914
2020S005027    ,Sant Martí,el Poblenou,Taulat,Monday,2020-10-26,Laboral,2020,10,October,26,Morning,07:00:00,Unknown,Taxi,Male,35,Passenger,Unknown,Unknown,Unknown,Uninjured,433610.61,4583531.19,2.20467637,41.398732328
2020S005027    ,Sant Martí,el Poblenou,Taulat,Monday,2020-10-26,Laboral,2020,10,October,26,Morning,07:00:00,Unknown,Motorcycle,Male,58,Driver,Unknown,Unknown,In transit (commuting),Minor injury: Hospitalization up to 24 hours,433610.61,4583531.19,2.20467637,41.398732328
2020S005027    ,Sant Martí,el Poblenou,Taulat,Monday,2020-10-26,Laboral,2020,10,October,26,Morning,07:00:00,Unknown,Taxi,Male,50,Driver,Unknown,Unknown,Taxi,Uninjured,433610.61,4583531.19,2.20467637,41.398732328
2020S005028    ,Eixample,la Dreta de l'Eixample,Bailčn,Monday,2020-10-26,Laboral,2020,10,October,26,Morning,08:00:00,Unknown,Car,Male,82,Driver,Unknown,Unknown,Leisure and entertainment,Uninjured,430530.4,4583608.28,2.1678234,41.399166285
2020S005028    ,Eixample,la Dreta de l'Eixample,Bailčn,Monday,2020-10-26,Laboral,2020,10,October,26,Morning,08:00:00,Unknown,Veh. mobilitat personal amb motor,Female,46,Driver,Unknown,Unknown,In transit (commuting),Minor injury: Hospitalization up to 24 hours,430530.4,4583608.28,2.1678234,41.399166285
2020S005029    ,Eixample,l'Antiga Esquerra de l'Eixample,Muntaner,Monday,2020-10-26,Laboral,2020,10,October,26,Morning,08:00:00,Unknown,Motorcycle,Female,24,Driver,Unknown,Unknown,In transit (commuting),Minor injury: Medical assistance at accident site,429645.37,4582373.84,2.15738053,41.387971111
2020S005029    ,Eixample,l'Antiga Esquerra de l'Eixample,Muntaner,Monday,2020-10-26,Laboral,2020,10,October,26,Morning,08:00:00,Unknown,Car,Male,54,Driver,Unknown,Unknown,In transit (commuting),Uninjured,429645.37,4582373.84,2.15738053,41.387971111
2020S005030    ,Eixample,l'Antiga Esquerra de l'Eixample,Valčncia,Monday,2020-10-26,Laboral,2020,10,October,26,Morning,09:00:00,Unknown,Veh. mobilitat personal amb motor,Male,39,Driver,Unknown,Unknown,Unknown,Minor injury: Hospitalization up to 24 hours,429746.77,4582517.77,2.15857652,41.389276308
2020S005030    ,Eixample,l'Antiga Esquerra de l'Eixample,Valčncia,Monday,2020-10-26,Laboral,2020,10,October,26,Morning,09:00:00,Unknown,Car,Female,51,Driver,Unknown,Unknown,Unknown,Uninjured,429746.77,4582517.77,2.15857652,41.389276308
2020S005031    ,Sant Martí,el Besňs i el Maresme,Maresme,Monday,2020-10-26,Laboral,2020,10,October,26,Morning,08:00:00,Unknown,Car,Female,6,Pedestrian,In an unregulated crossing,Student heading to educational center,Unknown,Minor injury: Hospitalization up to 24 hours,434485.87,4585121.99,2.21497363,41.413132129
2020S005031    ,Sant Martí,el Besňs i el Maresme,Maresme,Monday,2020-10-26,Laboral,2020,10,October,26,Morning,08:00:00,Unknown,Car,Female,45,Driver,In an unregulated crossing,Unknown,In transit (commuting),Uninjured,434485.87,4585121.99,2.21497363,41.413132129
2020S005031    ,Sant Martí,el Besňs i el Maresme,Maresme,Monday,2020-10-26,Laboral,2020,10,October,26,Morning,08:00:00,Unknown,Car,Male,51,Pedestrian,In an unregulated crossing,Other activities,Unknown,Uninjured,434485.87,4585121.99,2.21497363,41.413132129
2020S005032    ,Sarriŕ-Sant Gervasi,Sant Gervasi - la Bonanova,Balmes,Monday,2020-10-26,Laboral,2020,10,October,26,Morning,10:00:00,Unknown,Motorcycle,Female,49,Driver,Unknown,Unknown,In transit (commuting),Minor injury: Medical assistance at accident site,428025.85,4584633.84,2.13774312,41.408182685
2020S005032    ,Sarriŕ-Sant Gervasi,Sant Gervasi - la Bonanova,Balmes,Monday,2020-10-26,Laboral,2020,10,October,26,Morning,10:00:00,Unknown,Motorcycle,Male,31,Driver,Unknown,Unknown,Leisure and entertainment,Minor injury: Medical assistance at accident site,428025.85,4584633.84,2.13774312,41.408182685
2020S005033    ,Sants-Montjuďc,la Bordeta,Mig (Descendent),Monday,2020-10-26,Laboral,2020,10,October,26,Morning,08:00:00,Unknown,Motorcycle,Female,26,Driver,Unknown,Unknown,In transit (commuting),Minor injury: Hospitalization up to 24 hours,427568.64,4580280.13,2.1327943,41.36892943
2020S005033    ,Sants-Montjuďc,la Bordeta,Mig (Descendent),Monday,2020-10-26,Laboral,2020,10,October,26,Morning,08:00:00,Unknown,Car,Male,60,Driver,Unknown,Unknown,In transit (commuting),Uninjured,427568.64,4580280.13,2.1327943,41.36892943
2020S005034    ,Eixample,la Sagrada Família,Sardenya,Monday,2020-10-26,Laboral,2020,10,October,26,Morning,11:00:00,Unknown,Car,Female,52,Pedestrian,In an unregulated crossing,On a mission,Unknown,Minor injury: Hospitalization up to 24 hours,431177.38,4583869.98,2.17553257,41.401579005
2020S005034    ,Eixample,la Sagrada Família,Sardenya,Monday,2020-10-26,Laboral,2020,10,October,26,Morning,11:00:00,Unknown,Car,Male,34,Driver,In an unregulated crossing,Unknown,On a mission,Uninjured,431177.38,4583869.98,2.17553257,41.401579005
2020S005035    ,Sant Andreu,Navas,Felip II,Monday,2020-10-26,Laboral,2020,10,October,26,Morning,11:00:00,Unknown,Motorcycle,Male,59,Driver,Unknown,Unknown,Unknown,Minor injury: Hospitalization up to 24 hours,432292.56,4585774.28,2.18865926,41.418825214
2020S005035    ,Sant Andreu,Navas,Felip II,Monday,2020-10-26,Laboral,2020,10,October,26,Morning,11:00:00,Unknown,Car,Male,40,Driver,Unknown,Unknown,Unknown,Uninjured,432292.56,4585774.28,2.18865926,41.418825214
2020S005036    ,Eixample,la Sagrada Família,Valčncia,Monday,2020-10-26,Laboral,2020,10,October,26,Morning,11:00:00,Unknown,Veh. mobilitat personal amb motor,Female,19,Driver,Unknown,Unknown,Unknown,Minor injury: Medical assistance at accident site,431489.64,4584191.95,2.17923139,41.404505574
2020S005036    ,Eixample,la Sagrada Família,Valčncia,Monday,2020-10-26,Laboral,2020,10,October,26,Morning,11:00:00,Unknown,Car,Male,44,Driver,Unknown,Unknown,Other activities,Uninjured,431489.64,4584191.95,2.17923139,41.404505574
2020S005037    ,Eixample,la Dreta de l'Eixample,Diputació,Monday,2020-10-26,Laboral,2020,10,October,26,Morning,08:00:00,Unknown,Bicicleta,Female,59,Driver,Unknown,Unknown,Unknown,Minor injury: Hospitalization up to 24 hours,431088.59,4583269.02,2.1745389,41.396158734
2020S005037    ,Eixample,la Dreta de l'Eixample,Diputació,Monday,2020-10-26,Laboral,2020,10,October,26,Morning,08:00:00,Unknown,Car,Male,46,Driver,Unknown,Unknown,Unknown,Uninjured,431088.59,4583269.02,2.1745389,41.396158734
2020S005038    ,Horta-Guinardó,el Carmel,Pantŕ de Tremp,Monday,2020-10-26,Laboral,2020,10,October,26,Morning,12:00:00,Unknown,"Camió rígid > 3,5 tones",Male,31,Driver,Unknown,Unknown,On a mission,Unknown,429277.9,4586597.56,2.15249192,41.425980344
2020S005039    ,Sant Andreu,el Bon Pastor,Flix,Monday,2020-10-26,Laboral,2020,10,October,26,Afternoon,15:00:00,Unknown,Tot terreny,Male,53,Driver,Unknown,Unknown,Unknown,Uninjured,433531.91,4587402.7,2.20330934,41.433595462
2020S005039    ,Sant Andreu,el Bon Pastor,Flix,Monday,2020-10-26,Laboral,2020,10,October,26,Afternoon,15:00:00,Unknown,Car,Female,23,Driver,Unknown,Unknown,Unknown,Uninjured,433531.91,4587402.7,2.20330934,41.433595462
2020S005039    ,Sant Andreu,el Bon Pastor,Flix,Monday,2020-10-26,Laboral,2020,10,October,26,Afternoon,15:00:00,Unknown,Car,Male,34,Driver,Unknown,Unknown,Unknown,Minor injury: Hospitalization up to 24 hours,433531.91,4587402.7,2.20330934,41.433595462
2020S005040    ,Sant Andreu,Sant Andreu,Bartrina,Monday,2020-10-26,Laboral,2020,10,October,26,Afternoon,15:00:00,Unknown,Ciclomotor,Female,37,Driver,Unknown,Unknown,Leisure and entertainment,Minor injury: Hospitalization up to 24 hours,432106.38,4588076.52,2.18617285,41.439545011
2020S005040    ,Sant Andreu,Sant Andreu,Bartrina,Monday,2020-10-26,Laboral,2020,10,October,26,Afternoon,15:00:00,Unknown,Car,Female,35,Driver,Unknown,Unknown,Leisure and entertainment,Uninjured,432106.38,4588076.52,2.18617285,41.439545011
2020S005041    ,Les Corts,les Corts,Carles III,Monday,2020-10-26,Laboral,2020,10,October,26,Morning,12:00:00,Unknown,Car,Male,51,Driver,Unknown,Unknown,Taxi,Uninjured,427197.07,4582531.78,2.1280812,41.389175632
2020S005041    ,Les Corts,les Corts,Carles III,Monday,2020-10-26,Laboral,2020,10,October,26,Morning,12:00:00,Unknown,Motorcycle,Female,33,Driver,Unknown,Unknown,Unknown,Minor injury: Medical assistance at accident site,427197.07,4582531.78,2.1280812,41.389175632
2020S005042    ,Sant Martí,el Poblenou,Pallars,Monday,2020-10-26,Laboral,2020,10,October,26,Morning,13:00:00,Unknown,Car,Male,52,Driver,Unknown,Unknown,Unknown,Uninjured,433557.09,4584344.15,2.2039469,41.406050033
2020S005042    ,Sant Martí,el Poblenou,Pallars,Monday,2020-10-26,Laboral,2020,10,October,26,Morning,13:00:00,Unknown,Motorcycle,Male,47,Driver,Unknown,Unknown,Unknown,Minor injury: Hospitalization up to 24 hours,433557.09,4584344.15,2.2039469,41.406050033
2020S005043    ,Eixample,el Fort Pienc,Corts Catalanes,Monday,2020-10-26,Laboral,2020,10,October,26,Afternoon,15:00:00,Unknown,Motorcycle,Male,38,Driver,Unknown,Unknown,In transit (commuting),Minor injury: Hospitalization up to 24 hours,432026.74,4583942.62,2.18568453,41.40230555
2020S005044    ,Ciutat Vella,la Barceloneta,Pepe Rubianes,Monday,2020-10-26,Laboral,2020,10,October,26,Afternoon,18:00:00,Creuar per fora pas de vianants,Motorcycle,Male,54,Driver,Outside the crossing,Unknown,On a mission,Minor injury: Hospitalization up to 24 hours,432488.53,4581314.76,2.19150165,41.378676027
2020S005044    ,Ciutat Vella,la Barceloneta,Pepe Rubianes,Monday,2020-10-26,Laboral,2020,10,October,26,Afternoon,18:00:00,Creuar per fora pas de vianants,Motorcycle,Male,45,Pedestrian,Outside the crossing,Unknown,Unknown,Uninjured,432488.53,4581314.76,2.19150165,41.378676027
2020S005044    ,Ciutat Vella,la Barceloneta,Pepe Rubianes,Monday,2020-10-26,Laboral,2020,10,October,26,Afternoon,18:00:00,Creuar per fora pas de vianants,Motorcycle,Female,11,Pedestrian,Outside the crossing,Unknown,Unknown,Minor injury: Hospitalization up to 24 hours,432488.53,4581314.76,2.19150165,41.378676027
2020S005045    ,Sant Martí,el Parc i la Llacuna del Poblenou,Joan d'Ŕustria,Monday,2020-10-26,Laboral,2020,10,October,26,Afternoon,19:00:00,Unknown,Veh. mobilitat personal amb motor,Male,41,Driver,Unknown,Unknown,Leisure and entertainment,Minor injury: Medical assistance at accident site,432417.01,4582982.74,2.19046024,41.393693093
2020S005045    ,Sant Martí,el Parc i la Llacuna del Poblenou,Joan d'Ŕustria,Monday,2020-10-26,Laboral,2020,10,October,26,Afternoon,19:00:00,Unknown,Car,Female,55,Driver,Unknown,Unknown,Leisure and entertainment,Uninjured,432417.01,4582982.74,2.19046024,41.393693093
2020S005046    ,Sants-Montjuďc,la Marina del Prat Vermell,Litoral (Besňs),Monday,2020-10-26,Laboral,2020,10,October,26,Afternoon,21:00:00,Unknown,Car,Male,37,Driver,Unknown,Unknown,Leisure and entertainment,Uninjured,429595.67,4578423.7,2.15724507,41.35238905
2020S005046    ,Sants-Montjuďc,la Marina del Prat Vermell,Litoral (Besňs),Monday,2020-10-26,Laboral,2020,10,October,26,Afternoon,21:00:00,Unknown,Motorcycle,Male,56,Driver,Unknown,Unknown,Leisure and entertainment,Minor injury: Medical assistance at accident site,429595.67,4578423.7,2.15724507,41.35238905
2020S005047    ,Sant Andreu,Navas,Josep Estivill,Monday,2020-10-26,Laboral,2020,10,October,26,Afternoon,21:00:00,Unknown,Bicicleta,Female,53,Driver,Unknown,Unknown,Unknown,Minor injury: Hospitalization up to 24 hours,432292.56,4585761.24,2.18866072,41.418707766
2020S005047    ,Sant Andreu,Navas,Josep Estivill,Monday,2020-10-26,Laboral,2020,10,October,26,Afternoon,21:00:00,Unknown,Veh. mobilitat personal amb motor,Male,23,Driver,Unknown,Unknown,Unknown,Uninjured,432292.56,4585761.24,2.18866072,41.418707766
2020S005048    ,Sants-Montjuďc,Hostafrancs,Corts Catalanes,Tuesday,2020-10-27,Laboral,2020,10,October,27,Night,05:00:00,Unknown,Car,Male,37,Driver,Unknown,Unknown,"Firefighters, police, ambulance",Uninjured,428460.88,4580510.08,2.14343476,41.371080349
2020S005048    ,Sants-Montjuďc,Hostafrancs,Corts Catalanes,Tuesday,2020-10-27,Laboral,2020,10,October,27,Night,05:00:00,Unknown,Ciclomotor,Female,26,Driver,Unknown,Unknown,Unknown,Minor injury: Hospitalization up to 24 hours,428460.88,4580510.08,2.14343476,41.371080349
2020S005049    ,Sant Andreu,Sant Andreu,Santa Coloma,Tuesday,2020-10-27,Laboral,2020,10,October,27,Morning,06:00:00,Unknown,Veh. mobilitat personal amb motor,Male,38,Driver,Unknown,Unknown,In transit (commuting),Minor injury: Hospitalization up to 24 hours,432879.34,4588875.42,2.19533567,41.446805463
2020S005049    ,Sant Andreu,Sant Andreu,Santa Coloma,Tuesday,2020-10-27,Laboral,2020,10,October,27,Morning,06:00:00,Unknown,Car,Female,46,Driver,Unknown,Unknown,In transit (commuting),Uninjured,432879.34,4588875.42,2.19533567,41.446805463
2020S005050    ,Nou Barris,les Roquetes,Dalt (Besňs),Tuesday,2020-10-27,Laboral,2020,10,October,27,Morning,07:00:00,Unknown,Car,Male,48,Driver,Unknown,Unknown,In transit (commuting),Uninjured,431331.66,4588754.38,2.17682309,41.445584325
2020S005050    ,Nou Barris,les Roquetes,Dalt (Besňs),Tuesday,2020-10-27,Laboral,2020,10,October,27,Morning,07:00:00,Unknown,Car,Female,52,Driver,Unknown,Unknown,In transit (commuting),Minor injury: Hospitalization up to 24 hours,431331.66,4588754.38,2.17682309,41.445584325
2020S005051    ,Les Corts,Pedralbes,Alcalde Baró de Viver,Tuesday,2020-10-27,Laboral,2020,10,October,27,Morning,09:00:00,Unknown,Car,Male,61,Driver,Unknown,Unknown,Unknown,Uninjured,425090.17,4581801.52,2.10297387,41.382404957
2020S005051    ,Les Corts,Pedralbes,Alcalde Baró de Viver,Tuesday,2020-10-27,Laboral,2020,10,October,27,Morning,09:00:00,Unknown,Ciclomotor,Male,50,Driver,Unknown,Unknown,In transit (commuting),Minor injury: Hospitalization up to 24 hours,425090.17,4581801.52,2.10297387,41.382404957
2020S005052    ,Les Corts,les Corts,Corts,Tuesday,2020-10-27,Laboral,2020,10,October,27,Morning,08:00:00,Unknown,Motorcycle,Male,49,Driver,Unknown,Unknown,Unknown,Minor injury: Hospitalization up to 24 hours,428062.79,4582464.31,2.13844294,41.388645889
2020S005052    ,Les Corts,les Corts,Corts,Tuesday,2020-10-27,Laboral,2020,10,October,27,Morning,08:00:00,Unknown,Car,Female,49,Driver,Unknown,Unknown,Unknown,Uninjured,428062.79,4582464.31,2.13844294,41.388645889
2020S005053    ,Sant Martí,el Camp de l'Arpa del Clot,Ripollčs,Tuesday,2020-10-27,Laboral,2020,10,October,27,Morning,07:00:00,Unknown,Car,Male,60,Driver,Unknown,Unknown,Unknown,Uninjured,432060.11,4585373.89,2.18592293,41.415199394
2020S005053    ,Sant Martí,el Camp de l'Arpa del Clot,Ripollčs,Tuesday,2020-10-27,Laboral,2020,10,October,27,Morning,07:00:00,Unknown,Motorcycle,Male,36,Driver,Unknown,Unknown,Unknown,Minor injury: Medical assistance at accident site,432060.11,4585373.89,2.18592293,41.415199394
2020S005054    ,Ciutat Vella,el Barri Gňtic,Litoral (Llobregat),Tuesday,2020-10-27,Laboral,2020,10,October,27,Morning,09:00:00,Unknown,Furgoneta,Male,60,Driver,Unknown,Unknown,Professional goods transport,Uninjured,431465.38,4581159.78,2.17928446,41.377193618
2020S005054    ,Ciutat Vella,el Barri Gňtic,Litoral (Llobregat),Tuesday,2020-10-27,Laboral,2020,10,October,27,Morning,09:00:00,Unknown,Furgoneta,Male,24,Driver,Unknown,Unknown,Professional goods transport,Minor injury: Hospitalization up to 24 hours,431465.38,4581159.78,2.17928446,41.377193618
2020S005054    ,Ciutat Vella,el Barri Gňtic,Litoral (Llobregat),Tuesday,2020-10-27,Laboral,2020,10,October,27,Morning,09:00:00,Unknown,"Camió rígid <= 3,5 tones",Male,34,Driver,Unknown,Unknown,Professional goods transport,Uninjured,431465.38,4581159.78,2.17928446,41.377193618
2020S005054    ,Ciutat Vella,el Barri Gňtic,Litoral (Llobregat),Tuesday,2020-10-27,Laboral,2020,10,October,27,Morning,09:00:00,Unknown,Car,Male,38,Driver,Unknown,Unknown,Leisure and entertainment,Minor injury: Hospitalization up to 24 hours,431465.38,4581159.78,2.17928446,41.377193618
2020S005054    ,Ciutat Vella,el Barri Gňtic,Litoral (Llobregat),Tuesday,2020-10-27,Laboral,2020,10,October,27,Morning,09:00:00,Unknown,Furgoneta,Male,30,Driver,Unknown,Unknown,Professional goods transport,Minor injury: Hospitalization up to 24 hours,431465.38,4581159.78,2.17928446,41.377193618
2020S005055    ,Sants-Montjuďc,el Poble-sec,Olivera,Tuesday,2020-10-27,Laboral,2020,10,October,27,Morning,12:00:00,Unknown,Furgoneta,Male,34,Driver,Unknown,Unknown,Other activities,Uninjured,429494.59,4580787.39,2.15576195,41.37366926
2020S005056    ,Sarriŕ-Sant Gervasi,Sant Gervasi - Galvany,Diagonal,Tuesday,2020-10-27,Laboral,2020,10,October,27,Morning,12:00:00,Unknown,Bicicleta,Female,20,Driver,Unknown,Unknown,In transit (commuting),Minor injury: Hospitalization up to 24 hours,428896.6,4583045.38,2.14834674,41.393953557
2020S005057    ,Eixample,l'Antiga Esquerra de l'Eixample,Corts Catalanes,Tuesday,2020-10-27,Laboral,2020,10,October,27,Morning,13:00:00,Unknown,Car,Male,29,Driver,Unknown,Unknown,Unknown,Uninjured,429984.72,4582002.04,2.16148199,41.384652052
2020S005057    ,Eixample,l'Antiga Esquerra de l'Eixample,Corts Catalanes,Tuesday,2020-10-27,Laboral,2020,10,October,27,Morning,13:00:00,Unknown,Motorcycle,Male,58,Driver,Unknown,Unknown,Unknown,Minor injury: Medical assistance at accident site,429984.72,4582002.04,2.16148199,41.384652052
2020S005058    ,Eixample,la Dreta de l'Eixample,Aragó,Tuesday,2020-10-27,Laboral,2020,10,October,27,Morning,12:00:00,Unknown,Furgoneta,Male,59,Driver,Unknown,Unknown,Unknown,Uninjured,430470.43,4583048.06,2.16717043,41.394115378
2020S005058    ,Eixample,la Dreta de l'Eixample,Aragó,Tuesday,2020-10-27,Laboral,2020,10,October,27,Morning,12:00:00,Unknown,Motorcycle,Male,21,Driver,Unknown,Unknown,Unknown,Minor injury: Medical assistance at accident site,430470.43,4583048.06,2.16717043,41.394115378
2020S005059    ,Les Corts,la Maternitat i Sant Ramon,Carles III,Tuesday,2020-10-27,Laboral,2020,10,October,27,Morning,09:00:00,Unknown,Car,Female,41,Driver,Unknown,Unknown,Other activities,Uninjured,427163.85,4581781.7,2.12777412,41.382416951
2020S005059    ,Les Corts,la Maternitat i Sant Ramon,Carles III,Tuesday,2020-10-27,Laboral,2020,10,October,27,Morning,09:00:00,Unknown,Motorcycle,Female,48,Driver,Unknown,Unknown,Unknown,Minor injury: Hospitalization up to 24 hours,427163.85,4581781.7,2.12777412,41.382416951
2020S005060    ,Sarriŕ-Sant Gervasi,Sarriŕ,Manuel Girona,Tuesday,2020-10-27,Laboral,2020,10,October,27,Afternoon,14:00:00,Unknown,Motorcycle,Male,31,Driver,Unknown,Unknown,Other activities,Minor injury: Hospitalization up to 24 hours,427289.06,4582900.0,2.12913714,41.392500367
2020S005060    ,Sarriŕ-Sant Gervasi,Sarriŕ,Manuel Girona,Tuesday,2020-10-27,Laboral,2020,10,October,27,Afternoon,14:00:00,Unknown,Car,Male,31,Driver,Unknown,Unknown,Taxi,Uninjured,427289.06,4582900.0,2.12913714,41.392500367
2020S005061    ,Horta-Guinardó,el Carmel,Llobregós,Tuesday,2020-10-27,Laboral,2020,10,October,27,Afternoon,15:00:00,Unknown,Furgoneta,Male,25,Driver,In an unregulated crossing,Unknown,Unknown,Uninjured,429306.71,4586224.02,2.15288037,41.422618555
2020S005061    ,Horta-Guinardó,el Carmel,Llobregós,Tuesday,2020-10-27,Laboral,2020,10,October,27,Afternoon,15:00:00,Unknown,Furgoneta,Female,51,Pedestrian,In an unregulated crossing,Unknown,Unknown,Minor injury: Hospitalization up to 24 hours,429306.71,4586224.02,2.15288037,41.422618555
2020S005062    ,Eixample,Sant Antoni,Entença,Tuesday,2020-10-27,Laboral,2020,10,October,27,Afternoon,17:00:00,Unknown,Ciclomotor,Male,42,Driver,Unknown,Unknown,On a mission,Minor injury: Hospitalization up to 24 hours,429393.67,4581137.55,2.15451445,41.376814188
2020S005062    ,Eixample,Sant Antoni,Entença,Tuesday,2020-10-27,Laboral,2020,10,October,27,Afternoon,17:00:00,Unknown,Car,Male,27,Driver,Unknown,Unknown,Leisure and entertainment,Uninjured,429393.67,4581137.55,2.15451445,41.376814188
2020S005063    ,Sant Martí,el Poblenou,Bilbao,Tuesday,2020-10-27,Laboral,2020,10,October,27,Afternoon,17:00:00,Unknown,Car,Male,62,Driver,Unknown,Unknown,Taxi,Uninjured,433194.91,4584296.39,2.19961943,41.405589837
2020S005063    ,Sant Martí,el Poblenou,Bilbao,Tuesday,2020-10-27,Laboral,2020,10,October,27,Afternoon,17:00:00,Unknown,Veh. mobilitat personal amb motor,Male,26,Driver,Unknown,Unknown,Leisure and entertainment,Minor injury: Hospitalization up to 24 hours,433194.91,4584296.39,2.19961943,41.405589837
2020S005064    ,Sant Martí,Provençals del Poblenou,Corts Catalanes,Tuesday,2020-10-27,Laboral,2020,10,October,27,Afternoon,16:00:00,Unknown,Car,Male,46,Driver,Unknown,Unknown,Unknown,Uninjured,433781.97,4585607.92,2.20649874,41.41745105
2020S005064    ,Sant Martí,Provençals del Poblenou,Corts Catalanes,Tuesday,2020-10-27,Laboral,2020,10,October,27,Afternoon,16:00:00,Unknown,Motorcycle,Female,38,Driver,Unknown,Unknown,In transit (commuting),Minor injury: Hospitalization up to 24 hours,433781.97,4585607.92,2.20649874,41.41745105
2020S005064    ,Sant Martí,Provençals del Poblenou,Corts Catalanes,Tuesday,2020-10-27,Laboral,2020,10,October,27,Afternoon,16:00:00,Unknown,Furgoneta,Male,22,Driver,Unknown,Unknown,Unknown,Uninjured,433781.97,4585607.92,2.20649874,41.41745105
2020S005065    ,Sarriŕ-Sant Gervasi,Sant Gervasi - la Bonanova,Isaac Newton,Tuesday,2020-10-27,Laboral,2020,10,October,27,Afternoon,18:00:00,Others,Car,Female,22,Driver,In crossing regulated by traffic lights,Unknown,Leisure and entertainment,Uninjured,427531.97,4585289.35,2.1317562,41.414042186
2020S005065    ,Sarriŕ-Sant Gervasi,Sant Gervasi - la Bonanova,Isaac Newton,Tuesday,2020-10-27,Laboral,2020,10,October,27,Afternoon,18:00:00,Others,Car,Female,19,Pedestrian,In crossing regulated by traffic lights,On a mission,Unknown,Serious injury: Hospitalization over 24 hours,427531.97,4585289.35,2.1317562,41.414042186
2020S005066    ,Sarriŕ-Sant Gervasi,les Tres Torres,Milanesat,Tuesday,2020-10-27,Laboral,2020,10,October,27,Afternoon,18:00:00,Unknown,Bicicleta,Female,47,Driver,Unknown,Unknown,Unknown,Minor injury: Medical assistance at accident site,427334.43,4583470.07,2.12961133,41.397638858
2020S005066    ,Sarriŕ-Sant Gervasi,les Tres Torres,Milanesat,Tuesday,2020-10-27,Laboral,2020,10,October,27,Afternoon,18:00:00,Unknown,Car,Female,43,Driver,Unknown,Unknown,Unknown,Uninjured,427334.43,4583470.07,2.12961133,41.397638858
2020S005067    ,Sants-Montjuďc,la Marina de Port,Mineria,Tuesday,2020-10-27,Laboral,2020,10,October,27,Afternoon,18:00:00,Unknown,Veh. mobilitat personal sense motor,Female,20,Driver,Unknown,Unknown,In transit (commuting),Minor injury: Medical assistance at accident site,427899.85,4579692.16,2.13682417,41.363663539
2020S005067    ,Sants-Montjuďc,la Marina de Port,Mineria,Tuesday,2020-10-27,Laboral,2020,10,October,27,Afternoon,18:00:00,Unknown,Car,Female,24,Driver,Unknown,Unknown,Leisure and entertainment,Uninjured,427899.85,4579692.16,2.13682417,41.363663539
2020S005068    ,Horta-Guinardó,el Baix Guinardó,Sardenya,Tuesday,2020-10-27,Laboral,2020,10,October,27,Afternoon,20:00:00,Unknown,Motorcycle,Male,25,Driver,Unknown,Unknown,In transit (commuting),Uninjured,430575.61,4584519.49,2.16825962,41.40737716