Case_Number,District_Name,Neighborhood_Name,Street_Name,Day_of_Week,Date,Day_Type_Description,Year,Month_of_Year,Month_Name,Day_of_Month,Shift_Description,Hour_of_Day,Pedestrian_Cause_Description,Involved_Vehicle_Type_Description,Gender_Description,Age,Person_Type_Description,Pedestrian_Accident_Location_Description,Pedestrian_Movement_Reason_Description,Driver_Movement_Reason_Description,Victimization_Description,Coordenada_UTM_X,Coordenada_UTM_Y,Longitud,Latitud
2020S005116    ,Sant Martí,el Besňs i el Maresme,Eduard Maristany,Friday,2020-10-30,Laboral,2020,10,October,30,Afternoon,17:00:00,Unknown,Car,Male,44,Driver,Unknown,Unknown,Unknown,Uninjured,434993.37,4585082.98,2.22104972,41.41282201
2020S005116    ,Sant Martí,el Besňs i el Maresme,Eduard Maristany,Friday,2020-10-30,Laboral,2020,10,October,30,Afternoon,17:00:00,Unknown,Bicicleta,Male,10,Driver,Unknown,Unknown,Other activities,Minor injury: Hospitalization up to 24 hours,434993.37,4585082.98,2.22104972,41.41282201
2020S005117    ,Sant Martí,el Camp de l'Arpa del Clot,Meridiana,Friday,2020-10-30,Laboral,2020,10,October,30,Afternoon,17:00:00,Unknown,Car,Male,36,Driver,Unknown,Unknown,Unknown,Uninjured,432112.41,4585138.78,2.18657508,41.413086252
2020S005117    ,Sant Martí,el Camp de l'Arpa del Clot,Meridiana,Friday,2020-10-30,Laboral,2020,10,October,30,Afternoon,17:00:00,Unknown,Motorcycle,Male,34,Driver,Unknown,Unknown,Unknown,Minor injury: Hospitalization up to 24 hours,432112.41,4585138.78,2.18657508,41.413086252
2020S005118    ,Sants-Montjuďc,Sants,Sants,Friday,2020-10-30,Laboral,2020,10,October,30,Morning,12:00:00,Unknown,Car,Male,26,Driver,Unknown,Unknown,Taxi,Uninjured,428085.49,4580974.96,2.13889128,41.375233888
2020S005119    ,Les Corts,les Corts,Diagonal,Friday,2020-10-30,Laboral,2020,10,October,30,Afternoon,18:00:00,Unknown,Tot terreny,Male,53,Driver,Unknown,Unknown,Unknown,Uninjured,428505.87,4582846.36,2.14369688,41.392126398
2020S005119    ,Les Corts,les Corts,Diagonal,Friday,2020-10-30,Laboral,2020,10,October,30,Afternoon,18:00:00,Unknown,Motorcycle,Male,54,Driver,Unknown,Unknown,Leisure and entertainment,Minor injury: Hospitalization up to 24 hours,428505.87,4582846.36,2.14369688,41.392126398
2020S005119    ,Les Corts,les Corts,Diagonal,Friday,2020-10-30,Laboral,2020,10,October,30,Afternoon,18:00:00,Unknown,Motorcycle,Female,55,Passenger,Unknown,Unknown,Unknown,Minor injury: Medical assistance at accident site,428505.87,4582846.36,2.14369688,41.392126398
2020S005120    ,Grŕcia,el Coll,Mare de Déu del Coll,Friday,2020-10-30,Laboral,2020,10,October,30,Afternoon,19:00:00,Unknown,Autobús,Male,52,Driver,Unknown,Unknown,Unknown,Uninjured,428850.45,4585626.16,2.1474912,41.417193573
2020S005120    ,Grŕcia,el Coll,Mare de Déu del Coll,Friday,2020-10-30,Laboral,2020,10,October,30,Afternoon,19:00:00,Unknown,Autobús,Female,61,Passenger,Unknown,Unknown,Unknown,Minor injury: Medical assistance at accident site,428850.45,4585626.16,2.1474912,41.417193573
2020S005121    ,Eixample,l'Antiga Esquerra de l'Eixample,Consell de Cent,Friday,2020-10-30,Laboral,2020,10,October,30,Afternoon,18:00:00,Unknown,Bicicleta,Male,42,Pedestrian,In pedestrian area,Unknown,Unknown,Minor injury: Hospitalization up to 24 hours,429775.0,4582171.12,2.15895436,41.386156611
2020S005121    ,Eixample,l'Antiga Esquerra de l'Eixample,Consell de Cent,Friday,2020-10-30,Laboral,2020,10,October,30,Afternoon,18:00:00,Unknown,Bicicleta,Male,28,Driver,In pedestrian area,Unknown,Unknown,Minor injury: Refused medical assistance,429775.0,4582171.12,2.15895436,41.386156611
2020S005122    ,Horta-Guinardó,el Baix Guinardó,Guinardó,Friday,2020-10-30,Laboral,2020,10,October,30,Afternoon,18:00:00,Unknown,Furgoneta,Male,29,Driver,Unknown,Unknown,Unknown,Uninjured,430352.67,4584998.2,2.16553744,41.411669439
2020S005122    ,Horta-Guinardó,el Baix Guinardó,Guinardó,Friday,2020-10-30,Laboral,2020,10,October,30,Afternoon,18:00:00,Unknown,Motorcycle,Male,45,Driver,Unknown,Unknown,Unknown,Minor injury: Hospitalization up to 24 hours,430352.67,4584998.2,2.16553744,41.411669439
2020S005123    ,Eixample,l'Antiga Esquerra de l'Eixample,Balmes,Friday,2020-10-30,Laboral,2020,10,October,30,Afternoon,21:00:00,Unknown,Motorcycle,Male,37,Driver,Unknown,Unknown,In transit (commuting),Minor injury: Hospitalization up to 24 hours,429988.7,4582602.33,2.16146017,41.390059018
2020S005123    ,Eixample,l'Antiga Esquerra de l'Eixample,Balmes,Friday,2020-10-30,Laboral,2020,10,October,30,Afternoon,21:00:00,Unknown,Car,Male,33,Driver,Unknown,Unknown,Unknown,Uninjured,429988.7,4582602.33,2.16146017,41.390059018
2020S005124    ,Sants-Montjuďc,la Marina del Prat Vermell,Litoral (Besňs),Friday,2020-10-30,Laboral,2020,10,October,30,Night,22:00:00,Unknown,Car,Male,20,Driver,Unknown,Unknown,In transit (commuting),Uninjured,429359.74,4578350.94,2.15443347,41.351713051
2020S005125    ,Les Corts,la Maternitat i Sant Ramon,Collblanc,Friday,2020-10-30,Laboral,2020,10,October,30,Night,22:00:00,Unknown,Maquinŕria d'obres i serveis,Female,37,Pedestrian,On the sidewalk,Unknown,Unknown,Serious injury: Hospitalization over 24 hours,426149.3,4581070.51,2.11572845,41.375919022
2020S005125    ,Les Corts,la Maternitat i Sant Ramon,Collblanc,Friday,2020-10-30,Laboral,2020,10,October,30,Night,22:00:00,Unknown,Maquinŕria d'obres i serveis,Male,57,Driver,On the sidewalk,Unknown,Professional goods transport,Uninjured,426149.3,4581070.51,2.11572845,41.375919022
2020S005126    ,Eixample,el Fort Pienc,Marina,Friday,2020-10-30,Laboral,2020,10,October,30,Afternoon,19:00:00,Unknown,Motorcycle,Male,42,Driver,In crossing regulated by traffic lights,Unknown,Unknown,Uninjured,431455.91,4583756.99,2.17887717,41.400585146
2020S005126    ,Eixample,el Fort Pienc,Marina,Friday,2020-10-30,Laboral,2020,10,October,30,Afternoon,19:00:00,Unknown,Bicicleta,Female,40,Driver,In crossing regulated by traffic lights,Unknown,Unknown,Uninjured,431455.91,4583756.99,2.17887717,41.400585146
2020S005127    ,Horta-Guinardó,el Carmel,Llobregós,Saturday,2020-10-31,Laboral,2020,10,October,31,Morning,09:00:00,Unknown,Car,Male,47,Driver,Unknown,Unknown,Leisure and entertainment,Uninjured,429688.53,4586498.88,2.1574172,41.425127637
2020S005127    ,Horta-Guinardó,el Carmel,Llobregós,Saturday,2020-10-31,Laboral,2020,10,October,31,Morning,09:00:00,Unknown,Motorcycle,Male,36,Driver,Unknown,Unknown,In transit (commuting),Minor injury: Medical assistance at accident site,429688.53,4586498.88,2.1574172,41.425127637
2020S005128    ,Sants-Montjuďc,Sants - Badal,Sant Frederic,Saturday,2020-10-31,Laboral,2020,10,October,31,Morning,12:00:00,Unknown,Veh. mobilitat personal amb motor,Male,18,Driver,Unknown,Unknown,Leisure and entertainment,Minor injury: Hospitalization up to 24 hours,427177.28,4580765.43,2.12805689,41.373265015
2020S005128    ,Sants-Montjuďc,Sants - Badal,Sant Frederic,Saturday,2020-10-31,Laboral,2020,10,October,31,Morning,12:00:00,Unknown,Car,Male,60,Driver,Unknown,Unknown,Leisure and entertainment,Uninjured,427177.28,4580765.43,2.12805689,41.373265015
2020S005129    ,Eixample,el Fort Pienc,Diputació,Saturday,2020-10-31,Laboral,2020,10,October,31,Morning,13:00:00,Creuar per fora pas de vianants,Car,Male,48,Driver,Outside the crossing,Unknown,Leisure and entertainment,Uninjured,431515.89,4583654.22,2.17960627,41.399664641
2020S005129    ,Eixample,el Fort Pienc,Diputació,Saturday,2020-10-31,Laboral,2020,10,October,31,Morning,13:00:00,Creuar per fora pas de vianants,Car,Female,75,Pedestrian,Outside the crossing,Leisure and entertainment,Unknown,Minor injury: Hospitalization up to 24 hours,431515.89,4583654.22,2.17960627,41.399664641
2020S005130    ,Sarriŕ-Sant Gervasi,Sant Gervasi - Galvany,Ganduxer,Saturday,2020-10-31,Laboral,2020,10,October,31,Morning,13:00:00,Unknown,Motorcycle,Male,68,Driver,Unknown,Unknown,In transit (commuting),Minor injury: Hospitalization up to 24 hours,427816.88,4583459.44,2.13538329,41.397586594
2020S005130    ,Sarriŕ-Sant Gervasi,Sant Gervasi - Galvany,Ganduxer,Saturday,2020-10-31,Laboral,2020,10,October,31,Morning,13:00:00,Unknown,Motorcycle,Male,52,Driver,Unknown,Unknown,In transit (commuting),Minor injury: Refused medical assistance,427816.88,4583459.44,2.13538329,41.397586594
2020S005130    ,Sarriŕ-Sant Gervasi,Sant Gervasi - Galvany,Ganduxer,Saturday,2020-10-31,Laboral,2020,10,October,31,Morning,13:00:00,Unknown,Motorcycle,Female,69,Passenger,Unknown,Unknown,Unknown,Minor injury: Hospitalization up to 24 hours,427816.88,4583459.44,2.13538329,41.397586594
2020S005131    ,Sants-Montjuďc,Hostafrancs,Corts Catalanes,Saturday,2020-10-31,Laboral,2020,10,October,31,Morning,13:00:00,Unknown,Autobús,Male,41,Driver,Unknown,Unknown,Urban bus,Uninjured,428831.97,4580872.86,2.14782904,41.374380705
2020S005131    ,Sants-Montjuďc,Hostafrancs,Corts Catalanes,Saturday,2020-10-31,Laboral,2020,10,October,31,Morning,13:00:00,Unknown,Motorcycle,Male,35,Driver,Unknown,Unknown,On a mission,Minor injury: Hospitalization up to 24 hours,428831.97,4580872.86,2.14782904,41.374380705
2020S005132    ,Horta-Guinardó,el Baix Guinardó,Guinardó,Saturday,2020-10-31,Laboral,2020,10,October,31,Afternoon,15:00:00,Unknown,Motorcycle,Male,29,Driver,Unknown,Unknown,On a mission,Minor injury: Hospitalization up to 24 hours,430793.86,4585211.76,2.17079135,41.413631033
2020S005132    ,Horta-Guinardó,el Baix Guinardó,Guinardó,Saturday,2020-10-31,Laboral,2020,10,October,31,Afternoon,15:00:00,Unknown,Motorcycle,Male,34,Driver,Unknown,Unknown,Unknown,Minor injury: Refused medical assistance,430793.86,4585211.76,2.17079135,41.413631033
2020S005133    ,Horta-Guinardó,el Carmel,Dante Alighieri,Saturday,2020-10-31,Laboral,2020,10,October,31,Morning,13:00:00,Creuar per fora pas de vianants,Car,Female,6,Pedestrian,Outside the crossing,Unknown,Unknown,Minor injury: Hospitalization up to 24 hours,429506.01,4586695.62,2.15521016,41.426883592
2020S005133    ,Horta-Guinardó,el Carmel,Dante Alighieri,Saturday,2020-10-31,Laboral,2020,10,October,31,Morning,13:00:00,Creuar per fora pas de vianants,Car,Female,47,Pedestrian,Outside the crossing,Unknown,Unknown,Uninjured,429506.01,4586695.62,2.15521016,41.426883592
2020S005133    ,Horta-Guinardó,el Carmel,Dante Alighieri,Saturday,2020-10-31,Laboral,2020,10,October,31,Morning,13:00:00,Creuar per fora pas de vianants,Car,Female,31,Driver,Outside the crossing,Unknown,Leisure and entertainment,Uninjured,429506.01,4586695.62,2.15521016,41.426883592
2020S005134    ,Sant Martí,la Vila Olímpica del Poblenou,Llull,Saturday,2020-10-31,Laboral,2020,10,October,31,Morning,12:00:00,Creuar per fora pas de vianants,Autobús articulat,Female,68,Passenger,Outside the crossing,Unknown,Unknown,Minor injury: Hospitalization up to 24 hours,432438.64,4582852.26,2.19073352,41.392519712
2020S005134    ,Sant Martí,la Vila Olímpica del Poblenou,Llull,Saturday,2020-10-31,Laboral,2020,10,October,31,Morning,12:00:00,Creuar per fora pas de vianants,Autobús articulat,Male,21,Pedestrian,Outside the crossing,Leisure and entertainment,Unknown,Uninjured,432438.64,4582852.26,2.19073352,41.392519712
2020S005134    ,Sant Martí,la Vila Olímpica del Poblenou,Llull,Saturday,2020-10-31,Laboral,2020,10,October,31,Morning,12:00:00,Creuar per fora pas de vianants,Autobús articulat,Female,47,Driver,Outside the crossing,Unknown,Urban bus,Uninjured,432438.64,4582852.26,2.19073352,41.392519712
2020S005135    ,Sant Andreu,el Congrés i els Indians,Ramon Albó,Saturday,2020-10-31,Laboral,2020,10,October,31,Afternoon,20:00:00,Unknown,Motorcycle,Female,35,Driver,Unknown,Unknown,Unknown,Minor injury: Medical assistance at accident site,431357.23,4586724.67,2.17735986,41.427305649
2020S005135    ,Sant Andreu,el Congrés i els Indians,Ramon Albó,Saturday,2020-10-31,Laboral,2020,10,October,31,Afternoon,20:00:00,Unknown,Car,Male,26,Driver,Unknown,Unknown,Unknown,Uninjured,431357.23,4586724.67,2.17735986,41.427305649
2020S005136    ,Les Corts,la Maternitat i Sant Ramon,Carles III,Saturday,2020-10-31,Laboral,2020,10,October,31,Afternoon,21:00:00,Unknown,Motorcycle,Male,25,Driver,On the sidewalk,Unknown,Other activities,Uninjured,427176.29,4581730.49,2.12792904,41.381956849
2020S005136    ,Les Corts,la Maternitat i Sant Ramon,Carles III,Saturday,2020-10-31,Laboral,2020,10,October,31,Afternoon,21:00:00,Unknown,Motorcycle,Female,52,Pedestrian,On the sidewalk,Unknown,Unknown,Minor injury: Hospitalization up to 24 hours,427176.29,4581730.49,2.12792904,41.381956849
2020S005137    ,Sarriŕ-Sant Gervasi,les Tres Torres,Alt de Gironella,Saturday,2020-10-31,Laboral,2020,10,October,31,Afternoon,21:00:00,Unknown,Car,Female,22,Driver,Unknown,Unknown,Unknown,Minor injury: Hospitalization up to 24 hours,427605.92,4583365.78,2.13287116,41.396724061
2020S005138    ,Sants-Montjuďc,Sants,Sants,Sunday,2020-11-01,Laboral,2020,11,November,1,Night,02:00:00,Unknown,Car,Male,49,Driver,Unknown,Unknown,Taxi,Minor injury: Hospitalization up to 24 hours,428214.19,4580970.48,2.14043069,41.375205036
2020S005138    ,Sants-Montjuďc,Sants,Sants,Sunday,2020-11-01,Laboral,2020,11,November,1,Night,02:00:00,Unknown,Autobús,Female,46,Driver,Unknown,Unknown,Urban bus,Uninjured,428214.19,4580970.48,2.14043069,41.375205036
2020S005139    ,Eixample,Sant Antoni,Universitat,Friday,2020-10-30,Laboral,2020,10,October,30,Afternoon,15:00:00,Unknown,Car,Male,31,Driver,Unknown,Unknown,Unknown,Uninjured,430148.16,4582056.26,2.1634303,41.385154611
2020S005139    ,Eixample,Sant Antoni,Universitat,Friday,2020-10-30,Laboral,2020,10,October,30,Afternoon,15:00:00,Unknown,Ciclomotor,Female,20,Driver,Unknown,Unknown,Unknown,Minor injury: Medical assistance at accident site,430148.16,4582056.26,2.1634303,41.385154611
2020S005139    ,Eixample,Sant Antoni,Universitat,Friday,2020-10-30,Laboral,2020,10,October,30,Afternoon,15:00:00,Unknown,Ciclomotor,Female,22,Passenger,Unknown,Unknown,Unknown,Minor injury: Refused medical assistance,430148.16,4582056.26,2.1634303,41.385154611
2020S005140    ,Grŕcia,Vallcarca i els Penitents,Lesseps,Sunday,2020-11-01,Laboral,2020,11,November,1,Morning,11:00:00,Unknown,Autobús articulat,Male,72,Passenger,Unknown,Unknown,Unknown,Minor injury: Medical assistance at accident site,429081.55,4584590.76,2.15037771,41.407888565
2020S005140    ,Grŕcia,Vallcarca i els Penitents,Lesseps,Sunday,2020-11-01,Laboral,2020,11,November,1,Morning,11:00:00,Unknown,Autobús articulat,Female,42,Driver,Unknown,Unknown,On a mission,Uninjured,429081.55,4584590.76,2.15037771,41.407888565
2020S005140    ,Grŕcia,Vallcarca i els Penitents,Lesseps,Sunday,2020-11-01,Laboral,2020,11,November,1,Morning,11:00:00,Unknown,Tot terreny,Female,27,Driver,Unknown,Unknown,Leisure and entertainment,Uninjured,429081.55,4584590.76,2.15037771,41.407888565
2020S005141    ,Les Corts,la Maternitat i Sant Ramon,Diagonal,Sunday,2020-11-01,Laboral,2020,11,November,1,Morning,10:00:00,Unknown,Bicicleta,Female,44,Driver,Unknown,Unknown,Unknown,Minor injury: Hospitalization up to 24 hours,426498.51,4582192.32,2.11976788,41.386054694
2020S005141    ,Les Corts,la Maternitat i Sant Ramon,Diagonal,Sunday,2020-11-01,Laboral,2020,11,November,1,Morning,10:00:00,Unknown,Bicicleta,Male,51,Driver,Unknown,Unknown,Unknown,Minor injury: Hospitalization up to 24 hours,426498.51,4582192.32,2.11976788,41.386054694
2020S005142    ,Eixample,la Sagrada Família,Lepant,Sunday,2020-11-01,Laboral,2020,11,November,1,Morning,11:00:00,Unknown,Car,Male,29,Driver,Unknown,Unknown,Leisure and entertainment,Uninjured,431058.97,4584394.06,2.17405642,41.406289076
2020S005142    ,Eixample,la Sagrada Família,Lepant,Sunday,2020-11-01,Laboral,2020,11,November,1,Morning,11:00:00,Unknown,Motorcycle,Female,50,Driver,Unknown,Unknown,Leisure and entertainment,Minor injury: Medical assistance at accident site,431058.97,4584394.06,2.17405642,41.406289076
2020S005143    ,Ciutat Vella,la Barceloneta,Joan Borbó Comte Barcelona,Sunday,2020-11-01,Laboral,2020,11,November,1,Afternoon,15:00:00,Unknown,Bicicleta,Female,31,Driver,Unknown,Unknown,Leisure and entertainment,Minor injury: Hospitalization up to 24 hours,432111.31,4581656.64,2.18695256,41.381723497
2020S005143    ,Ciutat Vella,la Barceloneta,Joan Borbó Comte Barcelona,Sunday,2020-11-01,Laboral,2020,11,November,1,Afternoon,15:00:00,Unknown,Veh. mobilitat personal amb motor,Male,26,Driver,Unknown,Unknown,Leisure and entertainment,Uninjured,432111.31,4581656.64,2.18695256,41.381723497
2020S005144    ,Sarriŕ-Sant Gervasi,Sant Gervasi - Galvany,Diagonal,Sunday,2020-11-01,Laboral,2020,11,November,1,Afternoon,19:00:00,Unknown,Motorcycle,Male,67,Driver,Unknown,Unknown,Unknown,Minor injury: Hospitalization up to 24 hours,429432.55,4583220.03,2.15473666,41.395573801
2020S005144    ,Sarriŕ-Sant Gervasi,Sant Gervasi - Galvany,Diagonal,Sunday,2020-11-01,Laboral,2020,11,November,1,Afternoon,19:00:00,Unknown,Motorcycle,Female,18,Driver,Unknown,Unknown,Unknown,Minor injury: Hospitalization up to 24 hours,429432.55,4583220.03,2.15473666,41.395573801
2020S005145    ,Sarriŕ-Sant Gervasi,Sant Gervasi - Galvany,Balmes,Monday,2020-11-02,Laboral,2020,11,November,2,Morning,08:00:00,Unknown,Car,Male,65,Driver,Unknown,Unknown,Other activities,Uninjured,428713.15,4583933.36,2.14604796,41.401935012
2020S005145    ,Sarriŕ-Sant Gervasi,Sant Gervasi - Galvany,Balmes,Monday,2020-11-02,Laboral,2020,11,November,2,Morning,08:00:00,Unknown,Motorcycle,Male,27,Driver,Unknown,Unknown,In transit (commuting),Minor injury: Hospitalization up to 24 hours,428713.15,4583933.36,2.14604796,41.401935012
2020S005146    ,Horta-Guinardó,el Baix Guinardó,Cartagena,Monday,2020-11-02,Laboral,2020,11,November,2,Morning,08:00:00,Unknown,Motorcycle,Male,56,Driver,Unknown,Unknown,In transit (commuting),Serious injury: Hospitalization over 24 hours,430833.7,4585181.79,2.17127144,41.413364535
2020S005146    ,Horta-Guinardó,el Baix Guinardó,Cartagena,Monday,2020-11-02,Laboral,2020,11,November,2,Morning,08:00:00,Unknown,Car,Male,60,Driver,Unknown,Unknown,In transit (commuting),Uninjured,430833.7,4585181.79,2.17127144,41.413364535
2020S005147    ,Eixample,la Dreta de l'Eixample,Bruc,Monday,2020-11-02,Laboral,2020,11,November,2,Morning,10:00:00,Unknown,"Camió rígid > 3,5 tones",Male,42,Driver,Unknown,Unknown,Unknown,Uninjured,430563.01,4583161.08,2.16826479,41.395141317
2020S005148    ,Nou Barris,la Prosperitat,Dalt (Besňs),Monday,2020-11-02,Laboral,2020,11,November,2,Morning,11:00:00,Unknown,Motorcycle,Male,54,Driver,Unknown,Unknown,Leisure and entertainment,Minor injury: Medical assistance at accident site,431584.89,4588795.14,2.17984968,41.445973069
2020S005148    ,Nou Barris,la Prosperitat,Dalt (Besňs),Monday,2020-11-02,Laboral,2020,11,November,2,Morning,11:00:00,Unknown,Furgoneta,Male,54,Driver,Unknown,Unknown,On a mission,Uninjured,431584.89,4588795.14,2.17984968,41.445973069
2020S005149    ,Ciutat Vella,el Barri Gňtic,Fontanella,Monday,2020-11-02,Laboral,2020,11,November,2,Morning,13:00:00,Creuar per fora pas de vianants,Veh. mobilitat personal amb motor,Male,50,Pedestrian,Outside the crossing,Unknown,Unknown,Minor injury: Refused medical assistance,430886.46,4582328.23,2.17222862,41.387667968
2020S005149    ,Ciutat Vella,el Barri Gňtic,Fontanella,Monday,2020-11-02,Laboral,2020,11,November,2,Morning,13:00:00,Creuar per fora pas de vianants,Veh. mobilitat personal amb motor,Male,34,Driver,Outside the crossing,Unknown,Unknown,Minor injury: Hospitalization up to 24 hours,430886.46,4582328.23,2.17222862,41.387667968
2020S005150    ,Sants-Montjuďc,Sants - Badal,Madrid,Thursday,2020-10-15,Laboral,2020,10,October,15,Afternoon,18:00:00,Unknown,Motorcycle,Male,48,Driver,Unknown,Unknown,Unknown,Minor injury: Hospitalization up to 24 hours,427103.63,4581303.97,2.12711148,41.378108767
2020S005150    ,Sants-Montjuďc,Sants - Badal,Madrid,Thursday,2020-10-15,Laboral,2020,10,October,15,Afternoon,18:00:00,Unknown,Motorcycle,Male,13,Passenger,Unknown,Unknown,Unknown,Minor injury: Medical assistance at accident site,427103.63,4581303.97,2.12711148,41.378108767
2020S005150    ,Sants-Montjuďc,Sants - Badal,Madrid,Thursday,2020-10-15,Laboral,2020,10,October,15,Afternoon,18:00:00,Unknown,Car,Male,46,Driver,Unknown,Unknown,Unknown,Uninjured,427103.63,4581303.97,2.12711148,41.378108767
2020S005151    ,Sants-Montjuďc,el Poble-sec,Espanya,Monday,2020-11-02,Laboral,2020,11,November,2,Afternoon,15:00:00,Unknown,Bicicleta,Female,36,Driver,Unknown,Unknown,In transit (commuting),Minor injury: Medical assistance at accident site,428940.71,4580909.36,2.14912497,41.374719063
2020S005151    ,Sants-Montjuďc,el Poble-sec,Espanya,Monday,2020-11-02,Laboral,2020,11,November,2,Afternoon,15:00:00,Unknown,Car,Male,84,Driver,Unknown,Unknown,Transport de menors a l'escola,Uninjured,428940.71,4580909.36,2.14912497,41.374719063
2020S005152    ,Sant Martí,Sant Martí de Provençals,Corts Catalanes,Monday,2020-11-02,Laboral,2020,11,November,2,Afternoon,16:00:00,Unknown,Motorcycle,Female,45,Driver,Unknown,Unknown,Unknown,Minor injury: Hospitalization up to 24 hours,433387.03,4585365.5,2.20179997,41.415234978
2020S005152    ,Sant Martí,Sant Martí de Provençals,Corts Catalanes,Monday,2020-11-02,Laboral,2020,11,November,2,Afternoon,16:00:00,Unknown,Car,Male,37,Driver,Unknown,Unknown,Unknown,Uninjured,433387.03,4585365.5,2.20179997,41.415234978
2020S005153    ,Nou Barris,el Turó de la Peira,Montmajor,Monday,2020-11-02,Laboral,2020,11,November,2,Afternoon,17:00:00,Unknown,Veh. mobilitat personal amb motor,Male,24,Driver,Unknown,Unknown,Other activities,Minor injury: Hospitalization up to 24 hours,430772.64,4587264.2,2.17030237,41.432114802
2020S005153    ,Nou Barris,el Turó de la Peira,Montmajor,Monday,2020-11-02,Laboral,2020,11,November,2,Afternoon,17:00:00,Unknown,Car,Male,39,Driver,Unknown,Unknown,Other activities,Uninjured,430772.64,4587264.2,2.17030237,41.432114802
2020S005154    ,Sants-Montjuďc,el Poble-sec,Montjuďc,Monday,2020-11-02,Laboral,2020,11,November,2,Afternoon,18:00:00,Others,Ciclomotor,Female,32,Driver,In crossing regulated by traffic lights,Unknown,Unknown,Minor injury: Hospitalization up to 24 hours,430601.37,4580566.54,2.16902094,41.371776381
2020S005155    ,Sants-Montjuďc,Hostafrancs,Corts Catalanes,Monday,2020-11-02,Laboral,2020,11,November,2,Afternoon,19:00:00,Desobeir el senyal del semŕfor,Motorcycle,Male,33,Pedestrian,In crossing regulated by traffic lights,Leisure and entertainment,Unknown,Uninjured,428674.61,4580719.53,2.14596554,41.372985775
2020S005155    ,Sants-Montjuďc,Hostafrancs,Corts Catalanes,Monday,2020-11-02,Laboral,2020,11,November,2,Afternoon,19:00:00,Desobeir el senyal del semŕfor,Motorcycle,Female,42,Driver,In crossing regulated by traffic lights,Unknown,Leisure and entertainment,Minor injury: Hospitalization up to 24 hours,428674.61,4580719.53,2.14596554,41.372985775
2020S005156    ,Eixample,Sant Antoni,Calŕbria,Monday,2020-11-02,Laboral,2020,11,November,2,Afternoon,20:00:00,Unknown,Car,Male,22,Driver,Unknown,Unknown,Other activities,Uninjured,429569.16,4581308.99,2.15659294,41.378373681
2020S005156    ,Eixample,Sant Antoni,Calŕbria,Monday,2020-11-02,Laboral,2020,11,November,2,Afternoon,20:00:00,Unknown,Bicicleta,Male,40,Driver,Unknown,Unknown,Unknown,Minor injury: Medical assistance at accident site,429569.16,4581308.99,2.15659294,41.378373681
2020S005157    ,Eixample,l'Antiga Esquerra de l'Eixample,Rosselló,Monday,2020-11-02,Laboral,2020,11,November,2,Night,22:00:00,Unknown,Ambulŕncia,Male,28,Driver,Unknown,Unknown,On a mission,Uninjured,429640.64,4582940.9,2.15725805,41.393078016
2020S005157    ,Eixample,l'Antiga Esquerra de l'Eixample,Rosselló,Monday,2020-11-02,Laboral,2020,11,November,2,Night,22:00:00,Unknown,Ambulŕncia,Male,20,Passenger,Unknown,Unknown,Unknown,Uninjured,429640.64,4582940.9,2.15725805,41.393078016
2020S005157    ,Eixample,l'Antiga Esquerra de l'Eixample,Rosselló,Monday,2020-11-02,Laboral,2020,11,November,2,Night,22:00:00,Unknown,Motorcycle,Male,32,Driver,Unknown,Unknown,Other activities,Serious injury: Hospitalization over 24 hours,429640.64,4582940.9,2.15725805,41.393078016
2020S005158    ,Sant Martí,el Poblenou,Llull,Tuesday,2020-11-03,Laboral,2020,11,November,3,Morning,09:00:00,Unknown,Motorcycle,Male,36,Driver,Unknown,Unknown,In transit (commuting),Minor injury: Hospitalization up to 24 hours,432970.23,4583350.61,2.19703639,41.397052731
2020S005159    ,Sant Andreu,el Congrés i els Indians,Acŕcies,Tuesday,2020-11-03,Laboral,2020,11,November,3,Morning,08:00:00,Unknown,Car,Female,42,Driver,Unknown,Unknown,On a mission,Uninjured,431433.32,4586306.83,2.17831782,41.423548809
2020S005160    ,Sarriŕ-Sant Gervasi,Sant Gervasi - Galvany,Descartes,Tuesday,2020-11-03,Laboral,2020,11,November,3,Morning,10:00:00,Unknown,"Camió rígid > 3,5 tones",Male,41,Driver,Unknown,Unknown,On a mission,Minor injury: Refused medical assistance,428266.88,4583570.6,2.14075267,41.39862806
2020S005161    ,Eixample,l'Antiga Esquerra de l'Eixample,Balmes,Tuesday,2020-11-03,Laboral,2020,11,November,3,Morning,11:00:00,Unknown,Car,Female,56,Driver,Unknown,Unknown,Other activities,Uninjured,430276.04,4582308.74,2.16493055,41.387439719
2020S005161    ,Eixample,l'Antiga Esquerra de l'Eixample,Balmes,Tuesday,2020-11-03,Laboral,2020,11,November,3,Morning,11:00:00,Unknown,Motorcycle,Male,42,Driver,Unknown,Unknown,On a mission,Minor injury: Hospitalization up to 24 hours,430276.04,4582308.74,2.16493055,41.387439719
2020S005162    ,Eixample,la Dreta de l'Eixample,Sant Pere,Tuesday,2020-11-03,Laboral,2020,11,November,3,Afternoon,14:00:00,Creuar per fora pas de vianants,Motorcycle,Male,36,Driver,Outside the crossing,Unknown,Leisure and entertainment,Uninjured,430741.58,4582396.9,2.17048807,41.38827399