Case_Number,District_Name,Neighborhood_Name,Street_Name,Day_of_Week,Date,Day_Type_Description,Year,Month_of_Year,Month_Name,Day_of_Month,Shift_Description,Hour_of_Day,Pedestrian_Cause_Description,Involved_Vehicle_Type_Description,Gender_Description,Age,Person_Type_Description,Pedestrian_Accident_Location_Description,Pedestrian_Movement_Reason_Description,Driver_Movement_Reason_Description,Victimization_Description,Coordenada_UTM_X,Coordenada_UTM_Y,Longitud,Latitud
2020S005382    ,Les Corts,la Maternitat i Sant Ramon,Mig (Descendent),Monday,2020-11-16,Laboral,2020,11,November,16,Afternoon,16:00:00,Unknown,Motorcycle,Male,49,Driver,Unknown,Unknown,Unknown,Uninjured,427126.78,4582034.41,2.12730041,41.384689652
2020S005383    ,Sarriŕ-Sant Gervasi,les Tres Torres,General Mitre,Monday,2020-11-16,Laboral,2020,11,November,16,Afternoon,18:00:00,Others,Autobús,Female,86,Passenger,Unknown,Unknown,Unknown,Minor injury: Medical assistance at accident site,427447.15,4582976.08,2.13101882,41.393199874
2020S005383    ,Sarriŕ-Sant Gervasi,les Tres Torres,General Mitre,Monday,2020-11-16,Laboral,2020,11,November,16,Afternoon,18:00:00,Others,Autobús,Male,50,Driver,Unknown,Unknown,Urban bus,Uninjured,427447.15,4582976.08,2.13101882,41.393199874
2020S005385    ,Sant Martí,la Verneda i la Pau,Estartit,Monday,2020-11-16,Laboral,2020,11,November,16,Afternoon,19:00:00,Unknown,Car,Male,22,Driver,Unknown,Unknown,Leisure and entertainment,Uninjured,433431.35,4586006.93,2.20225961,41.421015835
2020S005385    ,Sant Martí,la Verneda i la Pau,Estartit,Monday,2020-11-16,Laboral,2020,11,November,16,Afternoon,19:00:00,Unknown,Motorcycle,Male,40,Driver,Unknown,Unknown,Leisure and entertainment,Minor injury: Hospitalization up to 24 hours,433431.35,4586006.93,2.20225961,41.421015835
2020S005386    ,Eixample,la Dreta de l'Eixample,Valčncia,Monday,2020-11-16,Laboral,2020,11,November,16,Afternoon,17:00:00,Unknown,"Camió rígid > 3,5 tones",Male,56,Driver,Unknown,Unknown,Cleaning or garbage collection service,Uninjured,430924.97,4583640.29,2.17253945,41.399488602
2020S005387    ,Sants-Montjuďc,la Marina del Prat Vermell,B-10 (Besňs),Monday,2020-11-16,Laboral,2020,11,November,16,Afternoon,17:00:00,Unknown,Car,Male,42,Driver,Unknown,Unknown,Unknown,Minor injury: Hospitalization up to 24 hours,430834.74,4579924.77,2.17188449,41.366016231
2020S005387    ,Sants-Montjuďc,la Marina del Prat Vermell,B-10 (Besňs),Monday,2020-11-16,Laboral,2020,11,November,16,Afternoon,17:00:00,Unknown,Car,Female,40,Driver,Unknown,Unknown,Unknown,Uninjured,430834.74,4579924.77,2.17188449,41.366016231
2020S005388    ,Sant Martí,Diagonal Mar i el Front Marítim del Poblenou,Bac de Roda,Monday,2020-11-16,Laboral,2020,11,November,16,Afternoon,20:00:00,Unknown,Altres vehicles amb motor,Male,35,Driver,Unknown,Unknown,Other activities,Minor injury: Medical assistance at accident site,433570.71,4584516.23,2.20409093,41.40760104
2020S005388    ,Sant Martí,Diagonal Mar i el Front Marítim del Poblenou,Bac de Roda,Monday,2020-11-16,Laboral,2020,11,November,16,Afternoon,20:00:00,Unknown,Ciclomotor,Male,27,Driver,Unknown,Unknown,Other activities,Minor injury: Medical assistance at accident site,433570.71,4584516.23,2.20409093,41.40760104
2020S005389    ,Sant Martí,la Vila Olímpica del Poblenou,Icŕria,Monday,2020-11-16,Laboral,2020,11,November,16,Afternoon,21:00:00,Creuar per fora pas de vianants,Car,Male,28,Driver,Outside the crossing,Unknown,Leisure and entertainment,Uninjured,433127.93,4582919.04,2.19897037,41.393178825
2020S005389    ,Sant Martí,la Vila Olímpica del Poblenou,Icŕria,Monday,2020-11-16,Laboral,2020,11,November,16,Afternoon,21:00:00,Creuar per fora pas de vianants,Car,Male,25,Pedestrian,Outside the crossing,Leisure and entertainment,Unknown,Minor injury: Refused medical assistance,433127.93,4582919.04,2.19897037,41.393178825
2020S005390    ,Ciutat Vella,el Raval,Hospital,Monday,2020-11-16,Laboral,2020,11,November,16,Afternoon,16:00:00,Unknown,Bicicleta,Male,78,Pedestrian,In an unregulated crossing,Unknown,Unknown,Minor injury: Hospitalization up to 24 hours,430596.97,4581474.12,2.16886435,41.379950315
2020S005390    ,Ciutat Vella,el Raval,Hospital,Monday,2020-11-16,Laboral,2020,11,November,16,Afternoon,16:00:00,Unknown,Bicicleta,Male,28,Driver,In an unregulated crossing,Unknown,Unknown,Uninjured,430596.97,4581474.12,2.16886435,41.379950315
2020S005391    ,Eixample,la Dreta de l'Eixample,Aragó,Monday,2020-11-16,Laboral,2020,11,November,16,Afternoon,20:00:00,Unknown,Motorcycle,Male,36,Driver,Unknown,Unknown,Unknown,Minor injury: Medical assistance at accident site,430127.37,4582664.91,2.16311143,41.390634721
2020S005391    ,Eixample,la Dreta de l'Eixample,Aragó,Monday,2020-11-16,Laboral,2020,11,November,16,Afternoon,20:00:00,Unknown,Car,Male,37,Driver,Unknown,Unknown,Taxi,Uninjured,430127.37,4582664.91,2.16311143,41.390634721
2020S005392    ,Nou Barris,les Roquetes,Mina de la Ciutat,Monday,2020-11-16,Laboral,2020,11,November,16,Night,23:00:00,Unknown,Car,Male,36,Driver,Unknown,Unknown,Unknown,Uninjured,431093.58,4588928.05,2.17395342,41.447128092
2020S005393    ,Eixample,la Nova Esquerra de l'Eixample,Comte d'Urgell,Tuesday,2020-11-17,Laboral,2020,11,November,17,Morning,09:00:00,Unknown,Motorcycle,Male,49,Driver,Unknown,Unknown,In transit (commuting),Minor injury: Hospitalization up to 24 hours,428969.57,4582489.81,2.14928469,41.388956187
2020S005393    ,Eixample,la Nova Esquerra de l'Eixample,Comte d'Urgell,Tuesday,2020-11-17,Laboral,2020,11,November,17,Morning,09:00:00,Unknown,Furgoneta,Male,63,Driver,Unknown,Unknown,Other activities,Uninjured,428969.57,4582489.81,2.14928469,41.388956187
2020S005394    ,Sant Martí,la Verneda i la Pau,Ferradura,Tuesday,2020-11-17,Laboral,2020,11,November,17,Morning,11:00:00,Unknown,Motorcycle,Male,42,Driver,Unknown,Unknown,In transit (commuting),Minor injury: Medical assistance at accident site,433085.46,4586174.93,2.19810219,41.422500212
2020S005394    ,Sant Martí,la Verneda i la Pau,Ferradura,Tuesday,2020-11-17,Laboral,2020,11,November,17,Morning,11:00:00,Unknown,Bicicleta,Male,17,Driver,Unknown,Unknown,Leisure and entertainment,Minor injury: Refused medical assistance,433085.46,4586174.93,2.19810219,41.422500212
2020S005395    ,Sarriŕ-Sant Gervasi,Sant Gervasi - la Bonanova,Tibidabo,Tuesday,2020-11-17,Laboral,2020,11,November,17,Morning,11:00:00,Unknown,"Camió rígid > 3,5 tones",Male,40,Driver,Unknown,Unknown,Professional goods transport,Uninjured,427926.95,4584909.89,2.13652706,41.410660087
2020S005396    ,Eixample,el Fort Pienc,Casp,Tuesday,2020-11-17,Laboral,2020,11,November,17,Morning,12:00:00,Unknown,Car,Male,45,Driver,Unknown,Unknown,Taxi,Uninjured,431713.18,4583464.78,2.18198758,41.3979752
2020S005396    ,Eixample,el Fort Pienc,Casp,Tuesday,2020-11-17,Laboral,2020,11,November,17,Morning,12:00:00,Unknown,Motorcycle,Male,25,Driver,Unknown,Unknown,In transit (commuting),Minor injury: Hospitalization up to 24 hours,431713.18,4583464.78,2.18198758,41.3979752
2020S005397    ,Sants-Montjuďc,la Marina del Prat Vermell,Número 1 Zona Franca,Tuesday,2020-11-17,Laboral,2020,11,November,17,Morning,13:00:00,Unknown,Tractor camió,Male,35,Driver,Others,Unknown,Professional goods transport,Uninjured,428535.07,4577608.06,2.14466383,41.344949361
2020S005397    ,Sants-Montjuďc,la Marina del Prat Vermell,Número 1 Zona Franca,Tuesday,2020-11-17,Laboral,2020,11,November,17,Morning,13:00:00,Unknown,Veh. mobilitat personal amb motor,Male,22,Driver,Others,Unknown,Unknown,Minor injury: Hospitalization up to 24 hours,428535.07,4577608.06,2.14466383,41.344949361
2020S005398    ,Eixample,la Sagrada Família,Provença,Tuesday,2020-11-17,Laboral,2020,11,November,17,Morning,13:00:00,Unknown,Veh. mobilitat personal amb motor,Male,36,Driver,Unknown,Unknown,Unknown,Minor injury: Hospitalization up to 24 hours,431118.5,4584234.67,2.17478672,41.404858608
2020S005398    ,Eixample,la Sagrada Família,Provença,Tuesday,2020-11-17,Laboral,2020,11,November,17,Morning,13:00:00,Unknown,Bicicleta,Female,38,Driver,Unknown,Unknown,Unknown,Uninjured,431118.5,4584234.67,2.17478672,41.404858608
2020S005398    ,Eixample,la Sagrada Família,Provença,Tuesday,2020-11-17,Laboral,2020,11,November,17,Morning,13:00:00,Unknown,Bicicleta,Male,27,Driver,Unknown,Unknown,Unknown,Uninjured,431118.5,4584234.67,2.17478672,41.404858608
2020S005399    ,Eixample,la Dreta de l'Eixample,Aragó,Tuesday,2020-11-17,Laboral,2020,11,November,17,Afternoon,15:00:00,Unknown,Motorcycle,Female,42,Driver,Unknown,Unknown,Leisure and entertainment,Minor injury: Medical assistance at accident site,430053.14,4582592.29,2.16223203,41.389974201
2020S005399    ,Eixample,la Dreta de l'Eixample,Aragó,Tuesday,2020-11-17,Laboral,2020,11,November,17,Afternoon,15:00:00,Unknown,Motorcycle,Female,37,Driver,Unknown,Unknown,In transit (commuting),Minor injury: Medical assistance at accident site,430053.14,4582592.29,2.16223203,41.389974201
2020S005399    ,Eixample,la Dreta de l'Eixample,Aragó,Tuesday,2020-11-17,Laboral,2020,11,November,17,Afternoon,15:00:00,Unknown,Car,Male,65,Driver,Unknown,Unknown,Leisure and entertainment,Uninjured,430053.14,4582592.29,2.16223203,41.389974201
2020S005400    ,Horta-Guinardó,la Vall d'Hebron,Pare Mariana,Tuesday,2020-11-17,Laboral,2020,11,November,17,Afternoon,15:00:00,Unknown,Car,Female,30,Driver,Unknown,Unknown,Unknown,Uninjured,428925.23,4587110.76,2.14821134,41.43057138
2020S005400    ,Horta-Guinardó,la Vall d'Hebron,Pare Mariana,Tuesday,2020-11-17,Laboral,2020,11,November,17,Afternoon,15:00:00,Unknown,Motorcycle,Female,30,Driver,Unknown,Unknown,Unknown,Minor injury: Hospitalization up to 24 hours,428925.23,4587110.76,2.14821134,41.43057138
2020S005401    ,Sarriŕ-Sant Gervasi,Sant Gervasi - Galvany,Calvet,Tuesday,2020-11-17,Laboral,2020,11,November,17,Morning,13:00:00,Unknown,Autobús,Female,77,Passenger,Unknown,Unknown,Unknown,Minor injury: Hospitalization up to 24 hours,428629.27,4582971.48,2.14515803,41.393264274
2020S005401    ,Sarriŕ-Sant Gervasi,Sant Gervasi - Galvany,Calvet,Tuesday,2020-11-17,Laboral,2020,11,November,17,Morning,13:00:00,Unknown,Autobús,Male,31,Driver,Unknown,Unknown,On a mission,Uninjured,428629.27,4582971.48,2.14515803,41.393264274
2020S005402    ,Horta-Guinardó,el Carmel,Llobregós,Tuesday,2020-11-17,Laboral,2020,11,November,17,Afternoon,19:00:00,Unknown,Motorcycle,Female,28,Passenger,Unknown,Unknown,Unknown,Minor injury: Hospitalization up to 24 hours,429688.53,4586498.88,2.1574172,41.425127637
2020S005402    ,Horta-Guinardó,el Carmel,Llobregós,Tuesday,2020-11-17,Laboral,2020,11,November,17,Afternoon,19:00:00,Unknown,Furgoneta,Male,45,Driver,Unknown,Unknown,Other activities,Uninjured,429688.53,4586498.88,2.1574172,41.425127637
2020S005402    ,Horta-Guinardó,el Carmel,Llobregós,Tuesday,2020-11-17,Laboral,2020,11,November,17,Afternoon,19:00:00,Unknown,Motorcycle,Male,37,Driver,Unknown,Unknown,Other activities,Uninjured,429688.53,4586498.88,2.1574172,41.425127637
2020S005403    ,Sants-Montjuďc,Sants,Sants,Tuesday,2020-11-17,Laboral,2020,11,November,17,Afternoon,20:00:00,Unknown,Car,Male,43,Driver,Unknown,Unknown,Unknown,Uninjured,428090.99,4580974.78,2.13895706,41.375232759
2020S005403    ,Sants-Montjuďc,Sants,Sants,Tuesday,2020-11-17,Laboral,2020,11,November,17,Afternoon,20:00:00,Unknown,Veh. mobilitat personal amb motor,Male,30,Driver,Unknown,Unknown,Unknown,Minor injury: Medical assistance at accident site,428090.99,4580974.78,2.13895706,41.375232759
2020S005403    ,Sants-Montjuďc,Sants,Sants,Tuesday,2020-11-17,Laboral,2020,11,November,17,Afternoon,20:00:00,Unknown,Veh. mobilitat personal amb motor,Male,30,Driver,Unknown,Unknown,Unknown,Minor injury: Hospitalization up to 24 hours,428090.99,4580974.78,2.13895706,41.375232759
2020S005404    ,Les Corts,les Corts,Diagonal,Tuesday,2020-11-17,Laboral,2020,11,November,17,Afternoon,19:00:00,Desobeir el senyal del semŕfor,Motorcycle,Female,36,Driver,In crossing regulated by traffic lights,Unknown,Other activities,Minor injury: Hospitalization up to 24 hours,427583.38,4582648.24,2.1326874,41.390259433
2020S005404    ,Les Corts,les Corts,Diagonal,Tuesday,2020-11-17,Laboral,2020,11,November,17,Afternoon,19:00:00,Desobeir el senyal del semŕfor,Motorcycle,Female,42,Pedestrian,In crossing regulated by traffic lights,Unknown,Unknown,Uninjured,427583.38,4582648.24,2.1326874,41.390259433
2020S005405    ,Eixample,la Nova Esquerra de l'Eixample,Viladomat,Tuesday,2020-11-17,Laboral,2020,11,November,17,Afternoon,20:00:00,Unknown,Car,Male,53,Driver,Unknown,Unknown,Leisure and entertainment,Uninjured,429443.43,4581669.6,2.15504748,41.381610557
2020S005405    ,Eixample,la Nova Esquerra de l'Eixample,Viladomat,Tuesday,2020-11-17,Laboral,2020,11,November,17,Afternoon,20:00:00,Unknown,Veh. mobilitat personal amb motor,Female,29,Driver,Unknown,Unknown,Leisure and entertainment,Minor injury: Hospitalization up to 24 hours,429443.43,4581669.6,2.15504748,41.381610557
2020S005406    ,Sarriŕ-Sant Gervasi,Sant Gervasi - Galvany,Diagonal,Tuesday,2020-11-17,Laboral,2020,11,November,17,Afternoon,19:00:00,Unknown,Motorcycle,Male,35,Driver,Unknown,Unknown,Leisure and entertainment,Minor injury: Hospitalization up to 24 hours,429073.97,4583103.05,2.15046143,41.394488641
2020S005406    ,Sarriŕ-Sant Gervasi,Sant Gervasi - Galvany,Diagonal,Tuesday,2020-11-17,Laboral,2020,11,November,17,Afternoon,19:00:00,Unknown,Car,Male,59,Passenger,Unknown,Unknown,Unknown,Uninjured,429073.97,4583103.05,2.15046143,41.394488641
2020S005406    ,Sarriŕ-Sant Gervasi,Sant Gervasi - Galvany,Diagonal,Tuesday,2020-11-17,Laboral,2020,11,November,17,Afternoon,19:00:00,Unknown,Car,Male,19,Driver,Unknown,Unknown,Unknown,Uninjured,429073.97,4583103.05,2.15046143,41.394488641
2020S005407    ,Sant Martí,el Camp de l'Arpa del Clot,Sant Antoni Maria Claret,Tuesday,2020-11-17,Laboral,2020,11,November,17,Afternoon,19:00:00,Unknown,Car,Male,20,Driver,Unknown,Unknown,Unknown,Uninjured,431361.71,4585191.13,2.17758761,41.413493952
2020S005407    ,Sant Martí,el Camp de l'Arpa del Clot,Sant Antoni Maria Claret,Tuesday,2020-11-17,Laboral,2020,11,November,17,Afternoon,19:00:00,Unknown,Motorcycle,Male,70,Driver,Unknown,Unknown,Unknown,Minor injury: Medical assistance at accident site,431361.71,4585191.13,2.17758761,41.413493952
2020S005408    ,Eixample,la Dreta de l'Eixample,Grŕcia,Tuesday,2020-11-17,Laboral,2020,11,November,17,Morning,12:00:00,Unknown,Motorcycle,Male,39,Driver,Unknown,Unknown,Leisure and entertainment,Minor injury: Hospitalization up to 24 hours,430579.77,4582456.8,2.16854602,41.388799535
2020S005408    ,Eixample,la Dreta de l'Eixample,Grŕcia,Tuesday,2020-11-17,Laboral,2020,11,November,17,Morning,12:00:00,Unknown,Car,Male,49,Driver,Unknown,Unknown,On a mission,Uninjured,430579.77,4582456.8,2.16854602,41.388799535
2020S005409    ,Eixample,la Dreta de l'Eixample,Alí Bei,Sunday,2020-09-27,Laboral,2020,9,September,27,Afternoon,16:00:00,Unknown,Furgoneta,Male,52,Driver,Unknown,Unknown,On a mission,Uninjured,431396.06,4582749.44,2.17827546,41.391505334
2020S005409    ,Eixample,la Dreta de l'Eixample,Alí Bei,Sunday,2020-09-27,Laboral,2020,9,September,27,Afternoon,16:00:00,Unknown,Motorcycle,Male,50,Driver,Unknown,Unknown,In transit (commuting),Minor injury: Hospitalization up to 24 hours,431396.06,4582749.44,2.17827546,41.391505334
2020S005410    ,Eixample,la Dreta de l'Eixample,Catalunya,Wednesday,2020-11-18,Laboral,2020,11,November,18,Morning,09:00:00,Unknown,Veh. mobilitat personal amb motor,Male,36,Driver,Unknown,Unknown,Leisure and entertainment,Minor injury: Hospitalization up to 24 hours,430769.42,4582343.62,2.17082712,41.387796511
2020S005410    ,Eixample,la Dreta de l'Eixample,Catalunya,Wednesday,2020-11-18,Laboral,2020,11,November,18,Morning,09:00:00,Unknown,Bicicleta,Female,24,Driver,Unknown,Unknown,Leisure and entertainment,Uninjured,430769.42,4582343.62,2.17082712,41.387796511
2020S005411    ,Eixample,la Dreta de l'Eixample,Diagonal,Wednesday,2020-11-18,Laboral,2020,11,November,18,Morning,09:00:00,Unknown,Car,Female,69,Driver,Unknown,Unknown,Leisure and entertainment,Uninjured,430156.14,4583451.75,2.16336472,41.397724032
2020S005411    ,Eixample,la Dreta de l'Eixample,Diagonal,Wednesday,2020-11-18,Laboral,2020,11,November,18,Morning,09:00:00,Unknown,Autobús articulat,Female,72,Passenger,Unknown,Unknown,Unknown,Minor injury: Medical assistance at accident site,430156.14,4583451.75,2.16336472,41.397724032
2020S005411    ,Eixample,la Dreta de l'Eixample,Diagonal,Wednesday,2020-11-18,Laboral,2020,11,November,18,Morning,09:00:00,Unknown,Autobús articulat,Female,71,Passenger,Unknown,Unknown,Unknown,Minor injury: Medical assistance at accident site,430156.14,4583451.75,2.16336472,41.397724032
2020S005411    ,Eixample,la Dreta de l'Eixample,Diagonal,Wednesday,2020-11-18,Laboral,2020,11,November,18,Morning,09:00:00,Unknown,Autobús articulat,Male,45,Driver,Unknown,Unknown,On a mission,Uninjured,430156.14,4583451.75,2.16336472,41.397724032
2020S005412    ,Eixample,Sant Antoni,Floridablanca,Wednesday,2020-11-18,Laboral,2020,11,November,18,Morning,10:00:00,Unknown,Furgoneta,Male,58,Driver,Unknown,Unknown,On a mission,Minor injury: Medical assistance at accident site,429457.7,4581031.7,2.15529242,41.375866449
2020S005412    ,Eixample,Sant Antoni,Floridablanca,Wednesday,2020-11-18,Laboral,2020,11,November,18,Morning,10:00:00,Unknown,Autobús,Male,50,Driver,Unknown,Unknown,Urban bus,Uninjured,429457.7,4581031.7,2.15529242,41.375866449
2020S005413    ,Nou Barris,Vilapicina i la Torre Llobeta,Pitŕgores,Monday,2020-11-16,Laboral,2020,11,November,16,Morning,12:00:00,Unknown,"Camió rígid > 3,5 tones",Male,53,Driver,Unknown,Unknown,Professional goods transport,Uninjured,430496.78,4586923.14,2.16704021,41.429019164
2020S005414    ,Eixample,la Sagrada Família,Castillejos,Wednesday,2020-11-18,Laboral,2020,11,November,18,Morning,13:00:00,Unknown,Car,Male,30,Driver,Unknown,Unknown,Unknown,Uninjured,431555.13,4584295.29,2.18000313,41.405441908
2020S005414    ,Eixample,la Sagrada Família,Castillejos,Wednesday,2020-11-18,Laboral,2020,11,November,18,Morning,13:00:00,Unknown,Veh. mobilitat personal amb motor,Female,23,Driver,Unknown,Unknown,Unknown,Minor injury: Hospitalization up to 24 hours,431555.13,4584295.29,2.18000313,41.405441908
2020S005415    ,Eixample,la Nova Esquerra de l'Eixample,Corts Catalanes,Wednesday,2020-11-18,Laboral,2020,11,November,18,Afternoon,14:00:00,Unknown,Car,Male,45,Driver,Unknown,Unknown,Taxi,Minor injury: Hospitalization up to 24 hours,429209.5,4581242.98,2.15229993,41.377747572
2020S005415    ,Eixample,la Nova Esquerra de l'Eixample,Corts Catalanes,Wednesday,2020-11-18,Laboral,2020,11,November,18,Afternoon,14:00:00,Unknown,Furgoneta,Male,58,Driver,Unknown,Unknown,Leisure and entertainment,Uninjured,429209.5,4581242.98,2.15229993,41.377747572
2020S005416    ,Sant Martí,el Camp de l'Arpa del Clot,Las Navas de Tolosa,Wednesday,2020-11-18,Laboral,2020,11,November,18,Afternoon,14:00:00,Unknown,Furgoneta,Male,33,Driver,Unknown,Unknown,Unknown,Uninjured,432012.7,4585498.3,2.1853417,41.416315904
2020S005416    ,Sant Martí,el Camp de l'Arpa del Clot,Las Navas de Tolosa,Wednesday,2020-11-18,Laboral,2020,11,November,18,Afternoon,14:00:00,Unknown,Motorcycle,Female,31,Driver,Unknown,Unknown,Unknown,Minor injury: Hospitalization up to 24 hours,432012.7,4585498.3,2.1853417,41.416315904
2020S005417    ,Ciutat Vella,el Raval,Paralˇlel,Wednesday,2020-11-18,Laboral,2020,11,November,18,Afternoon,15:00:00,Unknown,Motorcycle,Male,47,Driver,Unknown,Unknown,Leisure and entertainment,Minor injury: Hospitalization up to 24 hours,430591.58,4580942.16,2.16886085,41.37515864
2020S005417    ,Ciutat Vella,el Raval,Paralˇlel,Wednesday,2020-11-18,Laboral,2020,11,November,18,Afternoon,15:00:00,Unknown,Car,Male,75,Driver,Unknown,Unknown,Leisure and entertainment,Uninjured,430591.58,4580942.16,2.16886085,41.37515864
2020S005417    ,Ciutat Vella,el Raval,Paralˇlel,Wednesday,2020-11-18,Laboral,2020,11,November,18,Afternoon,15:00:00,Unknown,Motorcycle,Male,32,Passenger,Unknown,Unknown,Unknown,Minor injury: Refused medical assistance,430591.58,4580942.16,2.16886085,41.37515864
2020S005418    ,Sant Andreu,la Trinitat Vella,Bŕrcino,Wednesday,2020-11-18,Laboral,2020,11,November,18,Afternoon,16:00:00,Unknown,Motorcycle,Female,33,Passenger,Unknown,Unknown,Unknown,Minor injury: Medical assistance at accident site,432544.99,4589040.95,2.19131486,41.448268292
2020S005418    ,Sant Andreu,la Trinitat Vella,Bŕrcino,Wednesday,2020-11-18,Laboral,2020,11,November,18,Afternoon,16:00:00,Unknown,Motorcycle,Male,37,Driver,Unknown,Unknown,Unknown,Minor injury: Medical assistance at accident site,432544.99,4589040.95,2.19131486,41.448268292
2020S005419    ,Les Corts,les Corts,Diagonal,Wednesday,2020-11-18,Laboral,2020,11,November,18,Afternoon,16:00:00,Unknown,Veh. mobilitat personal amb motor,Female,26,Driver,Unknown,Unknown,On a mission,Minor injury: Hospitalization up to 24 hours,427583.38,4582648.24,2.1326874,41.390259433
2020S005419    ,Les Corts,les Corts,Diagonal,Wednesday,2020-11-18,Laboral,2020,11,November,18,Afternoon,16:00:00,Unknown,Veh. mobilitat personal sense motor,Male,44,Driver,Unknown,Unknown,On a mission,Uninjured,427583.38,4582648.24,2.1326874,41.390259433
2020S005420    ,Ciutat Vella,el Barri Gňtic,Litoral (Llobregat),Tuesday,2020-11-17,Laboral,2020,11,November,17,Afternoon,20:00:00,Unknown,Bicicleta,Female,22,Driver,Unknown,Unknown,Unknown,Uninjured,431410.4,4581077.37,2.17863636,41.376446686
2020S005420    ,Ciutat Vella,el Barri Gňtic,Litoral (Llobregat),Tuesday,2020-11-17,Laboral,2020,11,November,17,Afternoon,20:00:00,Unknown,Motorcycle,Male,43,Driver,Unknown,Unknown,Unknown,Minor injury: Hospitalization up to 24 hours,431410.4,4581077.37,2.17863636,41.376446686
2020S005421    ,Sants-Montjuďc,la Marina de Port,Zona Franca,Wednesday,2020-11-18,Laboral,2020,11,November,18,Afternoon,17:00:00,Unknown,Veh. mobilitat personal amb motor,Female,32,Driver,Unknown,Unknown,Unknown,Minor injury: Hospitalization up to 24 hours,428306.71,4578921.24,2.14177935,41.356756466
2020S005421    ,Sants-Montjuďc,la Marina de Port,Zona Franca,Wednesday,2020-11-18,Laboral,2020,11,November,18,Afternoon,17:00:00,Unknown,Car,Female,40,Driver,Unknown,Unknown,"Firefighters, police, ambulance",Uninjured,428306.71,4578921.24,2.14177935,41.356756466
2020S005422    ,Horta-Guinardó,la Teixonera,Josep Sangenís,Wednesday,2020-11-18,Laboral,2020,11,November,18,Night,04:00:00,Unknown,Autobús,Female,43,Passenger,Unknown,Unknown,Unknown,Minor injury: Hospitalization up to 24 hours,428985.41,4586402.64,2.14901475,41.424198961
2020S005422    ,Horta-Guinardó,la Teixonera,Josep Sangenís,Wednesday,2020-11-18,Laboral,2020,11,November,18,Night,04:00:00,Unknown,Autobús,Female,8,Passenger,Unknown,Unknown,Unknown,Minor injury: Medical assistance at accident site,428985.41,4586402.64,2.14901475,41.424198961
2020S005422    ,Horta-Guinardó,la Teixonera,Josep Sangenís,Wednesday,2020-11-18,Laboral,2020,11,November,18,Night,04:00:00,Unknown,Furgoneta,Male,47,Driver,Unknown,Unknown,On a mission,Uninjured,428985.41,4586402.64,2.14901475,41.424198961
2020S005422    ,Horta-Guinardó,la Teixonera,Josep Sangenís,Wednesday,2020-11-18,Laboral,2020,11,November,18,Night,04:00:00,Unknown,Autobús,Female,60,Passenger,Unknown,Unknown,Unknown,Minor injury: Medical assistance at accident site,428985.41,4586402.64,2.14901475,41.424198961
2020S005422    ,Horta-Guinardó,la Teixonera,Josep Sangenís,Wednesday,2020-11-18,Laboral,2020,11,November,18,Night,04:00:00,Unknown,Autobús,Male,47,Driver,Unknown,Unknown,Urban bus,Uninjured,428985.41,4586402.64,2.14901475,41.424198961
2020S005422    ,Horta-Guinardó,la Teixonera,Josep Sangenís,Wednesday,2020-11-18,Laboral,2020,11,November,18,Night,04:00:00,Unknown,Autobús,Female,39,Passenger,Unknown,Unknown,Unknown,Minor injury: Medical assistance at accident site,428985.41,4586402.64,2.14901475,41.424198961
2020S005423    ,Sant Martí,el Poblenou,Taulat,Wednesday,2020-11-18,Laboral,2020,11,November,18,Afternoon,18:00:00,Unknown,Car,Female,52,Driver,Unknown,Unknown,Unknown,Minor injury: Medical assistance at accident site,433293.09,4583114.39,2.20092426,41.394952019
2020S005423    ,Sant Martí,el Poblenou,Taulat,Wednesday,2020-11-18,Laboral,2020,11,November,18,Afternoon,18:00:00,Unknown,Car,Male,21,Driver,Unknown,Unknown,Unknown,Uninjured,433293.09,4583114.39,2.20092426,41.394952019
2020S005424    ,Eixample,la Nova Esquerra de l'Eixample,Entença,Wednesday,2020-11-18,Laboral,2020,11,November,18,Afternoon,17:00:00,Unknown,Motorcycle,Male,38,Driver,Unknown,Unknown,Leisure and entertainment,Minor injury: Hospitalization up to 24 hours,429167.48,4581337.81,2.15178638,41.378597975
2020S005424    ,Eixample,la Nova Esquerra de l'Eixample,Entença,Wednesday,2020-11-18,Laboral,2020,11,November,18,Afternoon,17:00:00,Unknown,Autobús,Male,57,Driver,Unknown,Unknown,Urban bus,Uninjured,429167.48,4581337.81,2.15178638,41.378597975
2020S005425    ,Sarriŕ-Sant Gervasi,Sant Gervasi - Galvany,Ganduxer,Wednesday,2020-11-18,Laboral,2020,11,November,18,Afternoon,19:00:00,Unknown,Motorcycle,Male,64,Driver,Unknown,Unknown,Leisure and entertainment,Uninjured,427913.27,4583289.84,2.13655644,41.396067725
2020S005425    ,Sarriŕ-Sant Gervasi,Sant Gervasi - Galvany,Ganduxer,Wednesday,2020-11-18,Laboral,2020,11,November,18,Afternoon,19:00:00,Unknown,Motorcycle,Male,31,Driver,Unknown,Unknown,Leisure and entertainment,Minor injury: Hospitalization up to 24 hours,427913.27,4583289.84,2.13655644,41.396067725