Case_Number,District_Name,Neighborhood_Name,Street_Name,Day_of_Week,Date,Day_Type_Description,Year,Month_of_Year,Month_Name,Day_of_Month,Shift_Description,Hour_of_Day,Pedestrian_Cause_Description,Involved_Vehicle_Type_Description,Gender_Description,Age,Person_Type_Description,Pedestrian_Accident_Location_Description,Pedestrian_Movement_Reason_Description,Driver_Movement_Reason_Description,Victimization_Description,Coordenada_UTM_X,Coordenada_UTM_Y,Longitud,Latitud
2020S005426    ,Eixample,la Dreta de l'Eixample,Rosselló,Wednesday,2020-11-18,Laboral,2020,11,November,18,Afternoon,20:00:00,Unknown,Motorcycle,Male,44,Driver,Unknown,Unknown,Unknown,Minor injury: Hospitalization up to 24 hours,429849.66,4583150.68,2.15973372,41.394985703
2020S005426    ,Eixample,la Dreta de l'Eixample,Rosselló,Wednesday,2020-11-18,Laboral,2020,11,November,18,Afternoon,20:00:00,Unknown,Motorcycle,Male,58,Driver,Unknown,Unknown,Unknown,Uninjured,429849.66,4583150.68,2.15973372,41.394985703
2020S005426    ,Eixample,la Dreta de l'Eixample,Rosselló,Wednesday,2020-11-18,Laboral,2020,11,November,18,Afternoon,20:00:00,Unknown,Car,Male,55,Driver,Unknown,Unknown,Unknown,Uninjured,429849.66,4583150.68,2.15973372,41.394985703
2020S005427    ,Eixample,la Dreta de l'Eixample,Grŕcia,Wednesday,2020-11-18,Laboral,2020,11,November,18,Afternoon,20:00:00,Unknown,Motorcycle,Female,25,Driver,Unknown,Unknown,Other activities,Minor injury: Hospitalization up to 24 hours,430445.18,4582603.47,2.16691951,41.390108912
2020S005427    ,Eixample,la Dreta de l'Eixample,Grŕcia,Wednesday,2020-11-18,Laboral,2020,11,November,18,Afternoon,20:00:00,Unknown,Tot terreny,Male,54,Driver,Unknown,Unknown,Other activities,Uninjured,430445.18,4582603.47,2.16691951,41.390108912
2020S005428    ,Eixample,la Dreta de l'Eixample,Roger de Flor,Wednesday,2020-11-18,Laboral,2020,11,November,18,Afternoon,21:00:00,Unknown,Motorcycle,Male,33,Driver,Unknown,Unknown,Unknown,Uninjured,430754.32,4583731.68,2.17048773,41.400297036
2020S005428    ,Eixample,la Dreta de l'Eixample,Roger de Flor,Wednesday,2020-11-18,Laboral,2020,11,November,18,Afternoon,21:00:00,Unknown,Motorcycle,Male,55,Driver,Unknown,Unknown,Unknown,Minor injury: Hospitalization up to 24 hours,430754.32,4583731.68,2.17048773,41.400297036
2020S005428    ,Eixample,la Dreta de l'Eixample,Roger de Flor,Wednesday,2020-11-18,Laboral,2020,11,November,18,Afternoon,21:00:00,Unknown,Car,Male,26,Driver,Unknown,Unknown,Unknown,Uninjured,430754.32,4583731.68,2.17048773,41.400297036
2020S005429    ,Nou Barris,Porta,Deiŕ,Thursday,2020-11-19,Laboral,2020,11,November,19,Morning,07:00:00,Unknown,Car,Female,43,Driver,Unknown,Unknown,On a mission,Uninjured,431022.06,4587553.67,2.17325429,41.434743424
2020S005429    ,Nou Barris,Porta,Deiŕ,Thursday,2020-11-19,Laboral,2020,11,November,19,Morning,07:00:00,Unknown,Car,Male,27,Pedestrian,Unknown,Other activities,Unknown,Minor injury: Medical assistance at accident site,431022.06,4587553.67,2.17325429,41.434743424
2020S005429    ,Nou Barris,Porta,Deiŕ,Thursday,2020-11-19,Laboral,2020,11,November,19,Morning,07:00:00,Unknown,Car,Male,34,Driver,Unknown,Unknown,On a mission,Uninjured,431022.06,4587553.67,2.17325429,41.434743424
2020S005430    ,Sarriŕ-Sant Gervasi,el Putxet i el Farró,General Mitre,Thursday,2020-11-19,Laboral,2020,11,November,19,Morning,06:00:00,Unknown,Motorcycle,Female,54,Passenger,Unknown,Unknown,Unknown,Minor injury: Hospitalization up to 24 hours,428349.96,4584274.88,2.14166302,41.404978646
2020S005430    ,Sarriŕ-Sant Gervasi,el Putxet i el Farró,General Mitre,Thursday,2020-11-19,Laboral,2020,11,November,19,Morning,06:00:00,Unknown,Car,Male,39,Driver,Unknown,Unknown,On a mission,Uninjured,428349.96,4584274.88,2.14166302,41.404978646
2020S005430    ,Sarriŕ-Sant Gervasi,el Putxet i el Farró,General Mitre,Thursday,2020-11-19,Laboral,2020,11,November,19,Morning,06:00:00,Unknown,Motorcycle,Male,54,Driver,Unknown,Unknown,On a mission,Minor injury: Hospitalization up to 24 hours,428349.96,4584274.88,2.14166302,41.404978646
2020S005431    ,Eixample,la Dreta de l'Eixample,Corts Catalanes,Thursday,2020-11-19,Laboral,2020,11,November,19,Morning,08:00:00,Unknown,Motorcycle,Female,50,Driver,Unknown,Unknown,In transit (commuting),Minor injury: Hospitalization up to 24 hours,430348.35,4582275.87,2.16579912,41.387149937
2020S005431    ,Eixample,la Dreta de l'Eixample,Corts Catalanes,Thursday,2020-11-19,Laboral,2020,11,November,19,Morning,08:00:00,Unknown,Car,Female,25,Driver,Unknown,Unknown,In transit (commuting),Uninjured,430348.35,4582275.87,2.16579912,41.387149937
2020S005432    ,Eixample,l'Antiga Esquerra de l'Eixample,Provença,Thursday,2020-11-19,Laboral,2020,11,November,19,Morning,08:00:00,Unknown,Motorcycle,Male,32,Driver,Unknown,Unknown,In transit (commuting),Minor injury: Medical assistance at accident site,429476.87,4582626.66,2.1553359,41.390233411
2020S005432    ,Eixample,l'Antiga Esquerra de l'Eixample,Provença,Thursday,2020-11-19,Laboral,2020,11,November,19,Morning,08:00:00,Unknown,Car,Female,32,Driver,Unknown,Unknown,Leisure and entertainment,Uninjured,429476.87,4582626.66,2.1553359,41.390233411
2020S005433    ,Eixample,la Nova Esquerra de l'Eixample,Aragó,Thursday,2020-11-19,Laboral,2020,11,November,19,Morning,10:00:00,Unknown,Motorcycle,Male,68,Driver,Unknown,Unknown,On a mission,Minor injury: Hospitalization up to 24 hours,429175.89,4581770.69,2.15183632,41.382497521
2020S005433    ,Eixample,la Nova Esquerra de l'Eixample,Aragó,Thursday,2020-11-19,Laboral,2020,11,November,19,Morning,10:00:00,Unknown,Motorcycle,Male,36,Driver,Unknown,Unknown,On a mission,Minor injury: Hospitalization up to 24 hours,429175.89,4581770.69,2.15183632,41.382497521
2020S005433    ,Eixample,la Nova Esquerra de l'Eixample,Aragó,Thursday,2020-11-19,Laboral,2020,11,November,19,Morning,10:00:00,Unknown,Car,Male,35,Driver,Unknown,Unknown,On a mission,Uninjured,429175.89,4581770.69,2.15183632,41.382497521
2020S005434    ,Sarriŕ-Sant Gervasi,Sant Gervasi - Galvany,Grŕcia,Thursday,2020-11-19,Laboral,2020,11,November,19,Morning,11:00:00,Creuar per fora pas de vianants,Car,Female,36,Driver,Outside the crossing,Unknown,Leisure and entertainment,Uninjured,429137.19,4583409.89,2.15118166,41.397257815
2020S005434    ,Sarriŕ-Sant Gervasi,Sant Gervasi - Galvany,Grŕcia,Thursday,2020-11-19,Laboral,2020,11,November,19,Morning,11:00:00,Creuar per fora pas de vianants,Car,Female,53,Pedestrian,Outside the crossing,Leisure and entertainment,Unknown,Minor injury: Hospitalization up to 24 hours,429137.19,4583409.89,2.15118166,41.397257815
2020S005434    ,Sarriŕ-Sant Gervasi,Sant Gervasi - Galvany,Grŕcia,Thursday,2020-11-19,Laboral,2020,11,November,19,Morning,11:00:00,Creuar per fora pas de vianants,Car,Female,53,Driver,Outside the crossing,Unknown,Leisure and entertainment,Uninjured,429137.19,4583409.89,2.15118166,41.397257815
2020S005435    ,Ciutat Vella,"Sant Pere, Santa Caterina i la Ribera",Jonqueres,Thursday,2020-11-19,Laboral,2020,11,November,19,Morning,11:00:00,Unknown,Motorcycle,Male,30,Driver,Unknown,Unknown,On a mission,Minor injury: Medical assistance at accident site,431071.77,4582318.92,2.1744459,41.387600025
2020S005435    ,Ciutat Vella,"Sant Pere, Santa Caterina i la Ribera",Jonqueres,Thursday,2020-11-19,Laboral,2020,11,November,19,Morning,11:00:00,Unknown,Motorcycle,Male,26,Driver,Unknown,Unknown,On a mission,Uninjured,431071.77,4582318.92,2.1744459,41.387600025
2020S005436    ,Sants-Montjuďc,Sants,Madrid,Thursday,2020-11-19,Laboral,2020,11,November,19,Morning,10:00:00,Unknown,Car,Male,41,Driver,Unknown,Unknown,Unknown,Uninjured,427394.62,4581507.58,2.13056663,41.379968927
2020S005436    ,Sants-Montjuďc,Sants,Madrid,Thursday,2020-11-19,Laboral,2020,11,November,19,Morning,10:00:00,Unknown,Motorcycle,Male,58,Driver,Unknown,Unknown,Unknown,Minor injury: Medical assistance at accident site,427394.62,4581507.58,2.13056663,41.379968927
2020S005437    ,Les Corts,Pedralbes,Esplugues,Thursday,2020-11-19,Laboral,2020,11,November,19,Morning,11:00:00,Unknown,Motorcycle,Male,27,Driver,Unknown,Unknown,Leisure and entertainment,Uninjured,425204.75,4582148.4,2.10430121,41.385539814
2020S005437    ,Les Corts,Pedralbes,Esplugues,Thursday,2020-11-19,Laboral,2020,11,November,19,Morning,11:00:00,Unknown,Motorcycle,Male,27,Driver,Unknown,Unknown,Leisure and entertainment,Minor injury: Hospitalization up to 24 hours,425204.75,4582148.4,2.10430121,41.385539814
2020S005438    ,Horta-Guinardó,la Vall d'Hebron,Dalt (Llobregat),Thursday,2020-11-19,Laboral,2020,11,November,19,Morning,07:00:00,Unknown,Car,Male,46,Driver,Unknown,Unknown,Leisure and entertainment,Uninjured,428786.86,4587440.81,2.14651652,41.433531737
2020S005438    ,Horta-Guinardó,la Vall d'Hebron,Dalt (Llobregat),Thursday,2020-11-19,Laboral,2020,11,November,19,Morning,07:00:00,Unknown,Motorcycle,Male,36,Driver,Unknown,Unknown,Leisure and entertainment,Minor injury: Hospitalization up to 24 hours,428786.86,4587440.81,2.14651652,41.433531737
2020S005439    ,Sant Martí,el Camp de l'Arpa del Clot,Doctor Serrat,Thursday,2020-11-19,Laboral,2020,11,November,19,Morning,10:00:00,Unknown,Motorcycle,Male,56,Driver,Unknown,Unknown,On a mission,Minor injury: Medical assistance at accident site,432105.54,4584925.07,2.18651688,41.41116085
2020S005439    ,Sant Martí,el Camp de l'Arpa del Clot,Doctor Serrat,Thursday,2020-11-19,Laboral,2020,11,November,19,Morning,10:00:00,Unknown,Car,Male,71,Driver,Unknown,Unknown,On a mission,Uninjured,432105.54,4584925.07,2.18651688,41.41116085
2020S005440    ,Sant Martí,la Verneda i la Pau,Guipúscoa,Thursday,2020-11-19,Laboral,2020,11,November,19,Morning,13:00:00,Unknown,Ciclomotor,Male,20,Driver,Unknown,Unknown,Unknown,Minor injury: Hospitalization up to 24 hours,433415.01,4585932.54,2.20207228,41.42034447
2020S005440    ,Sant Martí,la Verneda i la Pau,Guipúscoa,Thursday,2020-11-19,Laboral,2020,11,November,19,Morning,13:00:00,Unknown,Motorcycle,Male,19,Driver,Unknown,Unknown,Unknown,Uninjured,433415.01,4585932.54,2.20207228,41.42034447
2020S005440    ,Sant Martí,la Verneda i la Pau,Guipúscoa,Thursday,2020-11-19,Laboral,2020,11,November,19,Morning,13:00:00,Unknown,Ciclomotor,Female,19,Passenger,Unknown,Unknown,Unknown,Minor injury: Hospitalization up to 24 hours,433415.01,4585932.54,2.20207228,41.42034447
2020S005441    ,Eixample,l'Antiga Esquerra de l'Eixample,Aragó,Thursday,2020-11-19,Laboral,2020,11,November,19,Morning,13:00:00,Unknown,Motorcycle,Male,40,Driver,Unknown,Unknown,Leisure and entertainment,Minor injury: Hospitalization up to 24 hours,429564.42,4582120.73,2.15644185,41.385684345
2020S005441    ,Eixample,l'Antiga Esquerra de l'Eixample,Aragó,Thursday,2020-11-19,Laboral,2020,11,November,19,Morning,13:00:00,Unknown,Motorcycle,Male,23,Driver,Unknown,Unknown,Leisure and entertainment,Minor injury: Hospitalization up to 24 hours,429564.42,4582120.73,2.15644185,41.385684345
2020S005442    ,Sant Andreu,Sant Andreu,Dalt (Llobregat),Thursday,2020-11-19,Laboral,2020,11,November,19,Morning,11:00:00,Unknown,Motorcycle,Male,38,Driver,Unknown,Unknown,On a mission,Minor injury: Hospitalization up to 24 hours,432417.82,4588880.76,2.18981048,41.446814813
2020S005442    ,Sant Andreu,Sant Andreu,Dalt (Llobregat),Thursday,2020-11-19,Laboral,2020,11,November,19,Morning,11:00:00,Unknown,Car,Male,33,Driver,Unknown,Unknown,Leisure and entertainment,Uninjured,432417.82,4588880.76,2.18981048,41.446814813
2020S005443    ,Sants-Montjuďc,la Bordeta,Corts Catalanes,Thursday,2020-11-19,Laboral,2020,11,November,19,Afternoon,15:00:00,Unknown,Furgoneta,Male,44,Driver,Unknown,Unknown,Unknown,Uninjured,428120.05,4580176.09,2.13939928,41.368041834
2020S005443    ,Sants-Montjuďc,la Bordeta,Corts Catalanes,Thursday,2020-11-19,Laboral,2020,11,November,19,Afternoon,15:00:00,Unknown,Motorcycle,Male,22,Driver,Unknown,Unknown,Unknown,Minor injury: Hospitalization up to 24 hours,428120.05,4580176.09,2.13939928,41.368041834
2020S005443    ,Sants-Montjuďc,la Bordeta,Corts Catalanes,Thursday,2020-11-19,Laboral,2020,11,November,19,Afternoon,15:00:00,Unknown,Motorcycle,Female,22,Passenger,Unknown,Unknown,Unknown,Minor injury: Hospitalization up to 24 hours,428120.05,4580176.09,2.13939928,41.368041834
2020S005444    ,Sants-Montjuďc,Sants - Badal,Sants,Thursday,2020-11-19,Laboral,2020,11,November,19,Morning,13:00:00,Unknown,Motorcycle,Female,21,Driver,Unknown,Unknown,Leisure and entertainment,Minor injury: Hospitalization up to 24 hours,427351.59,4581003.2,2.13011256,41.375422282
2020S005444    ,Sants-Montjuďc,Sants - Badal,Sants,Thursday,2020-11-19,Laboral,2020,11,November,19,Morning,13:00:00,Unknown,Motorcycle,Female,56,Passenger,Unknown,Unknown,Unknown,Minor injury: Hospitalization up to 24 hours,427351.59,4581003.2,2.13011256,41.375422282
2020S005444    ,Sants-Montjuďc,Sants - Badal,Sants,Thursday,2020-11-19,Laboral,2020,11,November,19,Morning,13:00:00,Unknown,Motorcycle,Male,67,Driver,Unknown,Unknown,In transit (commuting),Minor injury: Hospitalization up to 24 hours,427351.59,4581003.2,2.13011256,41.375422282
2020S005445    ,Sant Martí,el Clot,Aragó,Thursday,2020-11-19,Laboral,2020,11,November,19,Afternoon,15:00:00,Unknown,Motorcycle,Male,34,Passenger,Unknown,Unknown,Unknown,Minor injury: Hospitalization up to 24 hours,431965.21,4584468.26,2.18488938,41.407034627
2020S005445    ,Sant Martí,el Clot,Aragó,Thursday,2020-11-19,Laboral,2020,11,November,19,Afternoon,15:00:00,Unknown,Car,Female,37,Driver,Unknown,Unknown,Unknown,Uninjured,431965.21,4584468.26,2.18488938,41.407034627
2020S005445    ,Sant Martí,el Clot,Aragó,Thursday,2020-11-19,Laboral,2020,11,November,19,Afternoon,15:00:00,Unknown,Motorcycle,Male,40,Driver,Unknown,Unknown,Unknown,Minor injury: Hospitalization up to 24 hours,431965.21,4584468.26,2.18488938,41.407034627
2020S005445    ,Sant Martí,el Clot,Aragó,Thursday,2020-11-19,Laboral,2020,11,November,19,Afternoon,15:00:00,Unknown,Car,Male,58,Driver,Unknown,Unknown,Unknown,Uninjured,431965.21,4584468.26,2.18488938,41.407034627
2020S005446    ,Sarriŕ-Sant Gervasi,Sant Gervasi - la Bonanova,General Mitre,Thursday,2020-11-19,Laboral,2020,11,November,19,Afternoon,16:00:00,Unknown,Motorcycle,Female,55,Driver,Unknown,Unknown,Unknown,Minor injury: Medical assistance at accident site,428079.96,4584102.76,2.13845359,41.403404308
2020S005447    ,Sant Martí,Provençals del Poblenou,Josep Pla,Thursday,2020-11-19,Laboral,2020,11,November,19,Afternoon,18:00:00,Unknown,Car,Male,62,Driver,Unknown,Unknown,On a mission,Uninjured,433798.22,4585392.31,2.20671679,41.415510447
2020S005447    ,Sant Martí,Provençals del Poblenou,Josep Pla,Thursday,2020-11-19,Laboral,2020,11,November,19,Afternoon,18:00:00,Unknown,Veh. mobilitat personal amb motor,Male,17,Driver,Unknown,Unknown,On a mission,Minor injury: Medical assistance at accident site,433798.22,4585392.31,2.20671679,41.415510447
2020S005448    ,Sant Martí,el Poblenou,Pallars,Thursday,2020-11-19,Laboral,2020,11,November,19,Afternoon,17:00:00,Unknown,Motorcycle,Female,48,Driver,Unknown,Unknown,In transit (commuting),Minor injury: Medical assistance at accident site,433533.43,4584319.82,2.20366653,41.405828942
2020S005448    ,Sant Martí,el Poblenou,Pallars,Thursday,2020-11-19,Laboral,2020,11,November,19,Afternoon,17:00:00,Unknown,Furgoneta,Male,48,Driver,Unknown,Unknown,Professional goods transport,Uninjured,433533.43,4584319.82,2.20366653,41.405828942
2020S005449    ,Nou Barris,la Trinitat Nova,Dalt (Besňs),Thursday,2020-11-19,Laboral,2020,11,November,19,Afternoon,16:00:00,Unknown,Car,Male,31,Driver,Unknown,Unknown,In transit (commuting),Minor injury: Medical assistance at accident site,432218.56,4588908.54,2.18742213,41.447048208
2020S005449    ,Nou Barris,la Trinitat Nova,Dalt (Besňs),Thursday,2020-11-19,Laboral,2020,11,November,19,Afternoon,16:00:00,Unknown,Tot terreny,Male,51,Driver,Unknown,Unknown,Leisure and entertainment,Minor injury: Medical assistance at accident site,432218.56,4588908.54,2.18742213,41.447048208
2020S005449    ,Nou Barris,la Trinitat Nova,Dalt (Besňs),Thursday,2020-11-19,Laboral,2020,11,November,19,Afternoon,16:00:00,Unknown,Car,Male,24,Driver,Unknown,Unknown,Leisure and entertainment,Minor injury: Hospitalization up to 24 hours,432218.56,4588908.54,2.18742213,41.447048208
2020S005449    ,Nou Barris,la Trinitat Nova,Dalt (Besňs),Thursday,2020-11-19,Laboral,2020,11,November,19,Afternoon,16:00:00,Unknown,Car,Male,42,Driver,Unknown,Unknown,Leisure and entertainment,Minor injury: Refused medical assistance,432218.56,4588908.54,2.18742213,41.447048208
2020S005449    ,Nou Barris,la Trinitat Nova,Dalt (Besňs),Thursday,2020-11-19,Laboral,2020,11,November,19,Afternoon,16:00:00,Unknown,Tot terreny,Female,51,Passenger,Unknown,Unknown,Unknown,Minor injury: Medical assistance at accident site,432218.56,4588908.54,2.18742213,41.447048208
2020S005449    ,Nou Barris,la Trinitat Nova,Dalt (Besňs),Thursday,2020-11-19,Laboral,2020,11,November,19,Afternoon,16:00:00,Unknown,Car,Female,21,Passenger,Unknown,Unknown,Unknown,Minor injury: Hospitalization up to 24 hours,432218.56,4588908.54,2.18742213,41.447048208
2020S005450    ,Eixample,la Nova Esquerra de l'Eixample,Comte Borrell,Thursday,2020-11-19,Laboral,2020,11,November,19,Afternoon,15:00:00,Unknown,Bicicleta,Female,28,Driver,Unknown,Unknown,Unknown,Minor injury: Hospitalization up to 24 hours,429282.31,4581985.97,2.15308381,41.384445843
2020S005450    ,Eixample,la Nova Esquerra de l'Eixample,Comte Borrell,Thursday,2020-11-19,Laboral,2020,11,November,19,Afternoon,15:00:00,Unknown,Motorcycle,Male,45,Driver,Unknown,Unknown,Unknown,Uninjured,429282.31,4581985.97,2.15308381,41.384445843
2020S005451    ,Horta-Guinardó,el Guinardó,Segle XX,Thursday,2020-11-19,Laboral,2020,11,November,19,Afternoon,19:00:00,Unknown,Furgoneta,Male,30,Driver,Unknown,Unknown,Unknown,Uninjured,431367.88,4586227.14,2.17754381,41.422825477
2020S005451    ,Horta-Guinardó,el Guinardó,Segle XX,Thursday,2020-11-19,Laboral,2020,11,November,19,Afternoon,19:00:00,Unknown,Car,Male,29,Driver,Unknown,Unknown,Unknown,Minor injury: Hospitalization up to 24 hours,431367.88,4586227.14,2.17754381,41.422825477
2020S005452    ,Eixample,la Dreta de l'Eixample,Corts Catalanes,Thursday,2020-11-19,Laboral,2020,11,November,19,Afternoon,20:00:00,Unknown,Furgoneta,Female,55,Driver,Unknown,Unknown,Unknown,Uninjured,430628.02,4582558.72,2.1691114,41.389721662
2020S005452    ,Eixample,la Dreta de l'Eixample,Corts Catalanes,Thursday,2020-11-19,Laboral,2020,11,November,19,Afternoon,20:00:00,Unknown,Motorcycle,Male,48,Driver,Unknown,Unknown,Unknown,Uninjured,430628.02,4582558.72,2.1691114,41.389721662
2020S005452    ,Eixample,la Dreta de l'Eixample,Corts Catalanes,Thursday,2020-11-19,Laboral,2020,11,November,19,Afternoon,20:00:00,Unknown,Motorcycle,Female,45,Driver,Unknown,Unknown,Unknown,Minor injury: Hospitalization up to 24 hours,430628.02,4582558.72,2.1691114,41.389721662
2020S005453    ,Nou Barris,Porta,Valldaura,Friday,2020-11-20,Laboral,2020,11,November,20,Morning,07:00:00,Unknown,Car,Male,50,Driver,Unknown,Unknown,Unknown,Uninjured,431753.58,4588038.03,2.18195452,41.439168419
2020S005453    ,Nou Barris,Porta,Valldaura,Friday,2020-11-20,Laboral,2020,11,November,20,Morning,07:00:00,Unknown,Car,Male,43,Driver,Unknown,Unknown,Unknown,Minor injury: Hospitalization up to 24 hours,431753.58,4588038.03,2.18195452,41.439168419
2020S005453    ,Nou Barris,Porta,Valldaura,Friday,2020-11-20,Laboral,2020,11,November,20,Morning,07:00:00,Unknown,Car,Male,15,Passenger,Unknown,Unknown,Unknown,Minor injury: Medical assistance at accident site,431753.58,4588038.03,2.18195452,41.439168419
2020S005454    ,Les Corts,la Maternitat i Sant Ramon,Diagonal,Friday,2020-11-20,Laboral,2020,11,November,20,Morning,10:00:00,Unknown,Autobús articulat,Male,48,Driver,Unknown,Unknown,Urban bus,Uninjured,426117.83,4582064.97,2.11523085,41.384872816
2020S005454    ,Les Corts,la Maternitat i Sant Ramon,Diagonal,Friday,2020-11-20,Laboral,2020,11,November,20,Morning,10:00:00,Unknown,Motorcycle,Male,30,Driver,Unknown,Unknown,Leisure and entertainment,Minor injury: Hospitalization up to 24 hours,426117.83,4582064.97,2.11523085,41.384872816
2020S005455    ,Sant Martí,Provençals del Poblenou,C-31,Thursday,2020-11-19,Laboral,2020,11,November,19,Afternoon,18:00:00,Unknown,Car,Male,45,Driver,Unknown,Unknown,Other activities,Uninjured,433010.8,4584901.86,2.19734988,41.41102781
2020S005455    ,Sant Martí,Provençals del Poblenou,C-31,Thursday,2020-11-19,Laboral,2020,11,November,19,Afternoon,18:00:00,Unknown,Motorcycle,Male,60,Driver,Unknown,Unknown,In transit (commuting),Minor injury: Hospitalization up to 24 hours,433010.8,4584901.86,2.19734988,41.41102781
2020S005456    ,Les Corts,la Maternitat i Sant Ramon,Cardenal Reig,Friday,2020-11-20,Laboral,2020,11,November,20,Morning,09:00:00,Unknown,Motorcycle,Male,23,Driver,Unknown,Unknown,Leisure and entertainment,Minor injury: Hospitalization up to 24 hours,426023.72,4581080.51,2.11422565,41.375997548
2020S005456    ,Les Corts,la Maternitat i Sant Ramon,Cardenal Reig,Friday,2020-11-20,Laboral,2020,11,November,20,Morning,09:00:00,Unknown,Car,Male,45,Driver,Unknown,Unknown,Leisure and entertainment,Uninjured,426023.72,4581080.51,2.11422565,41.375997548
2020S005457    ,Sant Andreu,la Trinitat Vella,Santa Coloma,Friday,2020-11-20,Laboral,2020,11,November,20,Morning,12:00:00,Unknown,Car,Male,44,Driver,Unknown,Unknown,Other activities,Uninjured,433075.4,4588998.68,2.19766893,41.447932004
2020S005457    ,Sant Andreu,la Trinitat Vella,Santa Coloma,Friday,2020-11-20,Laboral,2020,11,November,20,Morning,12:00:00,Unknown,Car,Female,41,Passenger,Unknown,Unknown,Unknown,Minor injury: Hospitalization up to 24 hours,433075.4,4588998.68,2.19766893,41.447932004
2020S005457    ,Sant Andreu,la Trinitat Vella,Santa Coloma,Friday,2020-11-20,Laboral,2020,11,November,20,Morning,12:00:00,Unknown,Furgoneta,Male,48,Driver,Unknown,Unknown,Other activities,Uninjured,433075.4,4588998.68,2.19766893,41.447932004
2020S005457    ,Sant Andreu,la Trinitat Vella,Santa Coloma,Friday,2020-11-20,Laboral,2020,11,November,20,Morning,12:00:00,Unknown,Furgoneta,Male,43,Driver,Unknown,Unknown,Other activities,Uninjured,433075.4,4588998.68,2.19766893,41.447932004
2020S005458    ,Eixample,l'Antiga Esquerra de l'Eixample,Aribau,Friday,2020-11-20,Laboral,2020,11,November,20,Morning,13:00:00,Unknown,Motorcycle,Female,23,Driver,Unknown,Unknown,Unknown,Minor injury: Medical assistance at accident site,429653.89,4582562.53,2.1574605,41.389671324
2020S005458    ,Eixample,l'Antiga Esquerra de l'Eixample,Aribau,Friday,2020-11-20,Laboral,2020,11,November,20,Morning,13:00:00,Unknown,Tot terreny,Female,61,Driver,Unknown,Unknown,Unknown,Uninjured,429653.89,4582562.53,2.1574605,41.389671324
2020S005459    ,Sants-Montjuďc,la Font de la Guatlla,Corts Catalanes,Friday,2020-11-20,Laboral,2020,11,November,20,Morning,12:00:00,Unknown,Car,Female,88,Passenger,Unknown,Unknown,Unknown,Minor injury: Hospitalization up to 24 hours,428338.87,4580317.7,2.14199871,41.369336788
2020S005459    ,Sants-Montjuďc,la Font de la Guatlla,Corts Catalanes,Friday,2020-11-20,Laboral,2020,11,November,20,Morning,12:00:00,Unknown,Car,Male,48,Driver,Unknown,Unknown,Taxi,Uninjured,428338.87,4580317.7,2.14199871,41.369336788
2020S005460    ,Grŕcia,Vallcarca i els Penitents,Vall d'Hebron,Friday,2020-11-20,Laboral,2020,11,November,20,Morning,13:00:00,Unknown,Car,Male,48,Driver,Unknown,Unknown,On a mission,Uninjured,428290.4,4586049.01,2.14074014,41.420952196
2020S005460    ,Grŕcia,Vallcarca i els Penitents,Vall d'Hebron,Friday,2020-11-20,Laboral,2020,11,November,20,Morning,13:00:00,Unknown,Motorcycle,Female,43,Driver,Unknown,Unknown,In transit (commuting),Minor injury: Refused medical assistance,428290.4,4586049.01,2.14074014,41.420952196
2020S005461    ,Nou Barris,Vilapicina i la Torre Llobeta,Maragall,Friday,2020-11-20,Laboral,2020,11,November,20,Afternoon,14:00:00,Unknown,Car,Female,53,Driver,Unknown,Unknown,On a mission,Uninjured,430960.28,4586647.55,2.17261845,41.426577019
2020S005461    ,Nou Barris,Vilapicina i la Torre Llobeta,Maragall,Friday,2020-11-20,Laboral,2020,11,November,20,Afternoon,14:00:00,Unknown,Autobús,Female,53,Passenger,Unknown,Unknown,Unknown,Minor injury: Hospitalization up to 24 hours,430960.28,4586647.55,2.17261845,41.426577019
2020S005461    ,Nou Barris,Vilapicina i la Torre Llobeta,Maragall,Friday,2020-11-20,Laboral,2020,11,November,20,Afternoon,14:00:00,Unknown,Autobús,Male,32,Driver,Unknown,Unknown,Urban bus,Uninjured,430960.28,4586647.55,2.17261845,41.426577019
2020S005462    ,Sant Martí,Provençals del Poblenou,Corts Catalanes,Friday,2020-11-20,Laboral,2020,11,November,20,Afternoon,14:00:00,Unknown,Motorcycle,Female,33,Driver,Unknown,Unknown,In transit (commuting),Minor injury: Medical assistance at accident site,433349.55,4585185.38,2.20137139,41.413609577
2020S005463    ,Sant Martí,el Camp de l'Arpa del Clot,Meridiana,Friday,2020-11-20,Laboral,2020,11,November,20,Afternoon,16:00:00,Unknown,Ciclomotor,Female,23,Driver,Unknown,Unknown,Leisure and entertainment,Minor injury: Medical assistance at accident site,432102.62,4585012.01,2.18647218,41.411943646
2020S005463    ,Sant Martí,el Camp de l'Arpa del Clot,Meridiana,Friday,2020-11-20,Laboral,2020,11,November,20,Afternoon,16:00:00,Unknown,Motorcycle,Male,48,Driver,Unknown,Unknown,Unknown,Minor injury: Hospitalization up to 24 hours,432102.62,4585012.01,2.18647218,41.411943646
2020S005464    ,Les Corts,les Corts,Numŕncia,Friday,2020-11-20,Laboral,2020,11,November,20,Afternoon,16:00:00,Unknown,Motorcycle,Female,53,Passenger,Unknown,Unknown,Unknown,Minor injury: Hospitalization up to 24 hours,427826.15,4582249.22,2.13563847,41.386687446