Case_Number,District_Name,Neighborhood_Name,Street_Name,Day_of_Week,Date,Day_Type_Description,Year,Month_of_Year,Month_Name,Day_of_Month,Shift_Description,Hour_of_Day,Pedestrian_Cause_Description,Involved_Vehicle_Type_Description,Gender_Description,Age,Person_Type_Description,Pedestrian_Accident_Location_Description,Pedestrian_Movement_Reason_Description,Driver_Movement_Reason_Description,Victimization_Description,Coordenada_UTM_X,Coordenada_UTM_Y,Longitud,Latitud
2020S005464    ,Les Corts,les Corts,Numŕncia,Friday,2020-11-20,Laboral,2020,11,November,20,Afternoon,16:00:00,Unknown,Motorcycle,Male,35,Driver,Unknown,Unknown,Unknown,Minor injury: Hospitalization up to 24 hours,427826.15,4582249.22,2.13563847,41.386687446
2020S005464    ,Les Corts,les Corts,Numŕncia,Friday,2020-11-20,Laboral,2020,11,November,20,Afternoon,16:00:00,Unknown,Furgoneta,Male,23,Driver,Unknown,Unknown,Unknown,Uninjured,427826.15,4582249.22,2.13563847,41.386687446
2020S005465    ,Sarriŕ-Sant Gervasi,Sant Gervasi - la Bonanova,General Mitre,Friday,2020-11-20,Laboral,2020,11,November,20,Afternoon,16:00:00,Unknown,Taxi,Male,44,Driver,Unknown,Unknown,Taxi,Uninjured,428079.96,4584102.76,2.13845359,41.403404308
2020S005465    ,Sarriŕ-Sant Gervasi,Sant Gervasi - la Bonanova,General Mitre,Friday,2020-11-20,Laboral,2020,11,November,20,Afternoon,16:00:00,Unknown,Taxi,Female,46,Passenger,Unknown,Unknown,Unknown,Minor injury: Hospitalization up to 24 hours,428079.96,4584102.76,2.13845359,41.403404308
2020S005466    ,Grŕcia,la Vila de Grŕcia,Verdi,Friday,2020-11-20,Laboral,2020,11,November,20,Afternoon,16:00:00,Unknown,Car,Female,52,Driver,Unknown,Unknown,In transit (commuting),Unknown,429654.49,4584085.84,2.15729061,41.403391304
2020S005467    ,Sarriŕ-Sant Gervasi,el Putxet i el Farró,General Mitre,Friday,2020-11-20,Laboral,2020,11,November,20,Afternoon,20:00:00,Unknown,Car,Female,49,Driver,Unknown,Unknown,Unknown,Uninjured,428694.92,4584332.92,2.1457828,41.405532078
2020S005467    ,Sarriŕ-Sant Gervasi,el Putxet i el Farró,General Mitre,Friday,2020-11-20,Laboral,2020,11,November,20,Afternoon,20:00:00,Unknown,Motorcycle,Male,57,Driver,Unknown,Unknown,Unknown,Minor injury: Hospitalization up to 24 hours,428694.92,4584332.92,2.1457828,41.405532078
2020S005468    ,Sant Martí,el Camp de l'Arpa del Clot,Dos de Maig,Friday,2020-11-20,Laboral,2020,11,November,20,Afternoon,19:00:00,Unknown,Motorcycle,Male,63,Driver,Unknown,Unknown,Leisure and entertainment,Minor injury: Hospitalization up to 24 hours,431363.0,4584865.31,2.17764003,41.410559507
2020S005468    ,Sant Martí,el Camp de l'Arpa del Clot,Dos de Maig,Friday,2020-11-20,Laboral,2020,11,November,20,Afternoon,19:00:00,Unknown,Ciclomotor,Male,21,Driver,Unknown,Unknown,Leisure and entertainment,Uninjured,431363.0,4584865.31,2.17764003,41.410559507
2020S005469    ,Sarriŕ-Sant Gervasi,Sant Gervasi - Galvany,Modolell,Friday,2020-11-20,Laboral,2020,11,November,20,Afternoon,15:00:00,Unknown,Car,Female,39,Driver,Unknown,Unknown,Unknown,Uninjured,427979.48,4583444.47,2.13732997,41.397466352
2020S005469    ,Sarriŕ-Sant Gervasi,Sant Gervasi - Galvany,Modolell,Friday,2020-11-20,Laboral,2020,11,November,20,Afternoon,15:00:00,Unknown,Motorcycle,Male,44,Driver,Unknown,Unknown,Unknown,Minor injury: Hospitalization up to 24 hours,427979.48,4583444.47,2.13732997,41.397466352
2020S005470    ,Horta-Guinardó,el Baix Guinardó,Cartagena,Friday,2020-11-20,Laboral,2020,11,November,20,Afternoon,15:00:00,Unknown,Motorcycle,Male,63,Driver,Unknown,Unknown,Unknown,Uninjured,430833.7,4585181.79,2.17127144,41.413364535
2020S005470    ,Horta-Guinardó,el Baix Guinardó,Cartagena,Friday,2020-11-20,Laboral,2020,11,November,20,Afternoon,15:00:00,Unknown,Motorcycle,Male,37,Driver,Unknown,Unknown,Unknown,Minor injury: Medical assistance at accident site,430833.7,4585181.79,2.17127144,41.413364535
2020S005471    ,Horta-Guinardó,el Baix Guinardó,Marina,Friday,2020-11-20,Laboral,2020,11,November,20,Afternoon,16:00:00,Desobeir el senyal del semŕfor,Ciclomotor,Male,44,Driver,Unknown,Unknown,Unknown,Minor injury: Hospitalization up to 24 hours,430637.53,4584653.18,2.16898505,41.408586609
2020S005471    ,Horta-Guinardó,el Baix Guinardó,Marina,Friday,2020-11-20,Laboral,2020,11,November,20,Afternoon,16:00:00,Desobeir el senyal del semŕfor,Veh. mobilitat personal amb motor,Male,16,Driver,Unknown,Unknown,Leisure and entertainment,Minor injury: Hospitalization up to 24 hours,430637.53,4584653.18,2.16898505,41.408586609
2020S005472    ,Les Corts,les Corts,Diagonal,Friday,2020-11-20,Laboral,2020,11,November,20,Afternoon,15:00:00,Unknown,Veh. mobilitat personal amb motor,Male,18,Driver,Unknown,Unknown,Leisure and entertainment,Minor injury: Hospitalization up to 24 hours,427950.94,4582654.58,2.13708262,41.390349562
2020S005472    ,Les Corts,les Corts,Diagonal,Friday,2020-11-20,Laboral,2020,11,November,20,Afternoon,15:00:00,Unknown,Car,Male,66,Driver,Unknown,Unknown,Leisure and entertainment,Uninjured,427950.94,4582654.58,2.13708262,41.390349562
2020S005473    ,Eixample,la Sagrada Família,Valčncia,Saturday,2020-11-21,Laboral,2020,11,November,21,Afternoon,14:00:00,Unknown,Car,Female,50,Driver,Unknown,Unknown,Activitat esportiva particular,Minor injury: Medical assistance at accident site,431684.41,4584381.67,2.18153992,41.406230909
2020S005473    ,Eixample,la Sagrada Família,Valčncia,Saturday,2020-11-21,Laboral,2020,11,November,21,Afternoon,14:00:00,Unknown,Motorcycle,Male,61,Driver,Unknown,Unknown,Student heading to educational center,Minor injury: Hospitalization up to 24 hours,431684.41,4584381.67,2.18153992,41.406230909
2020S005474    ,Les Corts,les Corts,Corts,Saturday,2020-11-21,Laboral,2020,11,November,21,Afternoon,14:00:00,Unknown,Furgoneta,Male,30,Driver,Unknown,Unknown,Unknown,Uninjured,428119.02,4582509.2,2.1391101,41.389055226
2020S005474    ,Les Corts,les Corts,Corts,Saturday,2020-11-21,Laboral,2020,11,November,21,Afternoon,14:00:00,Unknown,Motorcycle,Male,29,Driver,Unknown,Unknown,In transit (commuting),Minor injury: Hospitalization up to 24 hours,428119.02,4582509.2,2.1391101,41.389055226
2020S005475    ,Horta-Guinardó,Horta,Santa Joana d'Arc,Saturday,2020-11-21,Laboral,2020,11,November,21,Morning,11:00:00,Transitar a peu per la calçada,Furgoneta,Male,83,Pedestrian,Outside the crossing,Unknown,Unknown,Minor injury: Hospitalization up to 24 hours,429812.05,4586706.77,2.15887114,41.427010829
2020S005475    ,Horta-Guinardó,Horta,Santa Joana d'Arc,Saturday,2020-11-21,Laboral,2020,11,November,21,Morning,11:00:00,Transitar a peu per la calçada,Furgoneta,Male,32,Driver,Outside the crossing,Unknown,Unknown,Uninjured,429812.05,4586706.77,2.15887114,41.427010829
2020S005476    ,Eixample,la Dreta de l'Eixample,Corts Catalanes,Saturday,2020-11-21,Laboral,2020,11,November,21,Morning,13:00:00,Unknown,Car,Male,27,Driver,Unknown,Unknown,Unknown,Uninjured,430900.69,4582898.47,2.17233372,41.392805172
2020S005476    ,Eixample,la Dreta de l'Eixample,Corts Catalanes,Saturday,2020-11-21,Laboral,2020,11,November,21,Morning,13:00:00,Unknown,Motorcycle,Female,25,Driver,Unknown,Unknown,Unknown,Minor injury: Hospitalization up to 24 hours,430900.69,4582898.47,2.17233372,41.392805172
2020S005477    ,Sants-Montjuďc,Hostafrancs,Tarragona,Saturday,2020-11-21,Laboral,2020,11,November,21,Morning,13:00:00,Unknown,Furgoneta,Male,55,Driver,Unknown,Unknown,Unknown,Uninjured,428738.46,4581203.33,2.14667207,41.377348858
2020S005477    ,Sants-Montjuďc,Hostafrancs,Tarragona,Saturday,2020-11-21,Laboral,2020,11,November,21,Morning,13:00:00,Unknown,Motorcycle,Male,31,Driver,Unknown,Unknown,Leisure and entertainment,Minor injury: Hospitalization up to 24 hours,428738.46,4581203.33,2.14667207,41.377348858
2020S005478    ,Sants-Montjuďc,Sants,Socors,Saturday,2020-11-21,Laboral,2020,11,November,21,Afternoon,17:00:00,Unknown,Motorcycle,Male,33,Driver,Unknown,Unknown,Leisure and entertainment,Minor injury: Hospitalization up to 24 hours,427447.92,4581158.42,2.13124581,41.376828986
2020S005478    ,Sants-Montjuďc,Sants,Socors,Saturday,2020-11-21,Laboral,2020,11,November,21,Afternoon,17:00:00,Unknown,Car,Male,29,Driver,Unknown,Unknown,Leisure and entertainment,Uninjured,427447.92,4581158.42,2.13124581,41.376828986
2020S005479    ,Sarriŕ-Sant Gervasi,Sant Gervasi - Galvany,General Mitre,Saturday,2020-11-21,Laboral,2020,11,November,21,Afternoon,21:00:00,Unknown,Car,Female,12,Pedestrian,In crossing regulated by traffic lights,Leisure and entertainment,Unknown,Minor injury: Hospitalization up to 24 hours,427939.05,4583891.21,2.13679318,41.401486338
2020S005479    ,Sarriŕ-Sant Gervasi,Sant Gervasi - Galvany,General Mitre,Saturday,2020-11-21,Laboral,2020,11,November,21,Afternoon,21:00:00,Unknown,Car,Female,43,Driver,In crossing regulated by traffic lights,Unknown,Leisure and entertainment,Uninjured,427939.05,4583891.21,2.13679318,41.401486338
2020S005480    ,Eixample,la Dreta de l'Eixample,Diputació,Sunday,2020-11-22,Laboral,2020,11,November,22,Night,00:00:00,Unknown,Car,Male,52,Driver,Unknown,Unknown,Taxi,Minor injury: Medical assistance at accident site,430680.32,4582841.24,2.16970455,41.392270744
2020S005480    ,Eixample,la Dreta de l'Eixample,Diputació,Sunday,2020-11-22,Laboral,2020,11,November,22,Night,00:00:00,Unknown,Car,Male,49,Driver,Unknown,Unknown,Taxi,Uninjured,430680.32,4582841.24,2.16970455,41.392270744
2020S005481    ,Sants-Montjuďc,Hostafrancs,Espanya,Saturday,2020-11-21,Laboral,2020,11,November,21,Morning,11:00:00,Unknown,Motorcycle,Male,29,Driver,Unknown,Unknown,Other activities,Minor injury: Hospitalization up to 24 hours,428856.77,4580938.01,2.14811793,41.374969684
2020S005481    ,Sants-Montjuďc,Hostafrancs,Espanya,Saturday,2020-11-21,Laboral,2020,11,November,21,Morning,11:00:00,Unknown,Taxi,Male,35,Driver,Unknown,Unknown,Taxi,Uninjured,428856.77,4580938.01,2.14811793,41.374969684
2020S005482    ,Sarriŕ-Sant Gervasi,Sant Gervasi - Galvany,Ferran Valls i Taberner,Sunday,2020-11-22,Laboral,2020,11,November,22,Morning,12:00:00,Unknown,Motorcycle,Male,29,Driver,Unknown,Unknown,Leisure and entertainment,Minor injury: Medical assistance at accident site,428329.54,4584052.57,2.14144508,41.402974567
2020S005482    ,Sarriŕ-Sant Gervasi,Sant Gervasi - Galvany,Ferran Valls i Taberner,Sunday,2020-11-22,Laboral,2020,11,November,22,Morning,12:00:00,Unknown,Tot terreny,Male,38,Driver,Unknown,Unknown,Leisure and entertainment,Uninjured,428329.54,4584052.57,2.14144508,41.402974567
2020S005483    ,Horta-Guinardó,el Guinardó,Guinardó,Sunday,2020-11-22,Laboral,2020,11,November,22,Morning,12:00:00,Unknown,Motorcycle,Male,29,Driver,Unknown,Unknown,Leisure and entertainment,Minor injury: Hospitalization up to 24 hours,431114.99,4585540.4,2.174596,41.416618589
2020S005483    ,Horta-Guinardó,el Guinardó,Guinardó,Sunday,2020-11-22,Laboral,2020,11,November,22,Morning,12:00:00,Unknown,Furgoneta,Male,37,Driver,Unknown,Unknown,On a mission,Uninjured,431114.99,4585540.4,2.174596,41.416618589
2020S005484    ,Sant Martí,el Camp de l'Arpa del Clot,Xifré,Sunday,2020-11-22,Laboral,2020,11,November,22,Morning,13:00:00,Unknown,Bicicleta,Male,33,Driver,Unknown,Unknown,Unknown,Minor injury: Hospitalization up to 24 hours,431566.23,4584962.65,2.1800604,41.411453557
2020S005484    ,Sant Martí,el Camp de l'Arpa del Clot,Xifré,Sunday,2020-11-22,Laboral,2020,11,November,22,Morning,13:00:00,Unknown,Car,Male,65,Driver,Unknown,Unknown,Unknown,Uninjured,431566.23,4584962.65,2.1800604,41.411453557
2020S005485    ,Eixample,la Nova Esquerra de l'Eixample,Provença,Sunday,2020-11-22,Laboral,2020,11,November,22,Morning,13:00:00,Unknown,Car,Male,25,Passenger,Unknown,Unknown,Unknown,Minor injury: Medical assistance at accident site,428796.08,4581959.67,2.14727215,41.384166056
2020S005485    ,Eixample,la Nova Esquerra de l'Eixample,Provença,Sunday,2020-11-22,Laboral,2020,11,November,22,Morning,13:00:00,Unknown,Car,Male,20,Driver,Unknown,Unknown,Leisure and entertainment,Minor injury: Medical assistance at accident site,428796.08,4581959.67,2.14727215,41.384166056
2020S005485    ,Eixample,la Nova Esquerra de l'Eixample,Provença,Sunday,2020-11-22,Laboral,2020,11,November,22,Morning,13:00:00,Unknown,Car,Female,64,Driver,Unknown,Unknown,Leisure and entertainment,Uninjured,428796.08,4581959.67,2.14727215,41.384166056
2020S005486    ,Sarriŕ-Sant Gervasi,el Putxet i el Farró,General Mitre,Sunday,2020-11-22,Laboral,2020,11,November,22,Morning,13:00:00,Unknown,Motorcycle,Female,34,Driver,Unknown,Unknown,Other activities,Uninjured,428852.95,4584342.97,2.14767208,41.405636604
2020S005486    ,Sarriŕ-Sant Gervasi,el Putxet i el Farró,General Mitre,Sunday,2020-11-22,Laboral,2020,11,November,22,Morning,13:00:00,Unknown,Car,Male,36,Driver,Unknown,Unknown,Other activities,Uninjured,428852.95,4584342.97,2.14767208,41.405636604
2020S005486    ,Sarriŕ-Sant Gervasi,el Putxet i el Farró,General Mitre,Sunday,2020-11-22,Laboral,2020,11,November,22,Morning,13:00:00,Unknown,Motorcycle,Male,38,Driver,Unknown,Unknown,Other activities,Minor injury: Medical assistance at accident site,428852.95,4584342.97,2.14767208,41.405636604
2020S005487    ,Nou Barris,el Turó de la Peira,Fabra i Puig,Sunday,2020-11-22,Laboral,2020,11,November,22,Afternoon,16:00:00,Creuar per fora pas de vianants,Car,Male,26,Driver,Outside the crossing,Unknown,Other activities,Uninjured,430194.03,4587271.13,2.16337697,41.432127107
2020S005487    ,Nou Barris,el Turó de la Peira,Fabra i Puig,Sunday,2020-11-22,Laboral,2020,11,November,22,Afternoon,16:00:00,Creuar per fora pas de vianants,Car,Male,15,Pedestrian,Outside the crossing,Other activities,Unknown,Minor injury: Hospitalization up to 24 hours,430194.03,4587271.13,2.16337697,41.432127107
2020S005488    ,Grŕcia,el Camp d'en Grassot i Grŕcia Nova,Sardenya,Thursday,2020-11-19,Laboral,2020,11,November,19,Afternoon,15:00:00,Unknown,Bicicleta,Female,34,Driver,Unknown,Unknown,Leisure and entertainment,Minor injury: Hospitalization up to 24 hours,430509.11,4584556.38,2.16745984,41.407703666
2020S005488    ,Grŕcia,el Camp d'en Grassot i Grŕcia Nova,Sardenya,Thursday,2020-11-19,Laboral,2020,11,November,19,Afternoon,15:00:00,Unknown,Car,Female,34,Driver,Unknown,Unknown,Leisure and entertainment,Uninjured,430509.11,4584556.38,2.16745984,41.407703666
2020S005489    ,Sant Martí,Provençals del Poblenou,C-31,Sunday,2020-11-22,Laboral,2020,11,November,22,Afternoon,14:00:00,Unknown,Car,Female,57,Driver,Unknown,Unknown,Leisure and entertainment,Uninjured,432792.39,4584691.03,2.19476028,41.409110679
2020S005489    ,Sant Martí,Provençals del Poblenou,C-31,Sunday,2020-11-22,Laboral,2020,11,November,22,Afternoon,14:00:00,Unknown,Car,Male,60,Driver,Unknown,Unknown,Leisure and entertainment,Minor injury: Refused medical assistance,432792.39,4584691.03,2.19476028,41.409110679
2020S005489    ,Sant Martí,Provençals del Poblenou,C-31,Sunday,2020-11-22,Laboral,2020,11,November,22,Afternoon,14:00:00,Unknown,Car,Female,56,Passenger,Unknown,Unknown,Unknown,Minor injury: Refused medical assistance,432792.39,4584691.03,2.19476028,41.409110679
2020S005490    ,Eixample,el Fort Pienc,Consell de Cent,Sunday,2020-11-22,Laboral,2020,11,November,22,Afternoon,17:00:00,Unknown,Veh. mobilitat personal amb motor,Male,35,Driver,Unknown,Unknown,Unknown,Uninjured,431223.66,4583558.44,2.17612159,41.398777023
2020S005490    ,Eixample,el Fort Pienc,Consell de Cent,Sunday,2020-11-22,Laboral,2020,11,November,22,Afternoon,17:00:00,Unknown,Bicicleta,Female,65,Driver,Unknown,Unknown,Leisure and entertainment,Minor injury: Hospitalization up to 24 hours,431223.66,4583558.44,2.17612159,41.398777023
2020S005490    ,Eixample,el Fort Pienc,Consell de Cent,Sunday,2020-11-22,Laboral,2020,11,November,22,Afternoon,17:00:00,Unknown,Car,Male,42,Driver,Unknown,Unknown,Unknown,Uninjured,431223.66,4583558.44,2.17612159,41.398777023
2020S005491    ,Eixample,la Dreta de l'Eixample,Balmes,Sunday,2020-11-22,Laboral,2020,11,November,22,Afternoon,20:00:00,Unknown,Tot terreny,Female,24,Driver,Unknown,Unknown,Unknown,Uninjured,430187.34,4582430.35,2.16385572,41.388527325
2020S005492    ,Eixample,Sant Antoni,Universitat,Sunday,2020-11-22,Laboral,2020,11,November,22,Afternoon,21:00:00,Unknown,Car,Male,55,Driver,Unknown,Unknown,Other activities,Uninjured,430138.0,4582066.54,2.16330761,41.385246317
2020S005492    ,Eixample,Sant Antoni,Universitat,Sunday,2020-11-22,Laboral,2020,11,November,22,Afternoon,21:00:00,Unknown,Motorcycle,Male,25,Driver,Unknown,Unknown,Other activities,Minor injury: Medical assistance at accident site,430138.0,4582066.54,2.16330761,41.385246317
2020S005493    ,Nou Barris,Vilapicina i la Torre Llobeta,Včlia,Sunday,2020-11-22,Laboral,2020,11,November,22,Afternoon,21:00:00,Unknown,Car,Female,28,Driver,Unknown,Unknown,Leisure and entertainment,Uninjured,431630.49,4586789.5,2.18062257,41.427912868
2020S005493    ,Nou Barris,Vilapicina i la Torre Llobeta,Včlia,Sunday,2020-11-22,Laboral,2020,11,November,22,Afternoon,21:00:00,Unknown,Motorcycle,Male,34,Driver,Unknown,Unknown,Other activities,Minor injury: Hospitalization up to 24 hours,431630.49,4586789.5,2.18062257,41.427912868
2020S005493    ,Nou Barris,Vilapicina i la Torre Llobeta,Včlia,Sunday,2020-11-22,Laboral,2020,11,November,22,Afternoon,21:00:00,Unknown,Car,Male,33,Passenger,Unknown,Unknown,Unknown,Minor injury: Hospitalization up to 24 hours,431630.49,4586789.5,2.18062257,41.427912868
2020S005494    ,Sants-Montjuďc,la Marina de Port,Mineria,Sunday,2020-11-22,Laboral,2020,11,November,22,Night,22:00:00,Desobeir el senyal del semŕfor,Motorcycle,Male,32,Driver,In crossing regulated by traffic lights,Unknown,Unknown,Minor injury: Hospitalization up to 24 hours,427899.85,4579692.16,2.13682417,41.363663539
2020S005494    ,Sants-Montjuďc,la Marina de Port,Mineria,Sunday,2020-11-22,Laboral,2020,11,November,22,Night,22:00:00,Desobeir el senyal del semŕfor,Motorcycle,Female,20,Pedestrian,In crossing regulated by traffic lights,Unknown,Unknown,Minor injury: Hospitalization up to 24 hours,427899.85,4579692.16,2.13682417,41.363663539
2020S005495    ,Eixample,l'Antiga Esquerra de l'Eixample,Corts Catalanes,Monday,2020-11-23,Laboral,2020,11,November,23,Night,00:00:00,Unknown,Car,Male,40,Driver,Unknown,Unknown,Unknown,Uninjured,430073.01,4582088.29,2.16252788,41.385436562
2020S005495    ,Eixample,l'Antiga Esquerra de l'Eixample,Corts Catalanes,Monday,2020-11-23,Laboral,2020,11,November,23,Night,00:00:00,Unknown,Car,Male,48,Driver,Unknown,Unknown,Taxi,Minor injury: Hospitalization up to 24 hours,430073.01,4582088.29,2.16252788,41.385436562
2020S005496    ,Sant Andreu,el Bon Pastor,Guayaquil,Monday,2020-11-23,Laboral,2020,11,November,23,Morning,09:00:00,Unknown,Furgoneta,Male,52,Driver,Unknown,Unknown,On a mission,Uninjured,433634.59,4588664.94,2.20439949,41.444972569
2020S005496    ,Sant Andreu,el Bon Pastor,Guayaquil,Monday,2020-11-23,Laboral,2020,11,November,23,Morning,09:00:00,Unknown,Car,Female,36,Driver,Unknown,Unknown,Other activities,Minor injury: Hospitalization up to 24 hours,433634.59,4588664.94,2.20439949,41.444972569
2020S005497    ,Les Corts,la Maternitat i Sant Ramon,Joan XXIII,Monday,2020-11-23,Laboral,2020,11,November,23,Morning,11:00:00,Unknown,Motorcycle,Male,24,Driver,Unknown,Unknown,Student heading to educational center,Unknown,426740.28,4582066.66,2.12267443,41.384944992
2020S005497    ,Les Corts,la Maternitat i Sant Ramon,Joan XXIII,Monday,2020-11-23,Laboral,2020,11,November,23,Morning,11:00:00,Unknown,Car,Male,53,Driver,Unknown,Unknown,On a mission,Uninjured,426740.28,4582066.66,2.12267443,41.384944992
2020S005498    ,Sant Martí,Sant Martí de Provençals,Selva de Mar,Monday,2020-11-23,Laboral,2020,11,November,23,Morning,12:00:00,Unknown,Furgoneta,Male,30,Driver,Unknown,Unknown,On a mission,Uninjured,433311.54,4585317.59,2.20090204,41.414797201
2020S005498    ,Sant Martí,Sant Martí de Provençals,Selva de Mar,Monday,2020-11-23,Laboral,2020,11,November,23,Morning,12:00:00,Unknown,Veh. mobilitat personal amb motor,Female,30,Driver,Unknown,Unknown,Unknown,Minor injury: Hospitalization up to 24 hours,433311.54,4585317.59,2.20090204,41.414797201
2020S005499    ,Sant Martí,Diagonal Mar i el Front Marítim del Poblenou,Fluviŕ,Monday,2020-11-23,Laboral,2020,11,November,23,Afternoon,14:00:00,Unknown,Motorcycle,Male,60,Driver,Unknown,Unknown,Leisure and entertainment,Minor injury: Hospitalization up to 24 hours,434044.3,4584190.78,2.20979211,41.404708812
2020S005499    ,Sant Martí,Diagonal Mar i el Front Marítim del Poblenou,Fluviŕ,Monday,2020-11-23,Laboral,2020,11,November,23,Afternoon,14:00:00,Unknown,Furgoneta,Male,39,Driver,Unknown,Unknown,On a mission,Uninjured,434044.3,4584190.78,2.20979211,41.404708812
2020S005500    ,Eixample,l'Antiga Esquerra de l'Eixample,Corts Catalanes,Monday,2020-11-23,Laboral,2020,11,November,23,Morning,13:00:00,Unknown,Motorcycle,Male,48,Driver,Unknown,Unknown,Unknown,Minor injury: Hospitalization up to 24 hours,430197.26,4582210.36,2.16399973,41.386546805
2020S005500    ,Eixample,l'Antiga Esquerra de l'Eixample,Corts Catalanes,Monday,2020-11-23,Laboral,2020,11,November,23,Morning,13:00:00,Unknown,Motorcycle,Female,44,Driver,Unknown,Unknown,Unknown,Uninjured,430197.26,4582210.36,2.16399973,41.386546805
2020S005501    ,Eixample,la Dreta de l'Eixample,Aragó,Monday,2020-11-23,Laboral,2020,11,November,23,Afternoon,16:00:00,Unknown,"Camió rígid <= 3,5 tones",Male,46,Driver,Unknown,Unknown,Unknown,Uninjured,430628.28,4583156.15,2.16904604,41.39510255
2020S005501    ,Eixample,la Dreta de l'Eixample,Aragó,Monday,2020-11-23,Laboral,2020,11,November,23,Afternoon,16:00:00,Unknown,Motorcycle,Female,42,Driver,Unknown,Unknown,Unknown,Minor injury: Medical assistance at accident site,430628.28,4583156.15,2.16904604,41.39510255
2020S005502    ,Sants-Montjuďc,la Marina de Port,Ildefons Cerdŕ,Monday,2020-11-23,Laboral,2020,11,November,23,Afternoon,14:00:00,Unknown,Motorcycle,Male,49,Driver,Unknown,Unknown,On a mission,Minor injury: Hospitalization up to 24 hours,427786.74,4579747.41,2.13546536,41.364151013
2020S005502    ,Sants-Montjuďc,la Marina de Port,Ildefons Cerdŕ,Monday,2020-11-23,Laboral,2020,11,November,23,Afternoon,14:00:00,Unknown,Car,Female,32,Driver,Unknown,Unknown,On a mission,Minor injury: Hospitalization up to 24 hours,427786.74,4579747.41,2.13546536,41.364151013
2020S005503    ,Nou Barris,les Roquetes,Dalt (Besňs),Monday,2020-11-23,Laboral,2020,11,November,23,Afternoon,16:00:00,Unknown,Motorcycle,Male,29,Driver,Unknown,Unknown,Unknown,Minor injury: Hospitalization up to 24 hours,431331.66,4588754.38,2.17682309,41.445584325
2020S005503    ,Nou Barris,les Roquetes,Dalt (Besňs),Monday,2020-11-23,Laboral,2020,11,November,23,Afternoon,16:00:00,Unknown,Furgoneta,Male,64,Driver,Unknown,Unknown,Unknown,Uninjured,431331.66,4588754.38,2.17682309,41.445584325
2020S005504    ,Ciutat Vella,el Raval,Sant Rafael,Monday,2020-11-23,Laboral,2020,11,November,23,Afternoon,15:00:00,Unknown,Veh. mobilitat personal amb motor,Male,24,Driver,Unknown,Unknown,Unknown,Minor injury: Hospitalization up to 24 hours,430584.65,4581336.5,2.1687328,41.378709749
2020S005504    ,Ciutat Vella,el Raval,Sant Rafael,Monday,2020-11-23,Laboral,2020,11,November,23,Afternoon,15:00:00,Unknown,Bicicleta,Male,50,Driver,Unknown,Unknown,Unknown,Minor injury: Hospitalization up to 24 hours,430584.65,4581336.5,2.1687328,41.378709749
2020S005505    ,Eixample,la Dreta de l'Eixample,Diagonal,Monday,2020-11-23,Laboral,2020,11,November,23,Afternoon,16:00:00,Unknown,Motorcycle,Female,41,Driver,Unknown,Unknown,Unknown,Minor injury: Medical assistance at accident site,430410.92,4583481.76,2.16640878,41.398016424
2020S005505    ,Eixample,la Dreta de l'Eixample,Diagonal,Monday,2020-11-23,Laboral,2020,11,November,23,Afternoon,16:00:00,Unknown,Motorcycle,Male,55,Driver,Unknown,Unknown,Unknown,Uninjured,430410.92,4583481.76,2.16640878,41.398016424
2020S005506    ,Grŕcia,la Vila de Grŕcia,Terol,Monday,2020-11-23,Laboral,2020,11,November,23,Afternoon,15:00:00,Unknown,Bicicleta,Female,76,Pedestrian,On the sidewalk,Unknown,Unknown,Minor injury: Refused medical assistance,429697.28,4584029.16,2.15780906,41.402884553
2020S005507    ,Sarriŕ-Sant Gervasi,el Putxet i el Farró,República Argentina,Monday,2020-11-23,Laboral,2020,11,November,23,Afternoon,18:00:00,Unknown,Unknown,Female,41,Pedestrian,In crossing regulated by traffic lights,Unknown,Unknown,Uninjured,428293.05,4585013.85,2.14089462,41.411629175
2020S005507    ,Sarriŕ-Sant Gervasi,el Putxet i el Farró,República Argentina,Monday,2020-11-23,Laboral,2020,11,November,23,Afternoon,18:00:00,Unknown,Unknown,Female,5,Pedestrian,In crossing regulated by traffic lights,Unknown,Unknown,Minor injury: Hospitalization up to 24 hours,428293.05,4585013.85,2.14089462,41.411629175
2020S005508    ,Horta-Guinardó,el Carmel,Sigüenza,Monday,2020-11-23,Laboral,2020,11,November,23,Afternoon,19:00:00,Unknown,Bicicleta,Male,18,Driver,Unknown,Unknown,Unknown,Minor injury: Hospitalization up to 24 hours,429390.19,4586385.54,2.15386041,41.424080647
2020S005508    ,Horta-Guinardó,el Carmel,Sigüenza,Monday,2020-11-23,Laboral,2020,11,November,23,Afternoon,19:00:00,Unknown,Car,Male,42,Driver,Unknown,Unknown,Unknown,Uninjured,429390.19,4586385.54,2.15386041,41.424080647
2020S005509    ,Sant Martí,Provençals del Poblenou,C-31,Monday,2020-11-23,Laboral,2020,11,November,23,Afternoon,18:00:00,Unknown,Car,Male,21,Driver,Unknown,Unknown,Unknown,Uninjured,433366.47,4585249.15,2.2015668,41.414185339
2020S005509    ,Sant Martí,Provençals del Poblenou,C-31,Monday,2020-11-23,Laboral,2020,11,November,23,Afternoon,18:00:00,Unknown,Car,Male,18,Driver,Unknown,Unknown,Unknown,Minor injury: Hospitalization up to 24 hours,433366.47,4585249.15,2.2015668,41.414185339