Case_Number,District_Name,Neighborhood_Name,Street_Name,Day_of_Week,Date,Day_Type_Description,Year,Month_of_Year,Month_Name,Day_of_Month,Shift_Description,Hour_of_Day,Pedestrian_Cause_Description,Involved_Vehicle_Type_Description,Gender_Description,Age,Person_Type_Description,Pedestrian_Accident_Location_Description,Pedestrian_Movement_Reason_Description,Driver_Movement_Reason_Description,Victimization_Description,Coordenada_UTM_X,Coordenada_UTM_Y,Longitud,Latitud
2020S005554    ,Horta-Guinardó,el Baix Guinardó,Mas Casanovas,Wednesday,2020-11-25,Laboral,2020,11,November,25,Morning,11:00:00,Unknown,Motorcycle,Male,54,Driver,Unknown,Unknown,Unknown,Minor injury: Hospitalization up to 24 hours,430730.52,4585092.47,2.1700472,41.412551169
2020S005554    ,Horta-Guinardó,el Baix Guinardó,Mas Casanovas,Wednesday,2020-11-25,Laboral,2020,11,November,25,Morning,11:00:00,Unknown,Car,Male,76,Driver,Unknown,Unknown,Unknown,Uninjured,430730.52,4585092.47,2.1700472,41.412551169
2020S005555    ,Eixample,el Fort Pienc,Corts Catalanes,Wednesday,2020-11-25,Laboral,2020,11,November,25,Morning,12:00:00,Unknown,Furgoneta,Male,42,Driver,In crossing regulated by traffic lights,Unknown,On a mission,Uninjured,431946.24,4583840.51,2.18473306,41.401379061
2020S005555    ,Eixample,el Fort Pienc,Corts Catalanes,Wednesday,2020-11-25,Laboral,2020,11,November,25,Morning,12:00:00,Unknown,Furgoneta,Male,71,Pedestrian,In crossing regulated by traffic lights,Unknown,Unknown,Minor injury: Medical assistance at accident site,431946.24,4583840.51,2.18473306,41.401379061
2020S005556    ,Sarriŕ-Sant Gervasi,Sant Gervasi - la Bonanova,Mińo,Wednesday,2020-11-25,Laboral,2020,11,November,25,Morning,13:00:00,Unknown,Motorcycle,Female,48,Driver,Unknown,Unknown,In transit (commuting),Minor injury: Refused medical assistance,428221.21,4584208.1,2.14013076,41.404365694
2020S005556    ,Sarriŕ-Sant Gervasi,Sant Gervasi - la Bonanova,Mińo,Wednesday,2020-11-25,Laboral,2020,11,November,25,Morning,13:00:00,Unknown,Motorcycle,Male,31,Driver,Unknown,Unknown,In transit (commuting),Minor injury: Hospitalization up to 24 hours,428221.21,4584208.1,2.14013076,41.404365694
2020S005557    ,Eixample,la Sagrada Família,Padilla,Wednesday,2020-11-25,Laboral,2020,11,November,25,Afternoon,14:00:00,Unknown,Taxi,Male,57,Driver,Unknown,Unknown,Taxi,Uninjured,431450.99,4584205.87,2.17876745,41.404627651
2020S005557    ,Eixample,la Sagrada Família,Padilla,Wednesday,2020-11-25,Laboral,2020,11,November,25,Afternoon,14:00:00,Unknown,Car,Female,58,Driver,Unknown,Unknown,On a mission,Uninjured,431450.99,4584205.87,2.17876745,41.404627651
2020S005557    ,Eixample,la Sagrada Família,Padilla,Wednesday,2020-11-25,Laboral,2020,11,November,25,Afternoon,14:00:00,Unknown,Motorcycle,Female,49,Driver,Unknown,Unknown,On a mission,Minor injury: Hospitalization up to 24 hours,431450.99,4584205.87,2.17876745,41.404627651
2020S005558    ,Nou Barris,la Guineueta,Valldaura,Wednesday,2020-11-25,Laboral,2020,11,November,25,Afternoon,16:00:00,Unknown,Autobús articulat,Male,49,Driver,Unknown,Unknown,Urban bus,Uninjured,430822.57,4587979.63,2.17081798,41.438562716
2020S005558    ,Nou Barris,la Guineueta,Valldaura,Wednesday,2020-11-25,Laboral,2020,11,November,25,Afternoon,16:00:00,Unknown,Autobús articulat,Male,83,Passenger,Unknown,Unknown,Unknown,Minor injury: Hospitalization up to 24 hours,430822.57,4587979.63,2.17081798,41.438562716
2020S005559    ,Sant Martí,Sant Martí de Provençals,Bac de Roda,Wednesday,2020-11-25,Laboral,2020,11,November,25,Afternoon,16:00:00,Unknown,Motorcycle,Female,50,Driver,Unknown,Unknown,Unknown,Minor injury: Hospitalization up to 24 hours,432755.31,4585307.65,2.1942481,41.414661296
2020S005559    ,Sant Martí,Sant Martí de Provençals,Bac de Roda,Wednesday,2020-11-25,Laboral,2020,11,November,25,Afternoon,16:00:00,Unknown,Car,Male,24,Driver,Unknown,Unknown,Unknown,Uninjured,432755.31,4585307.65,2.1942481,41.414661296
2020S005561    ,Les Corts,les Corts,Comtes de Bell-lloc,Wednesday,2020-11-25,Laboral,2020,11,November,25,Afternoon,17:00:00,Unknown,Motorcycle,Male,19,Passenger,Unknown,Unknown,Unknown,Minor injury: Refused medical assistance,427771.9,4581963.33,2.13502378,41.384107671
2020S005561    ,Les Corts,les Corts,Comtes de Bell-lloc,Wednesday,2020-11-25,Laboral,2020,11,November,25,Afternoon,17:00:00,Unknown,Motorcycle,Male,18,Driver,Unknown,Unknown,Unknown,Minor injury: Hospitalization up to 24 hours,427771.9,4581963.33,2.13502378,41.384107671
2020S005561    ,Les Corts,les Corts,Comtes de Bell-lloc,Wednesday,2020-11-25,Laboral,2020,11,November,25,Afternoon,17:00:00,Unknown,Car,Female,46,Driver,Unknown,Unknown,Unknown,Uninjured,427771.9,4581963.33,2.13502378,41.384107671
2020S005562    ,Grŕcia,Vallcarca i els Penitents,Dalt (Besňs),Wednesday,2020-11-25,Laboral,2020,11,November,25,Afternoon,15:00:00,Unknown,Motorcycle,Male,43,Passenger,Unknown,Unknown,Unknown,Minor injury: Hospitalization up to 24 hours,428022.17,4585473.76,2.13759912,41.415747166
2020S005562    ,Grŕcia,Vallcarca i els Penitents,Dalt (Besňs),Wednesday,2020-11-25,Laboral,2020,11,November,25,Afternoon,15:00:00,Unknown,Motorcycle,Male,41,Driver,Unknown,Unknown,On a mission,Uninjured,428022.17,4585473.76,2.13759912,41.415747166
2020S005563    ,Les Corts,les Corts,Diagonal,Wednesday,2020-11-25,Laboral,2020,11,November,25,Afternoon,20:00:00,Unknown,Veh. mobilitat personal amb motor,Female,41,Driver,Unknown,Unknown,Unknown,Minor injury: Hospitalization up to 24 hours,427950.94,4582654.58,2.13708262,41.390349562
2020S005564    ,Eixample,la Sagrada Família,Valčncia,Wednesday,2020-11-25,Laboral,2020,11,November,25,Afternoon,20:00:00,Unknown,Motorcycle,Male,41,Driver,Unknown,Unknown,Unknown,Uninjured,431395.02,4584095.46,2.17811043,41.403628445
2020S005564    ,Eixample,la Sagrada Família,Valčncia,Wednesday,2020-11-25,Laboral,2020,11,November,25,Afternoon,20:00:00,Unknown,Motorcycle,Male,25,Driver,Unknown,Unknown,Unknown,Minor injury: Medical assistance at accident site,431395.02,4584095.46,2.17811043,41.403628445
2020S005565    ,Grŕcia,la Vila de Grŕcia,Grŕcia,Wednesday,2020-11-25,Laboral,2020,11,November,25,Afternoon,17:00:00,Unknown,Motorcycle,Female,56,Passenger,Unknown,Unknown,Unknown,Minor injury: Medical assistance at accident site,429337.65,4583550.1,2.15356303,41.398538286
2020S005565    ,Grŕcia,la Vila de Grŕcia,Grŕcia,Wednesday,2020-11-25,Laboral,2020,11,November,25,Afternoon,17:00:00,Unknown,Car,Male,21,Driver,Unknown,Unknown,Other activities,Uninjured,429337.65,4583550.1,2.15356303,41.398538286
2020S005565    ,Grŕcia,la Vila de Grŕcia,Grŕcia,Wednesday,2020-11-25,Laboral,2020,11,November,25,Afternoon,17:00:00,Unknown,Motorcycle,Male,63,Driver,Unknown,Unknown,Other activities,Minor injury: Medical assistance at accident site,429337.65,4583550.1,2.15356303,41.398538286
2020S005566    ,Sants-Montjuďc,la Marina del Prat Vermell,Litoral (Llobregat),Wednesday,2020-11-25,Laboral,2020,11,November,25,Afternoon,17:00:00,Unknown,Motorcycle,Male,33,Driver,Unknown,Unknown,Leisure and entertainment,Minor injury: Hospitalization up to 24 hours,427746.24,4577610.21,2.1352358,41.344898324
2020S005566    ,Sants-Montjuďc,la Marina del Prat Vermell,Litoral (Llobregat),Wednesday,2020-11-25,Laboral,2020,11,November,25,Afternoon,17:00:00,Unknown,Motorcycle,Female,38,Passenger,Unknown,Unknown,Unknown,Minor injury: Hospitalization up to 24 hours,427746.24,4577610.21,2.1352358,41.344898324
2020S005567    ,Eixample,la Nova Esquerra de l'Eixample,Viladomat,Wednesday,2020-11-25,Laboral,2020,11,November,25,Afternoon,21:00:00,Unknown,Autobús,Male,47,Driver,Unknown,Unknown,Regular line bus,Uninjured,429408.36,4581665.3,2.1546286,41.38156875
2020S005567    ,Eixample,la Nova Esquerra de l'Eixample,Viladomat,Wednesday,2020-11-25,Laboral,2020,11,November,25,Afternoon,21:00:00,Unknown,Autobús,Female,67,Passenger,Unknown,Unknown,Unknown,Minor injury: Hospitalization up to 24 hours,429408.36,4581665.3,2.1546286,41.38156875
2020S005568    ,Horta-Guinardó,el Carmel,Murtra,Wednesday,2020-11-25,Laboral,2020,11,November,25,Afternoon,20:00:00,Unknown,Furgoneta,Male,46,Driver,Unknown,Unknown,In transit (commuting),Uninjured,429251.61,4586301.13,2.15221203,41.423308201
2020S005569    ,Sarriŕ-Sant Gervasi,Sant Gervasi - Galvany,Balmes,Wednesday,2020-11-25,Laboral,2020,11,November,25,Afternoon,17:00:00,Unknown,Car,Male,39,Driver,Unknown,Unknown,Leisure and entertainment,Uninjured,428382.78,4584143.45,2.14207119,41.403797834
2020S005569    ,Sarriŕ-Sant Gervasi,Sant Gervasi - Galvany,Balmes,Wednesday,2020-11-25,Laboral,2020,11,November,25,Afternoon,17:00:00,Unknown,Motorcycle,Male,56,Driver,Unknown,Unknown,Leisure and entertainment,Minor injury: Hospitalization up to 24 hours,428382.78,4584143.45,2.14207119,41.403797834
2020S005570    ,Sarriŕ-Sant Gervasi,Sarriŕ,Manuel Girona,Wednesday,2020-11-25,Laboral,2020,11,November,25,Afternoon,21:00:00,Unknown,Motorcycle,Male,24,Driver,Unknown,Unknown,Other activities,Minor injury: Hospitalization up to 24 hours,427289.06,4582900.0,2.12913714,41.392500367
2020S005570    ,Sarriŕ-Sant Gervasi,Sarriŕ,Manuel Girona,Wednesday,2020-11-25,Laboral,2020,11,November,25,Afternoon,21:00:00,Unknown,Motorcycle,Male,22,Driver,Unknown,Unknown,Unknown,Minor injury: Hospitalization up to 24 hours,427289.06,4582900.0,2.12913714,41.392500367
2020S005571    ,Sants-Montjuďc,Hostafrancs,Creu Coberta,Wednesday,2020-11-25,Laboral,2020,11,November,25,Afternoon,19:00:00,Unknown,Autobús articulat,Female,55,Passenger,Unknown,Unknown,Unknown,Minor injury: Hospitalization up to 24 hours,428681.48,4580976.97,2.14601738,41.375305059
2020S005571    ,Sants-Montjuďc,Hostafrancs,Creu Coberta,Wednesday,2020-11-25,Laboral,2020,11,November,25,Afternoon,19:00:00,Unknown,Autobús articulat,Male,55,Driver,Unknown,Unknown,Urban bus,Uninjured,428681.48,4580976.97,2.14601738,41.375305059
2020S005572    ,Eixample,Sant Antoni,Sepúlveda,Thursday,2020-11-26,Laboral,2020,11,November,26,Morning,07:00:00,Unknown,Motorcycle,Female,50,Driver,Unknown,Unknown,Unknown,Minor injury: Hospitalization up to 24 hours,429336.4,4581137.92,2.15382961,41.37681249
2020S005573    ,Eixample,la Dreta de l'Eixample,Provença,Wednesday,2020-11-25,Laboral,2020,11,November,25,Afternoon,21:00:00,Unknown,Bicicleta,Male,23,Driver,Unknown,Unknown,On a mission,Uninjured,430634.43,4583728.78,2.16905396,41.400260576
2020S005573    ,Eixample,la Dreta de l'Eixample,Provença,Wednesday,2020-11-25,Laboral,2020,11,November,25,Afternoon,21:00:00,Unknown,Bicicleta,Female,30,Driver,Unknown,Unknown,On a mission,Minor injury: Hospitalization up to 24 hours,430634.43,4583728.78,2.16905396,41.400260576
2020S005574    ,Les Corts,les Corts,Mig (Ascendent),Thursday,2020-11-26,Laboral,2020,11,November,26,Morning,07:00:00,Unknown,Ciclomotor,Female,29,Driver,Unknown,Unknown,Unknown,Minor injury: Hospitalization up to 24 hours,427123.32,4582225.98,2.12723598,41.386414733
2020S005575    ,Sant Andreu,Baró de Viver,Santa Coloma,Thursday,2020-11-26,Laboral,2020,11,November,26,Morning,10:00:00,Unknown,Furgoneta,Male,41,Driver,Unknown,Unknown,Unknown,Minor injury: Hospitalization up to 24 hours,433314.11,4589072.45,2.20051829,41.448616305
2020S005576    ,Eixample,la Nova Esquerra de l'Eixample,Comte Borrell,Thursday,2020-11-26,Laboral,2020,11,November,26,Morning,10:00:00,Unknown,Furgoneta,Male,40,Driver,Unknown,Unknown,Professional goods transport,Uninjured,429276.93,4582018.91,2.15301562,41.384742049
2020S005576    ,Eixample,la Nova Esquerra de l'Eixample,Comte Borrell,Thursday,2020-11-26,Laboral,2020,11,November,26,Morning,10:00:00,Unknown,Bicicleta,Male,35,Driver,Unknown,Unknown,Other activities,Minor injury: Hospitalization up to 24 hours,429276.93,4582018.91,2.15301562,41.384742049
2020S005577    ,Les Corts,les Corts,Diagonal,Thursday,2020-11-26,Laboral,2020,11,November,26,Morning,10:00:00,Unknown,Motorcycle,Male,53,Driver,Unknown,Unknown,Unknown,Minor injury: Medical assistance at accident site,427557.22,4582526.09,2.13238915,41.389156919
2020S005577    ,Les Corts,les Corts,Diagonal,Thursday,2020-11-26,Laboral,2020,11,November,26,Morning,10:00:00,Unknown,Bicicleta,Male,60,Driver,Unknown,Unknown,Unknown,Uninjured,427557.22,4582526.09,2.13238915,41.389156919
2020S005578    ,Sarriŕ-Sant Gervasi,Sant Gervasi - la Bonanova,Margenat,Thursday,2020-11-26,Laboral,2020,11,November,26,Morning,11:00:00,Unknown,Motorcycle,Male,27,Driver,Unknown,Unknown,In transit (commuting),Minor injury: Hospitalization up to 24 hours,427058.63,4584305.26,2.12621175,41.405136074
2020S005578    ,Sarriŕ-Sant Gervasi,Sant Gervasi - la Bonanova,Margenat,Thursday,2020-11-26,Laboral,2020,11,November,26,Morning,11:00:00,Unknown,Car,Male,38,Driver,Unknown,Unknown,Unknown,Uninjured,427058.63,4584305.26,2.12621175,41.405136074
2020S005579    ,Nou Barris,la Trinitat Nova,Dalt (Besňs),Thursday,2020-11-26,Laboral,2020,11,November,26,Morning,12:00:00,Unknown,Car,Female,49,Driver,Unknown,Unknown,Unknown,Minor injury: Refused medical assistance,431720.19,4588848.82,2.18146318,41.446468071
2020S005579    ,Nou Barris,la Trinitat Nova,Dalt (Besňs),Thursday,2020-11-26,Laboral,2020,11,November,26,Morning,12:00:00,Unknown,Car,Male,30,Driver,Unknown,Unknown,In transit (commuting),Uninjured,431720.19,4588848.82,2.18146318,41.446468071
2020S005580    ,Eixample,la Dreta de l'Eixample,Diputació,Thursday,2020-11-26,Laboral,2020,11,November,26,Morning,13:00:00,Unknown,Ciclomotor,Female,41,Driver,Unknown,Unknown,Unknown,Minor injury: Hospitalization up to 24 hours,430946.99,4583130.98,2.17286096,41.394903297
2020S005580    ,Eixample,la Dreta de l'Eixample,Diputació,Thursday,2020-11-26,Laboral,2020,11,November,26,Morning,13:00:00,Unknown,Ciclomotor,Male,43,Passenger,Unknown,Unknown,Unknown,Minor injury: Hospitalization up to 24 hours,430946.99,4583130.98,2.17286096,41.394903297
2020S005580    ,Eixample,la Dreta de l'Eixample,Diputació,Thursday,2020-11-26,Laboral,2020,11,November,26,Morning,13:00:00,Unknown,Car,Female,45,Driver,Unknown,Unknown,Unknown,Uninjured,430946.99,4583130.98,2.17286096,41.394903297
2020S005581    ,Eixample,el Fort Pienc,Diagonal,Thursday,2020-11-26,Laboral,2020,11,November,26,Morning,13:00:00,Unknown,Motorcycle,Male,21,Driver,Unknown,Unknown,Unknown,Uninjured,431167.21,4583735.85,2.17542617,41.400370067
2020S005581    ,Eixample,el Fort Pienc,Diagonal,Thursday,2020-11-26,Laboral,2020,11,November,26,Morning,13:00:00,Unknown,Motorcycle,Female,23,Passenger,Unknown,Unknown,Unknown,Minor injury: Refused medical assistance,431167.21,4583735.85,2.17542617,41.400370067
2020S005581    ,Eixample,el Fort Pienc,Diagonal,Thursday,2020-11-26,Laboral,2020,11,November,26,Morning,13:00:00,Unknown,Furgoneta,Male,44,Driver,Unknown,Unknown,In transit (commuting),Uninjured,431167.21,4583735.85,2.17542617,41.400370067
2020S005582    ,Horta-Guinardó,el Carmel,Llobregós,Thursday,2020-11-26,Laboral,2020,11,November,26,Morning,12:00:00,Unknown,"Camió rígid > 3,5 tones",Male,45,Driver,In an unregulated crossing,Unknown,On a mission,Uninjured,429595.93,4586432.37,2.15631687,41.424520493
2020S005582    ,Horta-Guinardó,el Carmel,Llobregós,Thursday,2020-11-26,Laboral,2020,11,November,26,Morning,12:00:00,Unknown,"Camió rígid > 3,5 tones",Female,63,Pedestrian,In an unregulated crossing,Unknown,Unknown,Minor injury: Hospitalization up to 24 hours,429595.93,4586432.37,2.15631687,41.424520493
2020S005583    ,Nou Barris,les Roquetes,Mina de la Ciutat,Thursday,2020-11-26,Laboral,2020,11,November,26,Morning,09:00:00,Unknown,"Camió rígid > 3,5 tones",Female,51,Driver,Unknown,Unknown,On a mission,Uninjured,431243.4,4589061.12,2.17573167,41.448339456
2020S005584    ,Sant Martí,el Camp de l'Arpa del Clot,Aragó,Thursday,2020-11-26,Laboral,2020,11,November,26,Morning,12:00:00,Unknown,Car,Male,56,Driver,Unknown,Unknown,On a mission,Uninjured,431886.78,4584422.46,2.18395627,41.406615475
2020S005584    ,Sant Martí,el Camp de l'Arpa del Clot,Aragó,Thursday,2020-11-26,Laboral,2020,11,November,26,Morning,12:00:00,Unknown,Motorcycle,Male,44,Driver,Unknown,Unknown,On a mission,Minor injury: Hospitalization up to 24 hours,431886.78,4584422.46,2.18395627,41.406615475
2020S005585    ,Sarriŕ-Sant Gervasi,Sant Gervasi - Galvany,Johann Sebastian Bach,Thursday,2020-11-26,Laboral,2020,11,November,26,Morning,12:00:00,Unknown,Car,Female,49,Driver,Unknown,Unknown,Unknown,Uninjured,428192.11,4583350.86,2.13988439,41.396642269
2020S005585    ,Sarriŕ-Sant Gervasi,Sant Gervasi - Galvany,Johann Sebastian Bach,Thursday,2020-11-26,Laboral,2020,11,November,26,Morning,12:00:00,Unknown,Ciclomotor,Male,20,Driver,Unknown,Unknown,Unknown,Minor injury: Hospitalization up to 24 hours,428192.11,4583350.86,2.13988439,41.396642269
2020S005586    ,Sarriŕ-Sant Gervasi,Sant Gervasi - la Bonanova,Sant Mŕrius,Thursday,2020-11-26,Laboral,2020,11,November,26,Afternoon,14:00:00,Unknown,"Camió rígid > 3,5 tones",Male,32,Driver,Unknown,Unknown,On a mission,Unknown,427961.27,4584093.72,2.13703486,41.403312256
2020S005587    ,Sant Martí,Provençals del Poblenou,Perú,Thursday,2020-11-26,Laboral,2020,11,November,26,Afternoon,15:00:00,Unknown,Motorcycle,Male,34,Driver,Unknown,Unknown,In transit (commuting),Minor injury: Hospitalization up to 24 hours,432906.16,4584584.58,2.19613318,41.408161423
2020S005587    ,Sant Martí,Provençals del Poblenou,Perú,Thursday,2020-11-26,Laboral,2020,11,November,26,Afternoon,15:00:00,Unknown,Tractor camió,Male,51,Driver,Unknown,Unknown,On a mission,Uninjured,432906.16,4584584.58,2.19613318,41.408161423
2020S005588    ,Les Corts,les Corts,Carles III,Thursday,2020-11-26,Laboral,2020,11,November,26,Afternoon,17:00:00,Unknown,Car,Female,54,Driver,Unknown,Unknown,Leisure and entertainment,Minor injury: Hospitalization up to 24 hours,427337.14,4582838.13,2.12971962,41.391947477
2020S005588    ,Les Corts,les Corts,Carles III,Thursday,2020-11-26,Laboral,2020,11,November,26,Afternoon,17:00:00,Unknown,Car,Female,33,Driver,Unknown,Unknown,Leisure and entertainment,Uninjured,427337.14,4582838.13,2.12971962,41.391947477
2020S005589    ,Eixample,la Nova Esquerra de l'Eixample,Rocafort,Thursday,2020-11-26,Laboral,2020,11,November,26,Afternoon,14:00:00,Unknown,Furgoneta,Male,36,Driver,Unknown,Unknown,On a mission,Unknown,429134.06,4581562.98,2.1513604,41.380623062
2020S005590    ,Eixample,l'Antiga Esquerra de l'Eixample,Diagonal,Thursday,2020-11-26,Laboral,2020,11,November,26,Afternoon,15:00:00,Unknown,Car,Male,38,Driver,Unknown,Unknown,Unknown,Uninjured,428967.49,4583013.56,2.14919836,41.393673233
2020S005591    ,Sants-Montjuďc,la Marina del Prat Vermell,Litoral (Besňs),Thursday,2020-11-26,Laboral,2020,11,November,26,Afternoon,18:00:00,Unknown,Car,Female,36,Driver,Unknown,Unknown,Unknown,Uninjured,431047.22,4580373.32,2.17437377,41.370074442
2020S005592    ,Les Corts,les Corts,Corts,Thursday,2020-11-26,Laboral,2020,11,November,26,Afternoon,16:00:00,Unknown,Autobús articulat,Female,55,Passenger,Unknown,Unknown,Unknown,Minor injury: Medical assistance at accident site,427740.58,4582251.34,2.13461487,41.386698854
2020S005592    ,Les Corts,les Corts,Corts,Thursday,2020-11-26,Laboral,2020,11,November,26,Afternoon,16:00:00,Unknown,Autobús articulat,Female,68,Passenger,Unknown,Unknown,Unknown,Minor injury: Hospitalization up to 24 hours,427740.58,4582251.34,2.13461487,41.386698854
2020S005592    ,Les Corts,les Corts,Corts,Thursday,2020-11-26,Laboral,2020,11,November,26,Afternoon,16:00:00,Unknown,Autobús articulat,Male,41,Driver,Unknown,Unknown,Urban bus,Uninjured,427740.58,4582251.34,2.13461487,41.386698854
2020S005593    ,Grŕcia,la Vila de Grŕcia,Verdi,Thursday,2020-11-26,Laboral,2020,11,November,26,Afternoon,15:00:00,Unknown,Car,Male,65,Driver,Unknown,Unknown,Leisure and entertainment,Uninjured,429652.02,4584103.98,2.15725895,41.403554469
2020S005594    ,Sants-Montjuďc,la Font de la Guatlla,Corts Catalanes,Thursday,2020-11-26,Laboral,2020,11,November,26,Afternoon,17:00:00,Unknown,Autobús,Male,61,Driver,Unknown,Unknown,Urban bus,Uninjured,428584.78,4580558.49,2.14491045,41.371527371
2020S005594    ,Sants-Montjuďc,la Font de la Guatlla,Corts Catalanes,Thursday,2020-11-26,Laboral,2020,11,November,26,Afternoon,17:00:00,Unknown,Autobús,Male,81,Passenger,Unknown,Unknown,Unknown,Minor injury: Hospitalization up to 24 hours,428584.78,4580558.49,2.14491045,41.371527371
2020S005594    ,Sants-Montjuďc,la Font de la Guatlla,Corts Catalanes,Thursday,2020-11-26,Laboral,2020,11,November,26,Afternoon,17:00:00,Unknown,Autobús,Female,54,Passenger,Unknown,Unknown,Unknown,Minor injury: Hospitalization up to 24 hours,428584.78,4580558.49,2.14491045,41.371527371
2020S005595    ,Eixample,Sant Antoni,Sepúlveda,Thursday,2020-11-26,Laboral,2020,11,November,26,Afternoon,21:00:00,Unknown,Car,Male,37,Driver,Unknown,Unknown,Unknown,Uninjured,430002.12,4581790.4,2.16171454,41.382747392
2020S005595    ,Eixample,Sant Antoni,Sepúlveda,Thursday,2020-11-26,Laboral,2020,11,November,26,Afternoon,21:00:00,Unknown,Bicicleta,Male,37,Driver,Unknown,Unknown,Unknown,Minor injury: Hospitalization up to 24 hours,430002.12,4581790.4,2.16171454,41.382747392
2020S005597    ,Sant Martí,la Vila Olímpica del Poblenou,Joan d'Ŕustria,Thursday,2020-11-26,Laboral,2020,11,November,26,Afternoon,20:00:00,Unknown,Motorcycle,Female,49,Driver,In crossing regulated by traffic lights,Unknown,Unknown,Minor injury: Hospitalization up to 24 hours,432520.58,4582916.51,2.19170639,41.393105278
2020S005598    ,Sants-Montjuďc,la Marina de Port,Zona Franca,Thursday,2020-11-26,Laboral,2020,11,November,26,Night,22:00:00,Unknown,Veh. mobilitat personal amb motor,Female,26,Driver,Unknown,Unknown,Unknown,Minor injury: Hospitalization up to 24 hours,427904.65,4579673.77,2.13688374,41.363498336
2020S005598    ,Sants-Montjuďc,la Marina de Port,Zona Franca,Thursday,2020-11-26,Laboral,2020,11,November,26,Night,22:00:00,Unknown,Car,Male,34,Driver,Unknown,Unknown,Unknown,Uninjured,427904.65,4579673.77,2.13688374,41.363498336
2020S005599    ,Grŕcia,el Camp d'en Grassot i Grŕcia Nova,Sardenya,Thursday,2020-11-26,Laboral,2020,11,November,26,Afternoon,19:00:00,Unknown,Motorcycle,Male,45,Driver,Unknown,Unknown,Unknown,Minor injury: Hospitalization up to 24 hours,430147.77,4584948.7,2.16309176,41.411205818
2020S005599    ,Grŕcia,el Camp d'en Grassot i Grŕcia Nova,Sardenya,Thursday,2020-11-26,Laboral,2020,11,November,26,Afternoon,19:00:00,Unknown,Car,Male,62,Driver,Unknown,Unknown,Unknown,Uninjured,430147.77,4584948.7,2.16309176,41.411205818
2020S005600    ,Sarriŕ-Sant Gervasi,Sant Gervasi - Galvany,Sant Elies,Thursday,2020-11-26,Laboral,2020,11,November,26,Afternoon,20:00:00,Unknown,Car,Male,29,Driver,Unknown,Unknown,Leisure and entertainment,Unknown,428681.55,4583936.66,2.14566957,41.40196193
2020S005601    ,Sarriŕ-Sant Gervasi,Sarriŕ,General Vives,Friday,2020-11-27,Laboral,2020,11,November,27,Morning,07:00:00,Unknown,Car,Male,57,Driver,Unknown,Unknown,In transit (commuting),Uninjured,426224.14,4584127.61,2.11625078,41.403459872
2020S005601    ,Sarriŕ-Sant Gervasi,Sarriŕ,General Vives,Friday,2020-11-27,Laboral,2020,11,November,27,Morning,07:00:00,Unknown,Motorcycle,Male,37,Driver,Unknown,Unknown,In transit (commuting),Minor injury: Hospitalization up to 24 hours,426224.14,4584127.61,2.11625078,41.403459872
2020S005602    ,Sant Martí,Sant Martí de Provençals,Provençals,Friday,2020-11-27,Laboral,2020,11,November,27,Morning,08:00:00,Desobeir el senyal del semŕfor,Bicicleta,Male,51,Driver,In crossing regulated by traffic lights,Unknown,Activitat esportiva particular,Minor injury: Hospitalization up to 24 hours,432974.92,4585508.54,2.19685336,41.416489012
2020S005602    ,Sant Martí,Sant Martí de Provençals,Provençals,Friday,2020-11-27,Laboral,2020,11,November,27,Morning,08:00:00,Desobeir el senyal del semŕfor,Bicicleta,Male,42,Pedestrian,In crossing regulated by traffic lights,Other activities,Unknown,Uninjured,432974.92,4585508.54,2.19685336,41.416489012
2020S005603    ,Sant Andreu,el Bon Pastor,Fra Juníper Serra,Thursday,2020-11-26,Laboral,2020,11,November,26,Morning,08:00:00,Unknown,Ciclomotor,Male,47,Driver,Unknown,Unknown,Leisure and entertainment,Minor injury: Hospitalization up to 24 hours,433742.78,4587272.97,2.20584727,41.432444457
2020S005603    ,Sant Andreu,el Bon Pastor,Fra Juníper Serra,Thursday,2020-11-26,Laboral,2020,11,November,26,Morning,08:00:00,Unknown,Ciclomotor,Female,44,Passenger,Unknown,Unknown,Unknown,Minor injury: Hospitalization up to 24 hours,433742.78,4587272.97,2.20584727,41.432444457
2020S005604    ,Sarriŕ-Sant Gervasi,Sarriŕ,Can Caralleu,Friday,2020-11-27,Laboral,2020,11,November,27,Morning,08:00:00,Unknown,Motorcycle,Male,22,Driver,Unknown,Unknown,In transit (commuting),Minor injury: Hospitalization up to 24 hours,426113.73,4583929.16,2.11495427,41.401662379
2020S005604    ,Sarriŕ-Sant Gervasi,Sarriŕ,Can Caralleu,Friday,2020-11-27,Laboral,2020,11,November,27,Morning,08:00:00,Unknown,Tot terreny,Male,28,Driver,Unknown,Unknown,In transit (commuting),Uninjured,426113.73,4583929.16,2.11495427,41.401662379
2020S005605    ,Sarriŕ-Sant Gervasi,Sarriŕ,Augusta,Friday,2020-11-27,Laboral,2020,11,November,27,Morning,10:00:00,Unknown,Furgoneta,Male,48,Driver,Unknown,Unknown,On a mission,Uninjured,426749.25,4583884.39,2.12256173,41.401317337
2020S005605    ,Sarriŕ-Sant Gervasi,Sarriŕ,Augusta,Friday,2020-11-27,Laboral,2020,11,November,27,Morning,10:00:00,Unknown,Car,Female,59,Driver,Unknown,Unknown,Unknown,Uninjured,426749.25,4583884.39,2.12256173,41.401317337
2020S005605    ,Sarriŕ-Sant Gervasi,Sarriŕ,Augusta,Friday,2020-11-27,Laboral,2020,11,November,27,Morning,10:00:00,Unknown,Motorcycle,Male,47,Driver,Unknown,Unknown,Unknown,Minor injury: Medical assistance at accident site,426749.25,4583884.39,2.12256173,41.401317337