Case_Number,District_Name,Neighborhood_Name,Street_Name,Day_of_Week,Date,Day_Type_Description,Year,Month_of_Year,Month_Name,Day_of_Month,Shift_Description,Hour_of_Day,Pedestrian_Cause_Description,Involved_Vehicle_Type_Description,Gender_Description,Age,Person_Type_Description,Pedestrian_Accident_Location_Description,Pedestrian_Movement_Reason_Description,Driver_Movement_Reason_Description,Victimization_Description,Coordenada_UTM_X,Coordenada_UTM_Y,Longitud,Latitud
2020S005606    ,Sarriŕ-Sant Gervasi,Sarriŕ,Terré,Friday,2020-11-27,Laboral,2020,11,November,27,Morning,08:00:00,Unknown,Car,Female,44,Driver,Unknown,Unknown,In transit (commuting),Minor injury: Hospitalization up to 24 hours,426667.9,4584523.11,2.12151121,41.407062586
2020S005606    ,Sarriŕ-Sant Gervasi,Sarriŕ,Terré,Friday,2020-11-27,Laboral,2020,11,November,27,Morning,08:00:00,Unknown,Car,Male,55,Driver,Unknown,Unknown,In transit (commuting),Uninjured,426667.9,4584523.11,2.12151121,41.407062586
2020S005607    ,Eixample,l'Antiga Esquerra de l'Eixample,Valčncia,Friday,2020-11-27,Laboral,2020,11,November,27,Morning,10:00:00,Unknown,Motorcycle,Male,63,Driver,Unknown,Unknown,Other activities,Minor injury: Medical assistance at accident site,429903.39,4582674.57,2.16043151,41.390702226
2020S005607    ,Eixample,l'Antiga Esquerra de l'Eixample,Valčncia,Friday,2020-11-27,Laboral,2020,11,November,27,Morning,10:00:00,Unknown,Car,Male,26,Driver,Unknown,Unknown,Other activities,Uninjured,429903.39,4582674.57,2.16043151,41.390702226
2020S005608    ,Les Corts,les Corts,Fra Luis de Granada,Friday,2020-11-27,Laboral,2020,11,November,27,Morning,08:00:00,Unknown,Car,Male,53,Driver,Unknown,Unknown,In transit (commuting),Uninjured,428322.21,4582730.5,2.14151399,41.391066535
2020S005608    ,Les Corts,les Corts,Fra Luis de Granada,Friday,2020-11-27,Laboral,2020,11,November,27,Morning,08:00:00,Unknown,Motorcycle,Male,18,Driver,Unknown,Unknown,Student heading to educational center,Minor injury: Medical assistance at accident site,428322.21,4582730.5,2.14151399,41.391066535
2020S005609    ,Eixample,la Dreta de l'Eixample,Aragó,Friday,2020-11-27,Laboral,2020,11,November,27,Afternoon,17:00:00,Unknown,Car,Male,60,Driver,Unknown,Unknown,Unknown,Uninjured,430991.25,4583556.03,2.17334188,41.398735393
2020S005609    ,Eixample,la Dreta de l'Eixample,Aragó,Friday,2020-11-27,Laboral,2020,11,November,27,Afternoon,17:00:00,Unknown,Motorcycle,Female,49,Driver,Unknown,Unknown,Leisure and entertainment,Minor injury: Medical assistance at accident site,430991.25,4583556.03,2.17334188,41.398735393
2020S005610    ,Eixample,l'Antiga Esquerra de l'Eixample,Corts Catalanes,Friday,2020-11-27,Laboral,2020,11,November,27,Morning,13:00:00,Unknown,Furgoneta,Male,63,Driver,Unknown,Unknown,On a mission,Uninjured,429887.62,4581907.03,2.16033178,41.383787866
2020S005610    ,Eixample,l'Antiga Esquerra de l'Eixample,Corts Catalanes,Friday,2020-11-27,Laboral,2020,11,November,27,Morning,13:00:00,Unknown,Furgoneta,Male,43,Driver,Unknown,Unknown,On a mission,Uninjured,429887.62,4581907.03,2.16033178,41.383787866
2020S005610    ,Eixample,l'Antiga Esquerra de l'Eixample,Corts Catalanes,Friday,2020-11-27,Laboral,2020,11,November,27,Morning,13:00:00,Unknown,Ciclomotor,Female,32,Passenger,Unknown,Unknown,Unknown,Minor injury: Hospitalization up to 24 hours,429887.62,4581907.03,2.16033178,41.383787866
2020S005610    ,Eixample,l'Antiga Esquerra de l'Eixample,Corts Catalanes,Friday,2020-11-27,Laboral,2020,11,November,27,Morning,13:00:00,Unknown,Ciclomotor,Male,26,Driver,Unknown,Unknown,Leisure and entertainment,Minor injury: Hospitalization up to 24 hours,429887.62,4581907.03,2.16033178,41.383787866
2020S005611    ,Horta-Guinardó,la Font d'en Fargues,Font d'en Fargas,Friday,2020-11-27,Laboral,2020,11,November,27,Morning,10:00:00,Unknown,Autobús,Female,52,Passenger,Unknown,Unknown,Unknown,Minor injury: Hospitalization up to 24 hours,430343.09,4586352.37,2.16526679,41.42386513
2020S005611    ,Horta-Guinardó,la Font d'en Fargues,Font d'en Fargas,Friday,2020-11-27,Laboral,2020,11,November,27,Morning,10:00:00,Unknown,Autobús,Male,50,Driver,Unknown,Unknown,Urban bus,Uninjured,430343.09,4586352.37,2.16526679,41.42386513
2020S005612    ,Eixample,la Nova Esquerra de l'Eixample,Provença,Friday,2020-11-27,Laboral,2020,11,November,27,Afternoon,14:00:00,Unknown,Bicicleta,Male,17,Driver,Unknown,Unknown,Leisure and entertainment,Minor injury: Hospitalization up to 24 hours,428796.08,4581959.67,2.14727215,41.384166056
2020S005613    ,Eixample,l'Antiga Esquerra de l'Eixample,Aragó,Thursday,2020-11-26,Laboral,2020,11,November,26,Afternoon,21:00:00,Unknown,Motorcycle,Female,55,Driver,Unknown,Unknown,Leisure and entertainment,Serious injury: Hospitalization over 24 hours,429679.92,4582226.57,2.15781084,41.386647721
2020S005613    ,Eixample,l'Antiga Esquerra de l'Eixample,Aragó,Thursday,2020-11-26,Laboral,2020,11,November,26,Afternoon,21:00:00,Unknown,Car,Male,25,Driver,Unknown,Unknown,Unknown,Uninjured,429679.92,4582226.57,2.15781084,41.386647721
2020S005614    ,Sants-Montjuďc,Sants,Sants,Friday,2020-11-27,Laboral,2020,11,November,27,Afternoon,19:00:00,Unknown,Motorcycle,Female,35,Driver,Unknown,Unknown,Unknown,Minor injury: Medical assistance at accident site,428164.25,4580995.46,2.13983059,41.375425563
2020S005614    ,Sants-Montjuďc,Sants,Sants,Friday,2020-11-27,Laboral,2020,11,November,27,Afternoon,19:00:00,Unknown,Motorcycle,Female,33,Passenger,Unknown,Unknown,Unknown,Minor injury: Medical assistance at accident site,428164.25,4580995.46,2.13983059,41.375425563
2020S005614    ,Sants-Montjuďc,Sants,Sants,Friday,2020-11-27,Laboral,2020,11,November,27,Afternoon,19:00:00,Unknown,Furgoneta,Male,53,Driver,Unknown,Unknown,Unknown,Uninjured,428164.25,4580995.46,2.13983059,41.375425563
2020S005615    ,Grŕcia,el Camp d'en Grassot i Grŕcia Nova,Roger de Flor,Friday,2020-11-27,Laboral,2020,11,November,27,Afternoon,20:00:00,Unknown,Car,Male,48,Driver,Unknown,Unknown,Leisure and entertainment,Uninjured,430323.12,4584162.97,2.16528012,41.404144247
2020S005615    ,Grŕcia,el Camp d'en Grassot i Grŕcia Nova,Roger de Flor,Friday,2020-11-27,Laboral,2020,11,November,27,Afternoon,20:00:00,Unknown,Motorcycle,Male,24,Driver,Unknown,Unknown,Leisure and entertainment,Minor injury: Hospitalization up to 24 hours,430323.12,4584162.97,2.16528012,41.404144247
2020S005616    ,Eixample,la Sagrada Família,Valčncia,Friday,2020-11-27,Laboral,2020,11,November,27,Morning,08:00:00,Unknown,Motorcycle,Male,56,Driver,Unknown,Unknown,In transit (commuting),Minor injury: Hospitalization up to 24 hours,431581.92,4584312.15,2.1803217,41.405596042
2020S005616    ,Eixample,la Sagrada Família,Valčncia,Friday,2020-11-27,Laboral,2020,11,November,27,Morning,08:00:00,Unknown,Car,Male,48,Driver,Unknown,Unknown,In transit (commuting),Uninjured,431581.92,4584312.15,2.1803217,41.405596042
2020S005617    ,Eixample,la Nova Esquerra de l'Eixample,Tarragona,Friday,2020-11-27,Laboral,2020,11,November,27,Night,22:00:00,Unknown,Car,Male,21,Driver,Unknown,Unknown,Unknown,Uninjured,428525.15,4581452.65,2.14409199,41.379575468
2020S005617    ,Eixample,la Nova Esquerra de l'Eixample,Tarragona,Friday,2020-11-27,Laboral,2020,11,November,27,Night,22:00:00,Unknown,Ciclomotor,Female,48,Driver,Unknown,Unknown,Unknown,Minor injury: Hospitalization up to 24 hours,428525.15,4581452.65,2.14409199,41.379575468
2020S005618    ,Sarriŕ-Sant Gervasi,Sant Gervasi - Galvany,Alfons XII,Saturday,2020-11-28,Laboral,2020,11,November,28,Morning,07:00:00,Unknown,Car,Male,35,Driver,Unknown,Unknown,Unknown,Minor injury: Refused medical assistance,428908.15,4583677.27,2.14841065,41.39964578
2020S005618    ,Sarriŕ-Sant Gervasi,Sant Gervasi - Galvany,Alfons XII,Saturday,2020-11-28,Laboral,2020,11,November,28,Morning,07:00:00,Unknown,Car,Male,25,Driver,Unknown,Unknown,Leisure and entertainment,Uninjured,428908.15,4583677.27,2.14841065,41.39964578
2020S005619    ,Sant Andreu,Sant Andreu,Concepción Arenal,Friday,2020-11-27,Laboral,2020,11,November,27,Afternoon,14:00:00,Unknown,Ciclomotor,Female,28,Driver,Unknown,Unknown,Other activities,Minor injury: Hospitalization up to 24 hours,431954.75,4586992.57,2.1844801,41.429769402
2020S005620    ,Eixample,la Nova Esquerra de l'Eixample,Aragó,Saturday,2020-11-28,Laboral,2020,11,November,28,Morning,12:00:00,Unknown,Car,Male,36,Passenger,Unknown,Unknown,Unknown,Minor injury: Refused medical assistance,429362.84,4581954.15,2.15405057,41.384166329
2020S005620    ,Eixample,la Nova Esquerra de l'Eixample,Aragó,Saturday,2020-11-28,Laboral,2020,11,November,28,Morning,12:00:00,Unknown,Taxi,Male,51,Driver,Unknown,Unknown,Taxi,Minor injury: Hospitalization up to 24 hours,429362.84,4581954.15,2.15405057,41.384166329
2020S005620    ,Eixample,la Nova Esquerra de l'Eixample,Aragó,Saturday,2020-11-28,Laboral,2020,11,November,28,Morning,12:00:00,Unknown,Car,Female,37,Driver,Unknown,Unknown,Leisure and entertainment,Minor injury: Refused medical assistance,429362.84,4581954.15,2.15405057,41.384166329
2020S005620    ,Eixample,la Nova Esquerra de l'Eixample,Aragó,Saturday,2020-11-28,Laboral,2020,11,November,28,Morning,12:00:00,Unknown,Car,Female,3,Passenger,Unknown,Unknown,Unknown,Minor injury: Refused medical assistance,429362.84,4581954.15,2.15405057,41.384166329
2020S005621    ,Eixample,la Dreta de l'Eixample,Corts Catalanes,Saturday,2020-11-28,Laboral,2020,11,November,28,Morning,12:00:00,Unknown,Car,Male,36,Driver,Unknown,Unknown,On a mission,Uninjured,430557.83,4582516.3,2.1682768,41.389333538
2020S005621    ,Eixample,la Dreta de l'Eixample,Corts Catalanes,Saturday,2020-11-28,Laboral,2020,11,November,28,Morning,12:00:00,Unknown,Motorcycle,Male,52,Driver,Unknown,Unknown,In transit (commuting),Minor injury: Hospitalization up to 24 hours,430557.83,4582516.3,2.1682768,41.389333538
2020S005622    ,Sarriŕ-Sant Gervasi,Sant Gervasi - Galvany,Diagonal,Saturday,2020-11-28,Laboral,2020,11,November,28,Afternoon,14:00:00,Unknown,Motorcycle,Male,32,Driver,Unknown,Unknown,Leisure and entertainment,Minor injury: Medical assistance at accident site,429178.5,4583137.36,2.15170767,41.394806876
2020S005622    ,Sarriŕ-Sant Gervasi,Sant Gervasi - Galvany,Diagonal,Saturday,2020-11-28,Laboral,2020,11,November,28,Afternoon,14:00:00,Unknown,Motorcycle,Female,29,Passenger,Unknown,Unknown,Unknown,Minor injury: Medical assistance at accident site,429178.5,4583137.36,2.15170767,41.394806876
2020S005622    ,Sarriŕ-Sant Gervasi,Sant Gervasi - Galvany,Diagonal,Saturday,2020-11-28,Laboral,2020,11,November,28,Afternoon,14:00:00,Unknown,Car,Female,48,Driver,Unknown,Unknown,Leisure and entertainment,Uninjured,429178.5,4583137.36,2.15170767,41.394806876
2020S005623    ,Eixample,la Dreta de l'Eixample,Grŕcia,Saturday,2020-11-28,Laboral,2020,11,November,28,Morning,13:00:00,Unknown,Furgoneta,Male,44,Driver,Unknown,Unknown,Unknown,Uninjured,430234.16,4582835.38,2.164369,41.392179365
2020S005623    ,Eixample,la Dreta de l'Eixample,Grŕcia,Saturday,2020-11-28,Laboral,2020,11,November,28,Morning,13:00:00,Unknown,Motorcycle,Female,32,Driver,Unknown,Unknown,Unknown,Minor injury: Hospitalization up to 24 hours,430234.16,4582835.38,2.164369,41.392179365
2020S005624    ,Eixample,l'Antiga Esquerra de l'Eixample,Aragó,Saturday,2020-11-28,Laboral,2020,11,November,28,Afternoon,17:00:00,Unknown,Car,Male,23,Driver,Unknown,Unknown,Leisure and entertainment,Uninjured,429461.18,4582050.65,2.15521536,41.385044106
2020S005624    ,Eixample,l'Antiga Esquerra de l'Eixample,Aragó,Saturday,2020-11-28,Laboral,2020,11,November,28,Afternoon,17:00:00,Unknown,Motorcycle,Male,48,Driver,Unknown,Unknown,Leisure and entertainment,Minor injury: Hospitalization up to 24 hours,429461.18,4582050.65,2.15521536,41.385044106
2020S005625    ,Eixample,la Nova Esquerra de l'Eixample,Roma,Saturday,2020-11-28,Laboral,2020,11,November,28,Afternoon,16:00:00,Unknown,Car,Male,19,Driver,Unknown,Unknown,On a mission,Uninjured,428668.56,4581644.66,2.14578427,41.381317568
2020S005625    ,Eixample,la Nova Esquerra de l'Eixample,Roma,Saturday,2020-11-28,Laboral,2020,11,November,28,Afternoon,16:00:00,Unknown,Motorcycle,Male,37,Driver,Unknown,Unknown,On a mission,Minor injury: Medical assistance at accident site,428668.56,4581644.66,2.14578427,41.381317568
2020S005626    ,Les Corts,les Corts,Joan Güell,Saturday,2020-11-28,Laboral,2020,11,November,28,Afternoon,15:00:00,Unknown,Veh. mobilitat personal amb motor,Male,28,Driver,Unknown,Unknown,Leisure and entertainment,Minor injury: Hospitalization up to 24 hours,427250.18,4582372.05,2.12873557,41.387741816
2020S005626    ,Les Corts,les Corts,Joan Güell,Saturday,2020-11-28,Laboral,2020,11,November,28,Afternoon,15:00:00,Unknown,Car,Male,48,Driver,Unknown,Unknown,Taxi,Uninjured,427250.18,4582372.05,2.12873557,41.387741816
2020S005627    ,Sarriŕ-Sant Gervasi,Sant Gervasi - Galvany,Santaló,Saturday,2020-11-28,Laboral,2020,11,November,28,Afternoon,20:00:00,Unknown,Car,Female,46,Passenger,Unknown,Unknown,Unknown,Minor injury: Hospitalization up to 24 hours,428304.36,4583635.48,2.1411933,41.399215753
2020S005627    ,Sarriŕ-Sant Gervasi,Sant Gervasi - Galvany,Santaló,Saturday,2020-11-28,Laboral,2020,11,November,28,Afternoon,20:00:00,Unknown,Car,Male,48,Driver,Unknown,Unknown,Leisure and entertainment,Minor injury: Hospitalization up to 24 hours,428304.36,4583635.48,2.1411933,41.399215753
2020S005627    ,Sarriŕ-Sant Gervasi,Sant Gervasi - Galvany,Santaló,Saturday,2020-11-28,Laboral,2020,11,November,28,Afternoon,20:00:00,Unknown,Car,Male,81,Passenger,Unknown,Unknown,Unknown,Minor injury: Hospitalization up to 24 hours,428304.36,4583635.48,2.1411933,41.399215753
2020S005627    ,Sarriŕ-Sant Gervasi,Sant Gervasi - Galvany,Santaló,Saturday,2020-11-28,Laboral,2020,11,November,28,Afternoon,20:00:00,Unknown,Car,Male,60,Driver,Unknown,Unknown,Leisure and entertainment,Minor injury: Hospitalization up to 24 hours,428304.36,4583635.48,2.1411933,41.399215753
2020S005628    ,Sants-Montjuďc,la Marina del Prat Vermell,Zona Franca,Saturday,2020-11-28,Laboral,2020,11,November,28,Afternoon,20:00:00,Unknown,Motorcycle,Male,48,Driver,Unknown,Unknown,Leisure and entertainment,Minor injury: Refused medical assistance,428571.92,4578313.01,2.14502124,41.351301906
2020S005628    ,Sants-Montjuďc,la Marina del Prat Vermell,Zona Franca,Saturday,2020-11-28,Laboral,2020,11,November,28,Afternoon,20:00:00,Unknown,Car,Male,55,Driver,Unknown,Unknown,Leisure and entertainment,Uninjured,428571.92,4578313.01,2.14502124,41.351301906
2020S005629    ,Sant Martí,el Clot,Espronceda,Saturday,2020-11-28,Laboral,2020,11,November,28,Afternoon,20:00:00,Unknown,Car,Male,33,Driver,Unknown,Unknown,Leisure and entertainment,Uninjured,432663.75,4585213.2,2.19316315,41.413802942
2020S005629    ,Sant Martí,el Clot,Espronceda,Saturday,2020-11-28,Laboral,2020,11,November,28,Afternoon,20:00:00,Unknown,Ciclomotor,Male,42,Driver,Unknown,Unknown,Unknown,Serious injury: Hospitalization over 24 hours,432663.75,4585213.2,2.19316315,41.413802942
2020S005630    ,Sarriŕ-Sant Gervasi,Sant Gervasi - Galvany,Santaló,Saturday,2020-11-28,Laboral,2020,11,November,28,Afternoon,19:00:00,Unknown,Car,Female,46,Passenger,Unknown,Unknown,Unknown,Minor injury: Hospitalization up to 24 hours,428304.36,4583635.48,2.1411933,41.399215753
2020S005630    ,Sarriŕ-Sant Gervasi,Sant Gervasi - Galvany,Santaló,Saturday,2020-11-28,Laboral,2020,11,November,28,Afternoon,19:00:00,Unknown,Car,Male,81,Passenger,Unknown,Unknown,Unknown,Minor injury: Hospitalization up to 24 hours,428304.36,4583635.48,2.1411933,41.399215753
2020S005630    ,Sarriŕ-Sant Gervasi,Sant Gervasi - Galvany,Santaló,Saturday,2020-11-28,Laboral,2020,11,November,28,Afternoon,19:00:00,Unknown,Car,Male,48,Driver,Unknown,Unknown,Leisure and entertainment,Minor injury: Hospitalization up to 24 hours,428304.36,4583635.48,2.1411933,41.399215753
2020S005630    ,Sarriŕ-Sant Gervasi,Sant Gervasi - Galvany,Santaló,Saturday,2020-11-28,Laboral,2020,11,November,28,Afternoon,19:00:00,Unknown,Car,Male,60,Driver,Unknown,Unknown,Leisure and entertainment,Minor injury: Hospitalization up to 24 hours,428304.36,4583635.48,2.1411933,41.399215753
2020S005631    ,Les Corts,les Corts,Entença,Saturday,2020-11-28,Laboral,2020,11,November,28,Afternoon,20:00:00,Unknown,Car,Male,45,Driver,Unknown,Unknown,Unknown,Uninjured,427998.76,4582670.88,2.1376526,41.390500654
2020S005631    ,Les Corts,les Corts,Entença,Saturday,2020-11-28,Laboral,2020,11,November,28,Afternoon,20:00:00,Unknown,Motorcycle,Male,28,Driver,Unknown,Unknown,Unknown,Minor injury: Hospitalization up to 24 hours,427998.76,4582670.88,2.1376526,41.390500654
2020S005632    ,Sarriŕ-Sant Gervasi,les Tres Torres,Ganduxer,Saturday,2020-11-28,Laboral,2020,11,November,28,Night,22:00:00,Unknown,Motorcycle,Male,73,Driver,Unknown,Unknown,Leisure and entertainment,Minor injury: Medical assistance at accident site,427667.78,4583721.0,2.13356861,41.399928954
2020S005632    ,Sarriŕ-Sant Gervasi,les Tres Torres,Ganduxer,Saturday,2020-11-28,Laboral,2020,11,November,28,Night,22:00:00,Unknown,Autobús,Female,33,Driver,Unknown,Unknown,Urban bus,Uninjured,427667.78,4583721.0,2.13356861,41.399928954
2020S005632    ,Sarriŕ-Sant Gervasi,les Tres Torres,Ganduxer,Saturday,2020-11-28,Laboral,2020,11,November,28,Night,22:00:00,Unknown,Motorcycle,Female,59,Passenger,Unknown,Unknown,Unknown,Minor injury: Hospitalization up to 24 hours,427667.78,4583721.0,2.13356861,41.399928954
2020S005633    ,Les Corts,les Corts,Diagonal,Saturday,2020-11-28,Laboral,2020,11,November,28,Afternoon,20:00:00,Unknown,Motorcycle,Male,28,Driver,Unknown,Unknown,Unknown,Minor injury: Refused medical assistance,427557.22,4582526.09,2.13238915,41.389156919
2020S005634    ,Eixample,el Fort Pienc,Marina,Sunday,2020-11-29,Laboral,2020,11,November,29,Morning,11:00:00,Unknown,Motorcycle,Female,52,Passenger,Unknown,Unknown,Unknown,Minor injury: Medical assistance at accident site,431808.83,4583393.11,2.18313977,41.39733781
2020S005634    ,Eixample,el Fort Pienc,Marina,Sunday,2020-11-29,Laboral,2020,11,November,29,Morning,11:00:00,Unknown,Motorcycle,Male,61,Driver,Unknown,Unknown,Leisure and entertainment,Minor injury: Medical assistance at accident site,431808.83,4583393.11,2.18313977,41.39733781
2020S005634    ,Eixample,el Fort Pienc,Marina,Sunday,2020-11-29,Laboral,2020,11,November,29,Morning,11:00:00,Unknown,Motorcycle,Male,36,Driver,Unknown,Unknown,Leisure and entertainment,Minor injury: Hospitalization up to 24 hours,431808.83,4583393.11,2.18313977,41.39733781
2020S005635    ,Sarriŕ-Sant Gervasi,Sant Gervasi - la Bonanova,Balmes,Sunday,2020-11-29,Laboral,2020,11,November,29,Morning,11:00:00,Desobeir el senyal del semŕfor,Motorcycle,Female,68,Pedestrian,In crossing regulated by traffic lights,Other activities,Unknown,Minor injury: Refused medical assistance,427936.56,4584823.32,2.13665235,41.409881249
2020S005635    ,Sarriŕ-Sant Gervasi,Sant Gervasi - la Bonanova,Balmes,Sunday,2020-11-29,Laboral,2020,11,November,29,Morning,11:00:00,Desobeir el senyal del semŕfor,Motorcycle,Male,20,Driver,In crossing regulated by traffic lights,Unknown,Unknown,Minor injury: Hospitalization up to 24 hours,427936.56,4584823.32,2.13665235,41.409881249
2020S005636    ,Eixample,la Dreta de l'Eixample,Mallorca,Sunday,2020-11-29,Laboral,2020,11,November,29,Afternoon,14:00:00,Unknown,Autobús articulat,Female,82,Passenger,Unknown,Unknown,Unknown,Minor injury: Hospitalization up to 24 hours,430722.32,4583661.89,2.17011294,41.399665701
2020S005636    ,Eixample,la Dreta de l'Eixample,Mallorca,Sunday,2020-11-29,Laboral,2020,11,November,29,Afternoon,14:00:00,Unknown,Autobús articulat,Female,46,Passenger,Unknown,Unknown,Unknown,Serious injury: Hospitalization over 24 hours,430722.32,4583661.89,2.17011294,41.399665701
2020S005636    ,Eixample,la Dreta de l'Eixample,Mallorca,Sunday,2020-11-29,Laboral,2020,11,November,29,Afternoon,14:00:00,Unknown,Autobús articulat,Female,42,Passenger,Unknown,Unknown,Unknown,Minor injury: Medical assistance at accident site,430722.32,4583661.89,2.17011294,41.399665701
2020S005636    ,Eixample,la Dreta de l'Eixample,Mallorca,Sunday,2020-11-29,Laboral,2020,11,November,29,Afternoon,14:00:00,Unknown,Autobús articulat,Male,39,Driver,Unknown,Unknown,Regular line bus,Uninjured,430722.32,4583661.89,2.17011294,41.399665701
2020S005636    ,Eixample,la Dreta de l'Eixample,Mallorca,Sunday,2020-11-29,Laboral,2020,11,November,29,Afternoon,14:00:00,Unknown,Autobús articulat,Female,64,Passenger,Unknown,Unknown,Unknown,Minor injury: Hospitalization up to 24 hours,430722.32,4583661.89,2.17011294,41.399665701
2020S005636    ,Eixample,la Dreta de l'Eixample,Mallorca,Sunday,2020-11-29,Laboral,2020,11,November,29,Afternoon,14:00:00,Unknown,Autobús articulat,Female,85,Passenger,Unknown,Unknown,Unknown,Minor injury: Hospitalization up to 24 hours,430722.32,4583661.89,2.17011294,41.399665701
2020S005636    ,Eixample,la Dreta de l'Eixample,Mallorca,Sunday,2020-11-29,Laboral,2020,11,November,29,Afternoon,14:00:00,Unknown,Autobús articulat,Male,4,Passenger,Unknown,Unknown,Unknown,Minor injury: Medical assistance at accident site,430722.32,4583661.89,2.17011294,41.399665701
2020S005637    ,Sant Martí,Sant Martí de Provençals,Bac de Roda,Sunday,2020-11-29,Laboral,2020,11,November,29,Afternoon,15:00:00,Unknown,Motorcycle,Male,32,Driver,Unknown,Unknown,Leisure and entertainment,Minor injury: Hospitalization up to 24 hours,432827.17,4585283.01,2.19511061,41.414445384
2020S005637    ,Sant Martí,Sant Martí de Provençals,Bac de Roda,Sunday,2020-11-29,Laboral,2020,11,November,29,Afternoon,15:00:00,Unknown,Car,Female,45,Driver,Unknown,Unknown,Leisure and entertainment,Uninjured,432827.17,4585283.01,2.19511061,41.414445384
2020S005638    ,Horta-Guinardó,Horta,Horta a Cerdanyola,Sunday,2020-11-29,Laboral,2020,11,November,29,Morning,12:00:00,Unknown,Car,Male,71,Driver,Unknown,Unknown,Unknown,Uninjured,429350.33,4587796.83,2.1532184,41.436788055
2020S005638    ,Horta-Guinardó,Horta,Horta a Cerdanyola,Sunday,2020-11-29,Laboral,2020,11,November,29,Morning,12:00:00,Unknown,Motorcycle,Male,39,Driver,Unknown,Unknown,Unknown,Minor injury: Medical assistance at accident site,429350.33,4587796.83,2.1532184,41.436788055
2020S005639    ,Sarriŕ-Sant Gervasi,el Putxet i el Farró,General Mitre,Sunday,2020-11-29,Laboral,2020,11,November,29,Afternoon,20:00:00,Desobeir el senyal del semŕfor,Motorcycle,Male,22,Driver,Unknown,Unknown,Leisure and entertainment,Minor injury: Medical assistance at accident site,428290.79,4584240.5,2.14095927,41.404663721
2020S005639    ,Sarriŕ-Sant Gervasi,el Putxet i el Farró,General Mitre,Sunday,2020-11-29,Laboral,2020,11,November,29,Afternoon,20:00:00,Desobeir el senyal del semŕfor,Motorcycle,Male,25,Pedestrian,Unknown,Other activities,Unknown,Uninjured,428290.79,4584240.5,2.14095927,41.404663721
2020S005640    ,Eixample,la Nova Esquerra de l'Eixample,Aragó,Sunday,2020-11-29,Laboral,2020,11,November,29,Afternoon,21:00:00,Unknown,Motorcycle,Male,41,Driver,Unknown,Unknown,Unknown,Uninjured,428704.45,4581318.82,2.1462518,41.378386023
2020S005641    ,Sant Martí,el Poblenou,Litoral,Sunday,2020-11-29,Laboral,2020,11,November,29,Night,22:00:00,Unknown,Car,Female,35,Passenger,Unknown,Unknown,Unknown,Minor injury: Refused medical assistance,433683.78,4583042.15,2.20560519,41.394333702
2020S005641    ,Sant Martí,el Poblenou,Litoral,Sunday,2020-11-29,Laboral,2020,11,November,29,Night,22:00:00,Unknown,Car,Male,33,Driver,Unknown,Unknown,Leisure and entertainment,Uninjured,433683.78,4583042.15,2.20560519,41.394333702
2020S005641    ,Sant Martí,el Poblenou,Litoral,Sunday,2020-11-29,Laboral,2020,11,November,29,Night,22:00:00,Unknown,Car,Male,26,Driver,Unknown,Unknown,Leisure and entertainment,Minor injury: Refused medical assistance,433683.78,4583042.15,2.20560519,41.394333702
2020S005642    ,Eixample,la Nova Esquerra de l'Eixample,Aragó,Sunday,2020-11-29,Laboral,2020,11,November,29,Afternoon,21:00:00,Unknown,Motorcycle,Male,26,Driver,Unknown,Unknown,On a mission,Serious injury: Hospitalization over 24 hours,429037.09,4581603.68,2.15019605,41.380981082
2020S005643    ,Sant Martí,el Besňs i el Maresme,C-31,Monday,2020-11-30,Laboral,2020,11,November,30,Night,00:00:00,Unknown,Car,Male,25,Driver,Unknown,Unknown,Leisure and entertainment,Unknown,434007.45,4585877.1,2.20916724,41.419894044
2020S005644    ,Sarriŕ-Sant Gervasi,el Putxet i el Farró,Sant Hermenegild,Monday,2020-11-30,Laboral,2020,11,November,30,Morning,08:00:00,Desobeir el senyal del semŕfor,Motorcycle,Female,27,Driver,In crossing regulated by traffic lights,Unknown,In transit (commuting),Uninjured,428578.82,4584050.2,2.14442731,41.402975417
2020S005644    ,Sarriŕ-Sant Gervasi,el Putxet i el Farró,Sant Hermenegild,Monday,2020-11-30,Laboral,2020,11,November,30,Morning,08:00:00,Desobeir el senyal del semŕfor,Motorcycle,Female,29,Pedestrian,In crossing regulated by traffic lights,Unknown,Unknown,Minor injury: Medical assistance at accident site,428578.82,4584050.2,2.14442731,41.402975417
2020S005645    ,Horta-Guinardó,la Teixonera,Mare de Déu del Coll,Monday,2020-11-30,Laboral,2020,11,November,30,Morning,09:00:00,Unknown,Motorcycle,Male,28,Driver,Unknown,Unknown,Unknown,Minor injury: Hospitalization up to 24 hours,429108.32,4586140.22,2.15051629,41.421846311
2020S005645    ,Horta-Guinardó,la Teixonera,Mare de Déu del Coll,Monday,2020-11-30,Laboral,2020,11,November,30,Morning,09:00:00,Unknown,Car,Male,38,Driver,Unknown,Unknown,Leisure and entertainment,Uninjured,429108.32,4586140.22,2.15051629,41.421846311