Case_Number,District_Name,Neighborhood_Name,Street_Name,Day_of_Week,Date,Day_Type_Description,Year,Month_of_Year,Month_Name,Day_of_Month,Shift_Description,Hour_of_Day,Pedestrian_Cause_Description,Involved_Vehicle_Type_Description,Gender_Description,Age,Person_Type_Description,Pedestrian_Accident_Location_Description,Pedestrian_Movement_Reason_Description,Driver_Movement_Reason_Description,Victimization_Description,Coordenada_UTM_X,Coordenada_UTM_Y,Longitud,Latitud
2020S005646    ,Nou Barris,les Roquetes,Dalt (Besňs),Friday,2020-10-30,Laboral,2020,10,October,30,Morning,09:00:00,Unknown,Autobús,Male,82,Passenger,Unknown,Unknown,Unknown,Minor injury: Hospitalization up to 24 hours,431523.69,4588815.12,2.17911483,41.4461478
2020S005647    ,Eixample,la Sagrada Família,Padilla,Monday,2020-11-30,Laboral,2020,11,November,30,Morning,12:00:00,Unknown,Motorcycle,Female,58,Passenger,Unknown,Unknown,Unknown,Minor injury: Medical assistance at accident site,431111.4,4584566.27,2.17466402,41.407844614
2020S005647    ,Eixample,la Sagrada Família,Padilla,Monday,2020-11-30,Laboral,2020,11,November,30,Morning,12:00:00,Unknown,Motorcycle,Male,50,Driver,Unknown,Unknown,Unknown,Minor injury: Refused medical assistance,431111.4,4584566.27,2.17466402,41.407844614
2020S005647    ,Eixample,la Sagrada Família,Padilla,Monday,2020-11-30,Laboral,2020,11,November,30,Morning,12:00:00,Unknown,Car,Male,71,Driver,Unknown,Unknown,Other activities,Uninjured,431111.4,4584566.27,2.17466402,41.407844614
2020S005648    ,Les Corts,les Corts,Francesc Maciŕ,Monday,2020-11-30,Laboral,2020,11,November,30,Morning,13:00:00,Unknown,Motorcycle,Male,36,Driver,Unknown,Unknown,Unknown,Minor injury: Medical assistance at accident site,428520.61,4582845.99,2.14387322,41.392124377
2020S005648    ,Les Corts,les Corts,Francesc Maciŕ,Monday,2020-11-30,Laboral,2020,11,November,30,Morning,13:00:00,Unknown,Car,Female,46,Driver,Unknown,Unknown,Unknown,Uninjured,428520.61,4582845.99,2.14387322,41.392124377
2020S005649    ,Sarriŕ-Sant Gervasi,Sant Gervasi - Galvany,Santaló,Monday,2020-11-30,Laboral,2020,11,November,30,Morning,12:00:00,Unknown,"Camió rígid > 3,5 tones",Male,52,Driver,Unknown,Unknown,Unknown,Uninjured,428763.5,4583164.85,2.14674072,41.395017794
2020S005650    ,Sant Andreu,Navas,Clot,Monday,2020-11-30,Laboral,2020,11,November,30,Morning,13:00:00,Unknown,Motorcycle,Male,28,Driver,Unknown,Unknown,Regular line bus,Minor injury: Hospitalization up to 24 hours,432502.51,4585510.43,2.19120083,41.41646647
2020S005650    ,Sant Andreu,Navas,Clot,Monday,2020-11-30,Laboral,2020,11,November,30,Morning,13:00:00,Unknown,Ciclomotor,Male,20,Driver,Unknown,Unknown,In transit (commuting),Uninjured,432502.51,4585510.43,2.19120083,41.41646647
2020S005651    ,Eixample,la Dreta de l'Eixample,Universitat,Monday,2020-11-30,Laboral,2020,11,November,30,Afternoon,18:00:00,Unknown,Car,Female,43,Driver,Unknown,Unknown,On a mission,Uninjured,430450.08,4582219.88,2.16702218,41.38665446
2020S005651    ,Eixample,la Dreta de l'Eixample,Universitat,Monday,2020-11-30,Laboral,2020,11,November,30,Afternoon,18:00:00,Unknown,Motorcycle,Male,47,Driver,Unknown,Unknown,On a mission,Minor injury: Hospitalization up to 24 hours,430450.08,4582219.88,2.16702218,41.38665446
2020S005651    ,Eixample,la Dreta de l'Eixample,Universitat,Monday,2020-11-30,Laboral,2020,11,November,30,Afternoon,18:00:00,Unknown,Car,Female,16,Passenger,Unknown,Unknown,Unknown,Minor injury: Medical assistance at accident site,430450.08,4582219.88,2.16702218,41.38665446
2020S005652    ,Eixample,el Fort Pienc,Corts Catalanes,Monday,2020-11-30,Laboral,2020,11,November,30,Afternoon,18:00:00,Unknown,Car,Male,74,Driver,Unknown,Unknown,Unknown,Uninjured,431364.18,4583351.69,2.17782588,41.396926901
2020S005652    ,Eixample,el Fort Pienc,Corts Catalanes,Monday,2020-11-30,Laboral,2020,11,November,30,Afternoon,18:00:00,Unknown,Ciclomotor,Male,31,Driver,Unknown,Unknown,Unknown,Minor injury: Hospitalization up to 24 hours,431364.18,4583351.69,2.17782588,41.396926901
2020S005653    ,Sarriŕ-Sant Gervasi,Sarriŕ,B-20 (Llobregat),Monday,2020-11-30,Laboral,2020,11,November,30,Afternoon,18:00:00,Unknown,Car,Female,27,Passenger,Unknown,Unknown,Unknown,Minor injury: Hospitalization up to 24 hours,425910.22,4583445.84,2.11257908,41.397290598
2020S005653    ,Sarriŕ-Sant Gervasi,Sarriŕ,B-20 (Llobregat),Monday,2020-11-30,Laboral,2020,11,November,30,Afternoon,18:00:00,Unknown,Car,Female,21,Driver,Unknown,Unknown,Unknown,Minor injury: Hospitalization up to 24 hours,425910.22,4583445.84,2.11257908,41.397290598
2020S005653    ,Sarriŕ-Sant Gervasi,Sarriŕ,B-20 (Llobregat),Monday,2020-11-30,Laboral,2020,11,November,30,Afternoon,18:00:00,Unknown,Car,Male,39,Driver,Unknown,Unknown,Leisure and entertainment,Uninjured,425910.22,4583445.84,2.11257908,41.397290598
2020S005654    ,Horta-Guinardó,el Carmel,Llobregós,Monday,2020-11-30,Laboral,2020,11,November,30,Afternoon,18:00:00,Unknown,Car,Female,63,Pedestrian,On the sidewalk,Unknown,Unknown,Minor injury: Hospitalization up to 24 hours,429533.98,4586388.81,2.15558064,41.424122731
2020S005655    ,Sant Andreu,Sant Andreu,Ramon Riera,Monday,2020-11-30,Laboral,2020,11,November,30,Afternoon,19:00:00,Unknown,Motorcycle,Female,19,Passenger,Unknown,Unknown,Unknown,Minor injury: Hospitalization up to 24 hours,432574.39,4587613.82,2.19182617,41.435417085
2020S005655    ,Sant Andreu,Sant Andreu,Ramon Riera,Monday,2020-11-30,Laboral,2020,11,November,30,Afternoon,19:00:00,Unknown,Motorcycle,Male,21,Driver,Unknown,Unknown,Leisure and entertainment,Uninjured,432574.39,4587613.82,2.19182617,41.435417085
2020S005656    ,Sants-Montjuďc,el Poble-sec,Paralˇlel,Monday,2020-11-30,Laboral,2020,11,November,30,Afternoon,19:00:00,Unknown,Motorcycle,Male,31,Driver,Unknown,Unknown,Unknown,Minor injury: Hospitalization up to 24 hours,431120.09,4580858.51,2.17518987,41.374450662
2020S005657    ,Horta-Guinardó,el Baix Guinardó,Camčlies,Monday,2020-11-30,Laboral,2020,11,November,30,Afternoon,19:00:00,Unknown,Veh. mobilitat personal amb motor,Male,35,Driver,Unknown,Unknown,Unknown,Minor injury: Hospitalization up to 24 hours,430077.73,4585136.72,2.16223207,41.412893153
2020S005657    ,Horta-Guinardó,el Baix Guinardó,Camčlies,Monday,2020-11-30,Laboral,2020,11,November,30,Afternoon,19:00:00,Unknown,Motorcycle,Male,31,Driver,Unknown,Unknown,Unknown,Uninjured,430077.73,4585136.72,2.16223207,41.412893153
2020S005658    ,Sarriŕ-Sant Gervasi,Sant Gervasi - Galvany,Muntaner,Monday,2020-11-30,Laboral,2020,11,November,30,Afternoon,21:00:00,Unknown,Motorcycle,Male,28,Driver,Unknown,Unknown,Unknown,Minor injury: Hospitalization up to 24 hours,428857.02,4583186.39,2.14785676,41.39522008
2020S005658    ,Sarriŕ-Sant Gervasi,Sant Gervasi - Galvany,Muntaner,Monday,2020-11-30,Laboral,2020,11,November,30,Afternoon,21:00:00,Unknown,Motorcycle,Male,51,Driver,Unknown,Unknown,Unknown,Minor injury: Hospitalization up to 24 hours,428857.02,4583186.39,2.14785676,41.39522008
2020S005659    ,Ciutat Vella,el Barri Gňtic,Litoral (Llobregat),Monday,2020-11-30,Laboral,2020,11,November,30,Afternoon,19:00:00,Unknown,Car,Male,44,Driver,Unknown,Unknown,In transit (commuting),Uninjured,431572.69,4581329.72,2.18054844,41.378733361
2020S005659    ,Ciutat Vella,el Barri Gňtic,Litoral (Llobregat),Monday,2020-11-30,Laboral,2020,11,November,30,Afternoon,19:00:00,Unknown,Motorcycle,Female,29,Driver,Unknown,Unknown,Unknown,Minor injury: Hospitalization up to 24 hours,431572.69,4581329.72,2.18054844,41.378733361
2020S005659    ,Ciutat Vella,el Barri Gňtic,Litoral (Llobregat),Monday,2020-11-30,Laboral,2020,11,November,30,Afternoon,19:00:00,Unknown,Car,Male,45,Driver,Unknown,Unknown,Unknown,Uninjured,431572.69,4581329.72,2.18054844,41.378733361
2020S005660    ,Ciutat Vella,el Raval,Sant Antoni,Monday,2020-11-30,Laboral,2020,11,November,30,Afternoon,18:00:00,Unknown,Veh. mobilitat personal sense motor,Male,25,Driver,Unknown,Unknown,Unknown,Minor injury: Hospitalization up to 24 hours,430185.81,4581844.85,2.16390493,41.383253777
2020S005661    ,Sant Martí,el Parc i la Llacuna del Poblenou,Pujades,Monday,2020-11-30,Laboral,2020,11,November,30,Afternoon,19:00:00,Unknown,Bicicleta,Male,35,Driver,Unknown,Unknown,Unknown,Minor injury: Hospitalization up to 24 hours,432636.09,4583209.8,2.19305532,41.395756554
2020S005661    ,Sant Martí,el Parc i la Llacuna del Poblenou,Pujades,Monday,2020-11-30,Laboral,2020,11,November,30,Afternoon,19:00:00,Unknown,Car,Male,43,Driver,Unknown,Unknown,Unknown,Uninjured,432636.09,4583209.8,2.19305532,41.395756554
2020S005662    ,Eixample,el Fort Pienc,Marina,Monday,2020-11-30,Laboral,2020,11,November,30,Night,22:00:00,Unknown,Taxi,Female,56,Driver,Unknown,Unknown,Taxi,Uninjured,431672.65,4583534.27,2.18149494,41.398597631
2020S005662    ,Eixample,el Fort Pienc,Marina,Monday,2020-11-30,Laboral,2020,11,November,30,Night,22:00:00,Unknown,Veh. mobilitat personal amb motor,Female,25,Driver,Unknown,Unknown,Leisure and entertainment,Minor injury: Hospitalization up to 24 hours,431672.65,4583534.27,2.18149494,41.398597631
2020S005663    ,Eixample,Sant Antoni,Comte d'Urgell,Monday,2020-11-30,Laboral,2020,11,November,30,Afternoon,21:00:00,Unknown,Car,Male,31,Driver,Unknown,Unknown,Unknown,Uninjured,429756.73,4581684.05,2.15879236,41.381768133
2020S005663    ,Eixample,Sant Antoni,Comte d'Urgell,Monday,2020-11-30,Laboral,2020,11,November,30,Afternoon,21:00:00,Unknown,Car,Male,31,Driver,Unknown,Unknown,Unknown,Minor injury: Medical assistance at accident site,429756.73,4581684.05,2.15879236,41.381768133
2020S005663    ,Eixample,Sant Antoni,Comte d'Urgell,Monday,2020-11-30,Laboral,2020,11,November,30,Afternoon,21:00:00,Unknown,Car,Female,35,Passenger,Unknown,Unknown,Unknown,Minor injury: Medical assistance at accident site,429756.73,4581684.05,2.15879236,41.381768133
2020S005664    ,Sants-Montjuďc,la Bordeta,Gavŕ,Monday,2020-11-30,Laboral,2020,11,November,30,Afternoon,21:00:00,Unknown,Bicicleta,Female,53,Driver,Unknown,Unknown,Unknown,Minor injury: Hospitalization up to 24 hours,428324.73,4580664.98,2.14178857,41.372463361
2020S005664    ,Sants-Montjuďc,la Bordeta,Gavŕ,Monday,2020-11-30,Laboral,2020,11,November,30,Afternoon,21:00:00,Unknown,Car,Male,49,Driver,Unknown,Unknown,Unknown,Uninjured,428324.73,4580664.98,2.14178857,41.372463361
2020S005665    ,Nou Barris,la Prosperitat,Dalt (Besňs),Monday,2020-11-30,Laboral,2020,11,November,30,Night,22:00:00,Unknown,Furgoneta,Male,39,Driver,Unknown,Unknown,Unknown,Uninjured,431584.89,4588795.14,2.17984968,41.445973069
2020S005665    ,Nou Barris,la Prosperitat,Dalt (Besňs),Monday,2020-11-30,Laboral,2020,11,November,30,Night,22:00:00,Unknown,Car,Male,39,Driver,Unknown,Unknown,"Firefighters, police, ambulance",Uninjured,431584.89,4588795.14,2.17984968,41.445973069
2020S005666    ,Sarriŕ-Sant Gervasi,Sant Gervasi - la Bonanova,Isaac Newton,Monday,2020-11-30,Laboral,2020,11,November,30,Afternoon,18:00:00,Unknown,Car,Male,28,Driver,Unknown,Unknown,In transit (commuting),Uninjured,427641.93,4585356.59,2.13306374,41.414657701
2020S005666    ,Sarriŕ-Sant Gervasi,Sant Gervasi - la Bonanova,Isaac Newton,Monday,2020-11-30,Laboral,2020,11,November,30,Afternoon,18:00:00,Unknown,Car,Male,50,Driver,Unknown,Unknown,In transit (commuting),Uninjured,427641.93,4585356.59,2.13306374,41.414657701
2020S005666    ,Sarriŕ-Sant Gervasi,Sant Gervasi - la Bonanova,Isaac Newton,Monday,2020-11-30,Laboral,2020,11,November,30,Afternoon,18:00:00,Unknown,Motorcycle,Male,42,Driver,Unknown,Unknown,In transit (commuting),Minor injury: Hospitalization up to 24 hours,427641.93,4585356.59,2.13306374,41.414657701
2020S005667    ,Sant Martí,el Besňs i el Maresme,Litoral (Llobregat),Tuesday,2020-12-01,Laboral,2020,12,December,1,Morning,07:00:00,Unknown,Motorcycle,Male,55,Driver,Unknown,Unknown,In transit (commuting),Minor injury: Hospitalization up to 24 hours,434931.96,4584554.15,2.22037189,41.408053986
2020S005667    ,Sant Martí,el Besňs i el Maresme,Litoral (Llobregat),Tuesday,2020-12-01,Laboral,2020,12,December,1,Morning,07:00:00,Unknown,Motorcycle,Male,26,Driver,Unknown,Unknown,In transit (commuting),Minor injury: Medical assistance at accident site,434931.96,4584554.15,2.22037189,41.408053986
2020S005668    ,Sant Martí,Provençals del Poblenou,Pere IV,Tuesday,2020-12-01,Laboral,2020,12,December,1,Morning,09:00:00,Unknown,Car,Female,60,Driver,Unknown,Unknown,Other activities,Minor injury: Hospitalization up to 24 hours,433308.22,4584433.56,2.20095982,41.406834705
2020S005668    ,Sant Martí,Provençals del Poblenou,Pere IV,Tuesday,2020-12-01,Laboral,2020,12,December,1,Morning,09:00:00,Unknown,Tren o tramvia,Male,56,Driver,Unknown,Unknown,On a mission,Uninjured,433308.22,4584433.56,2.20095982,41.406834705
2020S005669    ,Eixample,la Dreta de l'Eixample,Reina Victňria,Tuesday,2020-12-01,Laboral,2020,12,December,1,Morning,09:00:00,Unknown,Motorcycle,Male,28,Driver,Unknown,Unknown,On a mission,Minor injury: Refused medical assistance,430533.93,4582491.75,2.16799378,41.389110359
2020S005669    ,Eixample,la Dreta de l'Eixample,Reina Victňria,Tuesday,2020-12-01,Laboral,2020,12,December,1,Morning,09:00:00,Unknown,Ciclomotor,Male,45,Driver,Unknown,Unknown,Unknown,Minor injury: Hospitalization up to 24 hours,430533.93,4582491.75,2.16799378,41.389110359
2020S005670    ,Sants-Montjuďc,la Marina de Port,Zona Franca,Tuesday,2020-12-01,Laboral,2020,12,December,1,Morning,09:00:00,Unknown,Tot terreny,Male,57,Driver,Unknown,Unknown,Unknown,Uninjured,428092.79,4579322.2,2.13917465,41.360348698
2020S005670    ,Sants-Montjuďc,la Marina de Port,Zona Franca,Tuesday,2020-12-01,Laboral,2020,12,December,1,Morning,09:00:00,Unknown,Motorcycle,Male,41,Driver,Unknown,Unknown,Unknown,Minor injury: Hospitalization up to 24 hours,428092.79,4579322.2,2.13917465,41.360348698
2020S005671    ,Sant Andreu,Sant Andreu,Dalt (Besňs),Friday,2020-11-27,Laboral,2020,11,November,27,Afternoon,20:00:00,Unknown,Car,Male,40,Driver,Unknown,Unknown,On a mission,Minor injury: Hospitalization up to 24 hours,432483.81,4588874.37,2.19060112,41.446762817
2020S005671    ,Sant Andreu,Sant Andreu,Dalt (Besňs),Friday,2020-11-27,Laboral,2020,11,November,27,Afternoon,20:00:00,Unknown,Car,Female,57,Passenger,Unknown,Unknown,Unknown,Minor injury: Hospitalization up to 24 hours,432483.81,4588874.37,2.19060112,41.446762817
2020S005671    ,Sant Andreu,Sant Andreu,Dalt (Besňs),Friday,2020-11-27,Laboral,2020,11,November,27,Afternoon,20:00:00,Unknown,Car,Female,24,Driver,Unknown,Unknown,Leisure and entertainment,Minor injury: Medical assistance at accident site,432483.81,4588874.37,2.19060112,41.446762817
2020S005671    ,Sant Andreu,Sant Andreu,Dalt (Besňs),Friday,2020-11-27,Laboral,2020,11,November,27,Afternoon,20:00:00,Unknown,Car,Female,30,Passenger,Unknown,Unknown,Unknown,Minor injury: Hospitalization up to 24 hours,432483.81,4588874.37,2.19060112,41.446762817
2020S005672    ,Sarriŕ-Sant Gervasi,el Putxet i el Farró,Ferran Puig,Tuesday,2020-12-01,Laboral,2020,12,December,1,Morning,10:00:00,Unknown,Car,Male,39,Driver,Unknown,Unknown,On a mission,Uninjured,428569.46,4584824.15,2.14422395,41.40994525
2020S005672    ,Sarriŕ-Sant Gervasi,el Putxet i el Farró,Ferran Puig,Tuesday,2020-12-01,Laboral,2020,12,December,1,Morning,10:00:00,Unknown,Motorcycle,Male,36,Driver,Unknown,Unknown,On a mission,Minor injury: Refused medical assistance,428569.46,4584824.15,2.14422395,41.40994525
2020S005674    ,Eixample,la Sagrada Família,Cňrsega,Tuesday,2020-12-01,Laboral,2020,12,December,1,Morning,10:00:00,Unknown,Car,Male,26,Driver,Outside the crossing,Unknown,Unknown,Uninjured,430982.24,4584450.65,2.17313204,41.406792176
2020S005674    ,Eixample,la Sagrada Família,Cňrsega,Tuesday,2020-12-01,Laboral,2020,12,December,1,Morning,10:00:00,Unknown,Car,Male,75,Pedestrian,Outside the crossing,Unknown,Unknown,Minor injury: Medical assistance at accident site,430982.24,4584450.65,2.17313204,41.406792176
2020S005675    ,Sants-Montjuďc,el Poble-sec,Litoral (Llobregat),Tuesday,2020-12-01,Laboral,2020,12,December,1,Morning,12:00:00,Unknown,Car,Male,55,Driver,Unknown,Unknown,On a mission,Unknown,430583.49,4579502.49,2.16892902,41.362191229
2020S005676    ,Eixample,la Dreta de l'Eixample,Grŕcia,Tuesday,2020-12-01,Laboral,2020,12,December,1,Morning,12:00:00,Unknown,Car,Male,45,Passenger,Unknown,Unknown,Unknown,Uninjured,430611.28,4582422.6,2.16892679,41.388494226
2020S005676    ,Eixample,la Dreta de l'Eixample,Grŕcia,Tuesday,2020-12-01,Laboral,2020,12,December,1,Morning,12:00:00,Unknown,Motorcycle,Male,40,Driver,Unknown,Unknown,On a mission,Minor injury: Medical assistance at accident site,430611.28,4582422.6,2.16892679,41.388494226
2020S005676    ,Eixample,la Dreta de l'Eixample,Grŕcia,Tuesday,2020-12-01,Laboral,2020,12,December,1,Morning,12:00:00,Unknown,Car,Male,61,Driver,Unknown,Unknown,On a mission,Uninjured,430611.28,4582422.6,2.16892679,41.388494226
2020S005677    ,Eixample,la Dreta de l'Eixample,Roger de Llúria,Tuesday,2020-12-01,Laboral,2020,12,December,1,Morning,08:00:00,Unknown,Car,Female,60,Driver,Unknown,Unknown,Unknown,Uninjured,430165.24,4583376.64,2.16348224,41.397048332
2020S005677    ,Eixample,la Dreta de l'Eixample,Roger de Llúria,Tuesday,2020-12-01,Laboral,2020,12,December,1,Morning,08:00:00,Unknown,Motorcycle,Male,30,Driver,Unknown,Unknown,Unknown,Minor injury: Refused medical assistance,430165.24,4583376.64,2.16348224,41.397048332
2020S005678    ,Sarriŕ-Sant Gervasi,el Putxet i el Farró,Riera de Cassoles,Tuesday,2020-12-01,Laboral,2020,12,December,1,Morning,10:00:00,Unknown,Motorcycle,Male,47,Driver,Unknown,Unknown,Unknown,Minor injury: Hospitalization up to 24 hours,429037.84,4584358.3,2.14988208,41.405791027
2020S005678    ,Sarriŕ-Sant Gervasi,el Putxet i el Farró,Riera de Cassoles,Tuesday,2020-12-01,Laboral,2020,12,December,1,Morning,10:00:00,Unknown,Motorcycle,Male,23,Driver,Unknown,Unknown,Unknown,Uninjured,429037.84,4584358.3,2.14988208,41.405791027
2020S005679    ,Les Corts,les Corts,Montnegre,Tuesday,2020-12-01,Laboral,2020,12,December,1,Morning,10:00:00,Unknown,Motorcycle,Male,41,Driver,Unknown,Unknown,Unknown,Minor injury: Medical assistance at accident site,428180.4,4582416.68,2.13985516,41.388227418
2020S005679    ,Les Corts,les Corts,Montnegre,Tuesday,2020-12-01,Laboral,2020,12,December,1,Morning,10:00:00,Unknown,Motorcycle,Male,35,Driver,Unknown,Unknown,Unknown,Minor injury: Hospitalization up to 24 hours,428180.4,4582416.68,2.13985516,41.388227418
2020S005680    ,Sant Andreu,el Congrés i els Indians,Garcilaso,Tuesday,2020-12-01,Laboral,2020,12,December,1,Afternoon,14:00:00,Unknown,Car,Male,51,Driver,Unknown,Unknown,Unknown,Uninjured,431697.75,4586275.04,2.18148562,41.423285025
2020S005680    ,Sant Andreu,el Congrés i els Indians,Garcilaso,Tuesday,2020-12-01,Laboral,2020,12,December,1,Afternoon,14:00:00,Unknown,Motorcycle,Female,35,Driver,Unknown,Unknown,In transit (commuting),Minor injury: Hospitalization up to 24 hours,431697.75,4586275.04,2.18148562,41.423285025
2020S005681    ,Sarriŕ-Sant Gervasi,Sarriŕ,Manuel de Falla,Tuesday,2020-12-01,Laboral,2020,12,December,1,Afternoon,17:00:00,Unknown,Car,Female,47,Driver,Unknown,Unknown,Leisure and entertainment,Uninjured,427082.42,4583125.59,2.12663849,41.394513445
2020S005682    ,Les Corts,Pedralbes,Diagonal,Tuesday,2020-12-01,Laboral,2020,12,December,1,Afternoon,16:00:00,Unknown,Furgoneta,Male,60,Driver,Unknown,Unknown,On a mission,Minor injury: Hospitalization up to 24 hours,425818.02,4582082.48,2.11164334,41.385002917
2020S005682    ,Les Corts,Pedralbes,Diagonal,Tuesday,2020-12-01,Laboral,2020,12,December,1,Afternoon,16:00:00,Unknown,Car,Male,67,Driver,Unknown,Unknown,On a mission,Uninjured,425818.02,4582082.48,2.11164334,41.385002917
2020S005683    ,Nou Barris,la Prosperitat,Argullós,Tuesday,2020-12-01,Laboral,2020,12,December,1,Afternoon,14:00:00,Unknown,Motorcycle,Male,27,Passenger,Unknown,Unknown,Unknown,Uninjured,431807.66,4588243.13,2.18257864,41.441020279
2020S005683    ,Nou Barris,la Prosperitat,Argullós,Tuesday,2020-12-01,Laboral,2020,12,December,1,Afternoon,14:00:00,Unknown,Motorcycle,Female,45,Driver,Unknown,Unknown,Unknown,Minor injury: Refused medical assistance,431807.66,4588243.13,2.18257864,41.441020279
2020S005683    ,Nou Barris,la Prosperitat,Argullós,Tuesday,2020-12-01,Laboral,2020,12,December,1,Afternoon,14:00:00,Unknown,Furgoneta,Male,27,Driver,Unknown,Unknown,On a mission,Minor injury: Hospitalization up to 24 hours,431807.66,4588243.13,2.18257864,41.441020279
2020S005684    ,Les Corts,Pedralbes,Tilˇlers,Tuesday,2020-12-01,Laboral,2020,12,December,1,Afternoon,17:00:00,Unknown,Taxi,Male,37,Driver,Unknown,Unknown,Taxi,Minor injury: Hospitalization up to 24 hours,426449.04,4582592.93,2.1191276,41.389658296
2020S005684    ,Les Corts,Pedralbes,Tilˇlers,Tuesday,2020-12-01,Laboral,2020,12,December,1,Afternoon,17:00:00,Unknown,Car,Female,14,Passenger,Unknown,Unknown,Unknown,Uninjured,426449.04,4582592.93,2.1191276,41.389658296
2020S005684    ,Les Corts,Pedralbes,Tilˇlers,Tuesday,2020-12-01,Laboral,2020,12,December,1,Afternoon,17:00:00,Unknown,Car,Female,43,Driver,Unknown,Unknown,Leisure and entertainment,Minor injury: Medical assistance at accident site,426449.04,4582592.93,2.1191276,41.389658296
2020S005685    ,Sants-Montjuďc,el Poble-sec,Espanya,Tuesday,2020-12-01,Laboral,2020,12,December,1,Afternoon,19:00:00,Unknown,Motorcycle,Male,36,Driver,Unknown,Unknown,Unknown,Uninjured,428940.71,4580909.36,2.14912497,41.374719063
2020S005685    ,Sants-Montjuďc,el Poble-sec,Espanya,Tuesday,2020-12-01,Laboral,2020,12,December,1,Afternoon,19:00:00,Unknown,Motorcycle,Male,29,Driver,Unknown,Unknown,Unknown,Minor injury: Hospitalization up to 24 hours,428940.71,4580909.36,2.14912497,41.374719063
2020S005686    ,Eixample,la Nova Esquerra de l'Eixample,Entença,Tuesday,2020-12-01,Laboral,2020,12,December,1,Afternoon,19:00:00,Unknown,Motorcycle,Male,57,Driver,Unknown,Unknown,Unknown,Minor injury: Hospitalization up to 24 hours,428776.48,4581768.81,2.1470602,41.38244531
2020S005687    ,Sarriŕ-Sant Gervasi,el Putxet i el Farró,Ballester,Tuesday,2020-12-01,Laboral,2020,12,December,1,Afternoon,15:00:00,Unknown,Motorcycle,Female,44,Driver,Unknown,Unknown,In transit (commuting),Minor injury: Medical assistance at accident site,428737.28,4584514.41,2.14626816,41.407170447
2020S005687    ,Sarriŕ-Sant Gervasi,el Putxet i el Farró,Ballester,Tuesday,2020-12-01,Laboral,2020,12,December,1,Afternoon,15:00:00,Unknown,Motorcycle,Male,30,Driver,Unknown,Unknown,Unknown,Uninjured,428737.28,4584514.41,2.14626816,41.407170447
2020S005688    ,Horta-Guinardó,el Baix Guinardó,Cartagena,Tuesday,2020-12-01,Laboral,2020,12,December,1,Afternoon,17:00:00,Unknown,Car,Female,50,Driver,Unknown,Unknown,Leisure and entertainment,Uninjured,430833.7,4585181.79,2.17127144,41.413364535
2020S005688    ,Horta-Guinardó,el Baix Guinardó,Cartagena,Tuesday,2020-12-01,Laboral,2020,12,December,1,Afternoon,17:00:00,Unknown,Motorcycle,Male,23,Driver,Unknown,Unknown,In transit (commuting),Minor injury: Hospitalization up to 24 hours,430833.7,4585181.79,2.17127144,41.413364535
2020S005689    ,Eixample,Sant Antoni,Sepúlveda,Tuesday,2020-12-01,Laboral,2020,12,December,1,Afternoon,14:00:00,Unknown,Autobús,Male,83,Passenger,Unknown,Unknown,Unknown,Minor injury: Medical assistance at accident site,430040.36,4581831.65,2.16216707,41.383122246
2020S005689    ,Eixample,Sant Antoni,Sepúlveda,Tuesday,2020-12-01,Laboral,2020,12,December,1,Afternoon,14:00:00,Unknown,Autobús,Male,53,Driver,Unknown,Unknown,Urban bus,Uninjured,430040.36,4581831.65,2.16216707,41.383122246
2020S005690    ,Eixample,la Nova Esquerra de l'Eixample,Corts Catalanes,Tuesday,2020-12-01,Laboral,2020,12,December,1,Afternoon,14:00:00,Unknown,Motorcycle,Male,35,Driver,Unknown,Unknown,Unknown,Minor injury: Medical assistance at accident site,429412.39,4581441.31,2.1547029,41.379551699
2020S005690    ,Eixample,la Nova Esquerra de l'Eixample,Corts Catalanes,Tuesday,2020-12-01,Laboral,2020,12,December,1,Afternoon,14:00:00,Unknown,Car,Male,81,Driver,Unknown,Unknown,Unknown,Uninjured,429412.39,4581441.31,2.1547029,41.379551699
2020S005691    ,Horta-Guinardó,el Baix Guinardó,Alfons el Savi,Tuesday,2020-12-01,Laboral,2020,12,December,1,Afternoon,16:00:00,Unknown,Motorcycle,Male,18,Driver,Unknown,Unknown,In transit (commuting),Minor injury: Hospitalization up to 24 hours,430300.51,4584980.21,2.16491547,41.411502885
2020S005691    ,Horta-Guinardó,el Baix Guinardó,Alfons el Savi,Tuesday,2020-12-01,Laboral,2020,12,December,1,Afternoon,16:00:00,Unknown,Furgoneta,Male,66,Driver,Unknown,Unknown,Leisure and entertainment,Uninjured,430300.51,4584980.21,2.16491547,41.411502885
2020S005692    ,Les Corts,les Corts,Numŕncia,Tuesday,2020-12-01,Laboral,2020,12,December,1,Afternoon,21:00:00,Unknown,Veh. mobilitat personal amb motor,Male,36,Driver,Unknown,Unknown,Unknown,Minor injury: Medical assistance at accident site,427499.83,4582741.88,2.13167694,41.391095281
2020S005692    ,Les Corts,les Corts,Numŕncia,Tuesday,2020-12-01,Laboral,2020,12,December,1,Afternoon,21:00:00,Unknown,Motorcycle,Female,38,Driver,Unknown,Unknown,Unknown,Minor injury: Hospitalization up to 24 hours,427499.83,4582741.88,2.13167694,41.391095281
2020S005693    ,Sarriŕ-Sant Gervasi,Sant Gervasi - la Bonanova,Iradier,Thursday,2020-12-03,Laboral,2020,12,December,3,Morning,09:00:00,Unknown,Motorcycle,Male,42,Driver,Unknown,Unknown,On a mission,Minor injury: Medical assistance at accident site,427090.57,4584079.77,2.12662101,41.403108082
2020S005693    ,Sarriŕ-Sant Gervasi,Sant Gervasi - la Bonanova,Iradier,Thursday,2020-12-03,Laboral,2020,12,December,3,Morning,09:00:00,Unknown,Car,Female,74,Driver,Unknown,Unknown,Leisure and entertainment,Uninjured,427090.57,4584079.77,2.12662101,41.403108082