Case_Number,District_Name,Neighborhood_Name,Street_Name,Day_of_Week,Date,Day_Type_Description,Year,Month_of_Year,Month_Name,Day_of_Month,Shift_Description,Hour_of_Day,Pedestrian_Cause_Description,Involved_Vehicle_Type_Description,Gender_Description,Age,Person_Type_Description,Pedestrian_Accident_Location_Description,Pedestrian_Movement_Reason_Description,Driver_Movement_Reason_Description,Victimization_Description,Coordenada_UTM_X,Coordenada_UTM_Y,Longitud,Latitud
2020S005739    ,Sants-Montjuďc,la Marina del Prat Vermell,Litoral (Besňs),Thursday,2020-12-03,Laboral,2020,12,December,3,Afternoon,14:00:00,Unknown,Motorcycle,Female,25,Driver,Unknown,Unknown,Unknown,Minor injury: Medical assistance at accident site,428208.12,4577802.65,2.14073323,41.346672889
2020S005739    ,Sants-Montjuďc,la Marina del Prat Vermell,Litoral (Besňs),Thursday,2020-12-03,Laboral,2020,12,December,3,Afternoon,14:00:00,Unknown,Car,Female,39,Driver,Unknown,Unknown,Unknown,Uninjured,428208.12,4577802.65,2.14073323,41.346672889
2020S005739    ,Sants-Montjuďc,la Marina del Prat Vermell,Litoral (Besňs),Thursday,2020-12-03,Laboral,2020,12,December,3,Afternoon,14:00:00,Unknown,Motorcycle,Male,35,Driver,Unknown,Unknown,Unknown,Uninjured,428208.12,4577802.65,2.14073323,41.346672889
2020S005740    ,Sarriŕ-Sant Gervasi,el Putxet i el Farró,República Argentina,Thursday,2020-12-03,Laboral,2020,12,December,3,Morning,09:00:00,Others,Car,Male,54,Pedestrian,On the sidewalk,Unknown,Unknown,Minor injury: Medical assistance at accident site,428175.03,4585129.05,2.13946897,41.41265619
2020S005740    ,Sarriŕ-Sant Gervasi,el Putxet i el Farró,República Argentina,Thursday,2020-12-03,Laboral,2020,12,December,3,Morning,09:00:00,Others,Car,Female,33,Driver,On the sidewalk,Unknown,Unknown,Uninjured,428175.03,4585129.05,2.13946897,41.41265619
2020S005741    ,Sarriŕ-Sant Gervasi,Sant Gervasi - la Bonanova,Dalt (Besňs),Thursday,2020-12-03,Laboral,2020,12,December,3,Afternoon,14:00:00,Unknown,Car,Female,45,Driver,Unknown,Unknown,Unknown,Minor injury: Hospitalization up to 24 hours,426771.17,4584613.55,2.12273567,41.407886559
2020S005741    ,Sarriŕ-Sant Gervasi,Sant Gervasi - la Bonanova,Dalt (Besňs),Thursday,2020-12-03,Laboral,2020,12,December,3,Afternoon,14:00:00,Unknown,Furgoneta,Male,57,Driver,Unknown,Unknown,On a mission,Uninjured,426771.17,4584613.55,2.12273567,41.407886559
2020S005742    ,Sants-Montjuďc,la Marina de Port,Alts Forns,Thursday,2020-12-03,Laboral,2020,12,December,3,Afternoon,14:00:00,Unknown,Furgoneta,Male,39,Driver,Unknown,Unknown,Leisure and entertainment,Minor injury: Hospitalization up to 24 hours,427898.17,4578971.23,2.13688982,41.357170214
2020S005742    ,Sants-Montjuďc,la Marina de Port,Alts Forns,Thursday,2020-12-03,Laboral,2020,12,December,3,Afternoon,14:00:00,Unknown,Furgoneta,Male,41,Passenger,Unknown,Unknown,Unknown,Minor injury: Hospitalization up to 24 hours,427898.17,4578971.23,2.13688982,41.357170214
2020S005743    ,Sants-Montjuďc,Sants,Antoni de Capmany,Thursday,2020-12-03,Laboral,2020,12,December,3,Morning,13:00:00,Creuar per fora pas de vianants,Motorcycle,Female,29,Driver,Outside the crossing,Unknown,Unknown,Uninjured,427795.36,4580955.36,2.13542449,41.375031365
2020S005743    ,Sants-Montjuďc,Sants,Antoni de Capmany,Thursday,2020-12-03,Laboral,2020,12,December,3,Morning,13:00:00,Creuar per fora pas de vianants,Motorcycle,Female,55,Pedestrian,Outside the crossing,Unknown,Unknown,Minor injury: Medical assistance at accident site,427795.36,4580955.36,2.13542449,41.375031365
2020S005744    ,Nou Barris,Vilapicina i la Torre Llobeta,Fabra i Puig,Thursday,2020-12-03,Laboral,2020,12,December,3,Afternoon,16:00:00,Unknown,Motorcycle,Female,49,Driver,Unknown,Unknown,Unknown,Minor injury: Hospitalization up to 24 hours,431805.86,4587027.54,2.18269434,41.43007173
2020S005744    ,Nou Barris,Vilapicina i la Torre Llobeta,Fabra i Puig,Thursday,2020-12-03,Laboral,2020,12,December,3,Afternoon,16:00:00,Unknown,Car,Female,51,Driver,Unknown,Unknown,Unknown,Uninjured,431805.86,4587027.54,2.18269434,41.43007173
2020S005745    ,Ciutat Vella,el Barri Gňtic,Litoral (Llobregat),Thursday,2020-12-03,Laboral,2020,12,December,3,Afternoon,14:00:00,Unknown,Furgoneta,Male,36,Driver,Unknown,Unknown,On a mission,Uninjured,431758.8,4581564.54,2.18274747,41.380864138
2020S005745    ,Ciutat Vella,el Barri Gňtic,Litoral (Llobregat),Thursday,2020-12-03,Laboral,2020,12,December,3,Afternoon,14:00:00,Unknown,Motorcycle,Female,39,Driver,Unknown,Unknown,Leisure and entertainment,Minor injury: Medical assistance at accident site,431758.8,4581564.54,2.18274747,41.380864138
2020S005746    ,Horta-Guinardó,Montbau,Arquitectura,Thursday,2020-12-03,Laboral,2020,12,December,3,Morning,13:00:00,Unknown,Motorcycle,Male,26,Driver,Unknown,Unknown,Leisure and entertainment,Minor injury: Hospitalization up to 24 hours,428219.93,4587023.17,2.13978122,41.42971974
2020S005746    ,Horta-Guinardó,Montbau,Arquitectura,Thursday,2020-12-03,Laboral,2020,12,December,3,Morning,13:00:00,Unknown,Motorcycle,Female,20,Passenger,Unknown,Unknown,Unknown,Minor injury: Hospitalization up to 24 hours,428219.93,4587023.17,2.13978122,41.42971974
2020S005747    ,Eixample,la Dreta de l'Eixample,Diputació,Thursday,2020-12-03,Laboral,2020,12,December,3,Afternoon,15:00:00,Unknown,Car,Male,30,Driver,In crossing regulated by traffic lights,Unknown,Unknown,Uninjured,430578.91,4582741.12,2.16850313,41.391360243
2020S005747    ,Eixample,la Dreta de l'Eixample,Diputació,Thursday,2020-12-03,Laboral,2020,12,December,3,Afternoon,15:00:00,Unknown,Car,Male,38,Pedestrian,In crossing regulated by traffic lights,Unknown,Unknown,Minor injury: Hospitalization up to 24 hours,430578.91,4582741.12,2.16850313,41.391360243
2020S005748    ,Grŕcia,el Camp d'en Grassot i Grŕcia Nova,Rosselló,Thursday,2020-12-03,Laboral,2020,12,December,3,Afternoon,16:00:00,Unknown,Motorcycle,Female,26,Driver,Unknown,Unknown,Leisure and entertainment,Minor injury: Hospitalization up to 24 hours,430672.36,4583989.08,2.16947784,41.402608287
2020S005748    ,Grŕcia,el Camp d'en Grassot i Grŕcia Nova,Rosselló,Thursday,2020-12-03,Laboral,2020,12,December,3,Afternoon,16:00:00,Unknown,Furgoneta,Male,41,Driver,Unknown,Unknown,In transit (commuting),Uninjured,430672.36,4583989.08,2.16947784,41.402608287
2020S005749    ,Eixample,Sant Antoni,Corts Catalanes,Thursday,2020-12-03,Laboral,2020,12,December,3,Afternoon,16:00:00,Unknown,Motorcycle,Male,40,Driver,Unknown,Unknown,Leisure and entertainment,Uninjured,429311.87,4581271.11,2.15352075,41.378009934
2020S005749    ,Eixample,Sant Antoni,Corts Catalanes,Thursday,2020-12-03,Laboral,2020,12,December,3,Afternoon,16:00:00,Unknown,Motorcycle,Female,25,Driver,Unknown,Unknown,Leisure and entertainment,Minor injury: Hospitalization up to 24 hours,429311.87,4581271.11,2.15352075,41.378009934
2020S005749    ,Eixample,Sant Antoni,Corts Catalanes,Thursday,2020-12-03,Laboral,2020,12,December,3,Afternoon,16:00:00,Unknown,Car,Male,36,Driver,Unknown,Unknown,Leisure and entertainment,Uninjured,429311.87,4581271.11,2.15352075,41.378009934
2020S005750    ,Eixample,la Dreta de l'Eixample,Roger de Flor,Thursday,2020-12-03,Laboral,2020,12,December,3,Afternoon,17:00:00,Unknown,Bicicleta,Female,59,Driver,Unknown,Unknown,Leisure and entertainment,Minor injury: Hospitalization up to 24 hours,430862.81,4583620.03,2.17179822,41.399300781
2020S005750    ,Eixample,la Dreta de l'Eixample,Roger de Flor,Thursday,2020-12-03,Laboral,2020,12,December,3,Afternoon,17:00:00,Unknown,Motorcycle,Female,47,Driver,Unknown,Unknown,In transit (commuting),Uninjured,430862.81,4583620.03,2.17179822,41.399300781
2020S005751    ,Grŕcia,la Vila de Grŕcia,Grŕcia,Thursday,2020-12-03,Laboral,2020,12,December,3,Afternoon,18:00:00,Desobeir el senyal del semŕfor,Motorcycle,Male,44,Driver,In crossing regulated by traffic lights,Unknown,Unknown,Minor injury: Medical assistance at accident site,430145.94,4584239.51,2.16315177,41.404818232
2020S005751    ,Grŕcia,la Vila de Grŕcia,Grŕcia,Thursday,2020-12-03,Laboral,2020,12,December,3,Afternoon,18:00:00,Desobeir el senyal del semŕfor,Motorcycle,Male,56,Pedestrian,In crossing regulated by traffic lights,Unknown,Unknown,Uninjured,430145.94,4584239.51,2.16315177,41.404818232
2020S005752    ,Sarriŕ-Sant Gervasi,Sant Gervasi - Galvany,Diagonal,Thursday,2020-12-03,Laboral,2020,12,December,3,Afternoon,16:00:00,Unknown,Furgoneta,Male,30,Driver,Unknown,Unknown,Unknown,Uninjured,428148.61,4582820.84,2.139427,41.391864695
2020S005752    ,Sarriŕ-Sant Gervasi,Sant Gervasi - Galvany,Diagonal,Thursday,2020-12-03,Laboral,2020,12,December,3,Afternoon,16:00:00,Unknown,Ciclomotor,Female,23,Driver,Unknown,Unknown,Unknown,Minor injury: Hospitalization up to 24 hours,428148.61,4582820.84,2.139427,41.391864695
2020S005752    ,Sarriŕ-Sant Gervasi,Sant Gervasi - Galvany,Diagonal,Thursday,2020-12-03,Laboral,2020,12,December,3,Afternoon,16:00:00,Unknown,Ciclomotor,Female,23,Passenger,Unknown,Unknown,Unknown,Minor injury: Hospitalization up to 24 hours,428148.61,4582820.84,2.139427,41.391864695
2020S005753    ,Les Corts,Pedralbes,Cavallers,Thursday,2020-12-03,Laboral,2020,12,December,3,Afternoon,19:00:00,Unknown,Car,Male,57,Driver,Unknown,Unknown,In transit (commuting),Minor injury: Hospitalization up to 24 hours,425831.62,4582698.55,2.11173051,41.390552843
2020S005753    ,Les Corts,Pedralbes,Cavallers,Thursday,2020-12-03,Laboral,2020,12,December,3,Afternoon,19:00:00,Unknown,Car,Male,43,Driver,Unknown,Unknown,Other activities,Uninjured,425831.62,4582698.55,2.11173051,41.390552843
2020S005754    ,Sarriŕ-Sant Gervasi,Sant Gervasi - Galvany,Galˇla Placídia,Thursday,2020-12-03,Laboral,2020,12,December,3,Afternoon,21:00:00,Unknown,Motorcycle,Male,53,Driver,Unknown,Unknown,Other activities,Minor injury: Hospitalization up to 24 hours,429285.37,4583554.21,2.1529372,41.398570705
2020S005754    ,Sarriŕ-Sant Gervasi,Sant Gervasi - Galvany,Galˇla Placídia,Thursday,2020-12-03,Laboral,2020,12,December,3,Afternoon,21:00:00,Unknown,Car,Female,34,Driver,Unknown,Unknown,Other activities,Uninjured,429285.37,4583554.21,2.1529372,41.398570705
2020S005755    ,Eixample,la Nova Esquerra de l'Eixample,Entença,Thursday,2020-12-03,Laboral,2020,12,December,3,Afternoon,20:00:00,Unknown,Car,Male,43,Driver,Unknown,Unknown,"Firefighters, police, ambulance",Uninjured,428800.22,4581712.72,2.14735069,41.38194223
2020S005755    ,Eixample,la Nova Esquerra de l'Eixample,Entença,Thursday,2020-12-03,Laboral,2020,12,December,3,Afternoon,20:00:00,Unknown,Motorcycle,Male,27,Driver,Unknown,Unknown,Unknown,Minor injury: Hospitalization up to 24 hours,428800.22,4581712.72,2.14735069,41.38194223
2020S005756    ,Sants-Montjuďc,Hostafrancs,Espanya,Thursday,2020-12-03,Laboral,2020,12,December,3,Morning,13:00:00,Unknown,Motorcycle,Male,40,Driver,Unknown,Unknown,Other activities,Minor injury: Medical assistance at accident site,428875.86,4580985.95,2.14834056,41.375403152
2020S005756    ,Sants-Montjuďc,Hostafrancs,Espanya,Thursday,2020-12-03,Laboral,2020,12,December,3,Morning,13:00:00,Unknown,Car,Male,45,Driver,Unknown,Unknown,Other activities,Uninjured,428875.86,4580985.95,2.14834056,41.375403152
2020S005757    ,Les Corts,Pedralbes,Esplugues,Thursday,2020-12-03,Laboral,2020,12,December,3,Morning,13:00:00,Unknown,Car,Female,39,Driver,Unknown,Unknown,In transit (commuting),Uninjured,425557.5,4582600.33,2.10846415,41.389642883
2020S005757    ,Les Corts,Pedralbes,Esplugues,Thursday,2020-12-03,Laboral,2020,12,December,3,Morning,13:00:00,Unknown,Motorcycle,Male,34,Driver,Unknown,Unknown,In transit (commuting),Minor injury: Hospitalization up to 24 hours,425557.5,4582600.33,2.10846415,41.389642883
2020S005758    ,Les Corts,Pedralbes,Doctor Ferran,Thursday,2020-12-03,Laboral,2020,12,December,3,Morning,08:00:00,Unknown,Autobús,Female,73,Passenger,Unknown,Unknown,Unknown,Minor injury: Hospitalization up to 24 hours,426837.43,4582678.19,2.12376234,41.390461638
2020S005758    ,Les Corts,Pedralbes,Doctor Ferran,Thursday,2020-12-03,Laboral,2020,12,December,3,Morning,08:00:00,Unknown,Autobús,Male,40,Driver,Unknown,Unknown,Urban bus,Uninjured,426837.43,4582678.19,2.12376234,41.390461638
2020S005759    ,Eixample,l'Antiga Esquerra de l'Eixample,Valčncia,Thursday,2020-12-03,Laboral,2020,12,December,3,Morning,10:00:00,Unknown,Motorcycle,Female,31,Driver,Unknown,Unknown,On a mission,Minor injury: Hospitalization up to 24 hours,429709.53,4582480.62,2.15813546,41.388938455
2020S005759    ,Eixample,l'Antiga Esquerra de l'Eixample,Valčncia,Thursday,2020-12-03,Laboral,2020,12,December,3,Morning,10:00:00,Unknown,Car,Male,85,Driver,Unknown,Unknown,Leisure and entertainment,Minor injury: Refused medical assistance,429709.53,4582480.62,2.15813546,41.388938455
2020S005760    ,Horta-Guinardó,Can Baró,Ramiro de Maeztu,Friday,2020-12-04,Laboral,2020,12,December,4,Morning,08:00:00,Unknown,Autobús,Female,52,Passenger,Unknown,Unknown,Unknown,Minor injury: Medical assistance at accident site,429744.31,4585429.2,2.15820902,41.415498318
2020S005760    ,Horta-Guinardó,Can Baró,Ramiro de Maeztu,Friday,2020-12-04,Laboral,2020,12,December,4,Morning,08:00:00,Unknown,Autobús,Male,54,Driver,Unknown,Unknown,Urban bus,Minor injury: Hospitalization up to 24 hours,429744.31,4585429.2,2.15820902,41.415498318
2020S005760    ,Horta-Guinardó,Can Baró,Ramiro de Maeztu,Friday,2020-12-04,Laboral,2020,12,December,4,Morning,08:00:00,Unknown,"Camió rígid <= 3,5 tones",Male,47,Driver,Unknown,Unknown,Servei de manteniment viari,Uninjured,429744.31,4585429.2,2.15820902,41.415498318
2020S005761    ,Sants-Montjuďc,la Bordeta,Constitució,Thursday,2020-12-03,Laboral,2020,12,December,3,Night,22:00:00,Unknown,Motorcycle,Male,49,Driver,Unknown,Unknown,Other activities,Minor injury: Hospitalization up to 24 hours,427556.2,4580251.16,2.13264903,41.368667387
2020S005761    ,Sants-Montjuďc,la Bordeta,Constitució,Thursday,2020-12-03,Laboral,2020,12,December,3,Night,22:00:00,Unknown,Veh. mobilitat personal amb motor,Male,15,Driver,Unknown,Unknown,Leisure and entertainment,Uninjured,427556.2,4580251.16,2.13264903,41.368667387
2020S005762    ,Eixample,la Sagrada Família,Consell de Cent,Thursday,2020-12-03,Laboral,2020,12,December,3,Afternoon,19:00:00,Unknown,Bicicleta,Male,34,Driver,Unknown,Unknown,Leisure and entertainment,Minor injury: Hospitalization up to 24 hours,431807.02,4584158.43,2.18303186,41.40423067
2020S005762    ,Eixample,la Sagrada Família,Consell de Cent,Thursday,2020-12-03,Laboral,2020,12,December,3,Afternoon,19:00:00,Unknown,Bicicleta,Male,30,Driver,Unknown,Unknown,On a mission,Uninjured,431807.02,4584158.43,2.18303186,41.40423067
2020S005763    ,Sants-Montjuďc,Hostafrancs,Espanya,Thursday,2020-12-03,Laboral,2020,12,December,3,Afternoon,18:00:00,Unknown,Car,Male,82,Driver,Unknown,Unknown,Leisure and entertainment,Uninjured,428875.86,4580985.95,2.14834056,41.375403152
2020S005763    ,Sants-Montjuďc,Hostafrancs,Espanya,Thursday,2020-12-03,Laboral,2020,12,December,3,Afternoon,18:00:00,Unknown,Ciclomotor,Male,43,Driver,Unknown,Unknown,Leisure and entertainment,Minor injury: Refused medical assistance,428875.86,4580985.95,2.14834056,41.375403152
2020S005764    ,Eixample,la Nova Esquerra de l'Eixample,Corts Catalanes,Friday,2020-12-04,Laboral,2020,12,December,4,Morning,10:00:00,Unknown,Veh. mobilitat personal amb motor,Female,48,Pedestrian,On the sidewalk,Unknown,Unknown,Minor injury: Hospitalization up to 24 hours,429696.6,4581720.19,2.15806911,41.382088379
2020S005764    ,Eixample,la Nova Esquerra de l'Eixample,Corts Catalanes,Friday,2020-12-04,Laboral,2020,12,December,4,Morning,10:00:00,Unknown,Veh. mobilitat personal amb motor,Male,31,Driver,On the sidewalk,Unknown,Unknown,Uninjured,429696.6,4581720.19,2.15806911,41.382088379
2020S005765    ,Eixample,la Dreta de l'Eixample,Valčncia,Thursday,2020-11-26,Laboral,2020,11,November,26,Morning,09:00:00,Unknown,Car,Female,42,Driver,Unknown,Unknown,On a mission,Uninjured,430325.78,4583085.06,2.16543606,41.394436099
2020S005765    ,Eixample,la Dreta de l'Eixample,Valčncia,Thursday,2020-11-26,Laboral,2020,11,November,26,Morning,09:00:00,Unknown,Bicicleta,Female,42,Driver,Unknown,Unknown,In transit (commuting),Minor injury: Hospitalization up to 24 hours,430325.78,4583085.06,2.16543606,41.394436099
2020S005766    ,Sant Martí,Provençals del Poblenou,Cristóbal de Moura,Friday,2020-12-04,Laboral,2020,12,December,4,Morning,09:00:00,Unknown,Motorcycle,Female,22,Driver,Unknown,Unknown,Unknown,Minor injury: Refused medical assistance,433363.56,4584493.06,2.2016153,41.407375198
2020S005766    ,Sant Martí,Provençals del Poblenou,Cristóbal de Moura,Friday,2020-12-04,Laboral,2020,12,December,4,Morning,09:00:00,Unknown,Bicicleta,Female,35,Driver,Unknown,Unknown,Unknown,Uninjured,433363.56,4584493.06,2.2016153,41.407375198
2020S005767    ,Eixample,la Sagrada Família,Provença,Friday,2020-12-04,Laboral,2020,12,December,4,Morning,12:00:00,Unknown,Car,Male,46,Driver,Unknown,Unknown,Unknown,Uninjured,431453.59,4584528.7,2.17876197,41.407535502
2020S005767    ,Eixample,la Sagrada Família,Provença,Friday,2020-12-04,Laboral,2020,12,December,4,Morning,12:00:00,Unknown,Veh. mobilitat personal amb motor,Female,26,Driver,Unknown,Unknown,Unknown,Minor injury: Hospitalization up to 24 hours,431453.59,4584528.7,2.17876197,41.407535502
2020S005767    ,Eixample,la Sagrada Família,Provença,Friday,2020-12-04,Laboral,2020,12,December,4,Morning,12:00:00,Unknown,Motorcycle,Male,28,Driver,Unknown,Unknown,Unknown,Minor injury: Hospitalization up to 24 hours,431453.59,4584528.7,2.17876197,41.407535502
2020S005768    ,Sant Martí,Sant Martí de Provençals,Treball,Thursday,2020-12-03,Laboral,2020,12,December,3,Afternoon,19:00:00,Unknown,Furgoneta,Male,19,Driver,Unknown,Unknown,Leisure and entertainment,Uninjured,433430.57,4585424.43,2.20231442,41.415769354
2020S005768    ,Sant Martí,Sant Martí de Provençals,Treball,Thursday,2020-12-03,Laboral,2020,12,December,3,Afternoon,19:00:00,Unknown,Motorcycle,Male,27,Driver,Unknown,Unknown,Leisure and entertainment,Minor injury: Hospitalization up to 24 hours,433430.57,4585424.43,2.20231442,41.415769354
2020S005769    ,Sants-Montjuďc,Sants - Badal,Sants,Thursday,2020-12-03,Laboral,2020,12,December,3,Afternoon,20:00:00,Unknown,Autobús articulat,Male,43,Driver,Unknown,Unknown,Urban bus,Uninjured,427244.14,4581007.23,2.12882729,41.375448866
2020S005769    ,Sants-Montjuďc,Sants - Badal,Sants,Thursday,2020-12-03,Laboral,2020,12,December,3,Afternoon,20:00:00,Unknown,Autobús articulat,Female,42,Passenger,Unknown,Unknown,Unknown,Minor injury: Medical assistance at accident site,427244.14,4581007.23,2.12882729,41.375448866
2020S005770    ,Sant Andreu,el Bon Pastor,Lima,Friday,2020-12-04,Laboral,2020,12,December,4,Morning,13:00:00,Unknown,Motorcycle,Male,30,Driver,Unknown,Unknown,Unknown,Minor injury: Hospitalization up to 24 hours,433765.52,4588067.72,2.20603226,41.439604411
2020S005770    ,Sant Andreu,el Bon Pastor,Lima,Friday,2020-12-04,Laboral,2020,12,December,4,Morning,13:00:00,Unknown,Furgoneta,Male,25,Driver,Unknown,Unknown,Unknown,Uninjured,433765.52,4588067.72,2.20603226,41.439604411
2020S005771    ,Eixample,la Dreta de l'Eixample,Valčncia,Thursday,2020-12-03,Laboral,2020,12,December,3,Afternoon,15:00:00,Unknown,Bicicleta,Male,29,Driver,Unknown,Unknown,Leisure and entertainment,Minor injury: Hospitalization up to 24 hours,430583.69,4583307.18,2.16849538,41.396458979
2020S005771    ,Eixample,la Dreta de l'Eixample,Valčncia,Thursday,2020-12-03,Laboral,2020,12,December,3,Afternoon,15:00:00,Unknown,Furgoneta,Male,19,Driver,Unknown,Unknown,Professional goods transport,Uninjured,430583.69,4583307.18,2.16849538,41.396458979
2020S005772    ,Sants-Montjuďc,la Marina del Prat Vermell,Litoral (Besňs),Wednesday,2020-12-02,Laboral,2020,12,December,2,Afternoon,21:00:00,Unknown,Car,Male,23,Driver,Unknown,Unknown,In transit (commuting),Minor injury: Refused medical assistance,428838.92,4578008.32,2.14824838,41.3485813
2020S005773    ,Sant Andreu,la Sagrera,Gran de la Sagrera,Thursday,2020-12-03,Laboral,2020,12,December,3,Afternoon,20:00:00,Unknown,Motorcycle,Male,33,Driver,Unknown,Unknown,Unknown,Minor injury: Medical assistance at accident site,432526.32,4585788.58,2.19145467,41.418973684
2020S005773    ,Sant Andreu,la Sagrera,Gran de la Sagrera,Thursday,2020-12-03,Laboral,2020,12,December,3,Afternoon,20:00:00,Unknown,Car,Male,68,Driver,Unknown,Unknown,Unknown,Uninjured,432526.32,4585788.58,2.19145467,41.418973684
2020S005774    ,Sarriŕ-Sant Gervasi,el Putxet i el Farró,General Mitre,Thursday,2020-12-03,Laboral,2020,12,December,3,Afternoon,21:00:00,Unknown,Car,Male,28,Driver,Unknown,Unknown,Unknown,Uninjured,428273.21,4584231.67,2.14075002,41.404582623
2020S005774    ,Sarriŕ-Sant Gervasi,el Putxet i el Farró,General Mitre,Thursday,2020-12-03,Laboral,2020,12,December,3,Afternoon,21:00:00,Unknown,Motorcycle,Male,30,Driver,Unknown,Unknown,Unknown,Minor injury: Medical assistance at accident site,428273.21,4584231.67,2.14075002,41.404582623
2020S005775    ,Nou Barris,el Turó de la Peira,Fabra i Puig,Friday,2020-12-04,Laboral,2020,12,December,4,Afternoon,14:00:00,Unknown,Car,Female,47,Pedestrian,Unknown,Leisure and entertainment,Unknown,Uninjured,430597.23,4587097.33,2.1682223,41.430596719
2020S005775    ,Nou Barris,el Turó de la Peira,Fabra i Puig,Friday,2020-12-04,Laboral,2020,12,December,4,Afternoon,14:00:00,Unknown,Car,Male,47,Driver,Unknown,Unknown,Leisure and entertainment,Minor injury: Hospitalization up to 24 hours,430597.23,4587097.33,2.1682223,41.430596719
2020S005775    ,Nou Barris,el Turó de la Peira,Fabra i Puig,Friday,2020-12-04,Laboral,2020,12,December,4,Afternoon,14:00:00,Unknown,Car,Female,30,Passenger,Unknown,Unknown,Unknown,Minor injury: Hospitalization up to 24 hours,430597.23,4587097.33,2.1682223,41.430596719
2020S005775    ,Nou Barris,el Turó de la Peira,Fabra i Puig,Friday,2020-12-04,Laboral,2020,12,December,4,Afternoon,14:00:00,Unknown,Car,Male,34,Driver,Unknown,Unknown,In transit (commuting),Minor injury: Medical assistance at accident site,430597.23,4587097.33,2.1682223,41.430596719
2020S005776    ,Sant Andreu,el Congrés i els Indians,Can Ros,Thursday,2020-12-03,Laboral,2020,12,December,3,Afternoon,14:00:00,Unknown,Motorcycle,Female,18,Passenger,Unknown,Unknown,Unknown,Minor injury: Medical assistance at accident site,431776.09,4586664.16,2.18237911,41.42679636
2020S005776    ,Sant Andreu,el Congrés i els Indians,Can Ros,Thursday,2020-12-03,Laboral,2020,12,December,3,Afternoon,14:00:00,Unknown,Motorcycle,Male,24,Driver,Unknown,Unknown,Unknown,Minor injury: Medical assistance at accident site,431776.09,4586664.16,2.18237911,41.42679636
2020S005777    ,Sarriŕ-Sant Gervasi,Sant Gervasi - la Bonanova,Muntaner,Friday,2020-12-04,Laboral,2020,12,December,4,Morning,13:00:00,Unknown,Car,Male,64,Driver,Unknown,Unknown,Leisure and entertainment,Uninjured,428014.35,4584043.92,2.13767574,41.402868485
2020S005777    ,Sarriŕ-Sant Gervasi,Sant Gervasi - la Bonanova,Muntaner,Friday,2020-12-04,Laboral,2020,12,December,4,Morning,13:00:00,Unknown,Ciclomotor,Female,41,Driver,Unknown,Unknown,Leisure and entertainment,Minor injury: Hospitalization up to 24 hours,428014.35,4584043.92,2.13767574,41.402868485
2020S005777    ,Sarriŕ-Sant Gervasi,Sant Gervasi - la Bonanova,Muntaner,Friday,2020-12-04,Laboral,2020,12,December,4,Morning,13:00:00,Unknown,Furgoneta,Male,45,Driver,Unknown,Unknown,Leisure and entertainment,Uninjured,428014.35,4584043.92,2.13767574,41.402868485
2020S005778    ,Eixample,la Sagrada Família,Padilla,Friday,2020-12-04,Laboral,2020,12,December,4,Morning,13:00:00,Unknown,Car,Male,41,Driver,Unknown,Unknown,Unknown,Uninjured,431430.15,4584196.06,2.17851926,41.404537517
2020S005778    ,Eixample,la Sagrada Família,Padilla,Friday,2020-12-04,Laboral,2020,12,December,4,Morning,13:00:00,Unknown,Motorcycle,Male,39,Driver,Unknown,Unknown,Other activities,Minor injury: Medical assistance at accident site,431430.15,4584196.06,2.17851926,41.404537517
2020S005779    ,Grŕcia,la Salut,Mare de Déu de la Salut,Friday,2020-12-04,Laboral,2020,12,December,4,Afternoon,18:00:00,Unknown,Furgoneta,Male,51,Driver,Unknown,Unknown,Leisure and entertainment,Uninjured,429444.12,4584838.88,2.15468625,41.410155214
2020S005780    ,Sant Andreu,Navas,Espronceda,Friday,2020-12-04,Laboral,2020,12,December,4,Afternoon,18:00:00,Unknown,Motorcycle,Male,32,Driver,Unknown,Unknown,Leisure and entertainment,Minor injury: Medical assistance at accident site,432215.33,4585705.47,2.1877429,41.418198948
2020S005780    ,Sant Andreu,Navas,Espronceda,Friday,2020-12-04,Laboral,2020,12,December,4,Afternoon,18:00:00,Unknown,Car,Female,25,Driver,Unknown,Unknown,Leisure and entertainment,Uninjured,432215.33,4585705.47,2.1877429,41.418198948
2020S005781    ,Horta-Guinardó,el Carmel,Agudells,Thursday,2020-12-03,Laboral,2020,12,December,3,Afternoon,20:00:00,Unknown,Car,Male,46,Driver,Unknown,Unknown,Unknown,Uninjured,429769.48,4586337.55,2.15840463,41.423681685
2020S005781    ,Horta-Guinardó,el Carmel,Agudells,Thursday,2020-12-03,Laboral,2020,12,December,3,Afternoon,20:00:00,Unknown,Motorcycle,Male,55,Driver,Unknown,Unknown,Unknown,Minor injury: Hospitalization up to 24 hours,429769.48,4586337.55,2.15840463,41.423681685
2020S005782    ,Sants-Montjuďc,el Poble-sec,Foc,Friday,2020-12-04,Laboral,2020,12,December,4,Afternoon,20:00:00,Unknown,Motorcycle,Male,34,Driver,Unknown,Unknown,Unknown,Uninjured,429059.13,4579287.92,2.15073071,41.360125716