Case_Number,District_Name,Neighborhood_Name,Street_Name,Day_of_Week,Date,Day_Type_Description,Year,Month_of_Year,Month_Name,Day_of_Month,Shift_Description,Hour_of_Day,Pedestrian_Cause_Description,Involved_Vehicle_Type_Description,Gender_Description,Age,Person_Type_Description,Pedestrian_Accident_Location_Description,Pedestrian_Movement_Reason_Description,Driver_Movement_Reason_Description,Victimization_Description,Coordenada_UTM_X,Coordenada_UTM_Y,Longitud,Latitud
2020S005783    ,Les Corts,Pedralbes,Cavallers,Thursday,2020-12-03,Laboral,2020,12,December,3,Afternoon,20:00:00,Unknown,Car,Male,47,Driver,Unknown,Unknown,Unknown,Uninjured,425764.38,4582630.18,2.11093471,41.389930859
2020S005783    ,Les Corts,Pedralbes,Cavallers,Thursday,2020-12-03,Laboral,2020,12,December,3,Afternoon,20:00:00,Unknown,Motorcycle,Male,22,Driver,Unknown,Unknown,Other activities,Minor injury: Hospitalization up to 24 hours,425764.38,4582630.18,2.11093471,41.389930859
2020S005784    ,Grŕcia,la Vila de Grŕcia,Dalt,Friday,2020-12-04,Laboral,2020,12,December,4,Afternoon,19:00:00,Unknown,Motorcycle,Male,56,Driver,Unknown,Unknown,Unknown,Unknown,429228.59,4584637.06,2.15213136,41.408318539
2020S005784    ,Grŕcia,la Vila de Grŕcia,Dalt,Friday,2020-12-04,Laboral,2020,12,December,4,Afternoon,19:00:00,Unknown,Ciclomotor,Female,29,Driver,Unknown,Unknown,Unknown,Unknown,429228.59,4584637.06,2.15213136,41.408318539
2020S005785    ,Eixample,el Fort Pienc,Corts Catalanes,Friday,2020-12-04,Laboral,2020,12,December,4,Afternoon,21:00:00,Unknown,Veh. mobilitat personal amb motor,Male,18,Driver,Unknown,Unknown,Unknown,Minor injury: Hospitalization up to 24 hours,431494.37,4583478.27,2.17936878,41.398078078
2020S005785    ,Eixample,el Fort Pienc,Corts Catalanes,Friday,2020-12-04,Laboral,2020,12,December,4,Afternoon,21:00:00,Unknown,Veh. mobilitat personal amb motor,Male,32,Driver,Unknown,Unknown,Unknown,Minor injury: Refused medical assistance,431494.37,4583478.27,2.17936878,41.398078078
2020S005786    ,Grŕcia,el Camp d'en Grassot i Grŕcia Nova,Sant Joan,Friday,2020-12-04,Laboral,2020,12,December,4,Afternoon,21:00:00,Unknown,Motorcycle,Female,28,Driver,Unknown,Unknown,Unknown,Minor injury: Hospitalization up to 24 hours,430271.99,4584084.84,2.16467749,41.403436121
2020S005786    ,Grŕcia,el Camp d'en Grassot i Grŕcia Nova,Sant Joan,Friday,2020-12-04,Laboral,2020,12,December,4,Afternoon,21:00:00,Unknown,Tot terreny,Male,59,Driver,Unknown,Unknown,Unknown,Uninjured,430271.99,4584084.84,2.16467749,41.403436121
2020S005787    ,Sant Andreu,la Trinitat Vella,Dalt (Besňs),Friday,2020-12-04,Laboral,2020,12,December,4,Morning,10:00:00,Unknown,Ciclomotor,Female,25,Driver,Unknown,Unknown,In transit (commuting),Minor injury: Hospitalization up to 24 hours,432418.11,4588904.25,2.18981132,41.447026404
2020S005788    ,Nou Barris,Porta,Rio de Janeiro,Friday,2020-12-04,Laboral,2020,12,December,4,Afternoon,18:00:00,Unknown,Car,Male,43,Driver,Unknown,Unknown,Unknown,Uninjured,431591.69,4587339.84,2.18009594,41.432866285
2020S005788    ,Nou Barris,Porta,Rio de Janeiro,Friday,2020-12-04,Laboral,2020,12,December,4,Afternoon,18:00:00,Unknown,Car,Male,84,Pedestrian,Unknown,Leisure and entertainment,Unknown,Minor injury: Hospitalization up to 24 hours,431591.69,4587339.84,2.18009594,41.432866285
2020S005789    ,Sarriŕ-Sant Gervasi,Sant Gervasi - Galvany,Augusta,Friday,2020-12-04,Laboral,2020,12,December,4,Morning,13:00:00,Unknown,Motorcycle,Male,29,Driver,Unknown,Unknown,Unknown,Minor injury: Hospitalization up to 24 hours,428171.82,4583499.48,2.13962406,41.397979019
2020S005789    ,Sarriŕ-Sant Gervasi,Sant Gervasi - Galvany,Augusta,Friday,2020-12-04,Laboral,2020,12,December,4,Morning,13:00:00,Unknown,Motorcycle,Male,41,Driver,Unknown,Unknown,Unknown,Uninjured,428171.82,4583499.48,2.13962406,41.397979019
2020S005790    ,Sant Martí,Provençals del Poblenou,Perú,Friday,2020-12-04,Laboral,2020,12,December,4,Afternoon,16:00:00,Unknown,Car,Male,47,Driver,Unknown,Unknown,In transit (commuting),Uninjured,433744.69,4585420.48,2.20607323,41.415759753
2020S005790    ,Sant Martí,Provençals del Poblenou,Perú,Friday,2020-12-04,Laboral,2020,12,December,4,Afternoon,16:00:00,Unknown,Motorcycle,Male,60,Driver,Unknown,Unknown,In transit (commuting),Minor injury: Hospitalization up to 24 hours,433744.69,4585420.48,2.20607323,41.415759753
2020S005791    ,Eixample,la Nova Esquerra de l'Eixample,Calŕbria,Friday,2020-12-04,Laboral,2020,12,December,4,Afternoon,18:00:00,Desobeir el senyal del semŕfor,Bicicleta,Male,49,Driver,Unknown,Unknown,In transit (commuting),Minor injury: Hospitalization up to 24 hours,429041.62,4581848.8,2.1502215,41.383189194
2020S005791    ,Eixample,la Nova Esquerra de l'Eixample,Calŕbria,Friday,2020-12-04,Laboral,2020,12,December,4,Afternoon,18:00:00,Desobeir el senyal del semŕfor,Bicicleta,Male,40,Pedestrian,Unknown,In transit (commuting),Unknown,Uninjured,429041.62,4581848.8,2.1502215,41.383189194
2020S005792    ,Eixample,la Dreta de l'Eixample,Valčncia,Friday,2020-12-04,Laboral,2020,12,December,4,Afternoon,21:00:00,Unknown,"Camió rígid <= 3,5 tones",Male,32,Driver,Unknown,Unknown,Unknown,Uninjured,430154.54,4582886.28,2.16341084,41.39263089
2020S005793    ,Eixample,Sant Antoni,Corts Catalanes,Friday,2020-12-04,Laboral,2020,12,December,4,Afternoon,15:00:00,Unknown,Autobús,Female,55,Passenger,Unknown,Unknown,Unknown,Minor injury: Hospitalization up to 24 hours,429436.57,4581393.18,2.15499765,41.37912033
2020S005793    ,Eixample,Sant Antoni,Corts Catalanes,Friday,2020-12-04,Laboral,2020,12,December,4,Afternoon,15:00:00,Unknown,Autobús,Female,36,Driver,Unknown,Unknown,Urban bus,Uninjured,429436.57,4581393.18,2.15499765,41.37912033
2020S005794    ,Eixample,la Dreta de l'Eixample,Rosselló,Friday,2020-12-04,Laboral,2020,12,December,4,Afternoon,15:00:00,Desobeir el senyal del semŕfor,Motorcycle,Female,52,Pedestrian,Outside the crossing,Unknown,Unknown,Minor injury: Medical assistance at accident site,430160.01,4583462.21,2.16340981,41.397818578
2020S005794    ,Eixample,la Dreta de l'Eixample,Rosselló,Friday,2020-12-04,Laboral,2020,12,December,4,Afternoon,15:00:00,Desobeir el senyal del semŕfor,Motorcycle,Male,41,Driver,Outside the crossing,Unknown,Unknown,Uninjured,430160.01,4583462.21,2.16340981,41.397818578
2020S005795    ,Eixample,la Nova Esquerra de l'Eixample,Llança,Friday,2020-12-04,Laboral,2020,12,December,4,Afternoon,17:00:00,Unknown,Car,Male,47,Driver,Unknown,Unknown,Leisure and entertainment,Uninjured,428613.8,4581520.7,2.14514404,41.380196244
2020S005795    ,Eixample,la Nova Esquerra de l'Eixample,Llança,Friday,2020-12-04,Laboral,2020,12,December,4,Afternoon,17:00:00,Unknown,Motorcycle,Male,57,Driver,Unknown,Unknown,In transit (commuting),Minor injury: Medical assistance at accident site,428613.8,4581520.7,2.14514404,41.380196244
2020S005796    ,Sants-Montjuďc,Sants - Badal,Vázquez de Mella,Friday,2020-12-04,Laboral,2020,12,December,4,Afternoon,20:00:00,Unknown,Motorcycle,Female,58,Driver,Unknown,Unknown,Unknown,Minor injury: Medical assistance at accident site,427323.1,4581112.42,2.1297588,41.376403412
2020S005796    ,Sants-Montjuďc,Sants - Badal,Vázquez de Mella,Friday,2020-12-04,Laboral,2020,12,December,4,Afternoon,20:00:00,Unknown,Motorcycle,Male,37,Driver,Unknown,Unknown,Unknown,Minor injury: Medical assistance at accident site,427323.1,4581112.42,2.1297588,41.376403412
2020S005797    ,Eixample,la Dreta de l'Eixample,Corts Catalanes,Friday,2020-12-04,Laboral,2020,12,December,4,Afternoon,18:00:00,Unknown,Bicicleta,Male,19,Driver,Unknown,Unknown,Unknown,Uninjured,430307.64,4582245.3,2.16531577,41.386871075
2020S005797    ,Eixample,la Dreta de l'Eixample,Corts Catalanes,Friday,2020-12-04,Laboral,2020,12,December,4,Afternoon,18:00:00,Unknown,Motorcycle,Male,52,Driver,Unknown,Unknown,Unknown,Minor injury: Hospitalization up to 24 hours,430307.64,4582245.3,2.16531577,41.386871075
2020S005798    ,Sants-Montjuďc,la Marina del Prat Vermell,Número 6 Zona Franca,Saturday,2020-12-05,Laboral,2020,12,December,5,Morning,12:00:00,Unknown,Bicicleta,Male,94,Driver,Unknown,Unknown,Leisure and entertainment,Minor injury: Hospitalization up to 24 hours,426727.91,4575244.34,2.12335072,41.323497682
2020S005798    ,Sants-Montjuďc,la Marina del Prat Vermell,Número 6 Zona Franca,Saturday,2020-12-05,Laboral,2020,12,December,5,Morning,12:00:00,Unknown,Bicicleta,Male,71,Driver,Unknown,Unknown,Leisure and entertainment,Uninjured,426727.91,4575244.34,2.12335072,41.323497682
2020S005799    ,Sants-Montjuďc,la Bordeta,Corts Catalanes,Saturday,2020-12-05,Laboral,2020,12,December,5,Afternoon,14:00:00,Unknown,Bicicleta,Female,74,Pedestrian,On the sidewalk,Leisure and entertainment,Unknown,Minor injury: Hospitalization up to 24 hours,428120.05,4580176.09,2.13939928,41.368041834
2020S005799    ,Sants-Montjuďc,la Bordeta,Corts Catalanes,Saturday,2020-12-05,Laboral,2020,12,December,5,Afternoon,14:00:00,Unknown,Bicicleta,Female,28,Driver,On the sidewalk,Unknown,Leisure and entertainment,Minor injury: Hospitalization up to 24 hours,428120.05,4580176.09,2.13939928,41.368041834
2020S005800    ,Sarriŕ-Sant Gervasi,Sant Gervasi - la Bonanova,Mandri,Saturday,2020-12-05,Laboral,2020,12,December,5,Morning,13:00:00,Desobeir el senyal del semŕfor,Motorcycle,Male,82,Pedestrian,In crossing regulated by traffic lights,Unknown,Unknown,Minor injury: Hospitalization up to 24 hours,427616.22,4584205.66,2.13289388,41.404289444
2020S005800    ,Sarriŕ-Sant Gervasi,Sant Gervasi - la Bonanova,Mandri,Saturday,2020-12-05,Laboral,2020,12,December,5,Morning,13:00:00,Desobeir el senyal del semŕfor,Motorcycle,Male,19,Driver,In crossing regulated by traffic lights,Unknown,Unknown,Uninjured,427616.22,4584205.66,2.13289388,41.404289444
2020S005801    ,Sants-Montjuďc,Sants,Sants,Friday,2020-12-04,Laboral,2020,12,December,4,Afternoon,21:00:00,Unknown,Motorcycle,Male,24,Driver,Outside the crossing,Unknown,Unknown,Minor injury: Hospitalization up to 24 hours,427782.2,4581008.61,2.13526079,41.375509787
2020S005802    ,Sants-Montjuďc,Sants,Badal,Saturday,2020-12-05,Laboral,2020,12,December,5,Afternoon,15:00:00,Unknown,Furgoneta,Male,28,Driver,Unknown,Unknown,On a mission,Uninjured,427462.34,4580769.11,2.13146484,41.373323916
2020S005802    ,Sants-Montjuďc,Sants,Badal,Saturday,2020-12-05,Laboral,2020,12,December,5,Afternoon,15:00:00,Unknown,Bicicleta,Male,33,Driver,Unknown,Unknown,On a mission,Minor injury: Hospitalization up to 24 hours,427462.34,4580769.11,2.13146484,41.373323916
2020S005803    ,Sarriŕ-Sant Gervasi,Sant Gervasi - Galvany,Diagonal,Saturday,2020-12-05,Laboral,2020,12,December,5,Morning,13:00:00,Unknown,Motorcycle,Female,26,Driver,Unknown,Unknown,In transit (commuting),Minor injury: Hospitalization up to 24 hours,428045.52,4582786.7,2.13819808,41.391547988
2020S005803    ,Sarriŕ-Sant Gervasi,Sant Gervasi - Galvany,Diagonal,Saturday,2020-12-05,Laboral,2020,12,December,5,Morning,13:00:00,Unknown,Car,Male,41,Driver,Unknown,Unknown,In transit (commuting),Uninjured,428045.52,4582786.7,2.13819808,41.391547988
2020S005804    ,Horta-Guinardó,el Guinardó,Teodor Llorente,Saturday,2020-12-05,Laboral,2020,12,December,5,Afternoon,15:00:00,Unknown,Motorcycle,Male,40,Driver,Unknown,Unknown,Other activities,Minor injury: Hospitalization up to 24 hours,431545.69,4585801.47,2.17971969,41.419006787
2020S005804    ,Horta-Guinardó,el Guinardó,Teodor Llorente,Saturday,2020-12-05,Laboral,2020,12,December,5,Afternoon,15:00:00,Unknown,Car,Male,40,Driver,Unknown,Unknown,Other activities,Uninjured,431545.69,4585801.47,2.17971969,41.419006787
2020S005805    ,Eixample,el Fort Pienc,Marina,Saturday,2020-12-05,Laboral,2020,12,December,5,Afternoon,19:00:00,Unknown,Motorcycle,Female,32,Passenger,Unknown,Unknown,Unknown,Minor injury: Hospitalization up to 24 hours,431495.18,4583791.03,2.17934306,41.400895082
2020S005805    ,Eixample,el Fort Pienc,Marina,Saturday,2020-12-05,Laboral,2020,12,December,5,Afternoon,19:00:00,Unknown,Car,Male,46,Driver,Unknown,Unknown,Taxi,Uninjured,431495.18,4583791.03,2.17934306,41.400895082
2020S005805    ,Eixample,el Fort Pienc,Marina,Saturday,2020-12-05,Laboral,2020,12,December,5,Afternoon,19:00:00,Unknown,Motorcycle,Female,27,Driver,Unknown,Unknown,On a mission,Minor injury: Hospitalization up to 24 hours,431495.18,4583791.03,2.17934306,41.400895082
2020S005806    ,Sarriŕ-Sant Gervasi,Sant Gervasi - Galvany,Ganduxer,Saturday,2020-12-05,Laboral,2020,12,December,5,Afternoon,20:00:00,Unknown,Car,Male,30,Driver,Unknown,Unknown,Leisure and entertainment,Uninjured,427816.88,4583459.44,2.13538329,41.397586594
2020S005806    ,Sarriŕ-Sant Gervasi,Sant Gervasi - Galvany,Ganduxer,Saturday,2020-12-05,Laboral,2020,12,December,5,Afternoon,20:00:00,Unknown,Motorcycle,Female,48,Driver,Unknown,Unknown,Leisure and entertainment,Minor injury: Hospitalization up to 24 hours,427816.88,4583459.44,2.13538329,41.397586594
2020S005806    ,Sarriŕ-Sant Gervasi,Sant Gervasi - Galvany,Ganduxer,Saturday,2020-12-05,Laboral,2020,12,December,5,Afternoon,20:00:00,Unknown,Motorcycle,Female,14,Passenger,Unknown,Unknown,Unknown,Minor injury: Medical assistance at accident site,427816.88,4583459.44,2.13538329,41.397586594
2020S005807    ,Les Corts,les Corts,Nicaragua,Saturday,2020-12-05,Laboral,2020,12,December,5,Night,22:00:00,Unknown,Car,Male,56,Driver,Unknown,Unknown,Leisure and entertainment,Uninjured,428145.21,4582042.0,2.13947877,41.38484967
2020S005807    ,Les Corts,les Corts,Nicaragua,Saturday,2020-12-05,Laboral,2020,12,December,5,Night,22:00:00,Unknown,Ciclomotor,Male,48,Driver,Unknown,Unknown,Leisure and entertainment,Minor injury: Medical assistance at accident site,428145.21,4582042.0,2.13947877,41.38484967
2020S005808    ,Ciutat Vella,el Raval,Nou de la Rambla,Saturday,2020-12-05,Laboral,2020,12,December,5,Night,22:00:00,Unknown,Car,Male,33,Pedestrian,Others,Unknown,Unknown,Minor injury: Hospitalization up to 24 hours,431025.33,4581355.53,2.17400023,41.378919064
2020S005808    ,Ciutat Vella,el Raval,Nou de la Rambla,Saturday,2020-12-05,Laboral,2020,12,December,5,Night,22:00:00,Unknown,Car,Male,57,Driver,Others,Unknown,Other activities,Uninjured,431025.33,4581355.53,2.17400023,41.378919064
2020S005809    ,Nou Barris,la Prosperitat,Argullós,Saturday,2020-12-05,Laboral,2020,12,December,5,Afternoon,21:00:00,Creuar per fora pas de vianants,Ciclomotor,Male,27,Pedestrian,Unknown,Unknown,Unknown,Uninjured,431687.87,4588349.62,2.18113278,41.441969207
2020S005809    ,Nou Barris,la Prosperitat,Argullós,Saturday,2020-12-05,Laboral,2020,12,December,5,Afternoon,21:00:00,Creuar per fora pas de vianants,Ciclomotor,Male,20,Driver,Unknown,Unknown,On a mission,Minor injury: Hospitalization up to 24 hours,431687.87,4588349.62,2.18113278,41.441969207
2020S005810    ,Grŕcia,la Vila de Grŕcia,Riera de Sant Miquel,Friday,2020-12-04,Laboral,2020,12,December,4,Morning,12:00:00,Unknown,"Camió rígid <= 3,5 tones",Male,40,Driver,Unknown,Unknown,On a mission,Uninjured,429479.02,4583537.72,2.15525546,41.398439202
2020S005811    ,Sant Martí,Diagonal Mar i el Front Marítim del Poblenou,Bac de Roda,Sunday,2020-12-06,Laboral,2020,12,December,6,Morning,11:00:00,Unknown,Car,Male,32,Driver,Unknown,Unknown,Leisure and entertainment,Uninjured,434163.09,4583868.5,2.21124824,41.401815855
2020S005811    ,Sant Martí,Diagonal Mar i el Front Marítim del Poblenou,Bac de Roda,Sunday,2020-12-06,Laboral,2020,12,December,6,Morning,11:00:00,Unknown,Car,Female,25,Passenger,Unknown,Unknown,Unknown,Minor injury: Refused medical assistance,434163.09,4583868.5,2.21124824,41.401815855
2020S005811    ,Sant Martí,Diagonal Mar i el Front Marítim del Poblenou,Bac de Roda,Sunday,2020-12-06,Laboral,2020,12,December,6,Morning,11:00:00,Unknown,Car,Female,61,Driver,Unknown,Unknown,Leisure and entertainment,Uninjured,434163.09,4583868.5,2.21124824,41.401815855
2020S005811    ,Sant Martí,Diagonal Mar i el Front Marítim del Poblenou,Bac de Roda,Sunday,2020-12-06,Laboral,2020,12,December,6,Morning,11:00:00,Unknown,Car,Female,32,Passenger,Unknown,Unknown,Unknown,Minor injury: Medical assistance at accident site,434163.09,4583868.5,2.21124824,41.401815855
2020S005813    ,Eixample,l'Antiga Esquerra de l'Eixample,Corts Catalanes,Sunday,2020-12-06,Laboral,2020,12,December,6,Afternoon,14:00:00,Unknown,Furgoneta,Male,61,Driver,Unknown,Unknown,On a mission,Uninjured,430073.01,4582088.29,2.16252788,41.385436562
2020S005813    ,Eixample,l'Antiga Esquerra de l'Eixample,Corts Catalanes,Sunday,2020-12-06,Laboral,2020,12,December,6,Afternoon,14:00:00,Unknown,Car,Male,29,Driver,Unknown,Unknown,On a mission,Uninjured,430073.01,4582088.29,2.16252788,41.385436562
2020S005814    ,Sants-Montjuďc,el Poble-sec,Paralˇlel,Sunday,2020-12-06,Laboral,2020,12,December,6,Afternoon,14:00:00,Unknown,Bicicleta,Male,36,Driver,Unknown,Unknown,Leisure and entertainment,Minor injury: Hospitalization up to 24 hours,431037.76,4580866.71,2.17420451,41.374517463
2020S005814    ,Sants-Montjuďc,el Poble-sec,Paralˇlel,Sunday,2020-12-06,Laboral,2020,12,December,6,Afternoon,14:00:00,Unknown,Bicicleta,Male,50,Driver,Unknown,Unknown,Leisure and entertainment,Uninjured,431037.76,4580866.71,2.17420451,41.374517463
2020S005815    ,Nou Barris,Vilapicina i la Torre Llobeta,Escňcia,Sunday,2020-12-06,Laboral,2020,12,December,6,Morning,12:00:00,Unknown,Car,Male,58,Driver,Unknown,Unknown,Unknown,Uninjured,431784.33,4586881.88,2.18245313,41.428757991
2020S005815    ,Nou Barris,Vilapicina i la Torre Llobeta,Escňcia,Sunday,2020-12-06,Laboral,2020,12,December,6,Morning,12:00:00,Unknown,Motorcycle,Male,27,Driver,Unknown,Unknown,Unknown,Minor injury: Medical assistance at accident site,431784.33,4586881.88,2.18245313,41.428757991
2020S005816    ,Sants-Montjuďc,Sants - Badal,Pavia,Sunday,2020-12-06,Laboral,2020,12,December,6,Afternoon,15:00:00,Unknown,Motorcycle,Female,33,Driver,Unknown,Unknown,In transit (commuting),Minor injury: Refused medical assistance,427348.68,4580631.24,2.13012237,41.372071914
2020S005816    ,Sants-Montjuďc,Sants - Badal,Pavia,Sunday,2020-12-06,Laboral,2020,12,December,6,Afternoon,15:00:00,Unknown,Motorcycle,Female,35,Passenger,Unknown,Unknown,Unknown,Minor injury: Hospitalization up to 24 hours,427348.68,4580631.24,2.13012237,41.372071914
2020S005816    ,Sants-Montjuďc,Sants - Badal,Pavia,Sunday,2020-12-06,Laboral,2020,12,December,6,Afternoon,15:00:00,Unknown,Motorcycle,Male,37,Driver,Unknown,Unknown,Leisure and entertainment,Minor injury: Hospitalization up to 24 hours,427348.68,4580631.24,2.13012237,41.372071914
2020S005817    ,Eixample,l'Antiga Esquerra de l'Eixample,Balmes,Sunday,2020-12-06,Laboral,2020,12,December,6,Afternoon,15:00:00,Unknown,Bicicleta,Male,30,Driver,Unknown,Unknown,Unknown,Minor injury: Medical assistance at accident site,429993.29,4582588.19,2.1615167,41.389932064
2020S005817    ,Eixample,l'Antiga Esquerra de l'Eixample,Balmes,Sunday,2020-12-06,Laboral,2020,12,December,6,Afternoon,15:00:00,Unknown,Motorcycle,Male,20,Driver,Unknown,Unknown,Unknown,Minor injury: Hospitalization up to 24 hours,429993.29,4582588.19,2.1615167,41.389932064
2020S005818    ,Eixample,la Dreta de l'Eixample,Corts Catalanes,Sunday,2020-12-06,Laboral,2020,12,December,6,Morning,13:00:00,Unknown,Motorcycle,Male,40,Driver,Unknown,Unknown,Leisure and entertainment,Minor injury: Medical assistance at accident site,431017.6,4582940.01,2.17372728,41.393189352
2020S005818    ,Eixample,la Dreta de l'Eixample,Corts Catalanes,Sunday,2020-12-06,Laboral,2020,12,December,6,Morning,13:00:00,Unknown,Car,Male,26,Driver,Unknown,Unknown,Leisure and entertainment,Uninjured,431017.6,4582940.01,2.17372728,41.393189352
2020S005819    ,Les Corts,les Corts,Joan Güell,Sunday,2020-12-06,Laboral,2020,12,December,6,Afternoon,15:00:00,Unknown,"Camió rígid > 3,5 tones",Male,28,Driver,Unknown,Unknown,Cleaning or garbage collection service,Uninjured,427525.72,4581634.62,2.13211912,41.381124954
2020S005819    ,Les Corts,les Corts,Joan Güell,Sunday,2020-12-06,Laboral,2020,12,December,6,Afternoon,15:00:00,Unknown,Ciclomotor,Male,49,Driver,Unknown,Unknown,Other activities,Minor injury: Hospitalization up to 24 hours,427525.72,4581634.62,2.13211912,41.381124954
2020S005820    ,Sarriŕ-Sant Gervasi,Sarriŕ,Manuel Girona,Sunday,2020-12-06,Laboral,2020,12,December,6,Afternoon,14:00:00,Unknown,Ciclomotor,Male,20,Driver,Unknown,Unknown,Leisure and entertainment,Minor injury: Hospitalization up to 24 hours,427289.06,4582900.0,2.12913714,41.392500367
2020S005820    ,Sarriŕ-Sant Gervasi,Sarriŕ,Manuel Girona,Sunday,2020-12-06,Laboral,2020,12,December,6,Afternoon,14:00:00,Unknown,Car,Male,42,Driver,Unknown,Unknown,Leisure and entertainment,Uninjured,427289.06,4582900.0,2.12913714,41.392500367
2020S005821    ,Eixample,el Fort Pienc,Aragó,Sunday,2020-12-06,Laboral,2020,12,December,6,Afternoon,17:00:00,Unknown,Car,Female,32,Driver,Unknown,Unknown,Unknown,Uninjured,431083.01,4583646.05,2.17442921,41.399554049
2020S005821    ,Eixample,el Fort Pienc,Aragó,Sunday,2020-12-06,Laboral,2020,12,December,6,Afternoon,17:00:00,Unknown,Motorcycle,Male,33,Driver,Unknown,Unknown,Unknown,Minor injury: Hospitalization up to 24 hours,431083.01,4583646.05,2.17442921,41.399554049
2020S005822    ,Ciutat Vella,"Sant Pere, Santa Caterina i la Ribera",Picasso,Sunday,2020-12-06,Laboral,2020,12,December,6,Afternoon,17:00:00,Unknown,Motorcycle,Male,47,Driver,Unknown,Unknown,On a mission,Minor injury: Medical assistance at accident site,431737.4,4582344.86,2.18240359,41.387890454
2020S005822    ,Ciutat Vella,"Sant Pere, Santa Caterina i la Ribera",Picasso,Sunday,2020-12-06,Laboral,2020,12,December,6,Afternoon,17:00:00,Unknown,Car,Male,48,Driver,Unknown,Unknown,Leisure and entertainment,Uninjured,431737.4,4582344.86,2.18240359,41.387890454
2020S005823    ,Sant Martí,la Vila Olímpica del Poblenou,Doctor Trueta,Sunday,2020-12-06,Laboral,2020,12,December,6,Afternoon,19:00:00,Unknown,Car,Female,21,Driver,Unknown,Unknown,Other activities,Uninjured,433011.45,4583010.25,2.19756711,41.393990631
2020S005823    ,Sant Martí,la Vila Olímpica del Poblenou,Doctor Trueta,Sunday,2020-12-06,Laboral,2020,12,December,6,Afternoon,19:00:00,Unknown,Bicicleta,Female,36,Driver,Unknown,Unknown,Unknown,Minor injury: Hospitalization up to 24 hours,433011.45,4583010.25,2.19756711,41.393990631
2020S005824    ,Sant Martí,Provençals del Poblenou,Marroc,Sunday,2020-12-06,Laboral,2020,12,December,6,Afternoon,20:00:00,Unknown,Car,Female,20,Driver,Unknown,Unknown,Leisure and entertainment,Uninjured,433944.23,4585236.51,2.20848078,41.414119219
2020S005824    ,Sant Martí,Provençals del Poblenou,Marroc,Sunday,2020-12-06,Laboral,2020,12,December,6,Afternoon,20:00:00,Unknown,Motorcycle,Male,30,Driver,Unknown,Unknown,Leisure and entertainment,Minor injury: Medical assistance at accident site,433944.23,4585236.51,2.20848078,41.414119219
2020S005825    ,Eixample,la Dreta de l'Eixample,Grŕcia,Sunday,2020-12-06,Laboral,2020,12,December,6,Afternoon,20:00:00,Unknown,Car,Male,25,Driver,Unknown,Unknown,Unknown,Uninjured,429956.72,4583231.95,2.16100484,41.395727012
2020S005825    ,Eixample,la Dreta de l'Eixample,Grŕcia,Sunday,2020-12-06,Laboral,2020,12,December,6,Afternoon,20:00:00,Unknown,Motorcycle,Female,32,Driver,Unknown,Unknown,Unknown,Minor injury: Medical assistance at accident site,429956.72,4583231.95,2.16100484,41.395727012
2020S005826    ,Sants-Montjuďc,la Bordeta,Corts Catalanes,Sunday,2020-12-06,Laboral,2020,12,December,6,Night,22:00:00,Unknown,Car,Male,20,Driver,Unknown,Unknown,Unknown,Unknown,427938.81,4579998.27,2.13725355,41.366424057
2020S005827    ,Eixample,la Sagrada Família,Rosselló,Sunday,2020-12-06,Laboral,2020,12,December,6,Night,22:00:00,Unknown,Car,Male,33,Driver,Unknown,Unknown,"Firefighters, police, ambulance",Uninjured,431060.6,4584368.44,2.17407884,41.406058465
2020S005827    ,Eixample,la Sagrada Família,Rosselló,Sunday,2020-12-06,Laboral,2020,12,December,6,Night,22:00:00,Unknown,Motorcycle,Male,25,Driver,Unknown,Unknown,In transit (commuting),Minor injury: Hospitalization up to 24 hours,431060.6,4584368.44,2.17407884,41.406058465
2020S005828    ,Horta-Guinardó,la Clota,Estatut,Sunday,2020-12-06,Laboral,2020,12,December,6,Night,23:00:00,Unknown,Car,Male,44,Driver,Unknown,Unknown,"Firefighters, police, ambulance",Uninjured,429539.69,4587049.33,2.15557195,41.430072274
2020S005829    ,Sarriŕ-Sant Gervasi,Sant Gervasi - Galvany,Grŕcia,Sunday,2020-12-06,Laboral,2020,12,December,6,Night,23:00:00,Unknown,Car,Male,19,Driver,Unknown,Unknown,Unknown,Unknown,429087.42,4583367.54,2.15059131,41.396871994
2020S005830    ,Sarriŕ-Sant Gervasi,Sarriŕ,Dalt (Besňs),Monday,2020-12-07,Laboral,2020,12,December,7,Morning,07:00:00,Unknown,Motorcycle,Male,52,Driver,Unknown,Unknown,In transit (commuting),Minor injury: Hospitalization up to 24 hours,425957.43,4583635.47,2.11312056,41.39900286
2020S005830    ,Sarriŕ-Sant Gervasi,Sarriŕ,Dalt (Besňs),Monday,2020-12-07,Laboral,2020,12,December,7,Morning,07:00:00,Unknown,Furgoneta,Male,23,Driver,Unknown,Unknown,In transit (commuting),Uninjured,425957.43,4583635.47,2.11312056,41.39900286
2020S005831    ,Sants-Montjuďc,Hostafrancs,Corts Catalanes,Monday,2020-12-07,Laboral,2020,12,December,7,Morning,08:00:00,Unknown,Furgoneta,Male,72,Driver,Unknown,Unknown,On a mission,Minor injury: Hospitalization up to 24 hours,428397.94,4580448.66,2.14268948,41.37052156
2020S005832    ,Sants-Montjuďc,la Marina del Prat Vermell,Transversal 9,Monday,2020-12-07,Laboral,2020,12,December,7,Morning,07:00:00,Unknown,Motorcycle,Male,35,Driver,Unknown,Unknown,In transit (commuting),Minor injury: Hospitalization up to 24 hours,426386.2,4575877.61,2.11919135,41.329170194