Case_Number,District_Name,Neighborhood_Name,Street_Name,Day_of_Week,Date,Day_Type_Description,Year,Month_of_Year,Month_Name,Day_of_Month,Shift_Description,Hour_of_Day,Pedestrian_Cause_Description,Involved_Vehicle_Type_Description,Gender_Description,Age,Person_Type_Description,Pedestrian_Accident_Location_Description,Pedestrian_Movement_Reason_Description,Driver_Movement_Reason_Description,Victimization_Description,Coordenada_UTM_X,Coordenada_UTM_Y,Longitud,Latitud
2020S005832    ,Sants-Montjuďc,la Marina del Prat Vermell,Transversal 9,Monday,2020-12-07,Laboral,2020,12,December,7,Morning,07:00:00,Unknown,Furgoneta,Male,55,Driver,Unknown,Unknown,On a mission,Uninjured,426386.2,4575877.61,2.11919135,41.329170194
2020S005833    ,Grŕcia,el Camp d'en Grassot i Grŕcia Nova,Hipňlit Lázaro,Monday,2020-12-07,Laboral,2020,12,December,7,Morning,08:00:00,Unknown,Car,Male,79,Driver,Unknown,Unknown,Unknown,Uninjured,430277.59,4584417.9,2.16470609,41.406436365
2020S005834    ,Eixample,la Dreta de l'Eixample,Provença,Monday,2020-12-07,Laboral,2020,12,December,7,Morning,08:00:00,Unknown,Motorcycle,Male,28,Driver,Unknown,Unknown,Leisure and entertainment,Minor injury: Hospitalization up to 24 hours,430096.88,4583240.65,2.16268028,41.395817572
2020S005834    ,Eixample,la Dreta de l'Eixample,Provença,Monday,2020-12-07,Laboral,2020,12,December,7,Morning,08:00:00,Unknown,Motorcycle,Female,28,Passenger,Unknown,Unknown,Unknown,Minor injury: Hospitalization up to 24 hours,430096.88,4583240.65,2.16268028,41.395817572
2020S005834    ,Eixample,la Dreta de l'Eixample,Provença,Monday,2020-12-07,Laboral,2020,12,December,7,Morning,08:00:00,Unknown,Car,Male,62,Driver,Unknown,Unknown,Leisure and entertainment,Uninjured,430096.88,4583240.65,2.16268028,41.395817572
2020S005835    ,Sarriŕ-Sant Gervasi,Sant Gervasi - Galvany,Balmes,Monday,2020-12-07,Laboral,2020,12,December,7,Morning,10:00:00,Unknown,Furgoneta,Male,29,Pedestrian,In crossing regulated by traffic lights,On a mission,Unknown,Minor injury: Hospitalization up to 24 hours,428298.63,4584188.06,2.14105927,41.404192114
2020S005836    ,Eixample,l'Antiga Esquerra de l'Eixample,Aragó,Monday,2020-12-07,Laboral,2020,12,December,7,Morning,11:00:00,Desobeir el senyal del semŕfor,Car,Male,41,Driver,In crossing regulated by traffic lights,Unknown,Unknown,Uninjured,429514.97,4582102.6,2.15585258,41.38551672
2020S005836    ,Eixample,l'Antiga Esquerra de l'Eixample,Aragó,Monday,2020-12-07,Laboral,2020,12,December,7,Morning,11:00:00,Desobeir el senyal del semŕfor,Car,Female,56,Pedestrian,In crossing regulated by traffic lights,Unknown,Unknown,Minor injury: Refused medical assistance,429514.97,4582102.6,2.15585258,41.38551672
2020S005836    ,Eixample,l'Antiga Esquerra de l'Eixample,Aragó,Monday,2020-12-07,Laboral,2020,12,December,7,Morning,11:00:00,Desobeir el senyal del semŕfor,Car,Female,32,Pedestrian,In crossing regulated by traffic lights,Unknown,Unknown,Minor injury: Hospitalization up to 24 hours,429514.97,4582102.6,2.15585258,41.38551672
2020S005837    ,Ciutat Vella,la Barceloneta,Joan Borbó Comte Barcelona,Monday,2020-12-07,Laboral,2020,12,December,7,Morning,11:00:00,Unknown,"Camió rígid <= 3,5 tones",Male,25,Driver,Unknown,Unknown,On a mission,Uninjured,432126.67,4581603.07,2.18714225,41.381242303
2020S005837    ,Ciutat Vella,la Barceloneta,Joan Borbó Comte Barcelona,Monday,2020-12-07,Laboral,2020,12,December,7,Morning,11:00:00,Unknown,Motorcycle,Male,53,Driver,Unknown,Unknown,On a mission,Minor injury: Medical assistance at accident site,432126.67,4581603.07,2.18714225,41.381242303
2020S005838    ,Horta-Guinardó,el Baix Guinardó,Guinardó,Monday,2020-12-07,Laboral,2020,12,December,7,Morning,09:00:00,Unknown,Car,Female,51,Driver,Unknown,Unknown,Unknown,Uninjured,430158.21,4585031.67,2.16320707,41.411954007
2020S005838    ,Horta-Guinardó,el Baix Guinardó,Guinardó,Monday,2020-12-07,Laboral,2020,12,December,7,Morning,09:00:00,Unknown,Ciclomotor,Female,20,Driver,Unknown,Unknown,Unknown,Minor injury: Hospitalization up to 24 hours,430158.21,4585031.67,2.16320707,41.411954007
2020S005839    ,Eixample,Sant Antoni,Corts Catalanes,Monday,2020-12-07,Laboral,2020,12,December,7,Morning,13:00:00,Unknown,Ciclomotor,Female,28,Driver,Unknown,Unknown,Unknown,Minor injury: Medical assistance at accident site,429354.46,4581312.42,2.15402521,41.378385742
2020S005839    ,Eixample,Sant Antoni,Corts Catalanes,Monday,2020-12-07,Laboral,2020,12,December,7,Morning,13:00:00,Unknown,Ciclomotor,Male,47,Driver,Unknown,Unknown,Unknown,Minor injury: Medical assistance at accident site,429354.46,4581312.42,2.15402521,41.378385742
2020S005840    ,Sants-Montjuďc,la Marina del Prat Vermell,Motors,Monday,2020-12-07,Laboral,2020,12,December,7,Morning,09:00:00,Unknown,Motorcycle,Male,24,Driver,Unknown,Unknown,In transit (commuting),Minor injury: Hospitalization up to 24 hours,428045.03,4578030.56,2.13875696,41.348711044
2020S005840    ,Sants-Montjuďc,la Marina del Prat Vermell,Motors,Monday,2020-12-07,Laboral,2020,12,December,7,Morning,09:00:00,Unknown,Maquinŕria d'obres i serveis,Male,42,Driver,Unknown,Unknown,On a mission,Uninjured,428045.03,4578030.56,2.13875696,41.348711044
2020S005841    ,Eixample,l'Antiga Esquerra de l'Eixample,Comte d'Urgell,Monday,2020-12-07,Laboral,2020,12,December,7,Afternoon,14:00:00,Unknown,Motorcycle,Male,50,Driver,Unknown,Unknown,Leisure and entertainment,Minor injury: Hospitalization up to 24 hours,429442.0,4582051.19,2.15498592,41.385047287
2020S005841    ,Eixample,l'Antiga Esquerra de l'Eixample,Comte d'Urgell,Monday,2020-12-07,Laboral,2020,12,December,7,Afternoon,14:00:00,Unknown,Car,Male,35,Driver,Unknown,Unknown,Taxi,Uninjured,429442.0,4582051.19,2.15498592,41.385047287
2020S005842    ,Nou Barris,Porta,Piferrer,Monday,2020-12-07,Laboral,2020,12,December,7,Afternoon,15:00:00,Unknown,Motorcycle,Male,45,Driver,Unknown,Unknown,Unknown,Minor injury: Hospitalization up to 24 hours,431354.01,4587230.64,2.17726384,41.431862468
2020S005842    ,Nou Barris,Porta,Piferrer,Monday,2020-12-07,Laboral,2020,12,December,7,Afternoon,15:00:00,Unknown,Car,Male,73,Driver,Unknown,Unknown,Unknown,Uninjured,431354.01,4587230.64,2.17726384,41.431862468
2020S005843    ,Nou Barris,Vilapicina i la Torre Llobeta,Maragall,Monday,2020-12-07,Laboral,2020,12,December,7,Afternoon,14:00:00,Unknown,Car,Male,55,Pedestrian,In crossing regulated by traffic lights,Leisure and entertainment,Unknown,Minor injury: Hospitalization up to 24 hours,430344.83,4586798.75,2.16523616,41.42788566
2020S005843    ,Nou Barris,Vilapicina i la Torre Llobeta,Maragall,Monday,2020-12-07,Laboral,2020,12,December,7,Afternoon,14:00:00,Unknown,Car,Male,45,Driver,In crossing regulated by traffic lights,Unknown,Taxi,Uninjured,430344.83,4586798.75,2.16523616,41.42788566
2020S005844    ,Eixample,la Dreta de l'Eixample,Grŕcia,Monday,2020-12-07,Laboral,2020,12,December,7,Morning,13:00:00,Unknown,Bicicleta,Female,42,Driver,Unknown,Unknown,"Firefighters, police, ambulance",Minor injury: Medical assistance at accident site,430509.8,4582628.54,2.16768948,41.390340298
2020S005844    ,Eixample,la Dreta de l'Eixample,Grŕcia,Monday,2020-12-07,Laboral,2020,12,December,7,Morning,13:00:00,Unknown,Furgoneta,Male,36,Driver,Unknown,Unknown,Unknown,Uninjured,430509.8,4582628.54,2.16768948,41.390340298
2020S005845    ,Sants-Montjuďc,Sants,Tenor Masini,Monday,2020-12-07,Laboral,2020,12,December,7,Afternoon,19:00:00,Unknown,Bicicleta,Female,67,Pedestrian,On the sidewalk,Leisure and entertainment,Unknown,Minor injury: Hospitalization up to 24 hours,427460.71,4581354.09,2.13137531,41.378592465
2020S005845    ,Sants-Montjuďc,Sants,Tenor Masini,Monday,2020-12-07,Laboral,2020,12,December,7,Afternoon,19:00:00,Unknown,Bicicleta,Female,18,Driver,On the sidewalk,Unknown,Leisure and entertainment,Uninjured,427460.71,4581354.09,2.13137531,41.378592465
2020S005846    ,Les Corts,les Corts,Diagonal,Monday,2020-12-07,Laboral,2020,12,December,7,Afternoon,19:00:00,Unknown,Motorcycle,Male,26,Driver,Unknown,Unknown,Other activities,Uninjured,427253.12,4582427.17,2.12876411,41.388238526
2020S005846    ,Les Corts,les Corts,Diagonal,Monday,2020-12-07,Laboral,2020,12,December,7,Afternoon,19:00:00,Unknown,Autobús articulat,Male,8,Passenger,Unknown,Unknown,Unknown,Minor injury: Medical assistance at accident site,427253.12,4582427.17,2.12876411,41.388238526
2020S005846    ,Les Corts,les Corts,Diagonal,Monday,2020-12-07,Laboral,2020,12,December,7,Afternoon,19:00:00,Unknown,Autobús articulat,Female,61,Passenger,Unknown,Unknown,Unknown,Minor injury: Medical assistance at accident site,427253.12,4582427.17,2.12876411,41.388238526
2020S005846    ,Les Corts,les Corts,Diagonal,Monday,2020-12-07,Laboral,2020,12,December,7,Afternoon,19:00:00,Unknown,Motorcycle,Female,25,Passenger,Unknown,Unknown,Unknown,Uninjured,427253.12,4582427.17,2.12876411,41.388238526
2020S005846    ,Les Corts,les Corts,Diagonal,Monday,2020-12-07,Laboral,2020,12,December,7,Afternoon,19:00:00,Unknown,Autobús articulat,Male,52,Passenger,Unknown,Unknown,Unknown,Minor injury: Medical assistance at accident site,427253.12,4582427.17,2.12876411,41.388238526
2020S005846    ,Les Corts,les Corts,Diagonal,Monday,2020-12-07,Laboral,2020,12,December,7,Afternoon,19:00:00,Unknown,Autobús articulat,Male,54,Driver,Unknown,Unknown,Urban bus,Uninjured,427253.12,4582427.17,2.12876411,41.388238526
2020S005847    ,Eixample,la Nova Esquerra de l'Eixample,Rocafort,Monday,2020-12-07,Laboral,2020,12,December,7,Afternoon,19:00:00,Desobeir el senyal del semŕfor,Motorcycle,Male,31,Driver,In crossing regulated by traffic lights,Unknown,Unknown,Uninjured,428532.16,4582209.0,2.14408656,41.386388267
2020S005847    ,Eixample,la Nova Esquerra de l'Eixample,Rocafort,Monday,2020-12-07,Laboral,2020,12,December,7,Afternoon,19:00:00,Desobeir el senyal del semŕfor,Motorcycle,Female,41,Pedestrian,In crossing regulated by traffic lights,Unknown,Unknown,Uninjured,428532.16,4582209.0,2.14408656,41.386388267
2020S005847    ,Eixample,la Nova Esquerra de l'Eixample,Rocafort,Monday,2020-12-07,Laboral,2020,12,December,7,Afternoon,19:00:00,Desobeir el senyal del semŕfor,Motorcycle,Male,9,Pedestrian,In crossing regulated by traffic lights,Unknown,Unknown,Minor injury: Medical assistance at accident site,428532.16,4582209.0,2.14408656,41.386388267
2020S005848    ,Les Corts,la Maternitat i Sant Ramon,Diagonal,Monday,2020-12-07,Laboral,2020,12,December,7,Afternoon,20:00:00,Unknown,Furgoneta,Male,32,Driver,Unknown,Unknown,Leisure and entertainment,Uninjured,426649.72,4582241.36,2.12157027,41.386510186
2020S005848    ,Les Corts,la Maternitat i Sant Ramon,Diagonal,Monday,2020-12-07,Laboral,2020,12,December,7,Afternoon,20:00:00,Unknown,Veh. mobilitat personal sense motor,Female,17,Driver,Unknown,Unknown,Leisure and entertainment,Minor injury: Hospitalization up to 24 hours,426649.72,4582241.36,2.12157027,41.386510186
2020S005849    ,Eixample,la Dreta de l'Eixample,Aragó,Monday,2020-12-07,Laboral,2020,12,December,7,Afternoon,21:00:00,Unknown,Furgoneta,Male,30,Driver,Unknown,Unknown,Unknown,Uninjured,430188.89,4582725.11,2.16384027,41.391182268
2020S005849    ,Eixample,la Dreta de l'Eixample,Aragó,Monday,2020-12-07,Laboral,2020,12,December,7,Afternoon,21:00:00,Unknown,Motorcycle,Female,40,Driver,Unknown,Unknown,Unknown,Minor injury: Hospitalization up to 24 hours,430188.89,4582725.11,2.16384027,41.391182268
2020S005850    ,Ciutat Vella,"Sant Pere, Santa Caterina i la Ribera",Trafalgar,Monday,2020-12-07,Laboral,2020,12,December,7,Afternoon,21:00:00,Unknown,Motorcycle,Male,56,Driver,Unknown,Unknown,Leisure and entertainment,Minor injury: Hospitalization up to 24 hours,431286.01,4582545.16,2.17698243,41.389656044
2020S005851    ,Nou Barris,la Trinitat Nova,Meridiana,Monday,2020-12-07,Laboral,2020,12,December,7,Afternoon,21:00:00,Unknown,Car,Female,27,Driver,Unknown,Unknown,Leisure and entertainment,Minor injury: Hospitalization up to 24 hours,432279.56,4589210.67,2.18811843,41.449774537
2020S005851    ,Nou Barris,la Trinitat Nova,Meridiana,Monday,2020-12-07,Laboral,2020,12,December,7,Afternoon,21:00:00,Unknown,Car,Male,39,Driver,Unknown,Unknown,Leisure and entertainment,Uninjured,432279.56,4589210.67,2.18811843,41.449774537
2020S005852    ,Sant Martí,Provençals del Poblenou,C-31,Tuesday,2020-12-08,Laboral,2020,12,December,8,Morning,10:00:00,Unknown,Motorcycle,Male,33,Driver,Unknown,Unknown,Leisure and entertainment,Minor injury: Hospitalization up to 24 hours,433081.94,4584971.32,2.1981933,41.411659346
2020S005852    ,Sant Martí,Provençals del Poblenou,C-31,Tuesday,2020-12-08,Laboral,2020,12,December,8,Morning,10:00:00,Unknown,Car,Male,61,Driver,Unknown,Unknown,Leisure and entertainment,Uninjured,433081.94,4584971.32,2.1981933,41.411659346
2020S005853    ,Eixample,la Sagrada Família,Valčncia,Monday,2020-12-07,Laboral,2020,12,December,7,Morning,13:00:00,Unknown,Motorcycle,Female,48,Driver,Unknown,Unknown,Other activities,Minor injury: Hospitalization up to 24 hours,431248.89,4583987.62,2.17637461,41.402644673
2020S005853    ,Eixample,la Sagrada Família,Valčncia,Monday,2020-12-07,Laboral,2020,12,December,7,Morning,13:00:00,Unknown,Bicicleta,Female,25,Driver,Unknown,Unknown,Other activities,Minor injury: Refused medical assistance,431248.89,4583987.62,2.17637461,41.402644673
2020S005854    ,Eixample,l'Antiga Esquerra de l'Eixample,Balmes,Tuesday,2020-12-08,Laboral,2020,12,December,8,Afternoon,14:00:00,Unknown,Motorcycle,Female,42,Driver,Unknown,Unknown,Unknown,Minor injury: Refused medical assistance,429442.88,4583163.95,2.15486675,41.395069615
2020S005854    ,Eixample,l'Antiga Esquerra de l'Eixample,Balmes,Tuesday,2020-12-08,Laboral,2020,12,December,8,Afternoon,14:00:00,Unknown,Motorcycle,Female,63,Passenger,Unknown,Unknown,Unknown,Minor injury: Hospitalization up to 24 hours,429442.88,4583163.95,2.15486675,41.395069615
2020S005854    ,Eixample,l'Antiga Esquerra de l'Eixample,Balmes,Tuesday,2020-12-08,Laboral,2020,12,December,8,Afternoon,14:00:00,Unknown,Car,Male,60,Driver,Unknown,Unknown,Unknown,Uninjured,429442.88,4583163.95,2.15486675,41.395069615
2020S005855    ,Horta-Guinardó,Horta,Porrera,Tuesday,2020-12-08,Laboral,2020,12,December,8,Afternoon,15:00:00,Unknown,Motorcycle,Male,34,Driver,Unknown,Unknown,Unknown,Minor injury: Hospitalization up to 24 hours,429873.21,4587887.24,2.15946599,41.4376482
2020S005855    ,Horta-Guinardó,Horta,Porrera,Tuesday,2020-12-08,Laboral,2020,12,December,8,Afternoon,15:00:00,Unknown,Car,Male,56,Driver,Unknown,Unknown,Unknown,Uninjured,429873.21,4587887.24,2.15946599,41.4376482
2020S005856    ,Eixample,la Nova Esquerra de l'Eixample,Aragó,Tuesday,2020-12-08,Laboral,2020,12,December,8,Afternoon,17:00:00,Desobeir el senyal del semŕfor,Motorcycle,Male,30,Driver,In crossing regulated by traffic lights,Unknown,In transit (commuting),Serious injury: Hospitalization over 24 hours,429175.89,4581770.69,2.15183632,41.382497521
2020S005856    ,Eixample,la Nova Esquerra de l'Eixample,Aragó,Tuesday,2020-12-08,Laboral,2020,12,December,8,Afternoon,17:00:00,Desobeir el senyal del semŕfor,Motorcycle,Male,82,Pedestrian,In crossing regulated by traffic lights,Other activities,Unknown,Death (within 24 hours of accident),429175.89,4581770.69,2.15183632,41.382497521
2020S005857    ,Grŕcia,el Camp d'en Grassot i Grŕcia Nova,Rosselló,Tuesday,2020-12-08,Laboral,2020,12,December,8,Afternoon,20:00:00,Unknown,Car,Male,87,Driver,Unknown,Unknown,On a mission,Uninjured,430863.08,4584178.55,2.17173763,41.404331215
2020S005857    ,Grŕcia,el Camp d'en Grassot i Grŕcia Nova,Rosselló,Tuesday,2020-12-08,Laboral,2020,12,December,8,Afternoon,20:00:00,Unknown,Motorcycle,Female,35,Passenger,Unknown,Unknown,Unknown,Minor injury: Medical assistance at accident site,430863.08,4584178.55,2.17173763,41.404331215
2020S005857    ,Grŕcia,el Camp d'en Grassot i Grŕcia Nova,Rosselló,Tuesday,2020-12-08,Laboral,2020,12,December,8,Afternoon,20:00:00,Unknown,Motorcycle,Male,37,Driver,Unknown,Unknown,On a mission,Minor injury: Hospitalization up to 24 hours,430863.08,4584178.55,2.17173763,41.404331215
2020S005858    ,Sarriŕ-Sant Gervasi,Sant Gervasi - la Bonanova,Sant Gervasi,Tuesday,2020-12-08,Laboral,2020,12,December,8,Afternoon,20:00:00,Unknown,Motorcycle,Male,47,Driver,Unknown,Unknown,Unknown,Minor injury: Hospitalization up to 24 hours,427733.44,4584681.68,2.13423925,41.40858731
2020S005858    ,Sarriŕ-Sant Gervasi,Sant Gervasi - la Bonanova,Sant Gervasi,Tuesday,2020-12-08,Laboral,2020,12,December,8,Afternoon,20:00:00,Unknown,Car,Male,67,Driver,Unknown,Unknown,Leisure and entertainment,Uninjured,427733.44,4584681.68,2.13423925,41.40858731
2020S005859    ,Les Corts,la Maternitat i Sant Ramon,Collblanc,Tuesday,2020-12-08,Laboral,2020,12,December,8,Night,22:00:00,Unknown,Motorcycle,Male,27,Driver,Unknown,Unknown,Unknown,Minor injury: Refused medical assistance,425712.4,4581086.94,2.11050235,41.376026766
2020S005860    ,Sarriŕ-Sant Gervasi,el Putxet i el Farró,Berna,Tuesday,2020-12-08,Laboral,2020,12,December,8,Night,22:00:00,Unknown,Motorcycle,Male,25,Driver,Unknown,Unknown,Other activities,Minor injury: Hospitalization up to 24 hours,428743.38,4584399.95,2.14635462,41.406140091
2020S005860    ,Sarriŕ-Sant Gervasi,el Putxet i el Farró,Berna,Tuesday,2020-12-08,Laboral,2020,12,December,8,Night,22:00:00,Unknown,Motorcycle,Male,46,Driver,Unknown,Unknown,Other activities,Minor injury: Hospitalization up to 24 hours,428743.38,4584399.95,2.14635462,41.406140091
2020S005861    ,Horta-Guinardó,Sant Genís dels Agudells,Sant Cugat,Tuesday,2020-12-08,Laboral,2020,12,December,8,Afternoon,18:00:00,Unknown,Car,Male,17,Passenger,Unknown,Unknown,Unknown,Uninjured,427650.4,4587251.95,2.13293819,41.431729131
2020S005861    ,Horta-Guinardó,Sant Genís dels Agudells,Sant Cugat,Tuesday,2020-12-08,Laboral,2020,12,December,8,Afternoon,18:00:00,Unknown,Car,Male,50,Driver,Unknown,Unknown,Other activities,Uninjured,427650.4,4587251.95,2.13293819,41.431729131
2020S005861    ,Horta-Guinardó,Sant Genís dels Agudells,Sant Cugat,Tuesday,2020-12-08,Laboral,2020,12,December,8,Afternoon,18:00:00,Unknown,Car,Male,18,Passenger,Unknown,Unknown,Unknown,Uninjured,427650.4,4587251.95,2.13293819,41.431729131
2020S005862    ,Sants-Montjuďc,la Marina del Prat Vermell,Litoral (Besňs),Wednesday,2020-12-09,Laboral,2020,12,December,9,Night,05:00:00,Unknown,Motorcycle,Male,45,Driver,Unknown,Unknown,In transit (commuting),Minor injury: Hospitalization up to 24 hours,427024.81,4577263.64,2.12665527,41.341711822
2020S005862    ,Sants-Montjuďc,la Marina del Prat Vermell,Litoral (Besňs),Wednesday,2020-12-09,Laboral,2020,12,December,9,Night,05:00:00,Unknown,Car,Male,37,Driver,Unknown,Unknown,On a mission,Uninjured,427024.81,4577263.64,2.12665527,41.341711822
2020S005863    ,Eixample,la Dreta de l'Eixample,Corts Catalanes,Wednesday,2020-12-09,Laboral,2020,12,December,9,Morning,08:00:00,Unknown,Car,Female,20,Driver,Unknown,Unknown,Student heading to educational center,Uninjured,430884.28,4582809.76,2.17214757,41.392004777
2020S005863    ,Eixample,la Dreta de l'Eixample,Corts Catalanes,Wednesday,2020-12-09,Laboral,2020,12,December,9,Morning,08:00:00,Unknown,Motorcycle,Male,27,Driver,Unknown,Unknown,Unknown,Minor injury: Hospitalization up to 24 hours,430884.28,4582809.76,2.17214757,41.392004777
2020S005864    ,Nou Barris,la Guineueta,Caçador,Wednesday,2020-12-09,Laboral,2020,12,December,9,Morning,07:00:00,Unknown,Furgoneta,Male,57,Driver,Unknown,Unknown,Unknown,Uninjured,430485.77,4588271.35,2.16675329,41.441161021
2020S005864    ,Nou Barris,la Guineueta,Caçador,Wednesday,2020-12-09,Laboral,2020,12,December,9,Morning,07:00:00,Unknown,Motorcycle,Male,41,Driver,Unknown,Unknown,Unknown,Minor injury: Hospitalization up to 24 hours,430485.77,4588271.35,2.16675329,41.441161021
2020S005865    ,Sarriŕ-Sant Gervasi,Sarriŕ,Major de Sarriŕ,Wednesday,2020-12-09,Laboral,2020,12,December,9,Morning,09:00:00,Unknown,Car,Female,62,Driver,Unknown,Unknown,Leisure and entertainment,Uninjured,426564.26,4583860.09,2.12035185,41.401081594
2020S005865    ,Sarriŕ-Sant Gervasi,Sarriŕ,Major de Sarriŕ,Wednesday,2020-12-09,Laboral,2020,12,December,9,Morning,09:00:00,Unknown,Motorcycle,Female,61,Driver,Unknown,Unknown,Leisure and entertainment,Minor injury: Hospitalization up to 24 hours,426564.26,4583860.09,2.12035185,41.401081594
2020S005866    ,Eixample,la Dreta de l'Eixample,Cňrsega,Wednesday,2020-12-09,Laboral,2020,12,December,9,Morning,09:00:00,Unknown,Car,Male,67,Driver,Unknown,Unknown,Unknown,Uninjured,430207.78,4583689.96,2.16395493,41.399873996
2020S005866    ,Eixample,la Dreta de l'Eixample,Cňrsega,Wednesday,2020-12-09,Laboral,2020,12,December,9,Morning,09:00:00,Unknown,Motorcycle,Male,42,Driver,Unknown,Unknown,Unknown,Minor injury: Hospitalization up to 24 hours,430207.78,4583689.96,2.16395493,41.399873996
2020S005867    ,Eixample,l'Antiga Esquerra de l'Eixample,Valčncia,Thursday,2020-12-10,Laboral,2020,12,December,10,Morning,11:00:00,Unknown,Autobús articulat,Female,44,Driver,Unknown,Unknown,Urban bus,Uninjured,429426.77,4582174.19,2.15478945,41.38615377
2020S005867    ,Eixample,l'Antiga Esquerra de l'Eixample,Valčncia,Thursday,2020-12-10,Laboral,2020,12,December,10,Morning,11:00:00,Unknown,Autobús articulat,Female,88,Passenger,Unknown,Unknown,Unknown,Minor injury: Hospitalization up to 24 hours,429426.77,4582174.19,2.15478945,41.38615377
2020S005868    ,Horta-Guinardó,el Baix Guinardó,Lepant,Wednesday,2020-12-09,Laboral,2020,12,December,9,Morning,09:00:00,Unknown,Car,Male,63,Driver,Unknown,Unknown,Leisure and entertainment,Uninjured,430669.37,4584792.6,2.16934998,41.409845066
2020S005868    ,Horta-Guinardó,el Baix Guinardó,Lepant,Wednesday,2020-12-09,Laboral,2020,12,December,9,Morning,09:00:00,Unknown,Motorcycle,Male,39,Driver,Unknown,Unknown,Leisure and entertainment,Minor injury: Hospitalization up to 24 hours,430669.37,4584792.6,2.16934998,41.409845066
2020S005869    ,Sant Andreu,la Trinitat Vella,Bŕrcino,Wednesday,2020-12-09,Laboral,2020,12,December,9,Morning,11:00:00,Unknown,Car,Male,59,Driver,Unknown,Unknown,Unknown,Uninjured,432804.51,4589486.49,2.19437189,41.452302897
2020S005869    ,Sant Andreu,la Trinitat Vella,Bŕrcino,Wednesday,2020-12-09,Laboral,2020,12,December,9,Morning,11:00:00,Unknown,Car,Female,34,Driver,Unknown,Unknown,Unknown,Uninjured,432804.51,4589486.49,2.19437189,41.452302897
2020S005869    ,Sant Andreu,la Trinitat Vella,Bŕrcino,Wednesday,2020-12-09,Laboral,2020,12,December,9,Morning,11:00:00,Unknown,Car,Female,61,Passenger,Unknown,Unknown,Unknown,Minor injury: Medical assistance at accident site,432804.51,4589486.49,2.19437189,41.452302897
2020S005869    ,Sant Andreu,la Trinitat Vella,Bŕrcino,Wednesday,2020-12-09,Laboral,2020,12,December,9,Morning,11:00:00,Unknown,Furgoneta,Female,36,Driver,Unknown,Unknown,In transit (commuting),Minor injury: Medical assistance at accident site,432804.51,4589486.49,2.19437189,41.452302897
2020S005869    ,Sant Andreu,la Trinitat Vella,Bŕrcino,Wednesday,2020-12-09,Laboral,2020,12,December,9,Morning,11:00:00,Unknown,Car,Male,66,Driver,Unknown,Unknown,Other activities,Uninjured,432804.51,4589486.49,2.19437189,41.452302897
2020S005870    ,Sant Martí,Diagonal Mar i el Front Marítim del Poblenou,Litoral (Llobregat),Wednesday,2020-12-09,Laboral,2020,12,December,9,Morning,13:00:00,Unknown,Car,Male,47,Driver,Unknown,Unknown,Taxi,Uninjured,434020.31,4583616.44,2.20956776,41.399533898
2020S005870    ,Sant Martí,Diagonal Mar i el Front Marítim del Poblenou,Litoral (Llobregat),Wednesday,2020-12-09,Laboral,2020,12,December,9,Morning,13:00:00,Unknown,Motorcycle,Male,28,Driver,Unknown,Unknown,Unknown,Minor injury: Hospitalization up to 24 hours,434020.31,4583616.44,2.20956776,41.399533898
2020S005871    ,Sarriŕ-Sant Gervasi,les Tres Torres,General Mitre,Wednesday,2020-12-09,Laboral,2020,12,December,9,Afternoon,15:00:00,Unknown,Motorcycle,Male,59,Driver,Unknown,Unknown,Leisure and entertainment,Uninjured,427612.43,4583530.52,2.13292932,41.398208394
2020S005871    ,Sarriŕ-Sant Gervasi,les Tres Torres,General Mitre,Wednesday,2020-12-09,Laboral,2020,12,December,9,Afternoon,15:00:00,Unknown,Motorcycle,Female,48,Driver,Unknown,Unknown,In transit (commuting),Minor injury: Hospitalization up to 24 hours,427612.43,4583530.52,2.13292932,41.398208394
2020S005872    ,Eixample,el Fort Pienc,Meridiana,Wednesday,2020-12-09,Laboral,2020,12,December,9,Afternoon,14:00:00,Unknown,Tren o tramvia,Female,77,Passenger,Unknown,Unknown,Unknown,Minor injury: Hospitalization up to 24 hours,432109.87,4583389.67,2.186741,41.397332314
2020S005872    ,Eixample,el Fort Pienc,Meridiana,Wednesday,2020-12-09,Laboral,2020,12,December,9,Afternoon,14:00:00,Unknown,Tren o tramvia,Male,40,Driver,Unknown,Unknown,Other activities,Uninjured,432109.87,4583389.67,2.186741,41.397332314
2020S005873    ,Sant Martí,el Poblenou,Diagonal,Wednesday,2020-12-09,Laboral,2020,12,December,9,Afternoon,17:00:00,Unknown,Car,Male,43,Pedestrian,In crossing regulated by traffic lights,Unknown,Unknown,Uninjured,433533.1,4584477.61,2.20364524,41.407250089
2020S005873    ,Sant Martí,el Poblenou,Diagonal,Wednesday,2020-12-09,Laboral,2020,12,December,9,Afternoon,17:00:00,Unknown,Car,Female,3,Pedestrian,In crossing regulated by traffic lights,Unknown,Unknown,Minor injury: Hospitalization up to 24 hours,433533.1,4584477.61,2.20364524,41.407250089
2020S005873    ,Sant Martí,el Poblenou,Diagonal,Wednesday,2020-12-09,Laboral,2020,12,December,9,Afternoon,17:00:00,Unknown,Car,Female,55,Driver,In crossing regulated by traffic lights,Unknown,Unknown,Uninjured,433533.1,4584477.61,2.20364524,41.407250089