Case_Number,District_Name,Neighborhood_Name,Street_Name,Day_of_Week,Date,Day_Type_Description,Year,Month_of_Year,Month_Name,Day_of_Month,Shift_Description,Hour_of_Day,Pedestrian_Cause_Description,Involved_Vehicle_Type_Description,Gender_Description,Age,Person_Type_Description,Pedestrian_Accident_Location_Description,Pedestrian_Movement_Reason_Description,Driver_Movement_Reason_Description,Victimization_Description,Coordenada_UTM_X,Coordenada_UTM_Y,Longitud,Latitud
2020S006006    ,Sants-Montjuďc,Sants,Brasil,Wednesday,2020-12-16,Laboral,2020,12,December,16,Morning,11:00:00,Unknown,Motorcycle,Female,18,Passenger,Unknown,Unknown,Unknown,Minor injury: Hospitalization up to 24 hours,427378.41,4581168.68,2.13041342,41.37691512
2020S006007    ,Eixample,la Dreta de l'Eixample,Grŕcia,Wednesday,2020-12-16,Laboral,2020,12,December,16,Morning,11:00:00,Unknown,Furgoneta,Male,48,Driver,In crossing regulated by traffic lights,Unknown,On a mission,Uninjured,430229.21,4582840.75,2.16430917,41.392227301
2020S006007    ,Eixample,la Dreta de l'Eixample,Grŕcia,Wednesday,2020-12-16,Laboral,2020,12,December,16,Morning,11:00:00,Unknown,Furgoneta,Female,69,Pedestrian,In crossing regulated by traffic lights,Unknown,Unknown,Minor injury: Hospitalization up to 24 hours,430229.21,4582840.75,2.16430917,41.392227301
2020S006008    ,Sarriŕ-Sant Gervasi,Sant Gervasi - Galvany,Diagonal,Wednesday,2020-12-16,Laboral,2020,12,December,16,Morning,12:00:00,Unknown,Veh. mobilitat personal amb motor,Male,43,Driver,Unknown,Unknown,Unknown,Minor injury: Hospitalization up to 24 hours,428478.79,4582928.28,2.14336332,41.392861812
2020S006008    ,Sarriŕ-Sant Gervasi,Sant Gervasi - Galvany,Diagonal,Wednesday,2020-12-16,Laboral,2020,12,December,16,Morning,12:00:00,Unknown,Car,Male,47,Driver,Unknown,Unknown,Unknown,Uninjured,428478.79,4582928.28,2.14336332,41.392861812
2020S006009    ,Ciutat Vella,el Barri Gňtic,Rambla,Wednesday,2020-12-16,Laboral,2020,12,December,16,Morning,09:00:00,Unknown,"Camió rígid <= 3,5 tones",Male,48,Driver,Unknown,Unknown,On a mission,Unknown,431200.74,4581289.22,2.1761053,41.378336854
2020S006010    ,Sant Martí,el Parc i la Llacuna del Poblenou,Tŕnger,Wednesday,2020-12-16,Laboral,2020,12,December,16,Morning,13:00:00,Unknown,Car,Male,61,Driver,Unknown,Unknown,On a mission,Uninjured,432156.96,4583493.29,2.18729264,41.398269568
2020S006010    ,Sant Martí,el Parc i la Llacuna del Poblenou,Tŕnger,Wednesday,2020-12-16,Laboral,2020,12,December,16,Morning,13:00:00,Unknown,Motorcycle,Male,44,Driver,Unknown,Unknown,In transit (commuting),Minor injury: Refused medical assistance,432156.96,4583493.29,2.18729264,41.398269568
2020S006011    ,Eixample,la Nova Esquerra de l'Eixample,Corts Catalanes,Wednesday,2020-12-16,Laboral,2020,12,December,16,Morning,13:00:00,Others,Veh. mobilitat personal amb motor,Male,37,Driver,Unknown,Unknown,Leisure and entertainment,Minor injury: Hospitalization up to 24 hours,429699.61,4581733.08,2.1581036,41.382204738
2020S006011    ,Eixample,la Nova Esquerra de l'Eixample,Corts Catalanes,Wednesday,2020-12-16,Laboral,2020,12,December,16,Morning,13:00:00,Others,Veh. mobilitat personal amb motor,Female,59,Pedestrian,Unknown,In transit (commuting),Unknown,Uninjured,429699.61,4581733.08,2.1581036,41.382204738
2020S006012    ,Sant Martí,el Clot,Espronceda,Wednesday,2020-12-16,Laboral,2020,12,December,16,Afternoon,15:00:00,Unknown,Motorcycle,Female,47,Driver,Unknown,Unknown,Unknown,Minor injury: Hospitalization up to 24 hours,432761.09,4585118.35,2.19433831,41.41295681
2020S006013    ,Sant Andreu,Navas,Felip II,Wednesday,2020-12-16,Laboral,2020,12,December,16,Afternoon,15:00:00,Unknown,Bicicleta,Female,38,Driver,Unknown,Unknown,Unknown,Uninjured,432423.26,4585643.7,2.19023772,41.417660128
2020S006013    ,Sant Andreu,Navas,Felip II,Wednesday,2020-12-16,Laboral,2020,12,December,16,Afternoon,15:00:00,Unknown,Veh. mobilitat personal amb motor,Female,15,Driver,Unknown,Unknown,Unknown,Minor injury: Hospitalization up to 24 hours,432423.26,4585643.7,2.19023772,41.417660128
2020S006014    ,Horta-Guinardó,el Baix Guinardó,Sant Antoni Maria Claret,Wednesday,2020-12-16,Laboral,2020,12,December,16,Afternoon,15:00:00,Unknown,"Camió rígid <= 3,5 tones",Male,50,Driver,Unknown,Unknown,On a mission,Uninjured,430736.45,4584610.82,2.17017331,41.408213621
2020S006014    ,Horta-Guinardó,el Baix Guinardó,Sant Antoni Maria Claret,Wednesday,2020-12-16,Laboral,2020,12,December,16,Afternoon,15:00:00,Unknown,Motorcycle,Male,39,Driver,Unknown,Unknown,Unknown,Minor injury: Hospitalization up to 24 hours,430736.45,4584610.82,2.17017331,41.408213621
2020S006014    ,Horta-Guinardó,el Baix Guinardó,Sant Antoni Maria Claret,Wednesday,2020-12-16,Laboral,2020,12,December,16,Afternoon,15:00:00,Unknown,Car,Female,46,Driver,Unknown,Unknown,Unknown,Uninjured,430736.45,4584610.82,2.17017331,41.408213621
2020S006015    ,Sants-Montjuďc,la Marina del Prat Vermell,A Zona Franca,Wednesday,2020-12-16,Laboral,2020,12,December,16,Afternoon,14:00:00,Unknown,Tractor camió,Male,39,Driver,Unknown,Unknown,Professional goods transport,Uninjured,427646.91,4575534.19,2.13429608,41.326191322
2020S006015    ,Sants-Montjuďc,la Marina del Prat Vermell,A Zona Franca,Wednesday,2020-12-16,Laboral,2020,12,December,16,Afternoon,14:00:00,Unknown,"Camió rígid > 3,5 tones",Male,45,Driver,Unknown,Unknown,Professional goods transport,Minor injury: Hospitalization up to 24 hours,427646.91,4575534.19,2.13429608,41.326191322
2020S006016    ,Ciutat Vella,el Raval,Litoral (Llobregat),Wednesday,2020-12-16,Laboral,2020,12,December,16,Afternoon,19:00:00,Unknown,Ciclomotor,Female,35,Driver,Unknown,Unknown,Leisure and entertainment,Minor injury: Hospitalization up to 24 hours,431302.28,4580803.95,2.17737453,41.373974837
2020S006016    ,Ciutat Vella,el Raval,Litoral (Llobregat),Wednesday,2020-12-16,Laboral,2020,12,December,16,Afternoon,19:00:00,Unknown,Furgoneta,Male,28,Driver,Unknown,Unknown,Professional goods transport,Uninjured,431302.28,4580803.95,2.17737453,41.373974837
2020S006017    ,Grŕcia,Vallcarca i els Penitents,Vallcarca,Wednesday,2020-12-16,Laboral,2020,12,December,16,Afternoon,16:00:00,Unknown,Motorcycle,Male,44,Driver,Unknown,Unknown,Unknown,Minor injury: Hospitalization up to 24 hours,429028.69,4584584.14,2.14974612,41.407824274
2020S006018    ,Sants-Montjuďc,Hostafrancs,Espanya,Wednesday,2020-12-16,Laboral,2020,12,December,16,Afternoon,19:00:00,Unknown,Motorcycle,Female,25,Driver,Unknown,Unknown,Unknown,Minor injury: Hospitalization up to 24 hours,428856.77,4580938.01,2.14811793,41.374969684
2020S006018    ,Sants-Montjuďc,Hostafrancs,Espanya,Wednesday,2020-12-16,Laboral,2020,12,December,16,Afternoon,19:00:00,Unknown,Bicicleta,Male,40,Driver,Unknown,Unknown,Unknown,Minor injury: Refused medical assistance,428856.77,4580938.01,2.14811793,41.374969684
2020S006019    ,Eixample,el Fort Pienc,Marina,Wednesday,2020-12-16,Laboral,2020,12,December,16,Afternoon,19:00:00,Unknown,Motorcycle,Female,23,Driver,Unknown,Unknown,In transit (commuting),Minor injury: Hospitalization up to 24 hours,431614.29,4583667.98,2.18078175,41.399796953
2020S006019    ,Eixample,el Fort Pienc,Marina,Wednesday,2020-12-16,Laboral,2020,12,December,16,Afternoon,19:00:00,Unknown,Car,Male,45,Driver,Unknown,Unknown,Unknown,Uninjured,431614.29,4583667.98,2.18078175,41.399796953
2020S006020    ,Horta-Guinardó,el Baix Guinardó,Padilla,Wednesday,2020-12-16,Laboral,2020,12,December,16,Afternoon,21:00:00,Unknown,Ciclomotor,Male,48,Driver,Unknown,Unknown,Leisure and entertainment,Minor injury: Hospitalization up to 24 hours,430541.89,4585129.7,2.16778614,41.412870198
2020S006021    ,Sants-Montjuďc,Sants,Sant Antoni,Wednesday,2020-12-16,Laboral,2020,12,December,16,Afternoon,21:00:00,Unknown,Ciclomotor,Female,29,Driver,Unknown,Unknown,On a mission,Minor injury: Hospitalization up to 24 hours,428074.6,4581226.58,2.13873119,41.377499166
2020S006021    ,Sants-Montjuďc,Sants,Sant Antoni,Wednesday,2020-12-16,Laboral,2020,12,December,16,Afternoon,21:00:00,Unknown,Motorcycle,Male,34,Driver,Unknown,Unknown,On a mission,Minor injury: Hospitalization up to 24 hours,428074.6,4581226.58,2.13873119,41.377499166
2020S006022    ,Sants-Montjuďc,la Bordeta,Ildefons Cerdŕ,Wednesday,2020-12-16,Laboral,2020,12,December,16,Afternoon,21:00:00,Unknown,Motorcycle,Male,31,Driver,Unknown,Unknown,Unknown,Minor injury: Medical assistance at accident site,427810.45,4579885.77,2.13573234,41.365399302
2020S006022    ,Sants-Montjuďc,la Bordeta,Ildefons Cerdŕ,Wednesday,2020-12-16,Laboral,2020,12,December,16,Afternoon,21:00:00,Unknown,Car,Female,38,Driver,Unknown,Unknown,Unknown,Uninjured,427810.45,4579885.77,2.13573234,41.365399302
2020S006023    ,Eixample,la Dreta de l'Eixample,Tetuan,Wednesday,2020-12-16,Laboral,2020,12,December,16,Night,22:00:00,Unknown,Motorcycle,Male,32,Driver,Unknown,Unknown,Unknown,Minor injury: Hospitalization up to 24 hours,431096.96,4583105.03,2.17465768,41.394682444
2020S006024    ,Sants-Montjuďc,la Marina del Prat Vermell,Z Zona Franca,Thursday,2020-12-17,Laboral,2020,12,December,17,Night,04:00:00,Unknown,Tractor camió,Male,60,Driver,Unknown,Unknown,Professional goods transport,Minor injury: Hospitalization up to 24 hours,428141.16,4575735.94,2.14017759,41.328052662
2020S006025    ,Sant Martí,Provençals del Poblenou,C-31,Thursday,2020-12-17,Laboral,2020,12,December,17,Morning,06:00:00,Unknown,Car,Male,47,Driver,Unknown,Unknown,Unknown,Uninjured,432576.29,4584481.55,2.19219832,41.407205844
2020S006025    ,Sant Martí,Provençals del Poblenou,C-31,Thursday,2020-12-17,Laboral,2020,12,December,17,Morning,06:00:00,Unknown,Car,Male,33,Driver,Unknown,Unknown,Unknown,Uninjured,432576.29,4584481.55,2.19219832,41.407205844
2020S006026    ,Eixample,el Fort Pienc,Lepant,Thursday,2020-12-17,Laboral,2020,12,December,17,Morning,08:00:00,Unknown,Car,Female,44,Driver,Unknown,Unknown,In transit (commuting),Uninjured,431627.58,4583808.14,2.18092489,41.401060464
2020S006026    ,Eixample,el Fort Pienc,Lepant,Thursday,2020-12-17,Laboral,2020,12,December,17,Morning,08:00:00,Unknown,Motorcycle,Female,31,Driver,Unknown,Unknown,Unknown,Minor injury: Hospitalization up to 24 hours,431627.58,4583808.14,2.18092489,41.401060464
2020S006027    ,Eixample,Sant Antoni,Marqučs de Campo Sagrado,Wednesday,2020-12-16,Laboral,2020,12,December,16,Afternoon,17:00:00,Unknown,Furgoneta,Male,47,Driver,Unknown,Unknown,Unknown,Uninjured,430297.84,4581106.81,2.1653296,41.376616191
2020S006027    ,Eixample,Sant Antoni,Marqučs de Campo Sagrado,Wednesday,2020-12-16,Laboral,2020,12,December,16,Afternoon,17:00:00,Unknown,Bicicleta,Female,33,Driver,Unknown,Unknown,Unknown,Minor injury: Hospitalization up to 24 hours,430297.84,4581106.81,2.1653296,41.376616191
2020S006028    ,Sarriŕ-Sant Gervasi,Sant Gervasi - Galvany,Diagonal,Thursday,2020-12-17,Laboral,2020,12,December,17,Afternoon,21:00:00,Unknown,Motorcycle,Male,43,Driver,Unknown,Unknown,Unknown,Minor injury: Hospitalization up to 24 hours,429463.21,4583230.03,2.15510222,41.395666559
2020S006028    ,Sarriŕ-Sant Gervasi,Sant Gervasi - Galvany,Diagonal,Thursday,2020-12-17,Laboral,2020,12,December,17,Afternoon,21:00:00,Unknown,Autobús articulat,Male,49,Driver,Unknown,Unknown,Urban bus,Uninjured,429463.21,4583230.03,2.15510222,41.395666559
2020S006028    ,Sarriŕ-Sant Gervasi,Sant Gervasi - Galvany,Diagonal,Thursday,2020-12-17,Laboral,2020,12,December,17,Afternoon,21:00:00,Unknown,Car,Male,19,Driver,Unknown,Unknown,Unknown,Uninjured,429463.21,4583230.03,2.15510222,41.395666559
2020S006029    ,Sant Andreu,Sant Andreu,Torras i Bages,Thursday,2020-12-17,Laboral,2020,12,December,17,Morning,11:00:00,Creuar per fora pas de vianants,Motorcycle,Male,43,Pedestrian,Outside the crossing,Unknown,Unknown,Minor injury: Hospitalization up to 24 hours,432507.15,4587727.59,2.1910087,41.436436122
2020S006029    ,Sant Andreu,Sant Andreu,Torras i Bages,Thursday,2020-12-17,Laboral,2020,12,December,17,Morning,11:00:00,Creuar per fora pas de vianants,Motorcycle,Male,33,Driver,Outside the crossing,Unknown,Unknown,Uninjured,432507.15,4587727.59,2.1910087,41.436436122
2020S006030    ,Eixample,la Nova Esquerra de l'Eixample,Roma,Thursday,2020-12-17,Laboral,2020,12,December,17,Morning,13:00:00,Unknown,Car,Male,22,Driver,Unknown,Unknown,Unknown,Uninjured,429033.03,4581850.37,2.1501186,41.383202577
2020S006030    ,Eixample,la Nova Esquerra de l'Eixample,Roma,Thursday,2020-12-17,Laboral,2020,12,December,17,Morning,13:00:00,Unknown,Motorcycle,Male,27,Driver,Unknown,Unknown,Unknown,Minor injury: Medical assistance at accident site,429033.03,4581850.37,2.1501186,41.383202577
2020S006031    ,Sant Andreu,la Trinitat Vella,C-17 (Puigcerdŕ),Thursday,2020-12-17,Laboral,2020,12,December,17,Morning,13:00:00,Unknown,Autobús,Male,84,Passenger,Unknown,Unknown,Unknown,Minor injury: Hospitalization up to 24 hours,432372.37,4589641.97,2.18918113,41.453666931
2020S006031    ,Sant Andreu,la Trinitat Vella,C-17 (Puigcerdŕ),Thursday,2020-12-17,Laboral,2020,12,December,17,Morning,13:00:00,Unknown,Autobús,Male,44,Driver,Unknown,Unknown,Urban bus,Uninjured,432372.37,4589641.97,2.18918113,41.453666931
2020S006032    ,Les Corts,les Corts,Nicaragua,Thursday,2020-12-17,Laboral,2020,12,December,17,Afternoon,14:00:00,Desobeir el senyal del semŕfor,Motorcycle,Female,33,Pedestrian,In crossing regulated by traffic lights,Unknown,Unknown,Minor injury: Hospitalization up to 24 hours,428213.38,4581961.49,2.14030355,41.384130635
2020S006032    ,Les Corts,les Corts,Nicaragua,Thursday,2020-12-17,Laboral,2020,12,December,17,Afternoon,14:00:00,Desobeir el senyal del semŕfor,Motorcycle,Male,25,Driver,In crossing regulated by traffic lights,Unknown,Unknown,Minor injury: Hospitalization up to 24 hours,428213.38,4581961.49,2.14030355,41.384130635
2020S006033    ,Sant Martí,la Vila Olímpica del Poblenou,Litoral (Besňs),Thursday,2020-12-17,Laboral,2020,12,December,17,Afternoon,15:00:00,Unknown,Car,Male,42,Driver,Unknown,Unknown,Leisure and entertainment,Uninjured,433054.62,4582474.25,2.19814273,41.389166608
2020S006033    ,Sant Martí,la Vila Olímpica del Poblenou,Litoral (Besňs),Thursday,2020-12-17,Laboral,2020,12,December,17,Afternoon,15:00:00,Unknown,Car,Female,50,Driver,Unknown,Unknown,In transit (commuting),Minor injury: Refused medical assistance,433054.62,4582474.25,2.19814273,41.389166608
2020S006033    ,Sant Martí,la Vila Olímpica del Poblenou,Litoral (Besňs),Thursday,2020-12-17,Laboral,2020,12,December,17,Afternoon,15:00:00,Unknown,Car,Male,47,Driver,Unknown,Unknown,Leisure and entertainment,Uninjured,433054.62,4582474.25,2.19814273,41.389166608
2020S006034    ,Sarriŕ-Sant Gervasi,Sarriŕ,Reina Elisenda de Montcada,Thursday,2020-12-17,Laboral,2020,12,December,17,Afternoon,15:00:00,Desobeir el senyal del semŕfor,Motorcycle,Female,24,Pedestrian,In crossing regulated by traffic lights,Unknown,Unknown,Uninjured,426637.86,4583737.64,2.12124709,41.399985462
2020S006034    ,Sarriŕ-Sant Gervasi,Sarriŕ,Reina Elisenda de Montcada,Thursday,2020-12-17,Laboral,2020,12,December,17,Afternoon,15:00:00,Desobeir el senyal del semŕfor,Motorcycle,Male,49,Driver,In crossing regulated by traffic lights,Unknown,Unknown,Minor injury: Medical assistance at accident site,426637.86,4583737.64,2.12124709,41.399985462
2020S006035    ,Grŕcia,el Coll,Móra d'Ebre,Thursday,2020-12-17,Laboral,2020,12,December,17,Afternoon,14:00:00,Unknown,Car,Male,63,Driver,Unknown,Unknown,Unknown,Uninjured,429032.64,4585868.03,2.14964269,41.41938812
2020S006035    ,Grŕcia,el Coll,Móra d'Ebre,Thursday,2020-12-17,Laboral,2020,12,December,17,Afternoon,14:00:00,Unknown,Motorcycle,Male,45,Driver,Unknown,Unknown,Unknown,Minor injury: Hospitalization up to 24 hours,429032.64,4585868.03,2.14964269,41.41938812
2020S006036    ,Sarriŕ-Sant Gervasi,Sant Gervasi - Galvany,Balmes,Thursday,2020-12-17,Laboral,2020,12,December,17,Morning,13:00:00,Unknown,Motorcycle,Male,59,Driver,Unknown,Unknown,In transit (commuting),Minor injury: Medical assistance at accident site,428735.7,4583916.43,2.1463197,41.40178453
2020S006036    ,Sarriŕ-Sant Gervasi,Sant Gervasi - Galvany,Balmes,Thursday,2020-12-17,Laboral,2020,12,December,17,Morning,13:00:00,Unknown,Bicicleta,Female,24,Driver,Unknown,Unknown,On a mission,Minor injury: Medical assistance at accident site,428735.7,4583916.43,2.1463197,41.40178453
2020S006037    ,Eixample,la Dreta de l'Eixample,Aragó,Thursday,2020-12-17,Laboral,2020,12,December,17,Afternoon,16:00:00,Unknown,Furgoneta,Male,54,Driver,Unknown,Unknown,On a mission,Uninjured,430217.35,4582797.57,2.1641723,41.391837363
2020S006037    ,Eixample,la Dreta de l'Eixample,Aragó,Thursday,2020-12-17,Laboral,2020,12,December,17,Afternoon,16:00:00,Unknown,Ciclomotor,Male,26,Driver,Unknown,Unknown,Leisure and entertainment,Minor injury: Medical assistance at accident site,430217.35,4582797.57,2.1641723,41.391837363
2020S006038    ,Eixample,la Dreta de l'Eixample,Cinc d'Oros,Thursday,2020-12-17,Laboral,2020,12,December,17,Afternoon,16:00:00,Unknown,Car,Male,63,Driver,Unknown,Unknown,Taxi,Uninjured,429830.21,4583317.69,2.15948172,41.396488207
2020S006038    ,Eixample,la Dreta de l'Eixample,Cinc d'Oros,Thursday,2020-12-17,Laboral,2020,12,December,17,Afternoon,16:00:00,Unknown,Motorcycle,Male,35,Driver,Unknown,Unknown,Unknown,Minor injury: Medical assistance at accident site,429830.21,4583317.69,2.15948172,41.396488207
2020S006039    ,Sant Martí,Provençals del Poblenou,Prim,Thursday,2020-12-17,Laboral,2020,12,December,17,Afternoon,14:00:00,Unknown,Motorcycle,Male,23,Driver,Unknown,Unknown,On a mission,Minor injury: Hospitalization up to 24 hours,433950.98,4585766.93,2.20850359,41.418897129
2020S006039    ,Sant Martí,Provençals del Poblenou,Prim,Thursday,2020-12-17,Laboral,2020,12,December,17,Afternoon,14:00:00,Unknown,Car,Male,43,Driver,Unknown,Unknown,On a mission,Uninjured,433950.98,4585766.93,2.20850359,41.418897129
2020S006040    ,Eixample,el Fort Pienc,Corts Catalanes,Thursday,2020-12-10,Laboral,2020,12,December,10,Afternoon,18:00:00,Unknown,Bicicleta,Male,41,Driver,Unknown,Unknown,On a mission,Minor injury: Refused medical assistance,431884.73,4583787.52,2.18400324,41.400896584
2020S006040    ,Eixample,el Fort Pienc,Corts Catalanes,Thursday,2020-12-10,Laboral,2020,12,December,10,Afternoon,18:00:00,Unknown,Car,Male,80,Driver,Unknown,Unknown,Unknown,Uninjured,431884.73,4583787.52,2.18400324,41.400896584
2020S006041    ,Eixample,la Dreta de l'Eixample,Balmes,Thursday,2020-12-17,Laboral,2020,12,December,17,Afternoon,17:00:00,Unknown,Car,Male,23,Driver,Unknown,Unknown,Unknown,Uninjured,430353.37,4582261.1,2.16586085,41.387017343
2020S006041    ,Eixample,la Dreta de l'Eixample,Balmes,Thursday,2020-12-17,Laboral,2020,12,December,17,Afternoon,17:00:00,Unknown,Motorcycle,Male,28,Driver,Unknown,Unknown,Unknown,Death (within 24 hours of accident),430353.37,4582261.1,2.16586085,41.387017343
2020S006042    ,Eixample,la Sagrada Família,Diagonal,Thursday,2020-12-17,Laboral,2020,12,December,17,Afternoon,16:00:00,Unknown,Motorcycle,Male,32,Driver,Unknown,Unknown,In transit (commuting),Minor injury: Hospitalization up to 24 hours,431707.37,4583953.98,2.18186287,41.402380786
2020S006042    ,Eixample,la Sagrada Família,Diagonal,Thursday,2020-12-17,Laboral,2020,12,December,17,Afternoon,16:00:00,Unknown,Car,Female,36,Driver,Unknown,Unknown,Leisure and entertainment,Uninjured,431707.37,4583953.98,2.18186287,41.402380786
2020S006043    ,Sarriŕ-Sant Gervasi,Sant Gervasi - Galvany,Francesc Maciŕ,Thursday,2020-12-17,Laboral,2020,12,December,17,Afternoon,15:00:00,Unknown,Motorcycle,Male,50,Driver,Unknown,Unknown,In transit (commuting),Minor injury: Hospitalization up to 24 hours,428490.67,4582934.49,2.14350468,41.3929188
2020S006043    ,Sarriŕ-Sant Gervasi,Sant Gervasi - Galvany,Francesc Maciŕ,Thursday,2020-12-17,Laboral,2020,12,December,17,Afternoon,15:00:00,Unknown,Furgoneta,Male,31,Driver,Unknown,Unknown,Professional goods transport,Uninjured,428490.67,4582934.49,2.14350468,41.3929188
2020S006044    ,Sant Martí,Provençals del Poblenou,C-31,Thursday,2020-12-17,Laboral,2020,12,December,17,Afternoon,20:00:00,Unknown,Tot terreny,Male,52,Driver,Unknown,Unknown,In transit (commuting),Uninjured,433723.92,4585600.72,2.20580496,41.417381413
2020S006044    ,Sant Martí,Provençals del Poblenou,C-31,Thursday,2020-12-17,Laboral,2020,12,December,17,Afternoon,20:00:00,Unknown,Car,Male,31,Driver,Unknown,Unknown,Leisure and entertainment,Uninjured,433723.92,4585600.72,2.20580496,41.417381413
2020S006044    ,Sant Martí,Provençals del Poblenou,C-31,Thursday,2020-12-17,Laboral,2020,12,December,17,Afternoon,20:00:00,Unknown,Car,Male,60,Driver,Unknown,Unknown,In transit (commuting),Minor injury: Hospitalization up to 24 hours,433723.92,4585600.72,2.20580496,41.417381413
2020S006045    ,Sarriŕ-Sant Gervasi,Sarriŕ,Monestir,Thursday,2020-12-17,Laboral,2020,12,December,17,Afternoon,20:00:00,Unknown,"Camió rígid > 3,5 tones",Male,54,Driver,Unknown,Unknown,On a mission,Unknown,426200.05,4583588.25,2.1160284,41.398599887
2020S006046    ,Sants-Montjuďc,Hostafrancs,Creu Coberta,Thursday,2020-12-17,Laboral,2020,12,December,17,Afternoon,19:00:00,Unknown,Car,Male,26,Driver,Unknown,Unknown,Unknown,Uninjured,428389.25,4580987.07,2.14252194,41.375370061
2020S006046    ,Sants-Montjuďc,Hostafrancs,Creu Coberta,Thursday,2020-12-17,Laboral,2020,12,December,17,Afternoon,19:00:00,Unknown,Ciclomotor,Female,25,Driver,Unknown,Unknown,Unknown,Minor injury: Hospitalization up to 24 hours,428389.25,4580987.07,2.14252194,41.375370061
2020S006047    ,Sant Andreu,el Bon Pastor,Santander,Thursday,2020-12-17,Laboral,2020,12,December,17,Afternoon,20:00:00,Unknown,Motorcycle,Male,31,Driver,Unknown,Unknown,Other activities,Minor injury: Hospitalization up to 24 hours,433929.75,4587492.02,2.20806093,41.434432789
2020S006048    ,Sant Martí,el Clot,Meridiana,Thursday,2020-12-17,Laboral,2020,12,December,17,Afternoon,19:00:00,Unknown,Motorcycle,Male,38,Driver,Unknown,Unknown,In transit (commuting),Minor injury: Hospitalization up to 24 hours,432167.77,4585320.2,2.18721706,41.414724924
2020S006048    ,Sant Martí,el Clot,Meridiana,Thursday,2020-12-17,Laboral,2020,12,December,17,Afternoon,19:00:00,Unknown,Furgoneta,Female,38,Driver,Unknown,Unknown,In transit (commuting),Uninjured,432167.77,4585320.2,2.18721706,41.414724924
2020S006049    ,Eixample,la Nova Esquerra de l'Eixample,Comte Borrell,Thursday,2020-12-17,Laboral,2020,12,December,17,Afternoon,16:00:00,Unknown,Ciclomotor,Female,33,Driver,Unknown,Unknown,Unknown,Minor injury: Hospitalization up to 24 hours,429377.99,4581924.87,2.15423516,41.383903945
2020S006049    ,Eixample,la Nova Esquerra de l'Eixample,Comte Borrell,Thursday,2020-12-17,Laboral,2020,12,December,17,Afternoon,16:00:00,Unknown,Motorcycle,Male,56,Driver,Unknown,Unknown,Leisure and entertainment,Uninjured,429377.99,4581924.87,2.15423516,41.383903945
2020S006050    ,Eixample,la Nova Esquerra de l'Eixample,Corts Catalanes,Friday,2020-12-18,Laboral,2020,12,December,18,Night,03:00:00,Unknown,Furgoneta,Male,50,Driver,Unknown,Unknown,On a mission,Uninjured,429061.78,4581106.26,2.15054956,41.376503164
2020S006051    ,Sarriŕ-Sant Gervasi,les Tres Torres,José de Agulló,Friday,2020-12-18,Laboral,2020,12,December,18,Morning,07:00:00,Unknown,Ciclomotor,Male,23,Driver,Unknown,Unknown,Unknown,Minor injury: Refused medical assistance,427673.08,4583224.88,2.1336913,41.395461077
2020S006051    ,Sarriŕ-Sant Gervasi,les Tres Torres,José de Agulló,Friday,2020-12-18,Laboral,2020,12,December,18,Morning,07:00:00,Unknown,Ciclomotor,Female,21,Passenger,Unknown,Unknown,Unknown,Minor injury: Hospitalization up to 24 hours,427673.08,4583224.88,2.1336913,41.395461077
2020S006051    ,Sarriŕ-Sant Gervasi,les Tres Torres,José de Agulló,Friday,2020-12-18,Laboral,2020,12,December,18,Morning,07:00:00,Unknown,Car,Male,48,Driver,Unknown,Unknown,Taxi,Uninjured,427673.08,4583224.88,2.1336913,41.395461077
2020S006052    ,Sarriŕ-Sant Gervasi,les Tres Torres,Manuel Corachan,Friday,2020-12-18,Laboral,2020,12,December,18,Morning,08:00:00,Unknown,Furgoneta,Male,31,Driver,In pedestrian area,Unknown,On a mission,Uninjured,427362.6,4583023.18,2.13000191,41.393616448
2020S006052    ,Sarriŕ-Sant Gervasi,les Tres Torres,Manuel Corachan,Friday,2020-12-18,Laboral,2020,12,December,18,Morning,08:00:00,Unknown,Furgoneta,Male,45,Pedestrian,In pedestrian area,Unknown,Unknown,Minor injury: Medical assistance at accident site,427362.6,4583023.18,2.13000191,41.393616448
2020S006053    ,Sarriŕ-Sant Gervasi,el Putxet i el Farró,República Argentina,Thursday,2020-12-17,Laboral,2020,12,December,17,Afternoon,20:00:00,Unknown,Car,Male,52,Driver,Unknown,Unknown,In transit (commuting),Uninjured,428486.2,4584985.2,2.14320882,41.411388355
2020S006053    ,Sarriŕ-Sant Gervasi,el Putxet i el Farró,República Argentina,Thursday,2020-12-17,Laboral,2020,12,December,17,Afternoon,20:00:00,Unknown,Motorcycle,Female,49,Driver,Unknown,Unknown,In transit (commuting),Minor injury: Hospitalization up to 24 hours,428486.2,4584985.2,2.14320882,41.411388355
2020S006054    ,Eixample,la Dreta de l'Eixample,Aragó,Friday,2020-12-18,Laboral,2020,12,December,18,Morning,09:00:00,Unknown,Car,Male,56,Driver,Unknown,Unknown,Unknown,Uninjured,430101.98,4582684.44,2.16280551,41.390808414
2020S006054    ,Eixample,la Dreta de l'Eixample,Aragó,Friday,2020-12-18,Laboral,2020,12,December,18,Morning,09:00:00,Unknown,Car,Female,26,Driver,Unknown,Unknown,Unknown,Uninjured,430101.98,4582684.44,2.16280551,41.390808414
2020S006054    ,Eixample,la Dreta de l'Eixample,Aragó,Friday,2020-12-18,Laboral,2020,12,December,18,Morning,09:00:00,Unknown,Motorcycle,Female,43,Driver,Unknown,Unknown,Leisure and entertainment,Minor injury: Hospitalization up to 24 hours,430101.98,4582684.44,2.16280551,41.390808414