Case_Number,District_Name,Neighborhood_Name,Street_Name,Day_of_Week,Date,Day_Type_Description,Year,Month_of_Year,Month_Name,Day_of_Month,Shift_Description,Hour_of_Day,Pedestrian_Cause_Description,Involved_Vehicle_Type_Description,Gender_Description,Age,Person_Type_Description,Pedestrian_Accident_Location_Description,Pedestrian_Movement_Reason_Description,Driver_Movement_Reason_Description,Victimization_Description,Coordenada_UTM_X,Coordenada_UTM_Y,Longitud,Latitud
2020S006100    ,Sant Martí,el Camp de l'Arpa del Clot,Meridiana,Saturday,2020-12-19,Laboral,2020,12,December,19,Afternoon,21:00:00,Unknown,Car,Female,48,Pedestrian,Unknown,Unknown,Unknown,Minor injury: Hospitalization up to 24 hours,432101.88,4584634.03,2.18650577,41.408539231
2020S006101    ,Sant Andreu,el Bon Pastor,Monterrey,Sunday,2020-12-20,Laboral,2020,12,December,20,Morning,11:00:00,Unknown,Car,Female,51,Passenger,Unknown,Unknown,Unknown,Minor injury: Medical assistance at accident site,433767.29,4588494.32,2.20600665,41.443446813
2020S006101    ,Sant Andreu,el Bon Pastor,Monterrey,Sunday,2020-12-20,Laboral,2020,12,December,20,Morning,11:00:00,Unknown,Car,Female,14,Passenger,Unknown,Unknown,Unknown,Minor injury: Medical assistance at accident site,433767.29,4588494.32,2.20600665,41.443446813
2020S006101    ,Sant Andreu,el Bon Pastor,Monterrey,Sunday,2020-12-20,Laboral,2020,12,December,20,Morning,11:00:00,Unknown,Car,Male,42,Driver,Unknown,Unknown,Leisure and entertainment,Uninjured,433767.29,4588494.32,2.20600665,41.443446813
2020S006102    ,Sant Andreu,Sant Andreu,Onze de Setembre,Sunday,2020-12-20,Laboral,2020,12,December,20,Morning,09:00:00,Unknown,Autobús articulat,Female,87,Passenger,Unknown,Unknown,Unknown,Minor injury: Medical assistance at accident site,432633.83,4587034.08,2.19260222,41.430200545
2020S006102    ,Sant Andreu,Sant Andreu,Onze de Setembre,Sunday,2020-12-20,Laboral,2020,12,December,20,Morning,09:00:00,Unknown,Autobús articulat,Male,59,Driver,Unknown,Unknown,Urban bus,Uninjured,432633.83,4587034.08,2.19260222,41.430200545
2020S006103    ,Sant Andreu,el Bon Pastor,Litoral (Besňs),Friday,2020-12-18,Laboral,2020,12,December,18,Morning,13:00:00,Unknown,Car,Male,23,Driver,Unknown,Unknown,In transit (commuting),Uninjured,433698.18,4588639.96,2.20516342,41.444752839
2020S006103    ,Sant Andreu,el Bon Pastor,Litoral (Besňs),Friday,2020-12-18,Laboral,2020,12,December,18,Morning,13:00:00,Unknown,Motorcycle,Male,45,Driver,Unknown,Unknown,In transit (commuting),Minor injury: Hospitalization up to 24 hours,433698.18,4588639.96,2.20516342,41.444752839
2020S006104    ,Eixample,l'Antiga Esquerra de l'Eixample,Provença,Sunday,2020-12-20,Laboral,2020,12,December,20,Morning,07:00:00,Unknown,Motorcycle,Male,25,Driver,Unknown,Unknown,Leisure and entertainment,Uninjured,429196.54,4582322.61,2.15201873,41.387470296
2020S006104    ,Eixample,l'Antiga Esquerra de l'Eixample,Provença,Sunday,2020-12-20,Laboral,2020,12,December,20,Morning,07:00:00,Unknown,Motorcycle,Male,25,Driver,Unknown,Unknown,Leisure and entertainment,Minor injury: Hospitalization up to 24 hours,429196.54,4582322.61,2.15201873,41.387470296
2020S006105    ,Sant Andreu,Navas,Felip II,Saturday,2020-12-19,Laboral,2020,12,December,19,Night,22:00:00,Unknown,Motorcycle,Male,39,Driver,Unknown,Unknown,Leisure and entertainment,Minor injury: Medical assistance at accident site,432106.58,4585973.14,2.18641162,41.420600581
2020S006105    ,Sant Andreu,Navas,Felip II,Saturday,2020-12-19,Laboral,2020,12,December,19,Night,22:00:00,Unknown,Motorcycle,Female,19,Pedestrian,Unknown,Unknown,Unknown,Uninjured,432106.58,4585973.14,2.18641162,41.420600581
2020S006106    ,Les Corts,la Maternitat i Sant Ramon,Albert Bastardas,Sunday,2020-12-20,Laboral,2020,12,December,20,Afternoon,17:00:00,Unknown,Car,Male,24,Driver,Unknown,Unknown,Unknown,Minor injury: Hospitalization up to 24 hours,425425.9,4581800.01,2.10698883,41.382422563
2020S006106    ,Les Corts,la Maternitat i Sant Ramon,Albert Bastardas,Sunday,2020-12-20,Laboral,2020,12,December,20,Afternoon,17:00:00,Unknown,Car,Female,22,Driver,Unknown,Unknown,Unknown,Uninjured,425425.9,4581800.01,2.10698883,41.382422563
2020S006108    ,Eixample,la Dreta de l'Eixample,Pau Claris,Sunday,2020-12-20,Laboral,2020,12,December,20,Afternoon,19:00:00,Unknown,Car,Female,24,Passenger,Unknown,Unknown,Unknown,Uninjured,430097.03,4583249.82,2.16268101,41.395900176
2020S006108    ,Eixample,la Dreta de l'Eixample,Pau Claris,Sunday,2020-12-20,Laboral,2020,12,December,20,Afternoon,19:00:00,Unknown,Car,Male,30,Driver,Unknown,Unknown,Leisure and entertainment,Uninjured,430097.03,4583249.82,2.16268101,41.395900176
2020S006108    ,Eixample,la Dreta de l'Eixample,Pau Claris,Sunday,2020-12-20,Laboral,2020,12,December,20,Afternoon,19:00:00,Unknown,Motorcycle,Female,43,Driver,Unknown,Unknown,Leisure and entertainment,Minor injury: Hospitalization up to 24 hours,430097.03,4583249.82,2.16268101,41.395900176
2020S006109    ,Sarriŕ-Sant Gervasi,Sant Gervasi - Galvany,Beethoven,Sunday,2020-12-20,Laboral,2020,12,December,20,Afternoon,21:00:00,Unknown,Car,Male,20,Driver,Unknown,Unknown,Leisure and entertainment,Uninjured,428219.79,4582975.98,2.14025993,41.393268341
2020S006109    ,Sarriŕ-Sant Gervasi,Sant Gervasi - Galvany,Beethoven,Sunday,2020-12-20,Laboral,2020,12,December,20,Afternoon,21:00:00,Unknown,Motorcycle,Male,27,Driver,Unknown,Unknown,Leisure and entertainment,Serious injury: Hospitalization over 24 hours,428219.79,4582975.98,2.14025993,41.393268341
2020S006110    ,Sant Andreu,Sant Andreu,Nadal,Monday,2020-12-21,Laboral,2020,12,December,21,Night,03:00:00,Unknown,Car,Male,33,Driver,Unknown,Unknown,Unknown,Unknown,432291.25,4586857.63,2.18852221,41.428582494
2020S006111    ,Sants-Montjuďc,la Marina del Prat Vermell,Litoral (Llobregat),Monday,2020-12-21,Laboral,2020,12,December,21,Morning,06:00:00,Unknown,Car,Male,44,Driver,Unknown,Unknown,In transit (commuting),Uninjured,428898.69,4578205.14,2.1489397,41.350359282
2020S006111    ,Sants-Montjuďc,la Marina del Prat Vermell,Litoral (Llobregat),Monday,2020-12-21,Laboral,2020,12,December,21,Morning,06:00:00,Unknown,Car,Male,41,Driver,Unknown,Unknown,In transit (commuting),Minor injury: Hospitalization up to 24 hours,428898.69,4578205.14,2.1489397,41.350359282
2020S006112    ,Les Corts,Pedralbes,Esplugues,Monday,2020-12-21,Laboral,2020,12,December,21,Morning,08:00:00,Unknown,Motorcycle,Female,43,Driver,Unknown,Unknown,Unknown,Minor injury: Hospitalization up to 24 hours,425359.83,4582358.85,2.10612986,41.387449654
2020S006112    ,Les Corts,Pedralbes,Esplugues,Monday,2020-12-21,Laboral,2020,12,December,21,Morning,08:00:00,Unknown,Car,Male,41,Driver,Unknown,Unknown,Taxi,Uninjured,425359.83,4582358.85,2.10612986,41.387449654
2020S006113    ,Sants-Montjuďc,Hostafrancs,Corts Catalanes,Monday,2020-12-21,Laboral,2020,12,December,21,Morning,10:00:00,Unknown,Veh. mobilitat personal amb motor,Male,29,Driver,On the sidewalk,Unknown,Other activities,Minor injury: Refused medical assistance,428577.56,4580624.28,2.14481637,41.372119278
2020S006113    ,Sants-Montjuďc,Hostafrancs,Corts Catalanes,Monday,2020-12-21,Laboral,2020,12,December,21,Morning,10:00:00,Unknown,Veh. mobilitat personal amb motor,Female,76,Pedestrian,On the sidewalk,Unknown,Unknown,Minor injury: Hospitalization up to 24 hours,428577.56,4580624.28,2.14481637,41.372119278
2020S006114    ,Sarriŕ-Sant Gervasi,Sant Gervasi - Galvany,Balmes,Monday,2020-12-21,Laboral,2020,12,December,21,Morning,12:00:00,Transitar a peu per la calçada,Car,Female,40,Driver,Outside the crossing,Unknown,Unknown,Uninjured,429311.32,4583334.0,2.15327333,41.396589635
2020S006114    ,Sarriŕ-Sant Gervasi,Sant Gervasi - Galvany,Balmes,Monday,2020-12-21,Laboral,2020,12,December,21,Morning,12:00:00,Transitar a peu per la calçada,Car,Male,43,Pedestrian,Outside the crossing,Unknown,Unknown,Minor injury: Hospitalization up to 24 hours,429311.32,4583334.0,2.15327333,41.396589635
2020S006115    ,Eixample,l'Antiga Esquerra de l'Eixample,Valčncia,Monday,2020-12-21,Laboral,2020,12,December,21,Morning,11:00:00,Unknown,Car,Female,35,Pedestrian,In crossing regulated by traffic lights,Unknown,Unknown,Minor injury: Medical assistance at accident site,429654.73,4582426.92,2.1574863,41.388450004
2020S006115    ,Eixample,l'Antiga Esquerra de l'Eixample,Valčncia,Monday,2020-12-21,Laboral,2020,12,December,21,Morning,11:00:00,Unknown,Car,Male,76,Driver,In crossing regulated by traffic lights,Unknown,Other activities,Uninjured,429654.73,4582426.92,2.1574863,41.388450004
2020S006116    ,Sarriŕ-Sant Gervasi,el Putxet i el Farró,Guillem Tell,Monday,2020-12-21,Laboral,2020,12,December,21,Morning,10:00:00,Unknown,Autobús articulat,Male,54,Pedestrian,Unknown,Unknown,Unknown,Minor injury: Hospitalization up to 24 hours,429019.66,4584086.5,2.14969648,41.40334142
2020S006117    ,Sants-Montjuďc,Sants,Brasil,Monday,2020-12-21,Laboral,2020,12,December,21,Afternoon,15:00:00,Unknown,Ciclomotor,Female,21,Passenger,Unknown,Unknown,Unknown,Minor injury: Hospitalization up to 24 hours,427378.41,4581168.68,2.13041342,41.37691512
2020S006117    ,Sants-Montjuďc,Sants,Brasil,Monday,2020-12-21,Laboral,2020,12,December,21,Afternoon,15:00:00,Unknown,Furgoneta,Male,46,Driver,Unknown,Unknown,On a mission,Uninjured,427378.41,4581168.68,2.13041342,41.37691512
2020S006117    ,Sants-Montjuďc,Sants,Brasil,Monday,2020-12-21,Laboral,2020,12,December,21,Afternoon,15:00:00,Unknown,Ciclomotor,Male,21,Driver,Unknown,Unknown,Leisure and entertainment,Minor injury: Hospitalization up to 24 hours,427378.41,4581168.68,2.13041342,41.37691512
2020S006118    ,Sant Martí,Sant Martí de Provençals,Selva de Mar,Monday,2020-12-21,Laboral,2020,12,December,21,Afternoon,15:00:00,Unknown,Veh. mobilitat personal amb motor,Male,43,Driver,Unknown,Unknown,In transit (commuting),Minor injury: Medical assistance at accident site,433055.46,4585586.56,2.19780837,41.417198433
2020S006118    ,Sant Martí,Sant Martí de Provençals,Selva de Mar,Monday,2020-12-21,Laboral,2020,12,December,21,Afternoon,15:00:00,Unknown,Car,Female,55,Driver,Unknown,Unknown,Unknown,Uninjured,433055.46,4585586.56,2.19780837,41.417198433
2020S006119    ,Eixample,l'Antiga Esquerra de l'Eixample,Casanova,Tuesday,2020-12-15,Laboral,2020,12,December,15,Afternoon,18:00:00,Unknown,Furgoneta,Male,48,Pedestrian,Outside the crossing,Leisure and entertainment,Unknown,Minor injury: Hospitalization up to 24 hours,429383.64,4582487.93,2.15423706,41.388975733
2020S006119    ,Eixample,l'Antiga Esquerra de l'Eixample,Casanova,Tuesday,2020-12-15,Laboral,2020,12,December,15,Afternoon,18:00:00,Unknown,Furgoneta,Male,32,Driver,Outside the crossing,Unknown,Leisure and entertainment,Uninjured,429383.64,4582487.93,2.15423706,41.388975733
2020S006120    ,Eixample,la Sagrada Família,Padilla,Monday,2020-12-21,Laboral,2020,12,December,21,Morning,13:00:00,Unknown,Furgoneta,Male,65,Driver,Unknown,Unknown,Unknown,Uninjured,431450.99,4584205.87,2.17876745,41.404627651
2020S006120    ,Eixample,la Sagrada Família,Padilla,Monday,2020-12-21,Laboral,2020,12,December,21,Morning,13:00:00,Unknown,Motorcycle,Male,43,Driver,Unknown,Unknown,Unknown,Minor injury: Hospitalization up to 24 hours,431450.99,4584205.87,2.17876745,41.404627651
2020S006122    ,Les Corts,les Corts,Mig (Descendent),Monday,2020-12-21,Laboral,2020,12,December,21,Afternoon,18:00:00,Unknown,Motorcycle,Female,36,Driver,Unknown,Unknown,Leisure and entertainment,Minor injury: Refused medical assistance,427119.04,4582386.35,2.12716549,41.387858733
2020S006122    ,Les Corts,les Corts,Mig (Descendent),Monday,2020-12-21,Laboral,2020,12,December,21,Afternoon,18:00:00,Unknown,Car,Female,33,Driver,Unknown,Unknown,Leisure and entertainment,Uninjured,427119.04,4582386.35,2.12716549,41.387858733
2020S006123    ,Grŕcia,la Vila de Grŕcia,Grŕcia,Monday,2020-12-21,Laboral,2020,12,December,21,Afternoon,18:00:00,Unknown,Bicicleta,Female,27,Driver,Unknown,Unknown,Leisure and entertainment,Uninjured,430100.59,4584202.98,2.16261348,41.404485275
2020S006123    ,Grŕcia,la Vila de Grŕcia,Grŕcia,Monday,2020-12-21,Laboral,2020,12,December,21,Afternoon,18:00:00,Unknown,Motorcycle,Male,42,Driver,Unknown,Unknown,In transit (commuting),Minor injury: Hospitalization up to 24 hours,430100.59,4584202.98,2.16261348,41.404485275
2020S006124    ,Eixample,la Dreta de l'Eixample,Grŕcia,Monday,2020-12-21,Laboral,2020,12,December,21,Afternoon,14:00:00,Unknown,Bicicleta,Male,37,Driver,Unknown,Unknown,Unknown,Minor injury: Hospitalization up to 24 hours,430438.54,4582673.41,2.16683206,41.390738265
2020S006124    ,Eixample,la Dreta de l'Eixample,Grŕcia,Monday,2020-12-21,Laboral,2020,12,December,21,Afternoon,14:00:00,Unknown,Bicicleta,Male,19,Driver,Unknown,Unknown,Unknown,Uninjured,430438.54,4582673.41,2.16683206,41.390738265
2020S006125    ,Eixample,la Dreta de l'Eixample,Sant Joan,Thursday,2020-12-17,Laboral,2020,12,December,17,Afternoon,14:00:00,Unknown,Bicicleta,Female,23,Driver,Unknown,Unknown,Leisure and entertainment,Uninjured,430545.66,4583804.49,2.16798342,41.400934804
2020S006125    ,Eixample,la Dreta de l'Eixample,Sant Joan,Thursday,2020-12-17,Laboral,2020,12,December,17,Afternoon,14:00:00,Unknown,Motorcycle,Female,50,Driver,Unknown,Unknown,Leisure and entertainment,Minor injury: Hospitalization up to 24 hours,430545.66,4583804.49,2.16798342,41.400934804
2020S006126    ,Nou Barris,Porta,Rio de Janeiro,Monday,2020-12-21,Laboral,2020,12,December,21,Afternoon,21:00:00,Unknown,Car,Male,54,Driver,Unknown,Unknown,Leisure and entertainment,Uninjured,431685.66,4587994.0,2.18114657,41.438766078
2020S006126    ,Nou Barris,Porta,Rio de Janeiro,Monday,2020-12-21,Laboral,2020,12,December,21,Afternoon,21:00:00,Unknown,Motorcycle,Male,38,Driver,Unknown,Unknown,Unknown,Minor injury: Hospitalization up to 24 hours,431685.66,4587994.0,2.18114657,41.438766078
2020S006126    ,Nou Barris,Porta,Rio de Janeiro,Monday,2020-12-21,Laboral,2020,12,December,21,Afternoon,21:00:00,Unknown,Motorcycle,Female,31,Passenger,Unknown,Unknown,Unknown,Minor injury: Hospitalization up to 24 hours,431685.66,4587994.0,2.18114657,41.438766078
2020S006127    ,Sant Martí,la Verneda i la Pau,Guipúscoa,Monday,2020-12-21,Laboral,2020,12,December,21,Afternoon,21:00:00,Unknown,Furgoneta,Male,41,Driver,Unknown,Unknown,Unknown,Uninjured,433917.87,4586366.5,2.20804186,41.42429457
2020S006127    ,Sant Martí,la Verneda i la Pau,Guipúscoa,Monday,2020-12-21,Laboral,2020,12,December,21,Afternoon,21:00:00,Unknown,Motorcycle,Male,56,Driver,Unknown,Unknown,Unknown,Minor injury: Hospitalization up to 24 hours,433917.87,4586366.5,2.20804186,41.42429457
2020S006128    ,Sant Andreu,el Bon Pastor,Litoral (Llobregat),Monday,2020-12-21,Laboral,2020,12,December,21,Afternoon,19:00:00,Unknown,Car,Female,8,Passenger,Unknown,Unknown,Unknown,Minor injury: Hospitalization up to 24 hours,433587.74,4588759.27,2.20382831,41.445818292
2020S006128    ,Sant Andreu,el Bon Pastor,Litoral (Llobregat),Monday,2020-12-21,Laboral,2020,12,December,21,Afternoon,19:00:00,Unknown,Car,Female,50,Driver,Unknown,Unknown,Unknown,Minor injury: Hospitalization up to 24 hours,433587.74,4588759.27,2.20382831,41.445818292
2020S006128    ,Sant Andreu,el Bon Pastor,Litoral (Llobregat),Monday,2020-12-21,Laboral,2020,12,December,21,Afternoon,19:00:00,Unknown,Car,Male,34,Driver,Unknown,Unknown,Unknown,Uninjured,433587.74,4588759.27,2.20382831,41.445818292
2020S006128    ,Sant Andreu,el Bon Pastor,Litoral (Llobregat),Monday,2020-12-21,Laboral,2020,12,December,21,Afternoon,19:00:00,Unknown,Car,Female,33,Driver,Unknown,Unknown,Unknown,Minor injury: Hospitalization up to 24 hours,433587.74,4588759.27,2.20382831,41.445818292
2020S006128    ,Sant Andreu,el Bon Pastor,Litoral (Llobregat),Monday,2020-12-21,Laboral,2020,12,December,21,Afternoon,19:00:00,Unknown,Car,Female,6,Passenger,Unknown,Unknown,Unknown,Minor injury: Hospitalization up to 24 hours,433587.74,4588759.27,2.20382831,41.445818292
2020S006128    ,Sant Andreu,el Bon Pastor,Litoral (Llobregat),Monday,2020-12-21,Laboral,2020,12,December,21,Afternoon,19:00:00,Unknown,Car,Female,34,Passenger,Unknown,Unknown,Unknown,Minor injury: Hospitalization up to 24 hours,433587.74,4588759.27,2.20382831,41.445818292
2020S006129    ,Sants-Montjuďc,el Poble-sec,Sardana,Monday,2020-12-21,Laboral,2020,12,December,21,Afternoon,20:00:00,Unknown,Car,Male,36,Driver,Unknown,Unknown,Unknown,Uninjured,430549.65,4580149.79,2.1684503,41.368018366
2020S006129    ,Sants-Montjuďc,el Poble-sec,Sardana,Monday,2020-12-21,Laboral,2020,12,December,21,Afternoon,20:00:00,Unknown,Car,Male,74,Driver,Unknown,Unknown,Unknown,Uninjured,430549.65,4580149.79,2.1684503,41.368018366
2020S006130    ,Horta-Guinardó,el Guinardó,Mare de Déu de Montserrat,Monday,2020-12-21,Laboral,2020,12,December,21,Afternoon,16:00:00,Unknown,Motorcycle,Male,64,Driver,Unknown,Unknown,Leisure and entertainment,Minor injury: Refused medical assistance,431269.15,4586420.73,2.17634039,41.424560631
2020S006130    ,Horta-Guinardó,el Guinardó,Mare de Déu de Montserrat,Monday,2020-12-21,Laboral,2020,12,December,21,Afternoon,16:00:00,Unknown,Car,Male,42,Driver,Unknown,Unknown,Leisure and entertainment,Uninjured,431269.15,4586420.73,2.17634039,41.424560631
2020S006130    ,Horta-Guinardó,el Guinardó,Mare de Déu de Montserrat,Monday,2020-12-21,Laboral,2020,12,December,21,Afternoon,16:00:00,Unknown,Car,Male,30,Passenger,Unknown,Unknown,Unknown,Uninjured,431269.15,4586420.73,2.17634039,41.424560631
2020S006131    ,Sarriŕ-Sant Gervasi,Sant Gervasi - Galvany,Diagonal,Tuesday,2020-12-22,Laboral,2020,12,December,22,Morning,09:00:00,Unknown,Bicicleta,Male,53,Driver,Unknown,Unknown,Unknown,Minor injury: Medical assistance at accident site,429343.08,4583191.03,2.1536699,41.395304748
2020S006131    ,Sarriŕ-Sant Gervasi,Sant Gervasi - Galvany,Diagonal,Tuesday,2020-12-22,Laboral,2020,12,December,22,Morning,09:00:00,Unknown,Bicicleta,Female,24,Driver,Unknown,Unknown,Unknown,Minor injury: Medical assistance at accident site,429343.08,4583191.03,2.1536699,41.395304748
2020S006132    ,Sant Martí,Diagonal Mar i el Front Marítim del Poblenou,Litoral (Llobregat),Tuesday,2020-12-22,Laboral,2020,12,December,22,Morning,10:00:00,Unknown,Furgoneta,Male,47,Driver,Unknown,Unknown,In transit (commuting),Uninjured,434371.96,4583978.79,2.21373482,41.402826298
2020S006132    ,Sant Martí,Diagonal Mar i el Front Marítim del Poblenou,Litoral (Llobregat),Tuesday,2020-12-22,Laboral,2020,12,December,22,Morning,10:00:00,Unknown,Motorcycle,Male,31,Driver,Unknown,Unknown,In transit (commuting),Minor injury: Hospitalization up to 24 hours,434371.96,4583978.79,2.21373482,41.402826298
2020S006133    ,Sant Martí,Diagonal Mar i el Front Marítim del Poblenou,Litoral,Thursday,2020-12-24,Laboral,2020,12,December,24,Morning,08:00:00,Unknown,"Camió rígid <= 3,5 tones",Male,54,Driver,Unknown,Unknown,On a mission,Uninjured,434085.6,4583651.37,2.21034494,41.399853862
2020S006134    ,Sants-Montjuďc,el Poble-sec,Fontrodona,Monday,2020-12-21,Laboral,2020,12,December,21,Morning,10:00:00,Unknown,Car,Female,67,Driver,Unknown,Unknown,Leisure and entertainment,Uninjured,430392.86,4580648.85,2.16651841,41.372499708
2020S006135    ,Sant Andreu,el Bon Pastor,República Dominicana,Monday,2020-12-21,Laboral,2020,12,December,21,Afternoon,21:00:00,Unknown,Motorcycle,Male,58,Driver,Unknown,Unknown,Unknown,Minor injury: Hospitalization up to 24 hours,433041.9,4588182.24,2.19735846,41.440575802
2020S006135    ,Sant Andreu,el Bon Pastor,República Dominicana,Monday,2020-12-21,Laboral,2020,12,December,21,Afternoon,21:00:00,Unknown,Motorcycle,Female,58,Passenger,Unknown,Unknown,Unknown,Minor injury: Hospitalization up to 24 hours,433041.9,4588182.24,2.19735846,41.440575802
2020S006135    ,Sant Andreu,el Bon Pastor,República Dominicana,Monday,2020-12-21,Laboral,2020,12,December,21,Afternoon,21:00:00,Unknown,Motorcycle,Male,51,Driver,Unknown,Unknown,Unknown,Uninjured,433041.9,4588182.24,2.19735846,41.440575802
2020S006136    ,Grŕcia,Vallcarca i els Penitents,Lesseps,Monday,2020-12-21,Laboral,2020,12,December,21,Afternoon,18:00:00,Unknown,Autobús,Female,47,Passenger,Unknown,Unknown,Unknown,Minor injury: Hospitalization up to 24 hours,429003.38,4584523.97,2.14945039,41.407280109
2020S006136    ,Grŕcia,Vallcarca i els Penitents,Lesseps,Monday,2020-12-21,Laboral,2020,12,December,21,Afternoon,18:00:00,Unknown,Autobús,Male,54,Driver,Unknown,Unknown,Urban bus,Uninjured,429003.38,4584523.97,2.14945039,41.407280109
2020S006137    ,Eixample,la Nova Esquerra de l'Eixample,Roma,Tuesday,2020-12-22,Laboral,2020,12,December,22,Morning,08:00:00,Unknown,"Camió rígid <= 3,5 tones",Male,27,Passenger,Unknown,Unknown,Unknown,Uninjured,428801.86,4581779.35,2.14736247,41.382542488
2020S006137    ,Eixample,la Nova Esquerra de l'Eixample,Roma,Tuesday,2020-12-22,Laboral,2020,12,December,22,Morning,08:00:00,Unknown,Car,Female,62,Driver,Unknown,Unknown,Other activities,Minor injury: Hospitalization up to 24 hours,428801.86,4581779.35,2.14736247,41.382542488
2020S006137    ,Eixample,la Nova Esquerra de l'Eixample,Roma,Tuesday,2020-12-22,Laboral,2020,12,December,22,Morning,08:00:00,Unknown,Car,Female,32,Driver,Unknown,Unknown,Other activities,Minor injury: Hospitalization up to 24 hours,428801.86,4581779.35,2.14736247,41.382542488
2020S006137    ,Eixample,la Nova Esquerra de l'Eixample,Roma,Tuesday,2020-12-22,Laboral,2020,12,December,22,Morning,08:00:00,Unknown,"Camió rígid <= 3,5 tones",Male,28,Driver,Unknown,Unknown,Professional goods transport,Uninjured,428801.86,4581779.35,2.14736247,41.382542488
2020S006138    ,Nou Barris,Vilapicina i la Torre Llobeta,Maragall,Tuesday,2020-12-22,Laboral,2020,12,December,22,Morning,12:00:00,Unknown,Autobús articulat,Male,49,Driver,Unknown,Unknown,Urban bus,Minor injury: Hospitalization up to 24 hours,431240.34,4586550.44,2.17598089,41.425726417
2020S006138    ,Nou Barris,Vilapicina i la Torre Llobeta,Maragall,Tuesday,2020-12-22,Laboral,2020,12,December,22,Morning,12:00:00,Unknown,Autobús,Male,51,Driver,Unknown,Unknown,Urban bus,Uninjured,431240.34,4586550.44,2.17598089,41.425726417
2020S006138    ,Nou Barris,Vilapicina i la Torre Llobeta,Maragall,Tuesday,2020-12-22,Laboral,2020,12,December,22,Morning,12:00:00,Unknown,Autobús,Female,62,Passenger,Unknown,Unknown,Unknown,Minor injury: Hospitalization up to 24 hours,431240.34,4586550.44,2.17598089,41.425726417
2020S006138    ,Nou Barris,Vilapicina i la Torre Llobeta,Maragall,Tuesday,2020-12-22,Laboral,2020,12,December,22,Morning,12:00:00,Unknown,Autobús,Female,75,Passenger,Unknown,Unknown,Unknown,Minor injury: Hospitalization up to 24 hours,431240.34,4586550.44,2.17598089,41.425726417
2020S006139    ,Sarriŕ-Sant Gervasi,Sarriŕ,Dalt (Besňs),Tuesday,2020-12-22,Laboral,2020,12,December,22,Afternoon,14:00:00,Unknown,Car,Male,25,Passenger,Unknown,Unknown,Unknown,Minor injury: Hospitalization up to 24 hours,426149.95,4583992.47,2.1153798,41.402235912
2020S006139    ,Sarriŕ-Sant Gervasi,Sarriŕ,Dalt (Besňs),Tuesday,2020-12-22,Laboral,2020,12,December,22,Afternoon,14:00:00,Unknown,Car,Female,61,Driver,Unknown,Unknown,On a mission,Uninjured,426149.95,4583992.47,2.1153798,41.402235912
2020S006139    ,Sarriŕ-Sant Gervasi,Sarriŕ,Dalt (Besňs),Tuesday,2020-12-22,Laboral,2020,12,December,22,Afternoon,14:00:00,Unknown,Car,Male,20,Passenger,Unknown,Unknown,Unknown,Minor injury: Hospitalization up to 24 hours,426149.95,4583992.47,2.1153798,41.402235912
2020S006139    ,Sarriŕ-Sant Gervasi,Sarriŕ,Dalt (Besňs),Tuesday,2020-12-22,Laboral,2020,12,December,22,Afternoon,14:00:00,Unknown,Car,Male,30,Driver,Unknown,Unknown,On a mission,Minor injury: Hospitalization up to 24 hours,426149.95,4583992.47,2.1153798,41.402235912
2020S006139    ,Sarriŕ-Sant Gervasi,Sarriŕ,Dalt (Besňs),Tuesday,2020-12-22,Laboral,2020,12,December,22,Afternoon,14:00:00,Unknown,Car,Male,30,Passenger,Unknown,Unknown,Unknown,Minor injury: Hospitalization up to 24 hours,426149.95,4583992.47,2.1153798,41.402235912
2020S006139    ,Sarriŕ-Sant Gervasi,Sarriŕ,Dalt (Besňs),Tuesday,2020-12-22,Laboral,2020,12,December,22,Afternoon,14:00:00,Unknown,Furgoneta,Male,50,Driver,Unknown,Unknown,On a mission,Uninjured,426149.95,4583992.47,2.1153798,41.402235912
2020S006140    ,Grŕcia,la Vila de Grŕcia,Diagonal,Tuesday,2020-12-22,Laboral,2020,12,December,22,Afternoon,15:00:00,Unknown,Motorcycle,Male,56,Driver,Unknown,Unknown,Leisure and entertainment,Minor injury: Hospitalization up to 24 hours,429655.15,4583292.59,2.15739072,41.396246837
2020S006140    ,Grŕcia,la Vila de Grŕcia,Diagonal,Tuesday,2020-12-22,Laboral,2020,12,December,22,Afternoon,15:00:00,Unknown,Furgoneta,Male,21,Driver,Unknown,Unknown,On a mission,Uninjured,429655.15,4583292.59,2.15739072,41.396246837
2020S006141    ,Eixample,l'Antiga Esquerra de l'Eixample,Valčncia,Tuesday,2020-12-22,Laboral,2020,12,December,22,Afternoon,16:00:00,Unknown,Furgoneta,Male,40,Driver,Unknown,Unknown,On a mission,Uninjured,429369.29,4582147.74,2.15410512,41.385910496
2020S006141    ,Eixample,l'Antiga Esquerra de l'Eixample,Valčncia,Tuesday,2020-12-22,Laboral,2020,12,December,22,Afternoon,16:00:00,Unknown,Bicicleta,Male,60,Driver,Unknown,Unknown,Leisure and entertainment,Minor injury: Refused medical assistance,429369.29,4582147.74,2.15410512,41.385910496
2020S006142    ,Sarriŕ-Sant Gervasi,el Putxet i el Farró,Lesseps,Tuesday,2020-12-22,Laboral,2020,12,December,22,Afternoon,15:00:00,Unknown,Autobús articulat,Female,58,Passenger,Unknown,Unknown,Unknown,Minor injury: Hospitalization up to 24 hours,429011.31,4584400.97,2.1495597,41.406172996