Case_Number,District_Name,Neighborhood_Name,Street_Name,Day_of_Week,Date,Day_Type_Description,Year,Month_of_Year,Month_Name,Day_of_Month,Shift_Description,Hour_of_Day,Pedestrian_Cause_Description,Involved_Vehicle_Type_Description,Gender_Description,Age,Person_Type_Description,Pedestrian_Accident_Location_Description,Pedestrian_Movement_Reason_Description,Driver_Movement_Reason_Description,Victimization_Description,Coordenada_UTM_X,Coordenada_UTM_Y,Longitud,Latitud
2020S006186    ,Sarriŕ-Sant Gervasi,Sarriŕ,Sarriŕ a Vallvidrera,Thursday,2020-12-24,Laboral,2020,12,December,24,Morning,13:00:00,Unknown,Bicicleta,Male,37,Driver,Unknown,Unknown,Unknown,Minor injury: Hospitalization up to 24 hours,425169.97,4584682.88,2.1035719,41.408363439
2020S006187    ,Eixample,la Dreta de l'Eixample,Valčncia,Thursday,2020-12-24,Laboral,2020,12,December,24,Morning,09:00:00,Unknown,Furgoneta,Male,35,Driver,Unknown,Unknown,In transit (commuting),Minor injury: Refused medical assistance,429998.55,4582763.81,2.16155931,41.391514274
2020S006187    ,Eixample,la Dreta de l'Eixample,Valčncia,Thursday,2020-12-24,Laboral,2020,12,December,24,Morning,09:00:00,Unknown,"Camió rígid > 3,5 tones",Male,51,Driver,Unknown,Unknown,On a mission,Uninjured,429998.55,4582763.81,2.16155931,41.391514274
2020S006188    ,Sant Martí,la Vila Olímpica del Poblenou,Doctor Trueta,Thursday,2020-12-24,Laboral,2020,12,December,24,Afternoon,16:00:00,Unknown,Car,Female,50,Driver,Unknown,Unknown,Unknown,Uninjured,433011.45,4583010.25,2.19756711,41.393990631
2020S006188    ,Sant Martí,la Vila Olímpica del Poblenou,Doctor Trueta,Thursday,2020-12-24,Laboral,2020,12,December,24,Afternoon,16:00:00,Unknown,Ciclomotor,Male,43,Driver,Unknown,Unknown,Unknown,Minor injury: Hospitalization up to 24 hours,433011.45,4583010.25,2.19756711,41.393990631
2020S006189    ,Grŕcia,la Vila de Grŕcia,Diagonal,Thursday,2020-12-24,Laboral,2020,12,December,24,Afternoon,16:00:00,Unknown,Ciclomotor,Female,19,Passenger,Unknown,Unknown,Unknown,Minor injury: Hospitalization up to 24 hours,429528.56,4583251.15,2.1558814,41.395862512
2020S006189    ,Grŕcia,la Vila de Grŕcia,Diagonal,Thursday,2020-12-24,Laboral,2020,12,December,24,Afternoon,16:00:00,Unknown,Ciclomotor,Female,19,Driver,Unknown,Unknown,Unknown,Uninjured,429528.56,4583251.15,2.1558814,41.395862512
2020S006190    ,Horta-Guinardó,el Guinardó,Teodor Llorente,Thursday,2020-12-24,Laboral,2020,12,December,24,Afternoon,17:00:00,Unknown,Car,Male,88,Driver,Unknown,Unknown,Other activities,Minor injury: Hospitalization up to 24 hours,431511.83,4585804.06,2.17931425,41.419027228
2020S006191    ,Eixample,Sant Antoni,Calŕbria,Thursday,2020-12-24,Laboral,2020,12,December,24,Afternoon,18:00:00,Unknown,Motorcycle,Male,52,Driver,Unknown,Unknown,Unknown,Unknown,429789.19,4581115.53,2.15924643,41.376650486
2020S006191    ,Eixample,Sant Antoni,Calŕbria,Thursday,2020-12-24,Laboral,2020,12,December,24,Afternoon,18:00:00,Unknown,Car,Male,42,Driver,Unknown,Unknown,Unknown,Unknown,429789.19,4581115.53,2.15924643,41.376650486
2020S006192    ,Sant Martí,el Camp de l'Arpa del Clot,Independčncia,Thursday,2020-12-24,Laboral,2020,12,December,24,Afternoon,16:00:00,Unknown,Taxi,Male,62,Driver,Unknown,Unknown,Taxi,Minor injury: Hospitalization up to 24 hours,431480.02,4584908.64,2.17903511,41.410959757
2020S006193    ,Nou Barris,Verdun,Júlia,Thursday,2020-12-24,Laboral,2020,12,December,24,Afternoon,18:00:00,Creuar per fora pas de vianants,Motorcycle,Male,44,Driver,Outside the crossing,Unknown,Unknown,Uninjured,431186.87,4588067.48,2.17516822,41.439385269
2020S006193    ,Nou Barris,Verdun,Júlia,Thursday,2020-12-24,Laboral,2020,12,December,24,Afternoon,18:00:00,Creuar per fora pas de vianants,Car,Male,50,Driver,Outside the crossing,Unknown,Unknown,Uninjured,431186.87,4588067.48,2.17516822,41.439385269
2020S006193    ,Nou Barris,Verdun,Júlia,Thursday,2020-12-24,Laboral,2020,12,December,24,Afternoon,18:00:00,Creuar per fora pas de vianants,Motorcycle,Female,37,Pedestrian,Outside the crossing,Unknown,Unknown,Uninjured,431186.87,4588067.48,2.17516822,41.439385269
2020S006193    ,Nou Barris,Verdun,Júlia,Thursday,2020-12-24,Laboral,2020,12,December,24,Afternoon,18:00:00,Creuar per fora pas de vianants,Motorcycle,Female,7,Pedestrian,Outside the crossing,Unknown,Unknown,Minor injury: Hospitalization up to 24 hours,431186.87,4588067.48,2.17516822,41.439385269
2020S006194    ,Ciutat Vella,el Raval,Montserrat,Thursday,2020-12-24,Laboral,2020,12,December,24,Afternoon,20:00:00,Unknown,Car,Male,38,Driver,Unknown,Unknown,Unknown,Uninjured,431139.37,4581132.19,2.1753893,41.376917275
2020S006195    ,Eixample,la Sagrada Família,Consell de Cent,Thursday,2020-12-24,Laboral,2020,12,December,24,Afternoon,19:00:00,Unknown,Veh. mobilitat personal amb motor,Male,17,Driver,Unknown,Unknown,Leisure and entertainment,Minor injury: Medical assistance at accident site,431660.24,4584015.17,2.18129218,41.402927899
2020S006195    ,Eixample,la Sagrada Família,Consell de Cent,Thursday,2020-12-24,Laboral,2020,12,December,24,Afternoon,19:00:00,Unknown,Motorcycle,Female,29,Driver,Unknown,Unknown,Leisure and entertainment,Minor injury: Medical assistance at accident site,431660.24,4584015.17,2.18129218,41.402927899
2020S006196    ,Sant Martí,el Camp de l'Arpa del Clot,Indústria,Thursday,2020-12-24,Laboral,2020,12,December,24,Afternoon,15:00:00,Unknown,Car,Male,64,Driver,Unknown,Unknown,Leisure and entertainment,Uninjured,431717.25,4585414.07,2.18181621,41.415532206
2020S006196    ,Sant Martí,el Camp de l'Arpa del Clot,Indústria,Thursday,2020-12-24,Laboral,2020,12,December,24,Afternoon,15:00:00,Unknown,Motorcycle,Male,47,Driver,Unknown,Unknown,Leisure and entertainment,Minor injury: Hospitalization up to 24 hours,431717.25,4585414.07,2.18181621,41.415532206
2020S006197    ,Nou Barris,la Prosperitat,Valldaura,Thursday,2020-12-24,Laboral,2020,12,December,24,Afternoon,18:00:00,Unknown,Autobús,Male,40,Passenger,Unknown,Unknown,Unknown,Minor injury: Hospitalization up to 24 hours,431861.3,4588085.16,2.1832385,41.439602056
2020S006197    ,Nou Barris,la Prosperitat,Valldaura,Thursday,2020-12-24,Laboral,2020,12,December,24,Afternoon,18:00:00,Unknown,Autobús,Male,46,Passenger,Unknown,Unknown,Unknown,Minor injury: Hospitalization up to 24 hours,431861.3,4588085.16,2.1832385,41.439602056
2020S006197    ,Nou Barris,la Prosperitat,Valldaura,Thursday,2020-12-24,Laboral,2020,12,December,24,Afternoon,18:00:00,Unknown,Autobús,Female,42,Passenger,Unknown,Unknown,Unknown,Minor injury: Hospitalization up to 24 hours,431861.3,4588085.16,2.1832385,41.439602056
2020S006197    ,Nou Barris,la Prosperitat,Valldaura,Thursday,2020-12-24,Laboral,2020,12,December,24,Afternoon,18:00:00,Unknown,Autobús,Male,35,Driver,Unknown,Unknown,Urban bus,Uninjured,431861.3,4588085.16,2.1832385,41.439602056
2020S006198    ,Horta-Guinardó,el Guinardó,Maragall,Thursday,2020-12-24,Laboral,2020,12,December,24,Afternoon,19:00:00,Creuar per fora pas de vianants,Car,Female,49,Pedestrian,Outside the crossing,Unknown,Unknown,Minor injury: Hospitalization up to 24 hours,431247.93,4586499.91,2.17607746,41.425271961
2020S006198    ,Horta-Guinardó,el Guinardó,Maragall,Thursday,2020-12-24,Laboral,2020,12,December,24,Afternoon,19:00:00,Creuar per fora pas de vianants,Car,Male,25,Driver,Outside the crossing,Unknown,Unknown,Uninjured,431247.93,4586499.91,2.17607746,41.425271961
2020S006199    ,Eixample,la Dreta de l'Eixample,Roger de Llúria,Friday,2020-12-25,Laboral,2020,12,December,25,Afternoon,16:00:00,Unknown,Motorcycle,Male,40,Driver,Unknown,Unknown,Unknown,Minor injury: Hospitalization up to 24 hours,430904.91,4582620.18,2.17241595,41.39029906
2020S006199    ,Eixample,la Dreta de l'Eixample,Roger de Llúria,Friday,2020-12-25,Laboral,2020,12,December,25,Afternoon,16:00:00,Unknown,Motorcycle,Female,38,Passenger,Unknown,Unknown,Unknown,Minor injury: Hospitalization up to 24 hours,430904.91,4582620.18,2.17241595,41.39029906
2020S006199    ,Eixample,la Dreta de l'Eixample,Roger de Llúria,Friday,2020-12-25,Laboral,2020,12,December,25,Afternoon,16:00:00,Unknown,Car,Male,33,Driver,Unknown,Unknown,Unknown,Uninjured,430904.91,4582620.18,2.17241595,41.39029906
2020S006200    ,Sant Andreu,Navas,Biscaia,Friday,2020-12-25,Laboral,2020,12,December,25,Morning,12:00:00,Unknown,Ciclomotor,Male,27,Driver,Unknown,Unknown,Unknown,Minor injury: Medical assistance at accident site,431819.66,4585885.26,2.18298837,41.419784764
2020S006200    ,Sant Andreu,Navas,Biscaia,Friday,2020-12-25,Laboral,2020,12,December,25,Morning,12:00:00,Unknown,Car,Female,56,Driver,Unknown,Unknown,Unknown,Uninjured,431819.66,4585885.26,2.18298837,41.419784764
2020S006201    ,Sarriŕ-Sant Gervasi,Sant Gervasi - Galvany,Muntaner,Friday,2020-12-25,Laboral,2020,12,December,25,Afternoon,20:00:00,Unknown,Car,Male,52,Driver,Unknown,Unknown,Other activities,Unknown,428295.22,4583759.12,2.14106932,41.400328515
2020S006202    ,Grŕcia,la Salut,Rabassa,Friday,2020-12-25,Laboral,2020,12,December,25,Afternoon,19:00:00,Unknown,Motorcycle,Male,48,Driver,Unknown,Unknown,Unknown,Minor injury: Hospitalization up to 24 hours,429554.29,4584774.59,2.15601177,41.409585847
2020S006202    ,Grŕcia,la Salut,Rabassa,Friday,2020-12-25,Laboral,2020,12,December,25,Afternoon,19:00:00,Unknown,Car,Male,47,Driver,Unknown,Unknown,Unknown,Uninjured,429554.29,4584774.59,2.15601177,41.409585847
2020S006203    ,Ciutat Vella,el Raval,Litoral (Llobregat),Friday,2020-12-25,Laboral,2020,12,December,25,Afternoon,20:00:00,Unknown,Car,Male,20,Driver,Unknown,Unknown,Leisure and entertainment,Uninjured,431302.28,4580803.95,2.17737453,41.373974837
2020S006203    ,Ciutat Vella,el Raval,Litoral (Llobregat),Friday,2020-12-25,Laboral,2020,12,December,25,Afternoon,20:00:00,Unknown,Motorcycle,Male,40,Driver,Unknown,Unknown,Leisure and entertainment,Minor injury: Hospitalization up to 24 hours,431302.28,4580803.95,2.17737453,41.373974837
2020S006204    ,Eixample,la Sagrada Família,Cňrsega,Friday,2020-12-25,Laboral,2020,12,December,25,Night,22:00:00,Unknown,Motorcycle,Male,36,Driver,Unknown,Unknown,Leisure and entertainment,Uninjured,431177.67,4584682.02,2.17544365,41.408892816
2020S006204    ,Eixample,la Sagrada Família,Cňrsega,Friday,2020-12-25,Laboral,2020,12,December,25,Night,22:00:00,Unknown,Ciclomotor,Female,22,Driver,Unknown,Unknown,Leisure and entertainment,Minor injury: Medical assistance at accident site,431177.67,4584682.02,2.17544365,41.408892816
2020S006204    ,Eixample,la Sagrada Família,Cňrsega,Friday,2020-12-25,Laboral,2020,12,December,25,Night,22:00:00,Unknown,Motorcycle,Female,39,Passenger,Unknown,Unknown,Unknown,Minor injury: Hospitalization up to 24 hours,431177.67,4584682.02,2.17544365,41.408892816
2020S006205    ,Sant Martí,el Poblenou,Poblenou,Friday,2020-12-25,Laboral,2020,12,December,25,Afternoon,20:00:00,Unknown,Veh. mobilitat personal amb motor,Female,9,Pedestrian,In pedestrian area,Unknown,Unknown,Minor injury: Hospitalization up to 24 hours,432847.43,4584277.56,2.19546466,41.405391272
2020S006205    ,Sant Martí,el Poblenou,Poblenou,Friday,2020-12-25,Laboral,2020,12,December,25,Afternoon,20:00:00,Unknown,Veh. mobilitat personal amb motor,Female,35,Driver,In pedestrian area,Unknown,Leisure and entertainment,Uninjured,432847.43,4584277.56,2.19546466,41.405391272
2020S006206    ,Sant Martí,Provençals del Poblenou,Perú,Saturday,2020-12-26,Laboral,2020,12,December,26,Night,01:00:00,Unknown,"Camió rígid > 3,5 tones",Male,36,Driver,Unknown,Unknown,Cleaning or garbage collection service,Uninjured,433162.24,4584850.61,2.19916735,41.41057883
2020S006207    ,Horta-Guinardó,Sant Genís dels Agudells,Jordŕ,Saturday,2020-12-26,Laboral,2020,12,December,26,Morning,13:00:00,Unknown,Autobús,Female,29,Passenger,Unknown,Unknown,Unknown,Minor injury: Hospitalization up to 24 hours,427953.38,4586735.73,2.13662565,41.427107017
2020S006207    ,Horta-Guinardó,Sant Genís dels Agudells,Jordŕ,Saturday,2020-12-26,Laboral,2020,12,December,26,Morning,13:00:00,Unknown,Autobús,Male,50,Driver,Unknown,Unknown,Regular line bus,Uninjured,427953.38,4586735.73,2.13662565,41.427107017
2020S006208    ,Eixample,la Sagrada Família,Marina,Saturday,2020-12-26,Laboral,2020,12,December,26,Morning,13:00:00,Unknown,Car,Male,58,Driver,Unknown,Unknown,Leisure and entertainment,Uninjured,430945.97,4584327.26,2.17271223,41.405677726
2020S006208    ,Eixample,la Sagrada Família,Marina,Saturday,2020-12-26,Laboral,2020,12,December,26,Morning,13:00:00,Unknown,Motorcycle,Male,29,Driver,Unknown,Unknown,Unknown,Minor injury: Hospitalization up to 24 hours,430945.97,4584327.26,2.17271223,41.405677726
2020S006209    ,Sant Andreu,la Trinitat Vella,B-20 (Llobregat),Saturday,2020-12-26,Laboral,2020,12,December,26,Afternoon,14:00:00,Unknown,Car,Female,62,Driver,Unknown,Unknown,Leisure and entertainment,Minor injury: Medical assistance at accident site,432744.11,4589215.09,2.19367906,41.449853429
2020S006209    ,Sant Andreu,la Trinitat Vella,B-20 (Llobregat),Saturday,2020-12-26,Laboral,2020,12,December,26,Afternoon,14:00:00,Unknown,Car,Female,37,Passenger,Unknown,Unknown,Unknown,Minor injury: Medical assistance at accident site,432744.11,4589215.09,2.19367906,41.449853429
2020S006209    ,Sant Andreu,la Trinitat Vella,B-20 (Llobregat),Saturday,2020-12-26,Laboral,2020,12,December,26,Afternoon,14:00:00,Unknown,Car,Female,8,Passenger,Unknown,Unknown,Unknown,Minor injury: Hospitalization up to 24 hours,432744.11,4589215.09,2.19367906,41.449853429
2020S006209    ,Sant Andreu,la Trinitat Vella,B-20 (Llobregat),Saturday,2020-12-26,Laboral,2020,12,December,26,Afternoon,14:00:00,Unknown,Car,Female,11,Passenger,Unknown,Unknown,Unknown,Minor injury: Medical assistance at accident site,432744.11,4589215.09,2.19367906,41.449853429
2020S006209    ,Sant Andreu,la Trinitat Vella,B-20 (Llobregat),Saturday,2020-12-26,Laboral,2020,12,December,26,Afternoon,14:00:00,Unknown,Car,Female,43,Driver,Unknown,Unknown,Leisure and entertainment,Uninjured,432744.11,4589215.09,2.19367906,41.449853429
2020S006210    ,Eixample,la Sagrada Família,Rosselló,Saturday,2020-12-26,Laboral,2020,12,December,26,Afternoon,14:00:00,Unknown,Motorcycle,Male,40,Driver,Unknown,Unknown,Unknown,Minor injury: Hospitalization up to 24 hours,431230.45,4584533.39,2.17609198,41.407558674
2020S006210    ,Eixample,la Sagrada Família,Rosselló,Saturday,2020-12-26,Laboral,2020,12,December,26,Afternoon,14:00:00,Unknown,Car,Male,43,Driver,Unknown,Unknown,Unknown,Uninjured,431230.45,4584533.39,2.17609198,41.407558674
2020S006211    ,Sarriŕ-Sant Gervasi,Sarriŕ,Dalt (Besňs),Saturday,2020-12-26,Laboral,2020,12,December,26,Afternoon,15:00:00,Unknown,Motorcycle,Male,30,Driver,Unknown,Unknown,Unknown,Minor injury: Medical assistance at accident site,426007.1,4583831.66,2.1136907,41.400774429
2020S006211    ,Sarriŕ-Sant Gervasi,Sarriŕ,Dalt (Besňs),Saturday,2020-12-26,Laboral,2020,12,December,26,Afternoon,15:00:00,Unknown,Tot terreny,Female,48,Driver,Unknown,Unknown,Unknown,Uninjured,426007.1,4583831.66,2.1136907,41.400774429
2020S006212    ,Les Corts,Pedralbes,Dalt (Besňs),Saturday,2020-12-26,Laboral,2020,12,December,26,Afternoon,21:00:00,Unknown,Car,Male,21,Driver,Unknown,Unknown,Unknown,Minor injury: Hospitalization up to 24 hours,425648.78,4583019.77,2.10950432,41.393429037
2020S006212    ,Les Corts,Pedralbes,Dalt (Besňs),Saturday,2020-12-26,Laboral,2020,12,December,26,Afternoon,21:00:00,Unknown,Car,Male,51,Driver,Unknown,Unknown,Unknown,Uninjured,425648.78,4583019.77,2.10950432,41.393429037
2020S006212    ,Les Corts,Pedralbes,Dalt (Besňs),Saturday,2020-12-26,Laboral,2020,12,December,26,Afternoon,21:00:00,Unknown,Car,Female,18,Passenger,Unknown,Unknown,Unknown,Minor injury: Hospitalization up to 24 hours,425648.78,4583019.77,2.10950432,41.393429037
2020S006212    ,Les Corts,Pedralbes,Dalt (Besňs),Saturday,2020-12-26,Laboral,2020,12,December,26,Afternoon,21:00:00,Unknown,Car,Male,53,Driver,Unknown,Unknown,Unknown,Uninjured,425648.78,4583019.77,2.10950432,41.393429037
2020S006213    ,Sant Andreu,la Trinitat Vella,Dalt (Besňs),Saturday,2020-12-26,Laboral,2020,12,December,26,Night,22:00:00,Unknown,Car,Male,40,Driver,Unknown,Unknown,Unknown,Uninjured,432617.25,4588906.94,2.19219482,41.447067383
2020S006213    ,Sant Andreu,la Trinitat Vella,Dalt (Besňs),Saturday,2020-12-26,Laboral,2020,12,December,26,Night,22:00:00,Unknown,Car,Male,34,Driver,Unknown,Unknown,Unknown,Uninjured,432617.25,4588906.94,2.19219482,41.447067383
2020S006214    ,Nou Barris,Porta,Včlia,Sunday,2020-12-27,Laboral,2020,12,December,27,Morning,13:00:00,Unknown,Car,Male,34,Driver,In crossing regulated by traffic lights,Unknown,Unknown,Uninjured,431642.38,4587197.38,2.18071871,41.431587516
2020S006214    ,Nou Barris,Porta,Včlia,Sunday,2020-12-27,Laboral,2020,12,December,27,Morning,13:00:00,Unknown,Car,Female,73,Pedestrian,In crossing regulated by traffic lights,Unknown,Unknown,Minor injury: Hospitalization up to 24 hours,431642.38,4587197.38,2.18071871,41.431587516
2020S006215    ,Eixample,la Dreta de l'Eixample,Pau Claris,Sunday,2020-12-27,Laboral,2020,12,December,27,Afternoon,14:00:00,Unknown,Motorcycle,Male,21,Passenger,Unknown,Unknown,Unknown,Minor injury: Hospitalization up to 24 hours,430398.39,4582985.93,2.16631593,41.393549558
2020S006215    ,Eixample,la Dreta de l'Eixample,Pau Claris,Sunday,2020-12-27,Laboral,2020,12,December,27,Afternoon,14:00:00,Unknown,Car,Male,26,Driver,Unknown,Unknown,Unknown,Uninjured,430398.39,4582985.93,2.16631593,41.393549558
2020S006215    ,Eixample,la Dreta de l'Eixample,Pau Claris,Sunday,2020-12-27,Laboral,2020,12,December,27,Afternoon,14:00:00,Unknown,Motorcycle,Male,23,Driver,Unknown,Unknown,Unknown,Minor injury: Hospitalization up to 24 hours,430398.39,4582985.93,2.16631593,41.393549558
2020S006216    ,Sants-Montjuďc,la Bordeta,Corts Catalanes,Sunday,2020-12-27,Laboral,2020,12,December,27,Afternoon,20:00:00,Unknown,Motorcycle,Female,23,Passenger,Unknown,Unknown,Unknown,Minor injury: Medical assistance at accident site,428120.05,4580176.09,2.13939928,41.368041834
2020S006216    ,Sants-Montjuďc,la Bordeta,Corts Catalanes,Sunday,2020-12-27,Laboral,2020,12,December,27,Afternoon,20:00:00,Unknown,Motorcycle,Male,29,Driver,Unknown,Unknown,On a mission,Minor injury: Medical assistance at accident site,428120.05,4580176.09,2.13939928,41.368041834
2020S006216    ,Sants-Montjuďc,la Bordeta,Corts Catalanes,Sunday,2020-12-27,Laboral,2020,12,December,27,Afternoon,20:00:00,Unknown,Car,Male,33,Driver,Unknown,Unknown,On a mission,Uninjured,428120.05,4580176.09,2.13939928,41.368041834
2020S006217    ,Nou Barris,Vilapicina i la Torre Llobeta,Costa i Cuxart,Sunday,2020-12-27,Laboral,2020,12,December,27,Night,22:00:00,Unknown,Motorcycle,Male,36,Driver,Unknown,Unknown,On a mission,Minor injury: Hospitalization up to 24 hours,431247.81,4586830.88,2.17603837,41.428252882
2020S006218    ,Eixample,la Dreta de l'Eixample,Diagonal,Monday,2020-12-28,Laboral,2020,12,December,28,Morning,08:00:00,Unknown,Bicicleta,Female,35,Driver,Unknown,Unknown,Unknown,Uninjured,430753.37,4583645.3,2.17048625,41.399518957
2020S006218    ,Eixample,la Dreta de l'Eixample,Diagonal,Monday,2020-12-28,Laboral,2020,12,December,28,Morning,08:00:00,Unknown,Bicicleta,Female,59,Driver,Unknown,Unknown,Unknown,Minor injury: Hospitalization up to 24 hours,430753.37,4583645.3,2.17048625,41.399518957
2020S006219    ,Eixample,la Dreta de l'Eixample,Grŕcia,Monday,2020-12-28,Laboral,2020,12,December,28,Morning,09:00:00,Unknown,Motorcycle,Male,32,Driver,Unknown,Unknown,Unknown,Minor injury: Hospitalization up to 24 hours,429912.0,4583187.76,2.16047506,41.395325109
2020S006219    ,Eixample,la Dreta de l'Eixample,Grŕcia,Monday,2020-12-28,Laboral,2020,12,December,28,Morning,09:00:00,Unknown,Car,Male,65,Driver,Unknown,Unknown,On a mission,Uninjured,429912.0,4583187.76,2.16047506,41.395325109
2020S006220    ,Eixample,la Dreta de l'Eixample,Grŕcia,Monday,2020-12-28,Laboral,2020,12,December,28,Morning,11:00:00,Unknown,Furgoneta,Male,33,Driver,Unknown,Unknown,On a mission,Uninjured,430611.89,4582516.66,2.1689233,41.389341448
2020S006220    ,Eixample,la Dreta de l'Eixample,Grŕcia,Monday,2020-12-28,Laboral,2020,12,December,28,Morning,11:00:00,Unknown,Veh. mobilitat personal amb motor,Female,28,Driver,Unknown,Unknown,Leisure and entertainment,Minor injury: Medical assistance at accident site,430611.89,4582516.66,2.1689233,41.389341448
2020S006222    ,Sants-Montjuďc,la Marina del Prat Vermell,E Zona Franca,Monday,2020-12-28,Laboral,2020,12,December,28,Afternoon,14:00:00,Unknown,Car,Male,24,Driver,Unknown,Unknown,Leisure and entertainment,Uninjured,427091.85,4576238.56,2.12757958,41.332485328
2020S006222    ,Sants-Montjuďc,la Marina del Prat Vermell,E Zona Franca,Monday,2020-12-28,Laboral,2020,12,December,28,Afternoon,14:00:00,Unknown,Car,Male,36,Driver,Unknown,Unknown,Leisure and entertainment,Minor injury: Medical assistance at accident site,427091.85,4576238.56,2.12757958,41.332485328
2020S006223    ,Nou Barris,la Trinitat Nova,Meridiana,Monday,2020-12-28,Laboral,2020,12,December,28,Afternoon,14:00:00,Unknown,Car,Male,50,Driver,Unknown,Unknown,Unknown,Uninjured,432279.56,4589210.67,2.18811843,41.449774537
2020S006223    ,Nou Barris,la Trinitat Nova,Meridiana,Monday,2020-12-28,Laboral,2020,12,December,28,Afternoon,14:00:00,Unknown,"Camió rígid > 3,5 tones",Male,31,Driver,Unknown,Unknown,Unknown,Uninjured,432279.56,4589210.67,2.18811843,41.449774537
2020S006223    ,Nou Barris,la Trinitat Nova,Meridiana,Monday,2020-12-28,Laboral,2020,12,December,28,Afternoon,14:00:00,Unknown,Car,Male,24,Passenger,Unknown,Unknown,Unknown,Minor injury: Hospitalization up to 24 hours,432279.56,4589210.67,2.18811843,41.449774537
2020S006224    ,Grŕcia,el Camp d'en Grassot i Grŕcia Nova,Sant Antoni Maria Claret,Monday,2020-12-28,Laboral,2020,12,December,28,Morning,13:00:00,Unknown,Car,Male,85,Driver,Unknown,Unknown,Unknown,Uninjured,430540.21,4584387.38,2.1678513,41.40618423
2020S006224    ,Grŕcia,el Camp d'en Grassot i Grŕcia Nova,Sant Antoni Maria Claret,Monday,2020-12-28,Laboral,2020,12,December,28,Morning,13:00:00,Unknown,Motorcycle,Male,58,Driver,Unknown,Unknown,Unknown,Minor injury: Hospitalization up to 24 hours,430540.21,4584387.38,2.1678513,41.40618423
2020S006225    ,Sant Martí,Sant Martí de Provençals,Selva de Mar,Monday,2020-12-28,Laboral,2020,12,December,28,Afternoon,15:00:00,Unknown,Taxi,Male,53,Driver,Unknown,Unknown,Unknown,Uninjured,433055.46,4585586.56,2.19780837,41.417198433
2020S006225    ,Sant Martí,Sant Martí de Provençals,Selva de Mar,Monday,2020-12-28,Laboral,2020,12,December,28,Afternoon,15:00:00,Unknown,Motorcycle,Male,61,Driver,Unknown,Unknown,In transit (commuting),Minor injury: Hospitalization up to 24 hours,433055.46,4585586.56,2.19780837,41.417198433
2020S006226    ,Eixample,el Fort Pienc,Castillejos,Monday,2020-12-28,Laboral,2020,12,December,28,Afternoon,16:00:00,Unknown,Car,Female,53,Driver,Unknown,Unknown,On a mission,Uninjured,432027.46,4583795.91,2.18570963,41.400984237
2020S006226    ,Eixample,el Fort Pienc,Castillejos,Monday,2020-12-28,Laboral,2020,12,December,28,Afternoon,16:00:00,Unknown,Motorcycle,Male,29,Driver,Unknown,Unknown,In transit (commuting),Minor injury: Hospitalization up to 24 hours,432027.46,4583795.91,2.18570963,41.400984237
2020S006227    ,Eixample,la Dreta de l'Eixample,Diagonal,Monday,2020-12-28,Laboral,2020,12,December,28,Afternoon,19:00:00,Unknown,Car,Female,46,Driver,Unknown,Unknown,Unknown,Uninjured,429996.52,4583348.95,2.16146735,41.396784259
2020S006227    ,Eixample,la Dreta de l'Eixample,Diagonal,Monday,2020-12-28,Laboral,2020,12,December,28,Afternoon,19:00:00,Unknown,Ciclomotor,Male,25,Driver,Unknown,Unknown,Unknown,Minor injury: Hospitalization up to 24 hours,429996.52,4583348.95,2.16146735,41.396784259
2020S006228    ,Eixample,la Sagrada Família,Sardenya,Monday,2020-12-28,Laboral,2020,12,December,28,Afternoon,20:00:00,Unknown,Motorcycle,Male,54,Driver,Unknown,Unknown,Unknown,Minor injury: Hospitalization up to 24 hours,430933.49,4584120.82,2.1725865,41.403817315
2020S006228    ,Eixample,la Sagrada Família,Sardenya,Monday,2020-12-28,Laboral,2020,12,December,28,Afternoon,20:00:00,Unknown,Car,Male,45,Driver,Unknown,Unknown,In transit (commuting),Uninjured,430933.49,4584120.82,2.1725865,41.403817315
2020S006229    ,Eixample,l'Antiga Esquerra de l'Eixample,Casanova,Monday,2020-12-28,Laboral,2020,12,December,28,Afternoon,17:00:00,Unknown,"Camió rígid <= 3,5 tones",Male,34,Driver,Unknown,Unknown,On a mission,Uninjured,429651.58,4582181.81,2.15747711,41.386242103
2020S006229    ,Eixample,l'Antiga Esquerra de l'Eixample,Casanova,Monday,2020-12-28,Laboral,2020,12,December,28,Afternoon,17:00:00,Unknown,Ciclomotor,Male,34,Driver,Unknown,Unknown,Leisure and entertainment,Minor injury: Refused medical assistance,429651.58,4582181.81,2.15747711,41.386242103
2020S006230    ,Sants-Montjuďc,la Bordeta,Moiančs,Monday,2020-12-28,Laboral,2020,12,December,28,Afternoon,21:00:00,Desobeir el senyal del semŕfor,Ciclomotor,Female,24,Driver,In crossing regulated by traffic lights,Unknown,In transit (commuting),Minor injury: Hospitalization up to 24 hours,428362.5,4580420.26,2.1422691,41.370262616
2020S006230    ,Sants-Montjuďc,la Bordeta,Moiančs,Monday,2020-12-28,Laboral,2020,12,December,28,Afternoon,21:00:00,Desobeir el senyal del semŕfor,Ciclomotor,Male,52,Pedestrian,In crossing regulated by traffic lights,Unknown,Unknown,Minor injury: Hospitalization up to 24 hours,428362.5,4580420.26,2.1422691,41.370262616
2020S006231    ,Eixample,la Dreta de l'Eixample,Diagonal,Monday,2020-12-28,Laboral,2020,12,December,28,Morning,13:00:00,Unknown,Motorcycle,Male,31,Passenger,Unknown,Unknown,Unknown,Minor injury: Hospitalization up to 24 hours,429462.45,4583171.97,2.15509989,41.395143566